Distance_km;Entreprise;Catégorie;Filière;Ville;CP;Adresse;Secteur;Métiers;Type;Intitulé;Niveau;Contrat;Publication;Organisme_école;SIRET;Pertinence;Lien
0.1;CREDIT LYONNAIS;Banque, crédit & assurance;NDRC;Champs-Sur-Marne;77420;21 rue de Paris 77420 CHAMPS-SUR-MARNE;Autres intermédiations monétaires;"Conseiller / Conseillère de clientèle bancaire ; Chargé / Chargée d'accueil en banque ; Conseiller / Conseillère en gestion de patrimoine";Entreprise susceptible de recruter (candidature spontanée);;;Apprentissage, Professionnalisation;;;95450974117106;3;https://labonnealternance.apprentissage.beta.gouv.fr/emploi/recruteurs_lba/95450974117106/credit-lyonnais
0.2;L'ADRESSE AGENCE COEUR DE VILLE;Immobilier;NDRC;Champs-Sur-Marne;77420;2 RUE DALSACE 77420 CHAMPS-SUR-MARNE;Agences immobilières;Conseiller / Conseillère immobilier;Entreprise susceptible de recruter (candidature spontanée);;;Apprentissage, Professionnalisation;;;41126140700042;1;https://labonnealternance.apprentissage.beta.gouv.fr/emploi/recruteurs_lba/41126140700042/l-adresse-agence-coeur-de-ville
0.2;LE REPERE DE L'EPICURIEN;Boulangerie & métiers de bouche;MCO;Champs-Sur-Marne;77420;5 rue de Paris 77420 CHAMPS-SUR-MARNE;Commerce de détail de boissons en magasin spécialisé;Vendeur / Vendeuse en épicerie;Entreprise susceptible de recruter (candidature spontanée);;;Apprentissage, Professionnalisation;;;83335700700016;1;https://labonnealternance.apprentissage.beta.gouv.fr/emploi/recruteurs_lba/83335700700016/le-repere-de-l-epicurien
0.7;AUBE;Boulangerie & métiers de bouche;MCO;Champs-Sur-Marne;77420;77420 Champs-sur-Marne;Boulangerie et boulangerie-pâtisserie;Vendeur / Vendeuse en épicerie;Entreprise susceptible de recruter (candidature spontanée);;;Apprentissage, Professionnalisation;;;89284398800015;1;https://labonnealternance.apprentissage.beta.gouv.fr/emploi/recruteurs_lba/89284398800015/aube
0.8;LIDL;Grande distribution & supermarchés;MCO;Champs-Sur-Marne;77420;Cours des 2 Parcs 77420 Champs-sur-Marne;Supermarchés;"Employé / Employée de rayon libre-service ; Directeur / Directrice de magasin de grande distribution ; Responsable de caisses ; Hôte / Hôtesse de caisse ; Chef / Cheffe de rayon produits alimentaires";Entreprise susceptible de recruter (candidature spontanée);;;Apprentissage, Professionnalisation;;;34326262213639;5;https://labonnealternance.apprentissage.beta.gouv.fr/emploi/recruteurs_lba/34326262213639/lidl
1.2;CARREFOUR CITY;Grande distribution & supermarchés;MCO;Noisiel;77186;12 COURS DES ROCHES 77186 NOISIEL;Supérettes;"Employé / Employée de rayon libre-service ; Hôte / Hôtesse de caisse ; Directeur / Directrice de magasin de grande distribution ; Vendeur / Vendeuse en épicerie ; Responsable de caisses ; Chef / Cheffe de rayon produits alimentaires";Entreprise susceptible de recruter (candidature spontanée);;;Apprentissage, Professionnalisation;;;52833066500019;6;https://labonnealternance.apprentissage.beta.gouv.fr/emploi/recruteurs_lba/52833066500019/carrefour-city
1.3;BANQUE CIC EST;Banque, crédit & assurance;NDRC;Champs-Sur-Marne;77420;AVENUE DES PYRAMIDES 77420 CHAMPS-SUR-MARNE;Autres intermédiations monétaires;"Conseiller / Conseillère de clientèle bancaire ; Chargé / Chargée d'accueil en banque ; Conseiller / Conseillère en gestion de patrimoine";Entreprise susceptible de recruter (candidature spontanée);;;Apprentissage, Professionnalisation;;;75480071200442;3;https://labonnealternance.apprentissage.beta.gouv.fr/emploi/recruteurs_lba/75480071200442/banque-cic-est
1.3;Carrefour;Grande distribution & supermarchés;MCO;Champs-Sur-Marne;77420;AVENUE DES PYRAMIDES 77420 CHAMPS-SUR-MARNE;Hypermarchés;"Employé / Employée de rayon libre-service ; Hôte / Hôtesse de caisse ; Chef / Cheffe de rayon produits alimentaires ; Vendeur / Vendeuse en épicerie";Entreprise susceptible de recruter (candidature spontanée);;;Apprentissage, Professionnalisation;;;45132133500924;4;https://labonnealternance.apprentissage.beta.gouv.fr/emploi/recruteurs_lba/45132133500924/carrefour
1.3;HM DECO;Maison, bricolage & jardin;MCO;Noisiel;77186;73 cours des Roches 77186 NOISIEL;Commerce de détail de meubles;"Vendeur / Vendeuse en équipement de la maison ; Hôte / Hôtesse de caisse";Entreprise susceptible de recruter (candidature spontanée);;;Apprentissage, Professionnalisation;;;83052569700017;2;https://labonnealternance.apprentissage.beta.gouv.fr/emploi/recruteurs_lba/83052569700017/hm-deco
1.4;LE FROMAGER DE NOISIEL;Boulangerie & métiers de bouche;MCO;Noisiel;77186;4 rue de la Mare Blanche 77186 NOISIEL;Autres commerces de détail alimentaires en magasin spécialisé;"Vendeur / Vendeuse en épicerie ; Employé / Employée de rayon libre-service ; Chef / Cheffe de rayon produits alimentaires ; Responsable de boutique";Entreprise susceptible de recruter (candidature spontanée);;;Apprentissage, Professionnalisation;;;82906340300028;4;https://labonnealternance.apprentissage.beta.gouv.fr/emploi/recruteurs_lba/82906340300028/le-fromager-de-noisiel
1.5;DAMPERE;Commerce de gros / B2B;NDRC;Noisiel;77186;6 rue de la Mare Blanche 77186 NOISIEL;Commerce de gros (commerce interentreprises) de machines pour l'extraction, la construction et le génie civil;Technico-commercial / Technico-commerciale;Entreprise susceptible de recruter (candidature spontanée);;;Apprentissage, Professionnalisation;;;79130633500013;1;https://labonnealternance.apprentissage.beta.gouv.fr/emploi/recruteurs_lba/79130633500013/dampere
1.5;TECHSTAR BY AUTOSPHERE;Automobile & mobilité;MCO + NDRC;Champs-Sur-Marne;77420;allee des Frenes 77420 CHAMPS-SUR-MARNE;Commerce de voitures et de véhicules automobiles légers;"Vendeur / Vendeuse automobile ; Conseiller / Conseillère client après-vente des véhicules";Entreprise susceptible de recruter (candidature spontanée);;;Apprentissage, Professionnalisation;;;41459333500014;2;https://labonnealternance.apprentissage.beta.gouv.fr/emploi/recruteurs_lba/41459333500014/techstar-by-autosphere
1.5;XBP EUROPE SERVICES;High-tech, électroménager & télécoms;NDRC;Noisiel;77186;1 RUE DE LA MARE BLANCHE 77186 NOISIEL;Traitement de données, hébergement et activités connexes;Conseiller / Conseillère en gestion de patrimoine;Entreprise susceptible de recruter (candidature spontanée);;;Apprentissage, Professionnalisation;;;50899500800010;1;https://labonnealternance.apprentissage.beta.gouv.fr/emploi/recruteurs_lba/50899500800010/xbp-europe-services
1.7;BT GROUP;Services aux entreprises, conseil & communication;NDRC;Noisiel;77186;2 boulevard Salvador Allende 77186 NOISIEL;Activités des sociétés holding;Conseiller / Conseillère immobilier;Entreprise susceptible de recruter (candidature spontanée);;;Apprentissage, Professionnalisation;;;85327735800026;1;https://labonnealternance.apprentissage.beta.gouv.fr/emploi/recruteurs_lba/85327735800026/bt-group
1.7;BUREAU VERITAS SERVICES FRANCE;Services aux entreprises, conseil & communication;MCO;Champs-Sur-Marne;77420;6 boulevard Archimede 77420 CHAMPS-SUR-MARNE;Autres activités de soutien aux entreprises n.c.a.;Animateur / Animatrice des ventes;Entreprise susceptible de recruter (candidature spontanée);;;Apprentissage, Professionnalisation;;;32053117100611;1;https://labonnealternance.apprentissage.beta.gouv.fr/emploi/recruteurs_lba/32053117100611/bureau-veritas-services-france
1.7;EMMECI EUROPA;Commerce de gros / B2B;NDRC;Noisiel;77186;26 RUE DE LA MARE BLANCHE 77186 NOISIEL;Commerce de gros (commerce interentreprises) de machines-outils;"Technico-commercial / Technico-commerciale ; Conseiller commercial / Conseillère commerciale en véhicules industriels";Entreprise susceptible de recruter (candidature spontanée);;;Apprentissage, Professionnalisation;;;39385564800035;2;https://labonnealternance.apprentissage.beta.gouv.fr/emploi/recruteurs_lba/39385564800035/emmeci-europa
1.7;SHIMADZU FRANCE;Commerce de gros / B2B;NDRC;Noisiel;77186;boulevard Salvador Allende 77186 NOISIEL;Commerce de gros (commerce interentreprises) de fournitures et équipements industriels divers;"Technico-commercial / Technico-commerciale ; Attaché commercial / Attachée commerciale";Entreprise susceptible de recruter (candidature spontanée);;;Apprentissage, Professionnalisation;;;48751377200037;2;https://labonnealternance.apprentissage.beta.gouv.fr/emploi/recruteurs_lba/48751377200037/shimadzu-france
1.7;ZPARE;Commerce de gros / B2B;NDRC;Noisiel;77186;20 rue de la Mare Blanche 77186 NOISIEL;Commerce de gros (commerce interentreprises) non spécialisé;"Technico-commercial / Technico-commerciale ; Assistant commercial / Assistante commerciale ; Conseiller / Conseillère en gestion de patrimoine";Entreprise susceptible de recruter (candidature spontanée);;;Apprentissage, Professionnalisation;;;45172077500043;3;https://labonnealternance.apprentissage.beta.gouv.fr/emploi/recruteurs_lba/45172077500043/zpare
1.8;CASDEN Banque Populaire;Banque, crédit & assurance;NDRC;Champs-Sur-Marne;77420;1bis Avenue Jean Wiener 77420 Champs-sur-Marne;Autres intermédiations monétaires;"Conseiller / Conseillère de clientèle bancaire ; Chargé / Chargée d'accueil en banque ; Conseiller / Conseillère en gestion de patrimoine";Entreprise susceptible de recruter (candidature spontanée);;;Apprentissage, Professionnalisation;;;78427577802426;3;https://labonnealternance.apprentissage.beta.gouv.fr/emploi/recruteurs_lba/78427577802426/casden-banque-populaire
1.8;CHOUX-CHOUX;Boulangerie & métiers de bouche;MCO;Champs-Sur-Marne;77420;15 AVENUE ANDRE MARIE AMPERE 77420 CHAMPS-SUR-MARNE;Boulangerie et boulangerie-pâtisserie;Vendeur / Vendeuse en épicerie;Entreprise susceptible de recruter (candidature spontanée);;;Apprentissage, Professionnalisation;;;84868889100011;1;https://labonnealternance.apprentissage.beta.gouv.fr/emploi/recruteurs_lba/84868889100011/choux-choux
1.8;METOS;Commerce de gros / B2B;NDRC;Champs-Sur-Marne;77420;40 BOULEVARD DE NESLES 77420 CHAMPS-SUR-MARNE;Commerce de gros (commerce interentreprises) de fournitures et équipements divers pour le commerce et les services;"Cadre Technico-commercial / Technico-commerciale ; Technico-commercial / Technico-commerciale ; Assistant commercial / Assistante commerciale";Entreprise susceptible de recruter (candidature spontanée);;;Apprentissage, Professionnalisation;;;41264401500049;3;https://labonnealternance.apprentissage.beta.gouv.fr/emploi/recruteurs_lba/41264401500049/metos
1.8;NEMESIS STUDIO;High-tech, électroménager & télécoms;NDRC;Chelles;77500;7 quai des Mariniers 77500 CHELLES;PROGRAMMATION INFORMATIQUE;Commercial / Commerciale export;Entreprise susceptible de recruter (candidature spontanée);;;Apprentissage, Professionnalisation;;;45142617500035;1;https://labonnealternance.apprentissage.beta.gouv.fr/emploi/recruteurs_lba/45142617500035/nemesis-studio
1.8;PEM;Commerce de gros / B2B;NDRC;Chelles;77500;2 RUE MARC SEGUIN 77500 CHELLES;Commerce de gros (commerce interentreprises) de bois et de matériaux de construction;"Technico-commercial / Technico-commerciale ; Commercial itinérant / Commerciale itinérante en entreprise de commerce de gros";Entreprise susceptible de recruter (candidature spontanée);;;Apprentissage, Professionnalisation;;;81934011800010;2;https://labonnealternance.apprentissage.beta.gouv.fr/emploi/recruteurs_lba/81934011800010/pem
1.8;URSSAF ILE DE FRANCE;Banque, crédit & assurance;NDRC;Champs-Sur-Marne;77420;5B RUE NELSON MANDELA 77420 CHAMPS-SUR-MARNE;Activités générales de sécurité sociale;Conseiller / Conseillère clientèle à distance;Entreprise susceptible de recruter (candidature spontanée);;;Apprentissage, Professionnalisation;;;78861779300187;1;https://labonnealternance.apprentissage.beta.gouv.fr/emploi/recruteurs_lba/78861779300187/urssaf-ile-de-france
1.8;Valdys;Grande distribution & supermarchés;MCO;Noisiel;77186;6 ALLEE BUISSONNIERE 77186 NOISIEL;Supermarchés;"Employé / Employée de rayon libre-service ; Directeur / Directrice de magasin de grande distribution ; Hôte / Hôtesse de caisse ; Responsable de caisses ; Chef / Cheffe de rayon produits alimentaires";Entreprise susceptible de recruter (candidature spontanée);;;Apprentissage, Professionnalisation;;;48239507600011;5;https://labonnealternance.apprentissage.beta.gouv.fr/emploi/recruteurs_lba/48239507600011/valdys
1.8;VINYL DE PARIS;Industrie & énergie;MCO + NDRC;Chelles;77500;5 rue Eugene Freyssinet 77500 CHELLES;Fabrication de produits électroniques grand public;"Directeur / Directrice des ventes ; Commercial / Commerciale auprès d'une clientèle d'entreprises";Entreprise susceptible de recruter (candidature spontanée);;;Apprentissage, Professionnalisation;;;82387261900049;2;https://labonnealternance.apprentissage.beta.gouv.fr/emploi/recruteurs_lba/82387261900049/vinyl-de-paris
1.9;AXELOR;High-tech, électroménager & télécoms;NDRC;Champs-Sur-Marne;77420;23 RUE ALFRED NOBEL 77420 CHAMPS-SUR-MARNE;EDITION DE LOGICIELS APPLICATIFS;"Responsable Commercial / Commerciale ; Chargé / Chargée de relation client";Entreprise susceptible de recruter (candidature spontanée);;;Apprentissage, Professionnalisation;;;48087973300040;2;https://labonnealternance.apprentissage.beta.gouv.fr/emploi/recruteurs_lba/48087973300040/axelor
1.9;BENCHDATA;High-tech, électroménager & télécoms;NDRC;Champs-Sur-Marne;77420;27 RUE ALFRED NOBEL 77420 CHAMPS-SUR-MARNE;PROGRAMMATION INFORMATIQUE;Commercial / Commerciale export;Entreprise susceptible de recruter (candidature spontanée);;;Apprentissage, Professionnalisation;;;81913467700015;1;https://labonnealternance.apprentissage.beta.gouv.fr/emploi/recruteurs_lba/81913467700015/benchdata
1.9;GARAGE BRIE DES NATIONS;Automobile & mobilité;MCO + NDRC;Noisiel;77186;4 avenue Pierre Mendes France 77186 NOISIEL;Commerce de voitures et de véhicules automobiles légers;"Vendeur / Vendeuse automobile ; Conseiller / Conseillère client après-vente des véhicules";Entreprise susceptible de recruter (candidature spontanée);;;Apprentissage, Professionnalisation;;;30474881700034;2;https://labonnealternance.apprentissage.beta.gouv.fr/emploi/recruteurs_lba/30474881700034/garage-brie-des-nations
1.9;IAF;High-tech, électroménager & télécoms;NDRC;Champs-Sur-Marne;77420;27 rue Alfred Nobel 77420 CHAMPS-SUR-MARNE;Réparation d'ordinateurs et d'équipements périphériques;Responsable Commercial / Commerciale;Entreprise susceptible de recruter (candidature spontanée);;;Apprentissage, Professionnalisation;;;51356905300038;1;https://labonnealternance.apprentissage.beta.gouv.fr/emploi/recruteurs_lba/51356905300038/iaf
1.9;IT LANDS;Grande distribution & supermarchés;MCO;Champs-Sur-Marne;77420;25 RUE ALFRED NOBEL 77420 CHAMPS-SUR-MARNE;Autres commerces de détail en magasin non spécialisé;"Employé / Employée de rayon libre-service ; Responsable de boutique ; Hôte / Hôtesse de caisse ; Directeur / Directrice de magasin de grande distribution ; Chef / Cheffe de rayon de produits non alimentaires ; Chef / Cheffe de rayon produits alimentaires";Entreprise susceptible de recruter (candidature spontanée);;;Apprentissage, Professionnalisation;;;78904323900027;6;https://labonnealternance.apprentissage.beta.gouv.fr/emploi/recruteurs_lba/78904323900027/it-lands
1.9;ORB MANAGEMENT;Services aux entreprises, conseil & communication;NDRC;Champs-Sur-Marne;77420;23 RUE ALFRED NOBEL 77420 CHAMPS-SUR-MARNE;Activités des sociétés holding;Conseiller / Conseillère immobilier;Entreprise susceptible de recruter (candidature spontanée);;;Apprentissage, Professionnalisation;;;81098751100021;1;https://labonnealternance.apprentissage.beta.gouv.fr/emploi/recruteurs_lba/81098751100021/orb-management
1.9;SOCIETE GENERALE;Banque, crédit & assurance;NDRC;Champs-Sur-Marne;77420;29 AVENUE ANDRE MARIE AMPERE 77420 CHAMPS-SUR-MARNE;Autres intermédiations monétaires;"Conseiller / Conseillère de clientèle bancaire ; Chargé / Chargée d'accueil en banque ; Conseiller / Conseillère en gestion de patrimoine";Entreprise susceptible de recruter (candidature spontanée);;;Apprentissage, Professionnalisation;;;55212022229848;3;https://labonnealternance.apprentissage.beta.gouv.fr/emploi/recruteurs_lba/55212022229848/societe-generale
2.0;FRAZAO INVENTAIRE;Services aux entreprises, conseil & communication;MCO;Noisiel;77186;45 ALLEE CHATEAUBRIAND 77186 NOISIEL;Autres activités de soutien aux entreprises n.c.a.;Animateur / Animatrice des ventes;Entreprise susceptible de recruter (candidature spontanée);;;Apprentissage, Professionnalisation;;;79852968100016;1;https://labonnealternance.apprentissage.beta.gouv.fr/emploi/recruteurs_lba/79852968100016/frazao-inventaire
2.0;MARCHE AU CHOCOLAT DE NEUVILLE;Commerce de gros / B2B;MCO;Noisiel;77186;Promenade de la Chocolaterie 77186 Noisiel;Commerce de gros (commerce interentreprises) de sucre, chocolat et confiserie;"Chef / Cheffe des ventes ; Responsable de département en grande distribution";Entreprise susceptible de recruter (candidature spontanée);;;Apprentissage, Professionnalisation;;;33795732800301;2;https://labonnealternance.apprentissage.beta.gouv.fr/emploi/recruteurs_lba/33795732800301/marche-au-chocolat-de-neuville
2.1;Action;Grande distribution & supermarchés;MCO;Chelles;77500;12 AVENUE DE SYLVIE 77500 CHELLES;Autres commerces de détail en magasin non spécialisé;"Employé / Employée de rayon libre-service ; Responsable de boutique ; Hôte / Hôtesse de caisse ; Directeur / Directrice de magasin de grande distribution ; Chef / Cheffe de rayon de produits non alimentaires ; Chef / Cheffe de rayon produits alimentaires";Entreprise susceptible de recruter (candidature spontanée);;;Apprentissage, Professionnalisation;;;75330823803789;6;https://labonnealternance.apprentissage.beta.gouv.fr/emploi/recruteurs_lba/75330823803789/action
2.1;DATAPASSE;High-tech, électroménager & télécoms;NDRC;Champs-Sur-Marne;77420;27 RUE ALBERT EINSTEIN 77420 CHAMPS-SUR-MARNE;PROGRAMMATION INFORMATIQUE;Commercial / Commerciale export;Entreprise susceptible de recruter (candidature spontanée);;;Apprentissage, Professionnalisation;;;39441056700025;1;https://labonnealternance.apprentissage.beta.gouv.fr/emploi/recruteurs_lba/39441056700025/datapasse
2.1;SAFIPAR;Grande distribution & supermarchés;MCO;Chelles;77500;AVENUE DE SYLVIE 77500 CHELLES;Hypermarchés;"Employé / Employée de rayon libre-service ; Hôte / Hôtesse de caisse ; Chef / Cheffe de rayon produits alimentaires ; Vendeur / Vendeuse en épicerie";Entreprise susceptible de recruter (candidature spontanée);;;Apprentissage, Professionnalisation;;;44440955100058;4;https://labonnealternance.apprentissage.beta.gouv.fr/emploi/recruteurs_lba/44440955100058/safipar
2.1;TRIO FRUITS;Grande distribution & supermarchés;MCO;Chelles;77500;18 AVENUE DE SYLVIE 77500 CHELLES;Hypermarchés;"Employé / Employée de rayon libre-service ; Hôte / Hôtesse de caisse ; Chef / Cheffe de rayon produits alimentaires ; Vendeur / Vendeuse en épicerie";Entreprise susceptible de recruter (candidature spontanée);;;Apprentissage, Professionnalisation;;;38009399700019;4;https://labonnealternance.apprentissage.beta.gouv.fr/emploi/recruteurs_lba/38009399700019/trio-fruits
2.2;FRANCOTYP POSTALIA FRANCE;Commerce de gros / B2B;MCO + NDRC;Champs-Sur-Marne;77420;1 allee Hendrik Lorentz 77420 CHAMPS-SUR-MARNE;Commerce de gros (commerce interentreprises) d'ordinateurs, d'équipements informatiques périphériques et de logiciels;"Consultant / Consultante avant-vente ; Cadre Technico-commercial / Technico-commerciale";Entreprise susceptible de recruter (candidature spontanée);;;Apprentissage, Professionnalisation;;;53190022300045;2;https://labonnealternance.apprentissage.beta.gouv.fr/emploi/recruteurs_lba/53190022300045/francotyp-postalia-france
2.2;GIE MEDIKAL;Services aux entreprises, conseil & communication;NDRC;Chelles;77500;98 avenue General De Gaulle 77500 CHELLES;Activités des sociétés holding;Conseiller / Conseillère immobilier;Entreprise susceptible de recruter (candidature spontanée);;;Apprentissage, Professionnalisation;;;91151985800011;1;https://labonnealternance.apprentissage.beta.gouv.fr/emploi/recruteurs_lba/91151985800011/gie-medikal
2.2;INTELCIA FRANCE;Services aux entreprises, conseil & communication;MCO + NDRC;Champs-Sur-Marne;77420;10 rue Albert Einstein 77420 CHAMPS-SUR-MARNE;Activités de centres d'appels;"Directeur / Directrice de magasin de grande distribution ; Conseiller / Conseillère clientèle à distance ; Responsable relation client (CRM)";Entreprise susceptible de recruter (candidature spontanée);;;Apprentissage, Professionnalisation;;;35394409300163;3;https://labonnealternance.apprentissage.beta.gouv.fr/emploi/recruteurs_lba/35394409300163/intelcia-france
2.2;NBS;High-tech, électroménager & télécoms;NDRC;Champs-Sur-Marne;77420;20 rue Albert Einstein 77420 CHAMPS-SUR-MARNE;Traitement de données, hébergement et activités connexes;Conseiller / Conseillère en gestion de patrimoine;Entreprise susceptible de recruter (candidature spontanée);;;Apprentissage, Professionnalisation;;;42341090100056;1;https://labonnealternance.apprentissage.beta.gouv.fr/emploi/recruteurs_lba/42341090100056/nbs
2.2;RAGUENEAU;Commerce de gros / B2B;NDRC;Champs-Sur-Marne;77420;17 rue Albert Einstein 77420 CHAMPS-SUR-MARNE;Commerce de gros (commerce interentreprises) de fournitures et équipements industriels divers;"Technico-commercial / Technico-commerciale ; Attaché commercial / Attachée commerciale";Entreprise susceptible de recruter (candidature spontanée);;;Apprentissage, Professionnalisation;;;31261227800050;2;https://labonnealternance.apprentissage.beta.gouv.fr/emploi/recruteurs_lba/31261227800050/ragueneau
2.2;SFR FIBRE SAS;High-tech, électroménager & télécoms;MCO;Champs-Sur-Marne;77420;10 rue Albert Einstein 77420 CHAMPS-SUR-MARNE;Télécommunications par satellite;Animateur / Animatrice des ventes;Entreprise susceptible de recruter (candidature spontanée);;;Apprentissage, Professionnalisation;;;40046195000034;1;https://labonnealternance.apprentissage.beta.gouv.fr/emploi/recruteurs_lba/40046195000034/sfr-fibre-sas
2.3;AUTO RESEAU;Commerce de gros / B2B;MCO + NDRC;Chelles;77500;131 chemin du Corps de Garde 77500 CHELLES;Commerce de gros d'équipements automobiles;Vendeur / Vendeuse grossiste en équipement du foyer;Entreprise susceptible de recruter (candidature spontanée);;;Apprentissage, Professionnalisation;;;84233857600023;1;https://labonnealternance.apprentissage.beta.gouv.fr/emploi/recruteurs_lba/84233857600023/auto-reseau
2.3;CHELLES PIECES AUTO;Commerce de gros / B2B;MCO + NDRC;Chelles;77500;41 rue Auguste Meunier 77500 CHELLES;Commerce de gros d'équipements automobiles;Vendeur / Vendeuse grossiste en équipement du foyer;Entreprise susceptible de recruter (candidature spontanée);;;Apprentissage, Professionnalisation;;;83822441800023;1;https://labonnealternance.apprentissage.beta.gouv.fr/emploi/recruteurs_lba/83822441800023/chelles-pieces-auto
2.3;CONCESSIONNAIRE NISSAN;Automobile & mobilité;MCO + NDRC;Chelles;77500;34 RUE AUGUSTE MEUNIER 34 40 77500 CHELLES;Commerce de voitures et de véhicules automobiles légers;"Vendeur / Vendeuse automobile ; Conseiller / Conseillère client après-vente des véhicules";Entreprise susceptible de recruter (candidature spontanée);;;Apprentissage, Professionnalisation;;;48313345000039;2;https://labonnealternance.apprentissage.beta.gouv.fr/emploi/recruteurs_lba/48313345000039/concessionnaire-nissan
2.3;CONFORAMA FRANCE;Maison, bricolage & jardin;MCO;Lognes;77185;80 boulevard du Mandinet 77185 LOGNES;Commerce de détail de meubles;"Vendeur / Vendeuse en équipement de la maison ; Hôte / Hôtesse de caisse";Entreprise susceptible de recruter (candidature spontanée);;;Apprentissage, Professionnalisation;;;41481940900023;2;https://labonnealternance.apprentissage.beta.gouv.fr/emploi/recruteurs_lba/41481940900023/conforama-france
2.3;OUESO;Maison, bricolage & jardin;MCO + NDRC;Chelles;77500;85 AVENUE GENERAL DE GAULLE 77500 CHELLES;Commerce de détail d'autres équipements du foyer;"Vendeur / Vendeuse en équipement de la maison ; Employé / Employée de rayon libre-service ; Responsable de boutique ; Hôte / Hôtesse de caisse ; Vendeur / Vendeuse grossiste en équipement du foyer ; Conseiller commercial / Conseillère commerciale auprès des particuliers";Entreprise susceptible de recruter (candidature spontanée);;;Apprentissage, Professionnalisation;;;90856890000017;6;https://labonnealternance.apprentissage.beta.gouv.fr/emploi/recruteurs_lba/90856890000017/oueso
2.4;DENTAL WAVE;Beauté, santé & parfumerie;MCO + NDRC;Émerainville;77184;88 AVENUE DE L EUROPE 77184 EMERAINVILLE;Commerce de détail d'articles médicaux et orthopédiques en magasin spécialisé;Délégué médical hospitalier / Déléguée médicale hospitalière;Entreprise susceptible de recruter (candidature spontanée);;;Apprentissage, Professionnalisation;;;80452163100015;2;https://labonnealternance.apprentissage.beta.gouv.fr/emploi/recruteurs_lba/80452163100015/dental-wave
2.4;HERTA;Commerce de gros / B2B;MCO;Lognes;77185;7 Mail Barthelemy Thimonnier 77185 LOGNES;Commerce de gros (commerce interentreprises) alimentaire spécialisé divers;"Chef / Cheffe de secteur magasin ; Chef / Cheffe de promotion des ventes";Entreprise susceptible de recruter (candidature spontanée);;;Apprentissage, Professionnalisation;;;31104319400670;2;https://labonnealternance.apprentissage.beta.gouv.fr/emploi/recruteurs_lba/31104319400670/herta
2.4;I D K;Commerce de gros / B2B;NDRC;Émerainville;77184;81 AVENUE DE LEUROPE 77184 EMERAINVILLE;Intermédiaires spécialisés dans le commerce d'autres produits spécifiques;"Cadre Technico-commercial / Technico-commerciale ; Technico-commercial / Technico-commerciale ; Attaché commercial / Attachée commerciale";Entreprise susceptible de recruter (candidature spontanée);;;Apprentissage, Professionnalisation;;;43799017900032;3;https://labonnealternance.apprentissage.beta.gouv.fr/emploi/recruteurs_lba/43799017900032/i-d-k
2.4;MONDIAL AUTOS 77;Automobile & mobilité;MCO + NDRC;Chelles;77500;7 rue Auguste Meunier 77500 CHELLES;Commerce de détail d'équipements automobiles;"Conseiller / Conseillère de vente en pièces de rechange et accessoires de véhicules ; Conseiller / Conseillère client après-vente des véhicules";Entreprise susceptible de recruter (candidature spontanée);;;Apprentissage, Professionnalisation;;;94878239600014;2;https://labonnealternance.apprentissage.beta.gouv.fr/emploi/recruteurs_lba/94878239600014/mondial-autos-77
2.4;MUNDOSHOP EUROPE;Commerce de gros / B2B;NDRC;Émerainville;77184;88 AVENUE DE L EUROPE 77184 EMERAINVILLE;Commerce de gros (commerce interentreprises) non spécialisé;"Technico-commercial / Technico-commerciale ; Assistant commercial / Assistante commerciale ; Conseiller / Conseillère en gestion de patrimoine";Entreprise susceptible de recruter (candidature spontanée);;;Apprentissage, Professionnalisation;;;75173555600043;3;https://labonnealternance.apprentissage.beta.gouv.fr/emploi/recruteurs_lba/75173555600043/mundoshop-europe
2.4;VEHICULE SUR MESURE;Immobilier;NDRC;Chelles;77500;13B impasse Mariey 77500 CHELLES;LOCATION DE TERRAINS ET D'AUTRES BIENS IMMOBILIERS;"Conseiller / Conseillère immobilier ; Conseiller commercial / Conseillère commerciale auprès des particuliers";Entreprise susceptible de recruter (candidature spontanée);;;Apprentissage, Professionnalisation;;;84036220600061;2;https://labonnealternance.apprentissage.beta.gouv.fr/emploi/recruteurs_lba/84036220600061/vehicule-sur-mesure
2.5;EUCLYDE DATA CENTERS;Services aux entreprises, conseil & communication;MCO + NDRC;Lognes;77185;3 MAIL BARTHELEMY THIMONNIER 77185 LOGNES;CONSEIL EN RELATIONS PUBLIQUES ET COMMUNICATION;"Animateur / Animatrice des ventes ; Commercial / Commerciale auprès d'une clientèle d'entreprises";Entreprise susceptible de recruter (candidature spontanée);;;Apprentissage, Professionnalisation;;;44901291300033;2;https://labonnealternance.apprentissage.beta.gouv.fr/emploi/recruteurs_lba/44901291300033/euclyde-data-centers
2.5;PAVILLON SUCRE;Boulangerie & métiers de bouche;MCO;Chelles;77500;12 avenue Francois Mitterrand 77500 CHELLES;Boulangerie et boulangerie-pâtisserie;Vendeur / Vendeuse en épicerie;Entreprise susceptible de recruter (candidature spontanée);;;Apprentissage, Professionnalisation;;;90162157300012;1;https://labonnealternance.apprentissage.beta.gouv.fr/emploi/recruteurs_lba/90162157300012/pavillon-sucre
2.5;T & T FOODS;Commerce de gros / B2B;MCO;Lognes;77185;6 MAIL GASTON PLANTE 77185 LOGNES;Commerce de gros (commerce interentreprises) alimentaire spécialisé divers;"Chef / Cheffe de secteur magasin ; Chef / Cheffe de promotion des ventes";Entreprise susceptible de recruter (candidature spontanée);;;Apprentissage, Professionnalisation;;;44037097100036;2;https://labonnealternance.apprentissage.beta.gouv.fr/emploi/recruteurs_lba/44037097100036/t-t-foods
2.5;VIANAL MANAGEMENT;Vente à distance & e-commerce;MCO + NDRC;;;LOGNES;Vente à distance sur catalogue spécialisé;"Conseiller vendeur / Conseillère vendeuse à domicile ; Vendeur / Vendeuse en prêt-à-porter ; Responsable de boutique ; Délégué médical hospitalier / Déléguée médicale hospitalière ; Chargé / Chargée de relation client";Entreprise susceptible de recruter (candidature spontanée);;;Apprentissage, Professionnalisation;;;48468633200038;5;https://labonnealternance.apprentissage.beta.gouv.fr/emploi/recruteurs_lba/48468633200038/vianal-management
2.6;BNP Paribas;Banque, crédit & assurance;NDRC;Lognes;77185;16 rue Nicolas Appert 77185 LOGNES;Autres intermédiations monétaires;"Conseiller / Conseillère de clientèle bancaire ; Chargé / Chargée d'accueil en banque ; Conseiller / Conseillère en gestion de patrimoine";Entreprise susceptible de recruter (candidature spontanée);;;Apprentissage, Professionnalisation;;;66204244941315;3;https://labonnealternance.apprentissage.beta.gouv.fr/emploi/recruteurs_lba/66204244941315/bnp-paribas
2.6;CONTFIRTS;Commerce de gros / B2B;NDRC;Lognes;77185;13 PLACE DES LIBERTES PUBLIQUES 77185 LOGNES;Commerce de gros (commerce interentreprises) non spécialisé;"Technico-commercial / Technico-commerciale ; Assistant commercial / Assistante commerciale ; Conseiller / Conseillère en gestion de patrimoine ; Commercial itinérant / Commerciale itinérante en entreprise de commerce de gros";Entreprise susceptible de recruter (candidature spontanée);;;Apprentissage, Professionnalisation;;;98196260800015;4;https://labonnealternance.apprentissage.beta.gouv.fr/emploi/recruteurs_lba/98196260800015/contfirts
2.6;EVERSIM;High-tech, électroménager & télécoms;NDRC;Lognes;77185;13 PLACE DES LIBERTES PUBLIQUES 77185 LOGNES;PROGRAMMATION INFORMATIQUE;Commercial / Commerciale export;Entreprise susceptible de recruter (candidature spontanée);;;Apprentissage, Professionnalisation;;;45220995000032;1;https://labonnealternance.apprentissage.beta.gouv.fr/emploi/recruteurs_lba/45220995000032/eversim
2.6;OLIMPIA SPLENDID FRANCE;Commerce de gros / B2B;NDRC;Émerainville;77184;49 rue de l europe 77184 EMERAINVILLE;Commerce de gros (commerce interentreprises) d'appareils électroménagers;"Assistant commercial / Assistante commerciale ; Technico-commercial / Technico-commerciale";Entreprise susceptible de recruter (candidature spontanée);;;Apprentissage, Professionnalisation;;;52438537400029;2;https://labonnealternance.apprentissage.beta.gouv.fr/emploi/recruteurs_lba/52438537400029/olimpia-splendid-france
2.7;BCHG;Grande distribution & supermarchés;MCO;Chelles;77500;10 avenue General De Gaulle 77500 CHELLES;Supérettes;"Employé / Employée de rayon libre-service ; Hôte / Hôtesse de caisse ; Directeur / Directrice de magasin de grande distribution ; Vendeur / Vendeuse en épicerie ; Responsable de caisses ; Chef / Cheffe de rayon produits alimentaires";Entreprise susceptible de recruter (candidature spontanée);;;Apprentissage, Professionnalisation;;;79243317900019;6;https://labonnealternance.apprentissage.beta.gouv.fr/emploi/recruteurs_lba/79243317900019/bchg
2.7;DELTA CE;High-tech, électroménager & télécoms;NDRC;Lognes;77185;2 rue du Suffrage Universel 77185 LOGNES;EDITION DE LOGICIELS APPLICATIFS;Cadre Technico-commercial / Technico-commerciale;Entreprise susceptible de recruter (candidature spontanée);;;Apprentissage, Professionnalisation;;;75379391800032;1;https://labonnealternance.apprentissage.beta.gouv.fr/emploi/recruteurs_lba/75379391800032/delta-ce
2.7;EUREXO SAS;Banque, crédit & assurance;NDRC;Lognes;77185;2 RUE DU SUFFRAGE UNIVERSEL 77185 LOGNES;Évaluation des risques et dommages;Souscripteur / Souscriptrice en assurances;Entreprise susceptible de recruter (candidature spontanée);;;Apprentissage, Professionnalisation;;;31554793500611;1;https://labonnealternance.apprentissage.beta.gouv.fr/emploi/recruteurs_lba/31554793500611/eurexo-sas
2.8;AZ-FIMOGEST;Maison, bricolage & jardin;NDRC;Chelles;77500;15B AVENUE DU MARECHAL FOCH 77500 CHELLES;Administration d'immeubles et autres biens immobiliers;Conseiller / Conseillère immobilier;Entreprise susceptible de recruter (candidature spontanée);;;Apprentissage, Professionnalisation;;;84005068600012;1;https://labonnealternance.apprentissage.beta.gouv.fr/emploi/recruteurs_lba/84005068600012/az-fimogest
2.8;BULLE DE JEUX;Sport, loisirs & culture;MCO;Chelles;77500;43 BOULEVARD CHILPERIC 77500 CHELLES;Commerce de détail de livres en magasin spécialisé;"Vendeur / Vendeuse de produits culturels et ludiques ; Hôte / Hôtesse de caisse ; Chef / Cheffe de rayon de produits non alimentaires";Entreprise susceptible de recruter (candidature spontanée);;;Apprentissage, Professionnalisation;;;81500728100018;3;https://labonnealternance.apprentissage.beta.gouv.fr/emploi/recruteurs_lba/81500728100018/bulle-de-jeux
2.8;CREDIT MUTUEL;Banque, crédit & assurance;NDRC;Chelles;77500;avenue du Marechal Foch 77500 CHELLES;Autres intermédiations monétaires;"Conseiller / Conseillère de clientèle bancaire ; Chargé / Chargée d'accueil en banque ; Conseiller / Conseillère en gestion de patrimoine";Entreprise susceptible de recruter (candidature spontanée);;;Apprentissage, Professionnalisation;;;69204371401403;3;https://labonnealternance.apprentissage.beta.gouv.fr/emploi/recruteurs_lba/69204371401403/credit-mutuel
2.8;DROUAIRE BOIS;Commerce de gros / B2B;NDRC;Chelles;77500;63 avenue du Marechal Foch 77500 CHELLES;Commerce de gros (commerce interentreprises) de bois et de matériaux de construction;"Technico-commercial / Technico-commerciale ; Commercial itinérant / Commerciale itinérante en entreprise de commerce de gros";Entreprise susceptible de recruter (candidature spontanée);;;Apprentissage, Professionnalisation;;;32488446900028;2;https://labonnealternance.apprentissage.beta.gouv.fr/emploi/recruteurs_lba/32488446900028/drouaire-bois
2.8;IMMO DE FRANCE PARIS ILE DE FRANCE;Immobilier;NDRC;Chelles;77500;14 avenue du Marechal Foch 77500 CHELLES;Agences immobilières;Conseiller / Conseillère immobilier;Entreprise susceptible de recruter (candidature spontanée);;;Apprentissage, Professionnalisation;;;52919641200199;1;https://labonnealternance.apprentissage.beta.gouv.fr/emploi/recruteurs_lba/52919641200199/immo-de-france-paris-ile-de-france
2.8;LE FOURNIL DES PROVINCES;Boulangerie & métiers de bouche;MCO;Chelles;77500;55 avenue du Marechal Foch 77500 CHELLES;Boulangerie et boulangerie-pâtisserie;Vendeur / Vendeuse en épicerie;Entreprise susceptible de recruter (candidature spontanée);;;Apprentissage, Professionnalisation;;;87905872500026;1;https://labonnealternance.apprentissage.beta.gouv.fr/emploi/recruteurs_lba/87905872500026/le-fournil-des-provinces
2.8;OPHTACHELLES;Services aux entreprises, conseil & communication;MCO;Chelles;77500;18 avenue du Marechal Foch 77500 CHELLES;Autres activités de soutien aux entreprises n.c.a.;Animateur / Animatrice des ventes;Entreprise susceptible de recruter (candidature spontanée);;;Apprentissage, Professionnalisation;;;89349316300016;1;https://labonnealternance.apprentissage.beta.gouv.fr/emploi/recruteurs_lba/89349316300016/ophtachelles
2.8;PARIS CHELLES AUTOMOBILES;Automobile & mobilité;MCO + NDRC;Chelles;77500;59 avenue du Marechal Foch 77500 CHELLES;Commerce de voitures et de véhicules automobiles légers;"Vendeur / Vendeuse automobile ; Conseiller / Conseillère client après-vente des véhicules";Entreprise susceptible de recruter (candidature spontanée);;;Apprentissage, Professionnalisation;;;34872386700019;2;https://labonnealternance.apprentissage.beta.gouv.fr/emploi/recruteurs_lba/34872386700019/paris-chelles-automobiles
2.9;3.A.S;Boulangerie & métiers de bouche;MCO + NDRC;Chelles;77500;avenue du Gendarme Castermant 77500 CHELLES;Commerce de détail de pain, pâtisserie et confiserie en magasin spécialisé;"Vendeur / Vendeuse en épicerie ; Conseiller / Conseillère clientèle à distance";Entreprise susceptible de recruter (candidature spontanée);;;Apprentissage, Professionnalisation;;;88014886100011;2;https://labonnealternance.apprentissage.beta.gouv.fr/emploi/recruteurs_lba/88014886100011/3-a-s
2.9;BOULANGERIE DE LA GARE;Boulangerie & métiers de bouche;MCO;Chelles;77500;70 avenue de la Resistance 77500 CHELLES;Boulangerie et boulangerie-pâtisserie;Vendeur / Vendeuse en épicerie;Entreprise susceptible de recruter (candidature spontanée);;;Apprentissage, Professionnalisation;;;30468915100021;1;https://labonnealternance.apprentissage.beta.gouv.fr/emploi/recruteurs_lba/30468915100021/boulangerie-de-la-gare
2.9;Carrefour;Grande distribution & supermarchés;MCO;Chelles;77500;AVENUE DU GENDARME CASTERMANT 77500 CHELLES;Hypermarchés;"Employé / Employée de rayon libre-service ; Hôte / Hôtesse de caisse ; Chef / Cheffe de rayon produits alimentaires ; Vendeur / Vendeuse en épicerie";Entreprise susceptible de recruter (candidature spontanée);;;Apprentissage, Professionnalisation;;;45132133501047;4;https://labonnealternance.apprentissage.beta.gouv.fr/emploi/recruteurs_lba/45132133501047/carrefour
2.9;CREDIT LYONNAIS;Banque, crédit & assurance;NDRC;Chelles;77500;63 AVENUE DE LA RESISTANCE 77500 CHELLES;Autres intermédiations monétaires;"Conseiller / Conseillère de clientèle bancaire ; Chargé / Chargée d'accueil en banque ; Conseiller / Conseillère en gestion de patrimoine";Entreprise susceptible de recruter (candidature spontanée);;;Apprentissage, Professionnalisation;;;95450974137781;3;https://labonnealternance.apprentissage.beta.gouv.fr/emploi/recruteurs_lba/95450974137781/credit-lyonnais
2.9;Franprix;Grande distribution & supermarchés;MCO;Chelles;77500;63 avenue de la Resistance 77500 CHELLES;Supérettes;"Employé / Employée de rayon libre-service ; Hôte / Hôtesse de caisse ; Directeur / Directrice de magasin de grande distribution ; Vendeur / Vendeuse en épicerie ; Responsable de caisses ; Chef / Cheffe de rayon produits alimentaires";Entreprise susceptible de recruter (candidature spontanée);;;Apprentissage, Professionnalisation;;;71201518900046;6;https://labonnealternance.apprentissage.beta.gouv.fr/emploi/recruteurs_lba/71201518900046/franprix
2.9;GEMO;Mode, chaussures & accessoires;MCO;Chelles;77500;avenue du Gendarme Castermant 77500 CHELLES;Commerce de détail d'habillement en magasin spécialisé;"Vendeur / Vendeuse en prêt-à-porter ; Responsable de boutique ; Hôte / Hôtesse de caisse ; Directeur / Directrice de magasin de grande distribution";Entreprise susceptible de recruter (candidature spontanée);;;Apprentissage, Professionnalisation;;;32242434201364;4;https://labonnealternance.apprentissage.beta.gouv.fr/emploi/recruteurs_lba/32242434201364/gemo
2.9;GIFI;Maison, bricolage & jardin;MCO + NDRC;Chelles;77500;AVENUE DU GENDARME CASTERMANT 77500 CHELLES;Commerce de détail d'autres équipements du foyer;"Vendeur / Vendeuse en équipement de la maison ; Employé / Employée de rayon libre-service ; Responsable de boutique ; Hôte / Hôtesse de caisse ; Vendeur / Vendeuse grossiste en équipement du foyer ; Conseiller commercial / Conseillère commerciale auprès des particuliers";Entreprise susceptible de recruter (candidature spontanée);;;Apprentissage, Professionnalisation;;;53537132200020;6;https://labonnealternance.apprentissage.beta.gouv.fr/emploi/recruteurs_lba/53537132200020/gifi
2.9;GO 9 BEAUTE;Beauté, santé & parfumerie;MCO;Chelles;77500;AVENUE DU GENDARME CASTERMANT 77500 CHELLES;Commerce de détail de parfumerie et de produits de beauté en magasin spécialisé;"Responsable de boutique ; Employé / Employée de rayon libre-service";Entreprise susceptible de recruter (candidature spontanée);;;Apprentissage, Professionnalisation;;;44009699800016;2;https://labonnealternance.apprentissage.beta.gouv.fr/emploi/recruteurs_lba/44009699800016/go-9-beaute
2.9;RSD CONSULTING;Services aux entreprises, conseil & communication;NDRC;Chelles;77500;18 RUE DE BORDEAUX 77500 CHELLES;Services administratifs combinés de bureau;Conseiller / Conseillère immobilier;Entreprise susceptible de recruter (candidature spontanée);;;Apprentissage, Professionnalisation;;;82901114700024;1;https://labonnealternance.apprentissage.beta.gouv.fr/emploi/recruteurs_lba/82901114700024/rsd-consulting
2.9;SERGIO CONTI;Mode, chaussures & accessoires;MCO;Chelles;77500;50 AVENUE DE LA RESISTANCE 77500 CHELLES;Commerce de détail de la chaussure;"Responsable de boutique ; Vendeur / Vendeuse en prêt-à-porter ; Vendeur / Vendeuse d'articles de sport et loisirs ; Gérant / Gérante de magasin d'alimentation générale ; Directeur / Directrice de magasin de grande distribution";Entreprise susceptible de recruter (candidature spontanée);;;Apprentissage, Professionnalisation;;;42017730500109;5;https://labonnealternance.apprentissage.beta.gouv.fr/emploi/recruteurs_lba/42017730500109/sergio-conti
3.0;BNP Paribas;Banque, crédit & assurance;NDRC;Chelles;77500;40 AVENUE DE LA RESISTANCE 77500 CHELLES;Autres intermédiations monétaires;"Conseiller / Conseillère de clientèle bancaire ; Chargé / Chargée d'accueil en banque ; Conseiller / Conseillère en gestion de patrimoine";Entreprise susceptible de recruter (candidature spontanée);;;Apprentissage, Professionnalisation;;;66204244917778;3;https://labonnealternance.apprentissage.beta.gouv.fr/emploi/recruteurs_lba/66204244917778/bnp-paribas
3.0;BOULANGERIE CHELLES GAMBETTA L'EPI D'OR;Boulangerie & métiers de bouche;MCO;Chelles;77500;32 RUE GAMBETTA 77500 CHELLES;Boulangerie et boulangerie-pâtisserie;Vendeur / Vendeuse en épicerie;Entreprise susceptible de recruter (candidature spontanée);;;Apprentissage, Professionnalisation;;;74705020100025;1;https://labonnealternance.apprentissage.beta.gouv.fr/emploi/recruteurs_lba/74705020100025/boulangerie-chelles-gambetta-l-epi-d-or
3.0;BRICO DEPOT;Maison, bricolage & jardin;MCO + NDRC;Vaires-Sur-Marne;77360;CHEMIN DU CORPS DE GARDE 77360 VAIRES-SUR-MARNE;Commerce de détail de quincaillerie, peintures et verres en grandes surfaces (400 m2et plus);"Hôte / Hôtesse de caisse ; Vendeur / Vendeuse en équipement de la maison ; Vendeur / Vendeuse conseil en jardinerie ; Vendeur / Vendeuse grossiste en équipement du foyer ; Chef / Cheffe de secteur magasin ; Chef / Cheffe de rayon de produits non alimentaires";Entreprise susceptible de recruter (candidature spontanée);;;Apprentissage, Professionnalisation;;;45164790300868;6;https://labonnealternance.apprentissage.beta.gouv.fr/emploi/recruteurs_lba/45164790300868/brico-depot
3.0;CAISSE D'EPARGNE ET DE PREVOYANCE ILE-DE-FRANCE;Banque, crédit & assurance;NDRC;Chelles;77500;26 AVENUE DE LA RESISTANCE 77500 CHELLES;Autres intermédiations monétaires;"Conseiller / Conseillère de clientèle bancaire ; Chargé / Chargée d'accueil en banque ; Conseiller / Conseillère en gestion de patrimoine";Entreprise susceptible de recruter (candidature spontanée);;;Apprentissage, Professionnalisation;;;38290094203703;3;https://labonnealternance.apprentissage.beta.gouv.fr/emploi/recruteurs_lba/38290094203703/caisse-d-epargne-et-de-prevoyance-ile-de-france
3.0;CARREFOUR CITY;Grande distribution & supermarchés;MCO;Chelles;77500;3 RUE GAMBETTA 77500 CHELLES;Supermarchés;"Employé / Employée de rayon libre-service ; Directeur / Directrice de magasin de grande distribution ; Hôte / Hôtesse de caisse ; Responsable de caisses ; Chef / Cheffe de rayon produits alimentaires";Entreprise susceptible de recruter (candidature spontanée);;;Apprentissage, Professionnalisation;;;48430374800020;5;https://labonnealternance.apprentissage.beta.gouv.fr/emploi/recruteurs_lba/48430374800020/carrefour-city
3.0;CHAPON;Boulangerie & métiers de bouche;MCO + NDRC;Chelles;77500;2 RUE DU VALENGELIER 77500 CHELLES;Commerce de détail de pain, pâtisserie et confiserie en magasin spécialisé;"Vendeur / Vendeuse en épicerie ; Conseiller / Conseillère clientèle à distance";Entreprise susceptible de recruter (candidature spontanée);;;Apprentissage, Professionnalisation;;;40339163400025;2;https://labonnealternance.apprentissage.beta.gouv.fr/emploi/recruteurs_lba/40339163400025/chapon
3.0;CIC;Banque, crédit & assurance;NDRC;Chelles;77500;24 AVENUE DE LA RESISTANCE 77500 CHELLES;Autres intermédiations monétaires;"Conseiller / Conseillère de clientèle bancaire ; Chargé / Chargée d'accueil en banque ; Conseiller / Conseillère en gestion de patrimoine";Entreprise susceptible de recruter (candidature spontanée);;;Apprentissage, Professionnalisation;;;75480071200434;3;https://labonnealternance.apprentissage.beta.gouv.fr/emploi/recruteurs_lba/75480071200434/cic
3.0;LA FOURNEE DE BOULOGNE;Boulangerie & métiers de bouche;MCO;Chelles;77500;33 RUE GAMBETTA 77500 CHELLES;Boulangerie et boulangerie-pâtisserie;Vendeur / Vendeuse en épicerie;Entreprise susceptible de recruter (candidature spontanée);;;Apprentissage, Professionnalisation;;;85001385500026;1;https://labonnealternance.apprentissage.beta.gouv.fr/emploi/recruteurs_lba/85001385500026/la-fournee-de-boulogne
3.0;LE COURTIER EN ASSURANCE;Banque, crédit & assurance;NDRC;Chelles;77500;17 avenue de la Resistance 77500 CHELLES;Activités des agents et courtiers d'assurances;"Conseiller / Conseillère en assurances ; Conseiller / Conseillère en gestion de patrimoine";Entreprise susceptible de recruter (candidature spontanée);;;Apprentissage, Professionnalisation;;;94804223900012;2;https://labonnealternance.apprentissage.beta.gouv.fr/emploi/recruteurs_lba/94804223900012/le-courtier-en-assurance
3.0;LOGISTA;Commerce de gros / B2B;MCO;Lognes;77185;RUE DE LA MAISON ROUGE 77185 LOGNES;Commerce de gros (commerce interentreprises) de produits à base de tabac;Chef / Cheffe de rayon de produits non alimentaires;Entreprise susceptible de recruter (candidature spontanée);;;Apprentissage, Professionnalisation;;;49536160200115;1;https://labonnealternance.apprentissage.beta.gouv.fr/emploi/recruteurs_lba/49536160200115/logista
3.1;BRED Banque Populaire;Banque, crédit & assurance;NDRC;Chelles;77500;7 AVENUE DE LA RESISTANCE 77500 CHELLES;Autres intermédiations monétaires;"Conseiller / Conseillère de clientèle bancaire ; Chargé / Chargée d'accueil en banque ; Conseiller / Conseillère en gestion de patrimoine";Entreprise susceptible de recruter (candidature spontanée);;;Apprentissage, Professionnalisation;;;55209179500385;3;https://labonnealternance.apprentissage.beta.gouv.fr/emploi/recruteurs_lba/55209179500385/bred-banque-populaire
3.1;La Poste;La Poste & services publics;NDRC;;;CHELLES;Activités de poste dans le cadre d'une obligation de service universel;Responsable relation client (CRM);Entreprise susceptible de recruter (candidature spontanée);;;Apprentissage, Professionnalisation;;;35600000037989;1;https://labonnealternance.apprentissage.beta.gouv.fr/emploi/recruteurs_lba/35600000037989/la-poste
3.1;Leroy Merlin;Maison, bricolage & jardin;MCO + NDRC;Chelles;77500;151 AVENUE DU GENDARME CASTERMANT 77500 CHELLES;Commerce de détail de quincaillerie, peintures et verres en grandes surfaces (400 m2et plus);"Hôte / Hôtesse de caisse ; Vendeur / Vendeuse en équipement de la maison ; Vendeur / Vendeuse conseil en jardinerie ; Vendeur / Vendeuse grossiste en équipement du foyer ; Chef / Cheffe de secteur magasin ; Chef / Cheffe de rayon de produits non alimentaires";Entreprise susceptible de recruter (candidature spontanée);;;Apprentissage, Professionnalisation;;;38456094200664;6;https://labonnealternance.apprentissage.beta.gouv.fr/emploi/recruteurs_lba/38456094200664/leroy-merlin
3.1;MCLP AUTO TORCY;Automobile & mobilité;MCO + NDRC;Torcy;77200;77200 Torcy;Commerce de détail d'équipements automobiles;"Conseiller / Conseillère de vente en pièces de rechange et accessoires de véhicules ; Conseiller / Conseillère client après-vente des véhicules";Entreprise susceptible de recruter (candidature spontanée);;;Apprentissage, Professionnalisation;;;82789570700020;2;https://labonnealternance.apprentissage.beta.gouv.fr/emploi/recruteurs_lba/82789570700020/mclp-auto-torcy
3.1;SOCIETE GENERALE;Banque, crédit & assurance;NDRC;Chelles;77500;14 AVENUE DE LA RESISTANCE 77500 CHELLES;Autres intermédiations monétaires;"Conseiller / Conseillère de clientèle bancaire ; Chargé / Chargée d'accueil en banque ; Conseiller / Conseillère en gestion de patrimoine";Entreprise susceptible de recruter (candidature spontanée);;;Apprentissage, Professionnalisation;;;55212022207547;3;https://labonnealternance.apprentissage.beta.gouv.fr/emploi/recruteurs_lba/55212022207547/societe-generale
3.1;SODIMACO;Commerce de gros / B2B;NDRC;Chelles;77500;29 avenue du Docteur Blanchet 77500 CHELLES;Commerce de gros (commerce interentreprises) de bois et de matériaux de construction;"Technico-commercial / Technico-commerciale ; Commercial itinérant / Commerciale itinérante en entreprise de commerce de gros";Entreprise susceptible de recruter (candidature spontanée);;;Apprentissage, Professionnalisation;;;40192113500018;2;https://labonnealternance.apprentissage.beta.gouv.fr/emploi/recruteurs_lba/40192113500018/sodimaco
3.1;Stihl;Commerce de gros / B2B;MCO;Torcy;77200;77200 Torcy;Commerce de gros (commerce interentreprises) de matériel agricole;Responsable National Ventes Pro H/F;Offre partenaire (France Travail…);Responsable National Ventes Pro H/F;;Professionnalisation;2026-09-17;;;1;https://labonnealternance.apprentissage.beta.gouv.fr/emploi/offres_emploi_partenaires/6aac67b10dece6ea6e419531/responsable-national-ventes-pro-h-f
3.2;1CLIC1MOBILI;High-tech, électroménager & télécoms;NDRC;Chelles;77500;37 rue Alexandre Bickart 77500 CHELLES;PROGRAMMATION INFORMATIQUE;Commercial / Commerciale export;Entreprise susceptible de recruter (candidature spontanée);;;Apprentissage, Professionnalisation;;;98067730600014;1;https://labonnealternance.apprentissage.beta.gouv.fr/emploi/recruteurs_lba/98067730600014/1clic1mobili
3.2;G&S ASSOCIES;Banque, crédit & assurance;NDRC;Chelles;77500;10 rue Gustave Nast 77500 CHELLES;Activités des agents et courtiers d'assurances;"Conseiller / Conseillère en assurances ; Conseiller / Conseillère en gestion de patrimoine";Entreprise susceptible de recruter (candidature spontanée);;;Apprentissage, Professionnalisation;;;90980414800015;2;https://labonnealternance.apprentissage.beta.gouv.fr/emploi/recruteurs_lba/90980414800015/g-s-associes
3.2;JARDINERIES D'ICI;Maison, bricolage & jardin;MCO;Chelles;77500;187 AVENUE DU GENDARME CASTERMANT 77500 CHELLES;Commerce de détail de fleurs, plantes, graines, engrais, animaux de compagnie et aliments pour ces animaux en magasin spécialisé;"Responsable de boutique ; Vendeur / Vendeuse conseil en jardinerie ; Vendeur / Vendeuse en animalerie ; Hôte / Hôtesse de caisse ; Chef / Cheffe de rayon de produits non alimentaires";Entreprise susceptible de recruter (candidature spontanée);;;Apprentissage, Professionnalisation;;;83913917700027;5;https://labonnealternance.apprentissage.beta.gouv.fr/emploi/recruteurs_lba/83913917700027/jardineries-d-ici
3.2;LOGNES DISCOUNT;Boulangerie & métiers de bouche;MCO;Lognes;77185;85 cours des Petites Ecuries 77185 LOGNES;Commerce de détail de fruits et légumes en magasin spécialisé;"Vendeur / Vendeuse en épicerie ; Employé / Employée de rayon libre-service ; Hôte / Hôtesse de caisse ; Chef / Cheffe de rayon produits alimentaires ; Responsable de caisses";Entreprise susceptible de recruter (candidature spontanée);;;Apprentissage, Professionnalisation;;;85365255000023;5;https://labonnealternance.apprentissage.beta.gouv.fr/emploi/recruteurs_lba/85365255000023/lognes-discount
3.2;PROTEINE CENTER;Boulangerie & métiers de bouche;MCO;Chelles;77500;10 RUE GUSTAVE NAST 77500 CHELLES;Autres commerces de détail alimentaires en magasin spécialisé;"Vendeur / Vendeuse en épicerie ; Employé / Employée de rayon libre-service ; Chef / Cheffe de rayon produits alimentaires ; Responsable de boutique";Entreprise susceptible de recruter (candidature spontanée);;;Apprentissage, Professionnalisation;;;80778630600017;4;https://labonnealternance.apprentissage.beta.gouv.fr/emploi/recruteurs_lba/80778630600017/proteine-center
3.3;GROUPE ON;Services aux entreprises, conseil & communication;NDRC;Vaires-Sur-Marne;77360;14 BOULEVARD DE LA MARNE 77360 VAIRES-SUR-MARNE;Activités des sociétés holding;Conseiller / Conseillère immobilier;Entreprise susceptible de recruter (candidature spontanée);;;Apprentissage, Professionnalisation;;;90120586400019;1;https://labonnealternance.apprentissage.beta.gouv.fr/emploi/recruteurs_lba/90120586400019/groupe-on
3.3;HALBRONN;Commerce de gros / B2B;NDRC;Lognes;77185;rue des Campanules 77185 LOGNES;Commerce de gros (commerce interentreprises) de machines-outils;"Technico-commercial / Technico-commerciale ; Conseiller commercial / Conseillère commerciale en véhicules industriels";Entreprise susceptible de recruter (candidature spontanée);;;Apprentissage, Professionnalisation;;;30555051900030;2;https://labonnealternance.apprentissage.beta.gouv.fr/emploi/recruteurs_lba/30555051900030/halbronn
3.3;I.F.E. ''IMALAYA FRANCE EXPORT'';Commerce de gros / B2B;NDRC;Lognes;77185;12 allee Lech Walesa 77185 LOGNES;Commerce de gros (commerce interentreprises) de fournitures et équipements industriels divers;"Technico-commercial / Technico-commerciale ; Attaché commercial / Attachée commerciale";Entreprise susceptible de recruter (candidature spontanée);;;Apprentissage, Professionnalisation;;;48858845000038;2;https://labonnealternance.apprentissage.beta.gouv.fr/emploi/recruteurs_lba/48858845000038/i-f-e-imalaya-france-export
3.3;La Poste;La Poste & services publics;NDRC;Lognes;77185;13 allee Lech Walesa 77185 LOGNES;Activités de poste dans le cadre d'une obligation de service universel;Responsable relation client (CRM);Entreprise susceptible de recruter (candidature spontanée);;;Apprentissage, Professionnalisation;;;35600000066860;1;https://labonnealternance.apprentissage.beta.gouv.fr/emploi/recruteurs_lba/35600000066860/la-poste
3.3;LE CENTRAL TECHNIQUE;Commerce de gros / B2B;NDRC;Lognes;77185;allee Lech Walesa 77185 LOGNES;Commerce de gros (commerce interentreprises) de composants et d'équipements électroniques et de télécommunication;"Technico-commercial / Technico-commerciale ; Assistant commercial / Assistante commerciale";Entreprise susceptible de recruter (candidature spontanée);;;Apprentissage, Professionnalisation;;;79130706900033;2;https://labonnealternance.apprentissage.beta.gouv.fr/emploi/recruteurs_lba/79130706900033/le-central-technique
3.4;ALL MARINE;Maison, bricolage & jardin;MCO;Lognes;77185;1 RUE DES CAMPANULES 77185 LOGNES;Commerce de détail de fleurs, plantes, graines, engrais, animaux de compagnie et aliments pour ces animaux en magasin spécialisé;"Responsable de boutique ; Vendeur / Vendeuse conseil en jardinerie ; Vendeur / Vendeuse en animalerie ; Hôte / Hôtesse de caisse ; Chef / Cheffe de rayon de produits non alimentaires";Entreprise susceptible de recruter (candidature spontanée);;;Apprentissage, Professionnalisation;;;83274060900025;5;https://labonnealternance.apprentissage.beta.gouv.fr/emploi/recruteurs_lba/83274060900025/all-marine
3.4;CARREFOUR EXPRESS;Grande distribution & supermarchés;MCO;Brou-Sur-Chantereine;77177;32 avenue Jean Jaures 77177 BROU-SUR-CHANTEREINE;Supermarchés;"Employé / Employée de rayon libre-service ; Directeur / Directrice de magasin de grande distribution ; Hôte / Hôtesse de caisse ; Responsable de caisses ; Chef / Cheffe de rayon produits alimentaires";Entreprise susceptible de recruter (candidature spontanée);;;Apprentissage, Professionnalisation;;;93306160800016;5;https://labonnealternance.apprentissage.beta.gouv.fr/emploi/recruteurs_lba/93306160800016/carrefour-express
3.4;La Poste;La Poste & services publics;NDRC;Lognes;77185;27 rue de La Maison Rouge 77185 LOGNES;Activités de poste dans le cadre d'une obligation de service universel;Responsable relation client (CRM);Entreprise susceptible de recruter (candidature spontanée);;;Apprentissage, Professionnalisation;;;35600000040160;1;https://labonnealternance.apprentissage.beta.gouv.fr/emploi/recruteurs_lba/35600000040160/la-poste
3.4;SOCIETE GENERALE;Banque, crédit & assurance;NDRC;Torcy;77200;70 RUE DE PARIS 77200 TORCY;Autres intermédiations monétaires;"Conseiller / Conseillère de clientèle bancaire ; Chargé / Chargée d'accueil en banque ; Conseiller / Conseillère en gestion de patrimoine";Entreprise susceptible de recruter (candidature spontanée);;;Apprentissage, Professionnalisation;;;55212022225465;3;https://labonnealternance.apprentissage.beta.gouv.fr/emploi/recruteurs_lba/55212022225465/societe-generale
3.5;AMBIANCE GOURMANDE;Boulangerie & métiers de bouche;MCO;Torcy;77200;9 RUE DU CEDRE 77200 TORCY;Boulangerie et boulangerie-pâtisserie;Vendeur / Vendeuse en épicerie;Entreprise susceptible de recruter (candidature spontanée);;;Apprentissage, Professionnalisation;;;82934359900017;1;https://labonnealternance.apprentissage.beta.gouv.fr/emploi/recruteurs_lba/82934359900017/ambiance-gourmande
3.5;AUTOBACS;High-tech, électroménager & télécoms;MCO + NDRC;Lognes;77185;7 allee des Palombes 77185 LOGNES;Commerce de détail de matériels audio et vidéo en magasin spécialisé;"Hôte / Hôtesse de caisse ; Vendeur / Vendeuse en équipement de la maison ; Technico-commercial / Technico-commerciale ; Chargé / Chargée de relation client";Entreprise susceptible de recruter (candidature spontanée);;;Apprentissage, Professionnalisation;;;43471870600048;4;https://labonnealternance.apprentissage.beta.gouv.fr/emploi/recruteurs_lba/43471870600048/autobacs
3.5;Boulanger;High-tech, électroménager & télécoms;MCO + NDRC;Lognes;77185;ALLEE DES PALOMBES 77185 LOGNES;Commerce de détail d'appareils électroménagers en magasin spécialisé;"Vendeur / Vendeuse en équipement de la maison ; Conseiller commercial / Conseillère commerciale auprès des particuliers ; Responsable relation client (CRM)";Entreprise susceptible de recruter (candidature spontanée);;;Apprentissage, Professionnalisation;;;34738457000680;3;https://labonnealternance.apprentissage.beta.gouv.fr/emploi/recruteurs_lba/34738457000680/boulanger
3.5;BRED Banque Populaire;Banque, crédit & assurance;NDRC;Vaires-Sur-Marne;77360;20 BOULEVARD DE LORRAINE 77360 VAIRES-SUR-MARNE;Autres intermédiations monétaires;"Conseiller / Conseillère de clientèle bancaire ; Chargé / Chargée d'accueil en banque ; Conseiller / Conseillère en gestion de patrimoine";Entreprise susceptible de recruter (candidature spontanée);;;Apprentissage, Professionnalisation;;;55209179504809;3;https://labonnealternance.apprentissage.beta.gouv.fr/emploi/recruteurs_lba/55209179504809/bred-banque-populaire
3.5;CRMEAT;Boulangerie & métiers de bouche;MCO + NDRC;Vaires-Sur-Marne;77360;6 AVENUE JEAN JAURES 77360 VAIRES-SUR-MARNE;Commerce de détail de viandes et de produits à base de viande en magasin spécialisé;"Vendeur / Vendeuse en épicerie ; Vendeur / Vendeuse grossiste en produits frais";Entreprise susceptible de recruter (candidature spontanée);;;Apprentissage, Professionnalisation;;;90206105000016;2;https://labonnealternance.apprentissage.beta.gouv.fr/emploi/recruteurs_lba/90206105000016/crmeat
3.5;LES SAVEURS DU PAIN;Boulangerie & métiers de bouche;MCO;Vaires-Sur-Marne;77360;2 RUE DE CHELLES 77360 VAIRES-SUR-MARNE;Boulangerie et boulangerie-pâtisserie;Vendeur / Vendeuse en épicerie;Entreprise susceptible de recruter (candidature spontanée);;;Apprentissage, Professionnalisation;;;75163271200012;1;https://labonnealternance.apprentissage.beta.gouv.fr/emploi/recruteurs_lba/75163271200012/les-saveurs-du-pain
3.5;OFFICE DEPOT;Sport, loisirs & culture;MCO;Lognes;77185;5 ALLEE DES PALOMBES 77185 LOGNES;Commerce de détail de journaux et papeterie en magasin spécialisé;"Employé / Employée de rayon libre-service ; Chef / Cheffe de rayon de produits non alimentaires ; Vendeur / Vendeuse de produits culturels et ludiques";Entreprise susceptible de recruter (candidature spontanée);;;Apprentissage, Professionnalisation;;;90030218300059;3;https://labonnealternance.apprentissage.beta.gouv.fr/emploi/recruteurs_lba/90030218300059/office-depot
3.6;ABC GESTION;Services aux entreprises, conseil & communication;NDRC;Chelles;77500;27 RUE DE CHELLES 77500 CHELLES;Services administratifs combinés de bureau;Conseiller / Conseillère immobilier;Entreprise susceptible de recruter (candidature spontanée);;;Apprentissage, Professionnalisation;;;79978981300018;1;https://labonnealternance.apprentissage.beta.gouv.fr/emploi/recruteurs_lba/79978981300018/abc-gestion
3.6;AD AUMERLE VL;Commerce de gros / B2B;MCO + NDRC;Chelles;77500;1 RUE DES CRESSONNIERES 77500 CHELLES;Commerce de gros d'équipements automobiles;Vendeur / Vendeuse grossiste en équipement du foyer;Entreprise susceptible de recruter (candidature spontanée);;;Apprentissage, Professionnalisation;;;31549327000260;1;https://labonnealternance.apprentissage.beta.gouv.fr/emploi/recruteurs_lba/31549327000260/ad-aumerle-vl
3.6;BANQUE CIC EST;Banque, crédit & assurance;NDRC;Vaires-Sur-Marne;77360;5 place du General De Gaulle 77360 VAIRES-SUR-MARNE;Autres intermédiations monétaires;"Conseiller / Conseillère de clientèle bancaire ; Chargé / Chargée d'accueil en banque ; Conseiller / Conseillère en gestion de patrimoine";Entreprise susceptible de recruter (candidature spontanée);;;Apprentissage, Professionnalisation;;;75480071202158;3;https://labonnealternance.apprentissage.beta.gouv.fr/emploi/recruteurs_lba/75480071202158/banque-cic-est
3.6;La Poste;La Poste & services publics;NDRC;Torcy;77200;4 allee Gaston Defferre 77200 TORCY;Activités de poste dans le cadre d'une obligation de service universel;Responsable relation client (CRM);Entreprise susceptible de recruter (candidature spontanée);;;Apprentissage, Professionnalisation;;;35600000043801;1;https://labonnealternance.apprentissage.beta.gouv.fr/emploi/recruteurs_lba/35600000043801/la-poste
3.6;MAISON DURET;Boulangerie & métiers de bouche;MCO;Torcy;77200;15 GRANDE RUE 77200 TORCY;Boulangerie et boulangerie-pâtisserie;Vendeur / Vendeuse en épicerie;Entreprise susceptible de recruter (candidature spontanée);;;Apprentissage, Professionnalisation;;;84949237600017;1;https://labonnealternance.apprentissage.beta.gouv.fr/emploi/recruteurs_lba/84949237600017/maison-duret
3.6;MARTEAU FILS;Boulangerie & métiers de bouche;MCO;Vaires-Sur-Marne;77360;1 place du General De Gaulle 77360 VAIRES-SUR-MARNE;Boulangerie et boulangerie-pâtisserie;Vendeur / Vendeuse en épicerie;Entreprise susceptible de recruter (candidature spontanée);;;Apprentissage, Professionnalisation;;;92924645200015;1;https://labonnealternance.apprentissage.beta.gouv.fr/emploi/recruteurs_lba/92924645200015/marteau-fils
3.7;AGENCITY TORCY;Immobilier;NDRC;Torcy;77200;34 RUE DE PARIS 77200 TORCY;Agences immobilières;Conseiller / Conseillère immobilier;Entreprise susceptible de recruter (candidature spontanée);;;Apprentissage, Professionnalisation;;;75388467500020;1;https://labonnealternance.apprentissage.beta.gouv.fr/emploi/recruteurs_lba/75388467500020/agencity-torcy
3.7;BSGI;Immobilier;NDRC;Torcy;77200;4 allee Jean Baptiste Colbert 77200 TORCY;LOCATION DE TERRAINS ET D'AUTRES BIENS IMMOBILIERS;"Conseiller / Conseillère immobilier ; Conseiller commercial / Conseillère commerciale auprès des particuliers";Entreprise susceptible de recruter (candidature spontanée);;;Apprentissage, Professionnalisation;;;40292514300065;2;https://labonnealternance.apprentissage.beta.gouv.fr/emploi/recruteurs_lba/40292514300065/bsgi
3.7;C.C.P FOURNIL;Boulangerie & métiers de bouche;MCO;Torcy;77200;34 rue de Paris 77200 TORCY;Boulangerie et boulangerie-pâtisserie;Vendeur / Vendeuse en épicerie;Entreprise susceptible de recruter (candidature spontanée);;;Apprentissage, Professionnalisation;;;80476185600017;1;https://labonnealternance.apprentissage.beta.gouv.fr/emploi/recruteurs_lba/80476185600017/c-c-p-fournil
3.7;CFA WEC;Immobilier;NDRC;Chelles;77500;77500 Chelles;;Commercial en Agence Immobilière - en Alternance H/F;Offre partenaire (France Travail…);Commercial en Agence Immobilière - en Alternance H/F;CAP, BEP (Infrabac);Apprentissage, Professionnalisation;2026-09-18;Oui;;1;https://labonnealternance.apprentissage.beta.gouv.fr/emploi/offres_emploi_partenaires/6a8629a5334ed2d599cf7f83/commercial-en-agence-immobiliere-en-alternance-h-f
3.7;CFA WEC;Boulangerie & métiers de bouche;MCO;Chelles;77500;77500 Chelles;;Vendeur en Boulangerie - en Alternance H/F;Offre partenaire (France Travail…);Vendeur en Boulangerie - en Alternance H/F;CAP, BEP (Infrabac);Apprentissage, Professionnalisation;2026-09-18;Oui;;1;https://labonnealternance.apprentissage.beta.gouv.fr/emploi/offres_emploi_partenaires/6a8629a5334ed2d599cf7f85/vendeur-en-boulangerie-en-alternance-h-f
3.7;DECATHLON;Sport, loisirs & culture;MCO + NDRC;Croissy-Beaubourg;77183;25 ALLEE DU 1ER MAI 77183 CROISSY-BEAUBOURG;Commerce de détail d'articles de sport en magasin spécialisé;"Vendeur / Vendeuse d'articles de sport et loisirs ; Hôte / Hôtesse de caisse ; Chef / Cheffe de rayon de produits non alimentaires ; Vendeur / Vendeuse en prêt-à-porter ; Vendeur / Vendeuse grossiste en équipement du foyer";Entreprise susceptible de recruter (candidature spontanée);;;Apprentissage, Professionnalisation;;;50056940502363;5;https://labonnealternance.apprentissage.beta.gouv.fr/emploi/recruteurs_lba/50056940502363/decathlon
3.7;Leroy Merlin;Maison, bricolage & jardin;MCO + NDRC;Lognes;77185;BOULEVARD DU SEGRAIS 77185 LOGNES;Commerce de détail de quincaillerie, peintures et verres en grandes surfaces (400 m2et plus);"Hôte / Hôtesse de caisse ; Vendeur / Vendeuse en équipement de la maison ; Vendeur / Vendeuse conseil en jardinerie ; Vendeur / Vendeuse grossiste en équipement du foyer ; Chef / Cheffe de secteur magasin ; Chef / Cheffe de rayon de produits non alimentaires";Entreprise susceptible de recruter (candidature spontanée);;;Apprentissage, Professionnalisation;;;38456094200631;6;https://labonnealternance.apprentissage.beta.gouv.fr/emploi/recruteurs_lba/38456094200631/leroy-merlin
3.7;MORGAN HARDOUINE FANKAM;High-tech, électroménager & télécoms;NDRC;Lognes;77185;45 BOULEVARD DU SEGRAIS 77185 LOGNES;PROGRAMMATION INFORMATIQUE;Commercial / Commerciale export;Entreprise susceptible de recruter (candidature spontanée);;;Apprentissage, Professionnalisation;;;92381766200011;1;https://labonnealternance.apprentissage.beta.gouv.fr/emploi/recruteurs_lba/92381766200011/morgan-hardouine-fankam
3.7;POLYFLAME EUROPE;Commerce de gros / B2B;MCO + NDRC;Croissy-Beaubourg;77183;23 allee du 1er Mai 77183 CROISSY-BEAUBOURG;COMMERCE DE GROS (COMMERCE INTERENTREPRISES) D'AUTRES BIENS DOMESTIQUES;"Assistant / Assistante administration des ventes ; Assistant commercial / Assistante commerciale";Entreprise susceptible de recruter (candidature spontanée);;;Apprentissage, Professionnalisation;;;40071593400057;2;https://labonnealternance.apprentissage.beta.gouv.fr/emploi/recruteurs_lba/40071593400057/polyflame-europe
3.7;PRINZ;Commerce de gros / B2B;NDRC;Torcy;77200;2 ALLEE NICOLAS DE LA CROIX 77200 TORCY;Commerce de gros (commerce interentreprises) non spécialisé;"Technico-commercial / Technico-commerciale ; Assistant commercial / Assistante commerciale ; Conseiller / Conseillère en gestion de patrimoine";Entreprise susceptible de recruter (candidature spontanée);;;Apprentissage, Professionnalisation;;;82110121900011;3;https://labonnealternance.apprentissage.beta.gouv.fr/emploi/recruteurs_lba/82110121900011/prinz
3.8;3CI SOLUTIONS;High-tech, électroménager & télécoms;NDRC;Torcy;77200;rue des Forgerons 77200 TORCY;Réparation d'ordinateurs et d'équipements périphériques;Responsable Commercial / Commerciale;Entreprise susceptible de recruter (candidature spontanée);;;Apprentissage, Professionnalisation;;;31979360000051;1;https://labonnealternance.apprentissage.beta.gouv.fr/emploi/recruteurs_lba/31979360000051/3ci-solutions
3.8;ACTION FRANCE;Grande distribution & supermarchés;MCO;Torcy;77200;AVENUE DE LINGENFELD 77200 TORCY;Supermarchés;"Employé / Employée de rayon libre-service ; Directeur / Directrice de magasin de grande distribution ; Hôte / Hôtesse de caisse ; Responsable de caisses ; Chef / Cheffe de rayon produits alimentaires";Entreprise susceptible de recruter (candidature spontanée);;;Apprentissage, Professionnalisation;;;75330823801064;5;https://labonnealternance.apprentissage.beta.gouv.fr/emploi/recruteurs_lba/75330823801064/action-france
3.8;CARREFOUR MARKET;Grande distribution & supermarchés;MCO;Vaires-Sur-Marne;77360;RUE DE LA GARE 77360 VAIRES-SUR-MARNE;Supermarchés;"Employé / Employée de rayon libre-service ; Directeur / Directrice de magasin de grande distribution ; Hôte / Hôtesse de caisse ; Responsable de caisses ; Chef / Cheffe de rayon produits alimentaires";Entreprise susceptible de recruter (candidature spontanée);;;Apprentissage, Professionnalisation;;;84152484600018;5;https://labonnealternance.apprentissage.beta.gouv.fr/emploi/recruteurs_lba/84152484600018/carrefour-market
3.8;COMPAGNIE HOBART SA;Commerce de gros / B2B;NDRC;Croissy-Beaubourg;77183;ALLEE DU 1ER MAI 77183 CROISSY-BEAUBOURG;Commerce de gros (commerce interentreprises) de fournitures et équipements divers pour le commerce et les services;"Cadre Technico-commercial / Technico-commerciale ; Technico-commercial / Technico-commerciale ; Assistant commercial / Assistante commerciale";Entreprise susceptible de recruter (candidature spontanée);;;Apprentissage, Professionnalisation;;;56207773500404;3;https://labonnealternance.apprentissage.beta.gouv.fr/emploi/recruteurs_lba/56207773500404/compagnie-hobart-sa
3.8;NORAUTO;Automobile & mobilité;MCO + NDRC;Torcy;77200;AVENUE DE LINGENFELD 77200 TORCY;Commerce de détail d'équipements automobiles;"Conseiller / Conseillère de vente en pièces de rechange et accessoires de véhicules ; Conseiller / Conseillère client après-vente des véhicules";Entreprise susceptible de recruter (candidature spontanée);;;Apprentissage, Professionnalisation;;;48047015201234;2;https://labonnealternance.apprentissage.beta.gouv.fr/emploi/recruteurs_lba/48047015201234/norauto
3.9;ACORUS SERVICES;Services aux entreprises, conseil & communication;NDRC;Croissy-Beaubourg;77183;22 rue Leon Jouhaux 77183 CROISSY-BEAUBOURG;Services administratifs combinés de bureau;Conseiller / Conseillère immobilier;Entreprise susceptible de recruter (candidature spontanée);;;Apprentissage, Professionnalisation;;;98118698400010;1;https://labonnealternance.apprentissage.beta.gouv.fr/emploi/recruteurs_lba/98118698400010/acorus-services
3.9;CAISSE D'EPARGNE ET DE PREVOYANCE ILE-DE-FRANCE;Banque, crédit & assurance;NDRC;Torcy;77200;29 promenade du Belvedere 77200 TORCY;Autres intermédiations monétaires;"Conseiller / Conseillère de clientèle bancaire ; Chargé / Chargée d'accueil en banque ; Conseiller / Conseillère en gestion de patrimoine";Entreprise susceptible de recruter (candidature spontanée);;;Apprentissage, Professionnalisation;;;38290094203398;3;https://labonnealternance.apprentissage.beta.gouv.fr/emploi/recruteurs_lba/38290094203398/caisse-d-epargne-et-de-prevoyance-ile-de-france
3.9;LE BELVEDERE;Boulangerie & métiers de bouche;MCO;Torcy;77200;17 promenade du Belvedere 77200 TORCY;Boulangerie et boulangerie-pâtisserie;Vendeur / Vendeuse en épicerie;Entreprise susceptible de recruter (candidature spontanée);;;Apprentissage, Professionnalisation;;;91778946300010;1;https://labonnealternance.apprentissage.beta.gouv.fr/emploi/recruteurs_lba/91778946300010/le-belvedere
3.9;LE KIOSQUE;Immobilier;NDRC;Croissy-Beaubourg;77183;53 BOULEVARD DE COURCERIN 77183 CROISSY-BEAUBOURG;Agences immobilières;Conseiller / Conseillère immobilier;Entreprise susceptible de recruter (candidature spontanée);;;Apprentissage, Professionnalisation;;;82127658100021;1;https://labonnealternance.apprentissage.beta.gouv.fr/emploi/recruteurs_lba/82127658100021/le-kiosque
3.9;MAGIC POCKETS;High-tech, électroménager & télécoms;NDRC;Torcy;77200;1 promenade du Belvedere 77200 TORCY;PROGRAMMATION INFORMATIQUE;Commercial / Commerciale export;Entreprise susceptible de recruter (candidature spontanée);;;Apprentissage, Professionnalisation;;;43868029000048;1;https://labonnealternance.apprentissage.beta.gouv.fr/emploi/recruteurs_lba/43868029000048/magic-pockets
4.0;BANQUE CIC EST;Banque, crédit & assurance;NDRC;Torcy;77200;3 RUE DES COUTURES 77200 TORCY;Autres intermédiations monétaires;"Conseiller / Conseillère de clientèle bancaire ; Chargé / Chargée d'accueil en banque ; Conseiller / Conseillère en gestion de patrimoine";Entreprise susceptible de recruter (candidature spontanée);;;Apprentissage, Professionnalisation;;;75480071202216;3;https://labonnealternance.apprentissage.beta.gouv.fr/emploi/recruteurs_lba/75480071202216/banque-cic-est
4.0;BUT;Services aux entreprises, conseil & communication;MCO;Émerainville;77184;77184 Émerainville;Activités des sièges sociaux;Alternance - Chargé d'E-Merchandising H/F;Offre partenaire (France Travail…);Alternance - Chargé d'E-Merchandising H/F;Licence, BUT, Licence Pro (Bac+3);Apprentissage, Professionnalisation;2026-08-30;;;1;https://labonnealternance.apprentissage.beta.gouv.fr/emploi/offres_emploi_partenaires/6a6d1dbdab2acc1970765bc6/alternance-charge-d-e-merchandising-h-f
4.0;INTERMARCHE;Grande distribution & supermarchés;MCO;Croissy-Beaubourg;77183;boulevard Georges Bidault 77183 CROISSY-BEAUBOURG;Supermarchés;"Employé / Employée de rayon libre-service ; Directeur / Directrice de magasin de grande distribution ; Hôte / Hôtesse de caisse ; Responsable de caisses ; Chef / Cheffe de rayon produits alimentaires";Entreprise susceptible de recruter (candidature spontanée);;;Apprentissage, Professionnalisation;;;81465754000013;5;https://labonnealternance.apprentissage.beta.gouv.fr/emploi/recruteurs_lba/81465754000013/intermarche
4.0;LABORATOIRES PRODENE KLINT;Industrie & énergie;NDRC;Croissy-Beaubourg;77183;8 Allée Léon Jouhaux 77183 Croissy-Beaubourg;Fabrication de savons, détergents et produits d'entretien;Commercial / Commerciale grands comptes et entreprises;Entreprise susceptible de recruter (candidature spontanée);;;Apprentissage, Professionnalisation;;;73820071600053;1;https://labonnealternance.apprentissage.beta.gouv.fr/emploi/recruteurs_lba/73820071600053/laboratoires-prodene-klint
4.0;STRICHER;Automobile & mobilité;NDRC;Émerainville;77184;60 BOULEVARD DE BEAUBOURG 77184 EMERAINVILLE;Location de courte durée de voitures et de véhicules automobiles légers;"Agent technico-commercial / Agente technico-commerciale en location de véhicules ; Conseiller / Conseillère client après-vente des véhicules";Entreprise susceptible de recruter (candidature spontanée);;;Apprentissage, Professionnalisation;;;77574144000900;2;https://labonnealternance.apprentissage.beta.gouv.fr/emploi/recruteurs_lba/77574144000900/stricher
4.1;CAISSE D'ALLOCATIONS FAMILIALES DE SEINE-ET-MARNE;Grande distribution & supermarchés;NDRC;Lognes;77185;97 BOULEVARD DU SEGRAIS 77185 LOGNES;DISTRIBUTION SOCIALE DE REVENUS;Conseiller / Conseillère clientèle à distance;Entreprise susceptible de recruter (candidature spontanée);;;Apprentissage, Professionnalisation;;;78497134300040;1;https://labonnealternance.apprentissage.beta.gouv.fr/emploi/recruteurs_lba/78497134300040/caisse-d-allocations-familiales-de-seine-et-marne
4.1;CHR EQUIPEMENT;Commerce de gros / B2B;NDRC;Torcy;77200;ALLEE DU PLATEAU 77200 TORCY;Commerce de gros (commerce interentreprises) de fournitures et équipements divers pour le commerce et les services;"Cadre Technico-commercial / Technico-commerciale ; Technico-commercial / Technico-commerciale ; Assistant commercial / Assistante commerciale";Entreprise susceptible de recruter (candidature spontanée);;;Apprentissage, Professionnalisation;;;91348435800019;3;https://labonnealternance.apprentissage.beta.gouv.fr/emploi/recruteurs_lba/91348435800019/chr-equipement
4.1;FRANCE CARS;Automobile & mobilité;NDRC;Émerainville;77184;35 BOULEVARD DE BEAUBOURG 77184 EMERAINVILLE;Location de courte durée de voitures et de véhicules automobiles légers;"Agent technico-commercial / Agente technico-commerciale en location de véhicules ; Conseiller / Conseillère client après-vente des véhicules";Entreprise susceptible de recruter (candidature spontanée);;;Apprentissage, Professionnalisation;;;38240268300322;2;https://labonnealternance.apprentissage.beta.gouv.fr/emploi/recruteurs_lba/38240268300322/france-cars
4.1;GFER;Commerce de gros / B2B;NDRC;Torcy;77200;allee du Plateau 77200 TORCY;Commerce de gros (commerce interentreprises) de bois et de matériaux de construction;"Technico-commercial / Technico-commerciale ; Commercial itinérant / Commerciale itinérante en entreprise de commerce de gros";Entreprise susceptible de recruter (candidature spontanée);;;Apprentissage, Professionnalisation;;;80150093500029;2;https://labonnealternance.apprentissage.beta.gouv.fr/emploi/recruteurs_lba/80150093500029/gfer
4.1;JOHN ROUX;Mode, chaussures & accessoires;MCO;Torcy;77200;50 AVENUE DE LINGENFELD 77200 TORCY;Commerce de détail de la chaussure;"Responsable de boutique ; Vendeur / Vendeuse en prêt-à-porter ; Vendeur / Vendeuse d'articles de sport et loisirs ; Gérant / Gérante de magasin d'alimentation générale ; Directeur / Directrice de magasin de grande distribution";Entreprise susceptible de recruter (candidature spontanée);;;Apprentissage, Professionnalisation;;;48011969200022;5;https://labonnealternance.apprentissage.beta.gouv.fr/emploi/recruteurs_lba/48011969200022/john-roux
4.1;KHANAAN;Commerce de gros / B2B;MCO;Torcy;77200;ALLEE DU PLATEAU 77200 TORCY;COMMERCE DE GROS (COMMERCE INTERENTREPRISES) D'AUTRES BIENS DOMESTIQUES;Assistant e-commerce et logistique (H) en alternance;Offre publiée sur La bonne alternance;Assistant e-commerce et logistique (H) en alternance;BTS, DEUST (Bac+2);Apprentissage;2026-09-28;;;1;https://labonnealternance.apprentissage.beta.gouv.fr/emploi/offres_emploi_lba/6aba2c8c4d5e4fa942d3f6f9/assistant-e-commerce-et-logistique-h-en-alternance
4.1;KIABI;Mode, chaussures & accessoires;MCO;Torcy;77200;50 AVENUE DE LINGENFELD 77200 TORCY;Commerce de détail d'habillement en magasin spécialisé;"Vendeur / Vendeuse en prêt-à-porter ; Responsable de boutique ; Hôte / Hôtesse de caisse ; Directeur / Directrice de magasin de grande distribution";Entreprise susceptible de recruter (candidature spontanée);;;Apprentissage, Professionnalisation;;;34410327001435;4;https://labonnealternance.apprentissage.beta.gouv.fr/emploi/recruteurs_lba/34410327001435/kiabi
4.1;OSS VENTURES;Services aux entreprises, conseil & communication;MCO;Croissy-Beaubourg;77183;52 rue d Emerainville 77183 CROISSY-BEAUBOURG;Autres activités de soutien aux entreprises n.c.a.;Animateur / Animatrice des ventes;Entreprise susceptible de recruter (candidature spontanée);;;Apprentissage, Professionnalisation;;;84282664600023;1;https://labonnealternance.apprentissage.beta.gouv.fr/emploi/recruteurs_lba/84282664600023/oss-ventures
4.1;SOCIETE DES GARAGES DE CHELLES;Services aux entreprises, conseil & communication;NDRC;Chelles;77500;20 rue de l Ormeteau 77500 CHELLES;Services administratifs combinés de bureau;Conseiller / Conseillère immobilier;Entreprise susceptible de recruter (candidature spontanée);;;Apprentissage, Professionnalisation;;;39919843100054;1;https://labonnealternance.apprentissage.beta.gouv.fr/emploi/recruteurs_lba/39919843100054/societe-des-garages-de-chelles
4.2;ANDREAS STIHL SAS;Commerce de gros / B2B;MCO + NDRC;Torcy;77200;rue des Epinettes 77200 TORCY;Commerce de gros (commerce interentreprises) de matériel agricole;Vendeur / Vendeuse grossiste en équipement du foyer;Entreprise susceptible de recruter (candidature spontanée);;;Apprentissage, Professionnalisation;;;31835481800029;1;https://labonnealternance.apprentissage.beta.gouv.fr/emploi/recruteurs_lba/31835481800029/andreas-stihl-sas
4.2;CONFORAMA;Maison, bricolage & jardin;MCO + NDRC;Torcy;77200;17 AVENUE DE LINGENFELD 77200 TORCY;Commerce de détail d'autres équipements du foyer;"Vendeur / Vendeuse en équipement de la maison ; Employé / Employée de rayon libre-service ; Responsable de boutique ; Hôte / Hôtesse de caisse ; Vendeur / Vendeuse grossiste en équipement du foyer ; Conseiller commercial / Conseillère commerciale auprès des particuliers";Entreprise susceptible de recruter (candidature spontanée);;;Apprentissage, Professionnalisation;;;41481940902367;6;https://labonnealternance.apprentissage.beta.gouv.fr/emploi/recruteurs_lba/41481940902367/conforama
4.2;CORA;Commerce de gros / B2B;MCO + NDRC;Croissy-Beaubourg;77183;61 rue d Emerainville 77183 CROISSY-BEAUBOURG;Autres intermédiaires du commerce en produits divers;"Vendeur / Vendeuse automobile ; Conseiller commercial / Conseillère commerciale auprès des particuliers ; Responsable Commercial / Commerciale ; Attaché commercial / Attachée commerciale";Entreprise susceptible de recruter (candidature spontanée);;;Apprentissage, Professionnalisation;;;78692030601216;4;https://labonnealternance.apprentissage.beta.gouv.fr/emploi/recruteurs_lba/78692030601216/cora
4.2;EUROMEDIA SUD-MEDIA OPTIC MEDIA TYTECH EUROMEDIA TOULOUSE;Commerce de gros / B2B;MCO + NDRC;Croissy-Beaubourg;77183;19 boulevard Georges Bidault 77183 CROISSY-BEAUBOURG;Commerce de gros (commerce interentreprises) d'ordinateurs, d'équipements informatiques périphériques et de logiciels;"Consultant / Consultante avant-vente ; Cadre Technico-commercial / Technico-commerciale";Entreprise susceptible de recruter (candidature spontanée);;;Apprentissage, Professionnalisation;;;38118606300024;2;https://labonnealternance.apprentissage.beta.gouv.fr/emploi/recruteurs_lba/38118606300024/euromedia-sud-media-optic-media-tytech-euromedia-toulouse
4.2;LEADER SYSTEM;Commerce de gros / B2B;NDRC;Croissy-Beaubourg;77183;4 BOULEVARD DE BEAUBOURG 77183 CROISSY-BEAUBOURG;Commerce de gros (commerce interentreprises) d'ordinateurs, d'équipements informatiques périphériques et de logiciels;Technico-commercial / Technico-commerciale;Entreprise susceptible de recruter (candidature spontanée);;;Apprentissage, Professionnalisation;;;39304040700032;1;https://labonnealternance.apprentissage.beta.gouv.fr/emploi/recruteurs_lba/39304040700032/leader-system
4.2;PHOENIX CONTACT;Commerce de gros / B2B;NDRC;Émerainville;77184;52 boulevard de Beaubourg 77184 EMERAINVILLE;Commerce de gros (commerce interentreprises) de composants et d'équipements électroniques et de télécommunication;"Technico-commercial / Technico-commerciale ; Assistant commercial / Assistante commerciale";Entreprise susceptible de recruter (candidature spontanée);;;Apprentissage, Professionnalisation;;;32195661700047;2;https://labonnealternance.apprentissage.beta.gouv.fr/emploi/recruteurs_lba/32195661700047/phoenix-contact
4.2;SELF CLIMAT MORVAN;Commerce de gros / B2B;MCO + NDRC;Torcy;77200;rue des Epinettes 77200 TORCY;COMMERCE DE GROS (COMMERCE INTERENTREPRISES) DE FOURNITURES POUR LA PLOMBERIE ET LE CHAUFFAGE;"Vendeur / Vendeuse grossiste en équipement du foyer ; Technico-commercial / Technico-commerciale ; Commercial itinérant / Commerciale itinérante en entreprise de commerce de gros";Entreprise susceptible de recruter (candidature spontanée);;;Apprentissage, Professionnalisation;;;69820286800023;3;https://labonnealternance.apprentissage.beta.gouv.fr/emploi/recruteurs_lba/69820286800023/self-climat-morvan
4.2;SIP 19;Commerce de gros / B2B;MCO + NDRC;Torcy;77200;rue des Coutures 77200 TORCY;COMMERCE DE GROS (COMMERCE INTERENTREPRISES) D'AUTRES BIENS DOMESTIQUES;"Assistant / Assistante administration des ventes ; Assistant commercial / Assistante commerciale";Entreprise susceptible de recruter (candidature spontanée);;;Apprentissage, Professionnalisation;;;38386377600035;2;https://labonnealternance.apprentissage.beta.gouv.fr/emploi/recruteurs_lba/38386377600035/sip-19
4.2;STP;La Poste & services publics;NDRC;Chelles;77500;2 RUE DES NONNETTES 77500 CHELLES;Activités de poste dans le cadre d'une obligation de service universel;Responsable relation client (CRM);Entreprise susceptible de recruter (candidature spontanée);;;Apprentissage, Professionnalisation;;;40910811500109;1;https://labonnealternance.apprentissage.beta.gouv.fr/emploi/recruteurs_lba/40910811500109/stp
4.2;TRIUMPH;Automobile & mobilité;NDRC;Croissy-Beaubourg;77183;19 boulevard Georges Bidault 77183 CROISSY-BEAUBOURG;Commerce et réparation de motocycles;"Conseiller commercial / Conseillère commerciale motocycles ; Conseiller / Conseillère client après-vente des véhicules";Entreprise susceptible de recruter (candidature spontanée);;;Apprentissage, Professionnalisation;;;38252181300024;2;https://labonnealternance.apprentissage.beta.gouv.fr/emploi/recruteurs_lba/38252181300024/triumph
4.2;UJ MOTORS;Automobile & mobilité;MCO + NDRC;Croissy-Beaubourg;77183;19 boulevard Georges Bidault 77183 CROISSY-BEAUBOURG;Commerce de voitures et de véhicules automobiles légers;"Vendeur / Vendeuse automobile ; Conseiller / Conseillère client après-vente des véhicules";Entreprise susceptible de recruter (candidature spontanée);;;Apprentissage, Professionnalisation;;;80787382300023;2;https://labonnealternance.apprentissage.beta.gouv.fr/emploi/recruteurs_lba/80787382300023/uj-motors
4.3;AUREIS FORMATION;Services aux entreprises, conseil & communication;MCO;Paris;75020;322 RUE DES PYRENEES 75020 PARIS;CONSEIL POUR LES AFFAIRES ET AUTRES CONSEILS DE GESTION;Vendeur / Vendeuse comptoir de matériels et équipements;Offre publiée sur La bonne alternance;Vendeur / Vendeuse comptoir de matériels et équipements;BTS, DEUST (Bac+2);Apprentissage;2026-07-09;Oui;;1;https://labonnealternance.apprentissage.beta.gouv.fr/emploi/offres_emploi_lba/6a4f882da8013626d3335927/vendeur-vendeuse-comptoir-de-materiels-et-equipements
4.3;AUREIS FORMATION;Services aux entreprises, conseil & communication;MCO;Paris;75020;322 RUE DES PYRENEES 75020 PARIS;CONSEIL POUR LES AFFAIRES ET AUTRES CONSEILS DE GESTION;Vendeur / Vendeuse en accessoires de la personne;Offre publiée sur La bonne alternance;Vendeur / Vendeuse en accessoires de la personne;BTS, DEUST (Bac+2);Apprentissage;2026-05-18;Oui;;1;https://labonnealternance.apprentissage.beta.gouv.fr/emploi/offres_emploi_lba/6a0afa8b9bdfc298255908f8/vendeur-vendeuse-en-accessoires-de-la-personne
4.3;BOULANGERIE MARIE BLACHERE;Boulangerie & métiers de bouche;MCO;Croissy-Beaubourg;77183;65 RUE D EMERAINVILLE 77183 CROISSY-BEAUBOURG;Boulangerie et boulangerie-pâtisserie;Vendeur / Vendeuse en épicerie;Entreprise susceptible de recruter (candidature spontanée);;;Apprentissage, Professionnalisation;;;48234097301419;1;https://labonnealternance.apprentissage.beta.gouv.fr/emploi/recruteurs_lba/48234097301419/boulangerie-marie-blachere
4.3;CRETA GEL;Commerce de gros / B2B;MCO;Bussy-Saint-Martin;77600;12 rue des Epinettes 77600 BUSSY-SAINT-MARTIN;Commerce de gros (commerce interentreprises) de produits surgelés;Chef / Cheffe de secteur magasin;Entreprise susceptible de recruter (candidature spontanée);;;Apprentissage, Professionnalisation;;;31371030300030;1;https://labonnealternance.apprentissage.beta.gouv.fr/emploi/recruteurs_lba/31371030300030/creta-gel
4.3;CROISSY FL;Boulangerie & métiers de bouche;MCO;Croissy-Beaubourg;77183;65 rue d Emerainville 77183 CROISSY-BEAUBOURG;Commerce de détail de fruits et légumes en magasin spécialisé;"Vendeur / Vendeuse en épicerie ; Employé / Employée de rayon libre-service ; Hôte / Hôtesse de caisse ; Chef / Cheffe de rayon produits alimentaires ; Responsable de caisses";Entreprise susceptible de recruter (candidature spontanée);;;Apprentissage, Professionnalisation;;;80195139300025;5;https://labonnealternance.apprentissage.beta.gouv.fr/emploi/recruteurs_lba/80195139300025/croissy-fl
4.3;G3 DISTRIBUTION;Commerce de gros / B2B;NDRC;Chelles;77500;1 RUE DU VALENGELIER 77500 CHELLES;Commerce de gros (commerce interentreprises) d'autres produits intermédiaires;"Assistant commercial / Assistante commerciale ; Commercial / Commerciale auprès d'une clientèle d'entreprises";Entreprise susceptible de recruter (candidature spontanée);;;Apprentissage, Professionnalisation;;;38978409100032;2;https://labonnealternance.apprentissage.beta.gouv.fr/emploi/recruteurs_lba/38978409100032/g3-distribution
4.3;GETRAC;Commerce de gros / B2B;MCO + NDRC;Croissy-Beaubourg;77183;20 boulevard de Beaubourg 77183 CROISSY-BEAUBOURG;Commerce de gros (commerce interentreprises) de produits chimiques;"Responsable e-commerce ; Technico-commercial / Technico-commerciale ; Cadre Technico-commercial / Technico-commerciale ; Attaché commercial / Attachée commerciale ; Commercial itinérant / Commerciale itinérante en entreprise de commerce de gros";Entreprise susceptible de recruter (candidature spontanée);;;Apprentissage, Professionnalisation;;;30554448800037;5;https://labonnealternance.apprentissage.beta.gouv.fr/emploi/recruteurs_lba/30554448800037/getrac
4.3;INTERMARCHE (STE CADICHEL);Grande distribution & supermarchés;MCO;Chelles;77500;77500 CHELLES;Hypermarchés;"Employé / Employée de rayon libre-service ; Hôte / Hôtesse de caisse ; Chef / Cheffe de rayon produits alimentaires ; Vendeur / Vendeuse en épicerie";Entreprise susceptible de recruter (candidature spontanée);;;Apprentissage, Professionnalisation;;;41818132700010;4;https://labonnealternance.apprentissage.beta.gouv.fr/emploi/recruteurs_lba/41818132700010/intermarche-ste-cadichel
4.3;LAPLACE ET CIE;Commerce de gros / B2B;MCO + NDRC;Chelles;77500;80 route de Montfermeil 77500 CHELLES;Commerce de gros (commerce interentreprises) de fleurs et plantes;"Vendeur / Vendeuse conseil en jardinerie ; Vendeur / Vendeuse grossiste en produits frais";Entreprise susceptible de recruter (candidature spontanée);;;Apprentissage, Professionnalisation;;;42817166400017;2;https://labonnealternance.apprentissage.beta.gouv.fr/emploi/recruteurs_lba/42817166400017/laplace-et-cie
4.3;LE FROMAGER DE CROISSY;Boulangerie & métiers de bouche;MCO;Croissy-Beaubourg;77183;65 rue d Emerainville 77183 CROISSY-BEAUBOURG;Autres commerces de détail alimentaires en magasin spécialisé;"Vendeur / Vendeuse en épicerie ; Employé / Employée de rayon libre-service ; Chef / Cheffe de rayon produits alimentaires ; Responsable de boutique";Entreprise susceptible de recruter (candidature spontanée);;;Apprentissage, Professionnalisation;;;80196088100028;4;https://labonnealternance.apprentissage.beta.gouv.fr/emploi/recruteurs_lba/80196088100028/le-fromager-de-croissy
4.3;LIFTASUD;Commerce de gros / B2B;MCO + NDRC;Torcy;77200;7 rue des Epinettes 77200 TORCY;COMMERCE DE GROS (COMMERCE INTERENTREPRISES) DE FOURNITURES POUR LA PLOMBERIE ET LE CHAUFFAGE;"Vendeur / Vendeuse grossiste en équipement du foyer ; Technico-commercial / Technico-commerciale ; Commercial itinérant / Commerciale itinérante en entreprise de commerce de gros";Entreprise susceptible de recruter (candidature spontanée);;;Apprentissage, Professionnalisation;;;32787930000074;3;https://labonnealternance.apprentissage.beta.gouv.fr/emploi/recruteurs_lba/32787930000074/liftasud
4.3;NOVOVIANDE;Boulangerie & métiers de bouche;MCO + NDRC;Croissy-Beaubourg;77183;65 rue d Emerainville 77183 CROISSY-BEAUBOURG;Commerce de détail de viandes et de produits à base de viande en magasin spécialisé;"Vendeur / Vendeuse en épicerie ; Vendeur / Vendeuse grossiste en produits frais";Entreprise susceptible de recruter (candidature spontanée);;;Apprentissage, Professionnalisation;;;83175373600022;2;https://labonnealternance.apprentissage.beta.gouv.fr/emploi/recruteurs_lba/83175373600022/novoviande
4.3;NUMATIC INTERNATIONAL SAS;Commerce de gros / B2B;NDRC;Chelles;77500;13 rue du Valengelier 77500 CHELLES;Commerce de gros (commerce interentreprises) de fournitures et équipements industriels divers;"Technico-commercial / Technico-commerciale ; Attaché commercial / Attachée commerciale ; Commercial itinérant / Commerciale itinérante en entreprise de commerce de gros";Entreprise susceptible de recruter (candidature spontanée);;;Apprentissage, Professionnalisation;;;39503398800027;3;https://labonnealternance.apprentissage.beta.gouv.fr/emploi/recruteurs_lba/39503398800027/numatic-international-sas
4.3;SERVADE;Commerce de gros / B2B;NDRC;Croissy-Beaubourg;77183;20 BOULEVARD DE BEAUBOURG 77183 CROISSY-BEAUBOURG;Intermédiaires spécialisés dans le commerce d'autres produits spécifiques;"Cadre Technico-commercial / Technico-commerciale ; Technico-commercial / Technico-commerciale ; Attaché commercial / Attachée commerciale";Entreprise susceptible de recruter (candidature spontanée);;;Apprentissage, Professionnalisation;;;50845169700033;3;https://labonnealternance.apprentissage.beta.gouv.fr/emploi/recruteurs_lba/50845169700033/servade
4.3;SICK;Commerce de gros / B2B;NDRC;Émerainville;77184;boulevard de Beaubourg 77184 EMERAINVILLE;Commerce de gros (commerce interentreprises) de composants et d'équipements électroniques et de télécommunication;"Technico-commercial / Technico-commerciale ; Assistant commercial / Assistante commerciale";Entreprise susceptible de recruter (candidature spontanée);;;Apprentissage, Professionnalisation;;;97220477000051;2;https://labonnealternance.apprentissage.beta.gouv.fr/emploi/recruteurs_lba/97220477000051/sick
4.4;ALCARA - RUE DES FETES;Commerce de gros / B2B;MCO + NDRC;Croissy-Beaubourg;77183;2 rue des Vieilles Vignes 77183 CROISSY-BEAUBOURG;COMMERCE DE GROS (COMMERCE INTERENTREPRISES) D'AUTRES BIENS DOMESTIQUES;"Assistant / Assistante administration des ventes ; Assistant commercial / Assistante commerciale";Entreprise susceptible de recruter (candidature spontanée);;;Apprentissage, Professionnalisation;;;32703552300031;2;https://labonnealternance.apprentissage.beta.gouv.fr/emploi/recruteurs_lba/32703552300031/alcara-rue-des-fetes
4.4;APM FRANCE;Commerce de gros / B2B;NDRC;Croissy-Beaubourg;77183;26 boulevard de Beaubourg 77183 CROISSY-BEAUBOURG;Commerce de gros (commerce interentreprises) de fournitures et équipements divers pour le commerce et les services;"Cadre Technico-commercial / Technico-commerciale ; Technico-commercial / Technico-commerciale ; Assistant commercial / Assistante commerciale";Entreprise susceptible de recruter (candidature spontanée);;;Apprentissage, Professionnalisation;;;43288195100029;3;https://labonnealternance.apprentissage.beta.gouv.fr/emploi/recruteurs_lba/43288195100029/apm-france
4.4;AZUR DATACENTER;High-tech, électroménager & télécoms;NDRC;Croissy-Beaubourg;77183;4 rue des Vieilles Vignes 77183 CROISSY-BEAUBOURG;Traitement de données, hébergement et activités connexes;Conseiller / Conseillère en gestion de patrimoine;Entreprise susceptible de recruter (candidature spontanée);;;Apprentissage, Professionnalisation;;;52267835800055;1;https://labonnealternance.apprentissage.beta.gouv.fr/emploi/recruteurs_lba/52267835800055/azur-datacenter
4.4;CEHISA FRANCE;Commerce de gros / B2B;NDRC;Chelles;77500;4 RUE DE LA BRIQUETERIE 77500 CHELLES;Commerce de gros (commerce interentreprises) de machines-outils;"Technico-commercial / Technico-commerciale ; Conseiller commercial / Conseillère commerciale en véhicules industriels";Entreprise susceptible de recruter (candidature spontanée);;;Apprentissage, Professionnalisation;;;43540893500029;2;https://labonnealternance.apprentissage.beta.gouv.fr/emploi/recruteurs_lba/43540893500029/cehisa-france
4.4;CHOCO NOISETTE;Boulangerie & métiers de bouche;MCO;Croissy-Beaubourg;77183;11 place Pierre de Clery 77183 CROISSY-BEAUBOURG;Boulangerie et boulangerie-pâtisserie;Vendeur / Vendeuse en épicerie;Entreprise susceptible de recruter (candidature spontanée);;;Apprentissage, Professionnalisation;;;94943777600014;1;https://labonnealternance.apprentissage.beta.gouv.fr/emploi/recruteurs_lba/94943777600014/choco-noisette
4.4;ONE BALL FOOD;Commerce de gros / B2B;MCO;Torcy;77200;5 allee Jean Zay 77200 TORCY;Commerce de gros (commerce interentreprises) alimentaire spécialisé divers;"Chef / Cheffe de secteur magasin ; Chef / Cheffe de promotion des ventes";Entreprise susceptible de recruter (candidature spontanée);;;Apprentissage, Professionnalisation;;;84267572000010;2;https://labonnealternance.apprentissage.beta.gouv.fr/emploi/recruteurs_lba/84267572000010/one-ball-food
4.4;PACT GROUP;Commerce de gros / B2B;NDRC;Croissy-Beaubourg;77183;4 rue des Vieilles Vignes 77183 CROISSY-BEAUBOURG;Commerce de gros (commerce interentreprises) d'ordinateurs, d'équipements informatiques périphériques et de logiciels;Technico-commercial / Technico-commerciale;Entreprise susceptible de recruter (candidature spontanée);;;Apprentissage, Professionnalisation;;;33789187300057;1;https://labonnealternance.apprentissage.beta.gouv.fr/emploi/recruteurs_lba/33789187300057/pact-group
4.4;SAS FLUX FRANCE;Commerce de gros / B2B;NDRC;Croissy-Beaubourg;77183;1 rue Ambroise Croizat 77183 CROISSY-BEAUBOURG;Commerce de gros (commerce interentreprises) de fournitures et équipements industriels divers;"Technico-commercial / Technico-commerciale ; Attaché commercial / Attachée commerciale";Entreprise susceptible de recruter (candidature spontanée);;;Apprentissage, Professionnalisation;;;70970038900030;2;https://labonnealternance.apprentissage.beta.gouv.fr/emploi/recruteurs_lba/70970038900030/sas-flux-france
4.5;EUROFAC;Commerce de gros / B2B;MCO + NDRC;Chelles;77500;23 RUE HENRI BECQUEREL 77500 CHELLES;Commerce de gros d'équipements automobiles;Vendeur / Vendeuse grossiste en équipement du foyer;Entreprise susceptible de recruter (candidature spontanée);;;Apprentissage, Professionnalisation;;;30988062300066;1;https://labonnealternance.apprentissage.beta.gouv.fr/emploi/recruteurs_lba/30988062300066/eurofac
4.5;G3 CONCEPTS;Commerce de gros / B2B;NDRC;Chelles;77500;9 rue de la Tuilerie 77500 CHELLES;Commerce de gros (commerce interentreprises) d'appareils électroménagers;"Assistant commercial / Assistante commerciale ; Technico-commercial / Technico-commerciale";Entreprise susceptible de recruter (candidature spontanée);;;Apprentissage, Professionnalisation;;;49754934500039;2;https://labonnealternance.apprentissage.beta.gouv.fr/emploi/recruteurs_lba/49754934500039/g3-concepts
4.5;STADE RECORD 2.0;Mode, chaussures & accessoires;MCO;Chelles;77500;21 RUE HENRI BECQUEREL 77500 CHELLES;Commerce de détail d'habillement en magasin spécialisé;"Vendeur / Vendeuse en prêt-à-porter ; Responsable de boutique ; Hôte / Hôtesse de caisse ; Directeur / Directrice de magasin de grande distribution";Entreprise susceptible de recruter (candidature spontanée);;;Apprentissage, Professionnalisation;;;88956072800012;4;https://labonnealternance.apprentissage.beta.gouv.fr/emploi/recruteurs_lba/88956072800012/stade-record-2-0
4.5;THEBEN;Commerce de gros / B2B;MCO + NDRC;Chelles;77500;15 avenue de la Tuilerie 77500 CHELLES;Commerce de gros (commerce interentreprises) de matériel électrique;"Vendeur / Vendeuse grossiste en équipement du foyer ; Technico-commercial / Technico-commerciale";Entreprise susceptible de recruter (candidature spontanée);;;Apprentissage, Professionnalisation;;;71825754600041;2;https://labonnealternance.apprentissage.beta.gouv.fr/emploi/recruteurs_lba/71825754600041/theben
4.5;VEKA;Commerce de gros / B2B;NDRC;Chelles;77500;21 RUE HENRI BECQUEREL 77500 CHELLES;Intermédiaires spécialisés dans le commerce d'autres produits spécifiques;"Cadre Technico-commercial / Technico-commerciale ; Technico-commercial / Technico-commerciale ; Attaché commercial / Attachée commerciale";Entreprise susceptible de recruter (candidature spontanée);;;Apprentissage, Professionnalisation;;;44051541900040;3;https://labonnealternance.apprentissage.beta.gouv.fr/emploi/recruteurs_lba/44051541900040/veka
4.6;G3 SERVICES;Commerce de gros / B2B;NDRC;Chelles;77500;9 rue de la Tuilerie 77500 CHELLES;Commerce de gros (commerce interentreprises) d'appareils électroménagers;"Assistant commercial / Assistante commerciale ; Technico-commercial / Technico-commerciale";Entreprise susceptible de recruter (candidature spontanée);;;Apprentissage, Professionnalisation;;;84089732600012;2;https://labonnealternance.apprentissage.beta.gouv.fr/emploi/recruteurs_lba/84089732600012/g3-services
4.6;GLORY GLOBAL SOLUTIONS FRANCE;Commerce de gros / B2B;MCO + NDRC;Croissy-Beaubourg;77183;15 rue des Vieilles Vignes 77183 CROISSY-BEAUBOURG;Commerce de gros (commerce interentreprises) d'autres machines et équipements de bureau;"Directeur / Directrice des ventes ; Attaché commercial / Attachée commerciale";Entreprise susceptible de recruter (candidature spontanée);;;Apprentissage, Professionnalisation;;;50519066000025;2;https://labonnealternance.apprentissage.beta.gouv.fr/emploi/recruteurs_lba/50519066000025/glory-global-solutions-france
4.6;MADURA;Commerce de gros / B2B;MCO + NDRC;Croissy-Beaubourg;77183;RUE AMBROISE CROIZAT 77183 CROISSY-BEAUBOURG;COMMERCE DE GROS (COMMERCE INTERENTREPRISES) D'AUTRES BIENS DOMESTIQUES;"Assistant / Assistante administration des ventes ; Assistant commercial / Assistante commerciale";Entreprise susceptible de recruter (candidature spontanée);;;Apprentissage, Professionnalisation;;;72201681300049;2;https://labonnealternance.apprentissage.beta.gouv.fr/emploi/recruteurs_lba/72201681300049/madura
4.6;OPTIC FRANCE;Services aux entreprises, conseil & communication;NDRC;Saint-Thibault-Des-Vignes;77400;1 RUE DU CHAMP PILLARD 77400 SAINT-THIBAULT-DES-VIGNES;Activités des sociétés holding;Conseiller / Conseillère immobilier;Entreprise susceptible de recruter (candidature spontanée);;;Apprentissage, Professionnalisation;;;89348959100014;1;https://labonnealternance.apprentissage.beta.gouv.fr/emploi/recruteurs_lba/89348959100014/optic-france
4.7;ELEMENTS LIGHTING;Commerce de gros / B2B;NDRC;Croissy-Beaubourg;77183;9 RUE AMBROISE CROIZAT 77183 CROISSY-BEAUBOURG;Commerce de gros (commerce interentreprises) d'autres produits intermédiaires;"Assistant commercial / Assistante commerciale ; Commercial / Commerciale auprès d'une clientèle d'entreprises";Entreprise susceptible de recruter (candidature spontanée);;;Apprentissage, Professionnalisation;;;83798097800014;2;https://labonnealternance.apprentissage.beta.gouv.fr/emploi/recruteurs_lba/83798097800014/elements-lighting
4.7;EURELEC DISTRIBUTION;Commerce de gros / B2B;MCO + NDRC;Croissy-Beaubourg;77183;9 RUE AMBROISE CROIZAT 77183 CROISSY-BEAUBOURG;Commerce de gros (commerce interentreprises) de matériel électrique;"Vendeur / Vendeuse grossiste en équipement du foyer ; Technico-commercial / Technico-commerciale";Entreprise susceptible de recruter (candidature spontanée);;;Apprentissage, Professionnalisation;;;41297065900089;2;https://labonnealternance.apprentissage.beta.gouv.fr/emploi/recruteurs_lba/41297065900089/eurelec-distribution
4.7;OILGEAR TOWLER SA;Commerce de gros / B2B;NDRC;Croissy-Beaubourg;77183;allee des Freres de Montgolfier 77183 CROISSY-BEAUBOURG;Commerce de gros (commerce interentreprises) de fournitures et équipements industriels divers;"Technico-commercial / Technico-commerciale ; Attaché commercial / Attachée commerciale";Entreprise susceptible de recruter (candidature spontanée);;;Apprentissage, Professionnalisation;;;71203976700033;2;https://labonnealternance.apprentissage.beta.gouv.fr/emploi/recruteurs_lba/71203976700033/oilgear-towler-sa
4.7;SCAMAC IMMO;Immobilier;NDRC;Bussy-Saint-Martin;77600;20 AVENUE DU GUE LANGLOIS 77600 BUSSY-SAINT-MARTIN;Agences immobilières;Conseiller / Conseillère immobilier;Entreprise susceptible de recruter (candidature spontanée);;;Apprentissage, Professionnalisation;;;53029912200024;1;https://labonnealternance.apprentissage.beta.gouv.fr/emploi/recruteurs_lba/53029912200024/scamac-immo
4.9;BYMYCAR;Automobile & mobilité;NDRC;Saint-Thibault-Des-Vignes;77400;5 rue Berthe Morisot 77400 SAINT-THIBAULT-DES-VIGNES;Commerce et réparation de motocycles;"Conseiller commercial / Conseillère commerciale motocycles ; Conseiller / Conseillère client après-vente des véhicules";Entreprise susceptible de recruter (candidature spontanée);;;Apprentissage, Professionnalisation;;;80803458100054;2;https://labonnealternance.apprentissage.beta.gouv.fr/emploi/recruteurs_lba/80803458100054/bymycar
4.9;FURNISH1;Commerce de gros / B2B;MCO + NDRC;Croissy-Beaubourg;77183;46 rue des Vieilles Vignes 77183 CROISSY-BEAUBOURG;Commerce de gros (commerce interentreprises) de meubles, de tapis et d'appareils d'éclairage;"Vendeur / Vendeuse en équipement de la maison ; Attaché commercial / Attachée commerciale";Entreprise susceptible de recruter (candidature spontanée);;;Apprentissage, Professionnalisation;;;82392544100011;2;https://labonnealternance.apprentissage.beta.gouv.fr/emploi/recruteurs_lba/82392544100011/furnish1
5.0;ALTENIA PRO;High-tech, électroménager & télécoms;MCO + NDRC;Croissy-Beaubourg;77183;5 allee des Vendanges 77183 CROISSY-BEAUBOURG;Commerce de détail de matériels audio et vidéo en magasin spécialisé;"Hôte / Hôtesse de caisse ; Vendeur / Vendeuse en équipement de la maison ; Technico-commercial / Technico-commerciale ; Chargé / Chargée de relation client";Entreprise susceptible de recruter (candidature spontanée);;;Apprentissage, Professionnalisation;;;75277790400042;4;https://labonnealternance.apprentissage.beta.gouv.fr/emploi/recruteurs_lba/75277790400042/altenia-pro
5.0;CHARDON AUTOMOBILES;Automobile & mobilité;MCO + NDRC;Saint-Thibault-Des-Vignes;77400;RUE BERTHE MORISOT 77400 SAINT-THIBAULT-DES-VIGNES;Commerce de voitures et de véhicules automobiles légers;"Vendeur / Vendeuse automobile ; Conseiller / Conseillère client après-vente des véhicules";Entreprise susceptible de recruter (candidature spontanée);;;Apprentissage, Professionnalisation;;;69820278500037;2;https://labonnealternance.apprentissage.beta.gouv.fr/emploi/recruteurs_lba/69820278500037/chardon-automobiles
5.0;COMPUTER TRADE SERVICE;Commerce de gros / B2B;NDRC;Croissy-Beaubourg;77183;8 ALLEE DES VENDANGES 77183 CROISSY-BEAUBOURG;Commerce de gros (commerce interentreprises) d'ordinateurs, d'équipements informatiques périphériques et de logiciels;Technico-commercial / Technico-commerciale;Entreprise susceptible de recruter (candidature spontanée);;;Apprentissage, Professionnalisation;;;44952711800037;1;https://labonnealternance.apprentissage.beta.gouv.fr/emploi/recruteurs_lba/44952711800037/computer-trade-service
5.0;Cultura;Sport, loisirs & culture;MCO;Collégien;77090;avenue du General De Gaulle 77090 COLLEGIEN;Commerce de détail de livres en magasin spécialisé;"Vendeur / Vendeuse de produits culturels et ludiques ; Hôte / Hôtesse de caisse ; Chef / Cheffe de rayon de produits non alimentaires";Entreprise susceptible de recruter (candidature spontanée);;;Apprentissage, Professionnalisation;;;51978079500836;3;https://labonnealternance.apprentissage.beta.gouv.fr/emploi/recruteurs_lba/51978079500836/cultura
5.0;FVS;Commerce de gros / B2B;NDRC;Croissy-Beaubourg;77183;5 ALLEE DES VENDANGES 77183 CROISSY-BEAUBOURG;Commerce de gros (commerce interentreprises) d'appareils électroménagers;"Assistant commercial / Assistante commerciale ; Technico-commercial / Technico-commerciale";Entreprise susceptible de recruter (candidature spontanée);;;Apprentissage, Professionnalisation;;;32204608700100;2;https://labonnealternance.apprentissage.beta.gouv.fr/emploi/recruteurs_lba/32204608700100/fvs
5.0;LAVATECH;Commerce de gros / B2B;NDRC;Croissy-Beaubourg;77183;7 allee des Vendanges 77183 CROISSY-BEAUBOURG;Commerce de gros (commerce interentreprises) de fournitures et équipements industriels divers;"Technico-commercial / Technico-commerciale ; Attaché commercial / Attachée commerciale";Entreprise susceptible de recruter (candidature spontanée);;;Apprentissage, Professionnalisation;;;49013658700030;2;https://labonnealternance.apprentissage.beta.gouv.fr/emploi/recruteurs_lba/49013658700030/lavatech
5.0;LE COMPTOIR DE MATHILDE;Grande distribution & supermarchés;MCO;Collégien;77090;2 AVENUE DU GENERAL DE GAULLE 77090 COLLEGIEN;Commerce d'alimentation générale;"Employé / Employée de rayon libre-service ; Vendeur / Vendeuse en épicerie ; Hôte / Hôtesse de caisse ; Chef / Cheffe de rayon produits alimentaires ; Directeur / Directrice de magasin de grande distribution ; Gérant / Gérante de magasin d'alimentation générale";Entreprise susceptible de recruter (candidature spontanée);;;Apprentissage, Professionnalisation;;;89343630300018;6;https://labonnealternance.apprentissage.beta.gouv.fr/emploi/recruteurs_lba/89343630300018/le-comptoir-de-mathilde
5.0;Leroy Merlin;Maison, bricolage & jardin;MCO + NDRC;Collégien;77090;AVENUE DU GENERAL DE GAULLE 77090 COLLEGIEN;Commerce de détail de quincaillerie, peintures et verres en grandes surfaces (400 m2et plus);"Hôte / Hôtesse de caisse ; Vendeur / Vendeuse en équipement de la maison ; Vendeur / Vendeuse conseil en jardinerie ; Vendeur / Vendeuse grossiste en équipement du foyer ; Chef / Cheffe de secteur magasin ; Chef / Cheffe de rayon de produits non alimentaires";Entreprise susceptible de recruter (candidature spontanée);;;Apprentissage, Professionnalisation;;;38456094200961;6;https://labonnealternance.apprentissage.beta.gouv.fr/emploi/recruteurs_lba/38456094200961/leroy-merlin
5.0;LIDL;Grande distribution & supermarchés;MCO;Croissy-Beaubourg;77183;77183 Croissy-Beaubourg;Supermarchés;"Employé / Employée de rayon libre-service ; Directeur / Directrice de magasin de grande distribution ; Hôte / Hôtesse de caisse ; Responsable de caisses ; Chef / Cheffe de rayon produits alimentaires";Entreprise susceptible de recruter (candidature spontanée);;;Apprentissage, Professionnalisation;;;34326262223646;5;https://labonnealternance.apprentissage.beta.gouv.fr/emploi/recruteurs_lba/34326262223646/lidl
5.0;NEW YORKER FRANCE;Mode, chaussures & accessoires;MCO;Collégien;77090;AVENUE DU GENERAL DE GAULLE 77090 COLLEGIEN;Commerce de détail d'habillement en magasin spécialisé;"Vendeur / Vendeuse en prêt-à-porter ; Responsable de boutique ; Hôte / Hôtesse de caisse ; Directeur / Directrice de magasin de grande distribution";Entreprise susceptible de recruter (candidature spontanée);;;Apprentissage, Professionnalisation;;;49840624800597;4;https://labonnealternance.apprentissage.beta.gouv.fr/emploi/recruteurs_lba/49840624800597/new-yorker-france
5.0;SYDNEY ANTONIO FONSECA DE SOUSA;Boulangerie & métiers de bouche;MCO;Pontault-Combault;77340;45 avenue du Duc de Dantzig 77340 PONTAULT-COMBAULT;Boulangerie et boulangerie-pâtisserie;Vendeur / Vendeuse en épicerie;Entreprise susceptible de recruter (candidature spontanée);;;Apprentissage, Professionnalisation;;;50779707400030;1;https://labonnealternance.apprentissage.beta.gouv.fr/emploi/recruteurs_lba/50779707400030/sydney-antonio-fonseca-de-sousa
5.0;WE AUDITION BAY 2;Beauté, santé & parfumerie;MCO + NDRC;Collégien;77090;2 avenue du General De Gaulle 77090 COLLEGIEN;Commerce de détail d'articles médicaux et orthopédiques en magasin spécialisé;Délégué médical hospitalier / Déléguée médicale hospitalière;Entreprise susceptible de recruter (candidature spontanée);;;Apprentissage, Professionnalisation;;;89451435500011;2;https://labonnealternance.apprentissage.beta.gouv.fr/emploi/recruteurs_lba/89451435500011/we-audition-bay-2
5.1;BIDDLE;Commerce de gros / B2B;NDRC;Croissy-Beaubourg;77183;21 ALLEE DES VENDANGES 77183 CROISSY-BEAUBOURG;Commerce de gros (commerce interentreprises) de fournitures et équipements industriels divers;"Technico-commercial / Technico-commerciale ; Attaché commercial / Attachée commerciale";Entreprise susceptible de recruter (candidature spontanée);;;Apprentissage, Professionnalisation;;;44291353900015;2;https://labonnealternance.apprentissage.beta.gouv.fr/emploi/recruteurs_lba/44291353900015/biddle
5.1;BY MY CAR;Automobile & mobilité;MCO + NDRC;Saint-Thibault-Des-Vignes;77400;31B av de Saint Germain des Noyers 77400 SAINT-THIBAULT-DES-VIGNES;Commerce de voitures et de véhicules automobiles légers;"Vendeur / Vendeuse automobile ; Conseiller / Conseillère client après-vente des véhicules";Entreprise susceptible de recruter (candidature spontanée);;;Apprentissage, Professionnalisation;;;38872523600037;2;https://labonnealternance.apprentissage.beta.gouv.fr/emploi/recruteurs_lba/38872523600037/by-my-car
5.1;MARNE LA VALLEE POIDS LOURDS;Automobile & mobilité;NDRC;Saint-Thibault-Des-Vignes;77400;5 RUE ENRICO FERMI 77400 SAINT-THIBAULT-DES-VIGNES;Commerce d'autres véhicules automobiles;Conseiller / Conseillère client après-vente des véhicules;Entreprise susceptible de recruter (candidature spontanée);;;Apprentissage, Professionnalisation;;;77570393700091;1;https://labonnealternance.apprentissage.beta.gouv.fr/emploi/recruteurs_lba/77570393700091/marne-la-vallee-poids-lourds
5.1;ONET SECURITE SYSTEMES;High-tech, électroménager & télécoms;MCO + NDRC;Croissy-Beaubourg;77183;10 ALLEE DES VENDANGES 77183 CROISSY-BEAUBOURG;Commerce de détail de matériels audio et vidéo en magasin spécialisé;"Hôte / Hôtesse de caisse ; Vendeur / Vendeuse en équipement de la maison ; Technico-commercial / Technico-commerciale ; Chargé / Chargée de relation client";Entreprise susceptible de recruter (candidature spontanée);;;Apprentissage, Professionnalisation;;;06950243300282;4;https://labonnealternance.apprentissage.beta.gouv.fr/emploi/recruteurs_lba/06950243300282/onet-securite-systemes
5.3;ARBORESCENCE;High-tech, électroménager & télécoms;MCO + NDRC;Croissy-Beaubourg;77183;69 RUE DE PARIS BAT 5 77183 CROISSY-BEAUBOURG;Commerce de détail d'ordinateurs, d'unités périphériques et de logiciels en magasin spécialisé;"Vendeur / Vendeuse en équipement de la maison ; Consultant / Consultante avant-vente ; Technico-commercial / Technico-commerciale";Entreprise susceptible de recruter (candidature spontanée);;;Apprentissage, Professionnalisation;;;51351069300023;3;https://labonnealternance.apprentissage.beta.gouv.fr/emploi/recruteurs_lba/51351069300023/arborescence
5.3;CREDIT LYONNAIS;Banque, crédit & assurance;NDRC;Pontault-Combault;77340;14 avenue de la Republique 77340 PONTAULT-COMBAULT;Autres intermédiations monétaires;"Conseiller / Conseillère de clientèle bancaire ; Chargé / Chargée d'accueil en banque ; Conseiller / Conseillère en gestion de patrimoine";Entreprise susceptible de recruter (candidature spontanée);;;Apprentissage, Professionnalisation;;;95450974129853;3;https://labonnealternance.apprentissage.beta.gouv.fr/emploi/recruteurs_lba/95450974129853/credit-lyonnais
5.3;GIE IMAGERIE MEDICALE EST FRANCILIEN- EN ABREGE GIE IMEF;Services aux entreprises, conseil & communication;MCO;Pontault-Combault;77340;16 avenue de la Republique 77340 PONTAULT-COMBAULT;Autres activités de soutien aux entreprises n.c.a.;Animateur / Animatrice des ventes;Entreprise susceptible de recruter (candidature spontanée);;;Apprentissage, Professionnalisation;;;49466888200090;1;https://labonnealternance.apprentissage.beta.gouv.fr/emploi/recruteurs_lba/49466888200090/gie-imagerie-medicale-est-francilien-en-abrege-gie-imef
5.4;AGEVEDIM IMMOBILIER;Immobilier;NDRC;Pontault-Combault;77340;23 AVENUE DE LA REPUBLIQUE 77340 PONTAULT-COMBAULT;Agences immobilières;Conseiller / Conseillère immobilier;Entreprise susceptible de recruter (candidature spontanée);;;Apprentissage, Professionnalisation;;;52080864300024;1;https://labonnealternance.apprentissage.beta.gouv.fr/emploi/recruteurs_lba/52080864300024/agevedim-immobilier
5.4;LES JEUNES MAREES;Boulangerie & métiers de bouche;MCO + NDRC;Pontault-Combault;77340;1 AVENUE GEORGES OHNET 77340 PONTAULT-COMBAULT;Commerce de détail alimentaire sur éventaires et marchés;"Vendeur / Vendeuse en épicerie ; Vendeur / Vendeuse grossiste en produits frais";Entreprise susceptible de recruter (candidature spontanée);;;Apprentissage, Professionnalisation;;;75402231700020;2;https://labonnealternance.apprentissage.beta.gouv.fr/emploi/recruteurs_lba/75402231700020/les-jeunes-marees
5.4;MD-KDO;Commerce de gros / B2B;MCO + NDRC;Saint-Thibault-Des-Vignes;77400;2B RUE PAUL HENRI SPAAK 77400 SAINT-THIBAULT-DES-VIGNES;COMMERCE DE GROS (COMMERCE INTERENTREPRISES) D'AUTRES BIENS DOMESTIQUES;"Assistant / Assistante administration des ventes ; Assistant commercial / Assistante commerciale";Entreprise susceptible de recruter (candidature spontanée);;;Apprentissage, Professionnalisation;;;50117365200022;2;https://labonnealternance.apprentissage.beta.gouv.fr/emploi/recruteurs_lba/50117365200022/md-kdo
5.5;FAMIDLY;Immobilier;NDRC;Pontault-Combault;77340;31 AVENUE DU GENERAL DE GAULLE 77340 PONTAULT-COMBAULT;Agences immobilières;Conseiller / Conseillère immobilier;Entreprise susceptible de recruter (candidature spontanée);;;Apprentissage, Professionnalisation;;;79096740000025;1;https://labonnealternance.apprentissage.beta.gouv.fr/emploi/recruteurs_lba/79096740000025/famidly
5.5;IMMOBIILERE DU BOUQUET;Immobilier;NDRC;Pontault-Combault;77340;55 AVENUE DE LA REPUBLIQUE 77340 PONTAULT-COMBAULT;Agences immobilières;Conseiller / Conseillère immobilier;Entreprise susceptible de recruter (candidature spontanée);;;Apprentissage, Professionnalisation;;;48917015900011;1;https://labonnealternance.apprentissage.beta.gouv.fr/emploi/recruteurs_lba/48917015900011/immobiilere-du-bouquet
5.5;SIFCO APPLIED SURFACE CONCEPTS;Commerce de gros / B2B;MCO + NDRC;Saint-Thibault-Des-Vignes;77400;2 RUE DE LA NOUE GUIMANTE 77400 SAINT-THIBAULT-DES-VIGNES;Commerce de gros (commerce interentreprises) de produits chimiques;"Responsable e-commerce ; Technico-commercial / Technico-commerciale ; Cadre Technico-commercial / Technico-commerciale ; Attaché commercial / Attachée commerciale ; Commercial itinérant / Commerciale itinérante en entreprise de commerce de gros";Entreprise susceptible de recruter (candidature spontanée);;;Apprentissage, Professionnalisation;;;32575361400024;5;https://labonnealternance.apprentissage.beta.gouv.fr/emploi/recruteurs_lba/32575361400024/sifco-applied-surface-concepts
5.6;BOULANGERIE LOUISE;Boulangerie & métiers de bouche;MCO;Saint-Thibault-Des-Vignes;77400;5 AVENUE DE LA COURTILLIERE 77400 SAINT-THIBAULT-DES-VIGNES;Boulangerie et boulangerie-pâtisserie;Vendeur / Vendeuse en épicerie;Entreprise susceptible de recruter (candidature spontanée);;;Apprentissage, Professionnalisation;;;80519221800024;1;https://labonnealternance.apprentissage.beta.gouv.fr/emploi/recruteurs_lba/80519221800024/boulangerie-louise
5.6;BOULANGERIE PONS;Boulangerie & métiers de bouche;MCO;Pontault-Combault;77340;AVENUE DE LA REPUBLIQUE 77340 PONTAULT-COMBAULT;Boulangerie et boulangerie-pâtisserie;Vendeur / Vendeuse en épicerie;Entreprise susceptible de recruter (candidature spontanée);;;Apprentissage, Professionnalisation;;;53385470900011;1;https://labonnealternance.apprentissage.beta.gouv.fr/emploi/recruteurs_lba/53385470900011/boulangerie-pons
5.6;CARREFOUR MARKET;Grande distribution & supermarchés;MCO;Pontault-Combault;77340;AVENUE DE LA REPUBLIQUE 77340 PONTAULT-COMBAULT;Supermarchés;"Employé / Employée de rayon libre-service ; Directeur / Directrice de magasin de grande distribution ; Hôte / Hôtesse de caisse ; Responsable de caisses ; Chef / Cheffe de rayon produits alimentaires";Entreprise susceptible de recruter (candidature spontanée);;;Apprentissage, Professionnalisation;;;44028375203345;5;https://labonnealternance.apprentissage.beta.gouv.fr/emploi/recruteurs_lba/44028375203345/carrefour-market
5.6;ETABLISSEMENTS GUY DECLOCHEZ;Sport, loisirs & culture;MCO;Pontault-Combault;77340;AVENUE DE LA REPUBLIQUE 77340 PONTAULT-COMBAULT;Commerce de détail de journaux et papeterie en magasin spécialisé;"Employé / Employée de rayon libre-service ; Chef / Cheffe de rayon de produits non alimentaires ; Vendeur / Vendeuse de produits culturels et ludiques";Entreprise susceptible de recruter (candidature spontanée);;;Apprentissage, Professionnalisation;;;33081556400019;3;https://labonnealternance.apprentissage.beta.gouv.fr/emploi/recruteurs_lba/33081556400019/etablissements-guy-declochez
5.7;Aldes;Industrie & énergie;MCO;Collégien;77090;77090 Collégien;Fabrication d'équipements aérauliques et frigorifiques industriels;Apprenti Responsable de Secteur Merchandiser - Hauts-De-France et Île-De-France Nord H/F;Offre partenaire (France Travail…);Apprenti Responsable de Secteur Merchandiser - Hauts-De-France et Île-De-France Nord H/F;Licence, BUT, Licence Pro (Bac+3);Apprentissage, Professionnalisation;2026-09-17;;;1;https://labonnealternance.apprentissage.beta.gouv.fr/emploi/offres_emploi_partenaires/6aac647b6b0f1ab1a51ec187/apprenti-responsable-de-secteur-merchandiser-hauts-de-france-et-ile-de-france-nord-h-f
5.7;Aldes;Industrie & énergie;MCO;Collégien;77090;77090 Collégien;Fabrication d'équipements aérauliques et frigorifiques industriels;Apprenti Responsable de Secteur Merchandiser - Hauts-De-France et Île-De-France Nord H/F;Offre partenaire (France Travail…);Apprenti Responsable de Secteur Merchandiser - Hauts-De-France et Île-De-France Nord H/F;Licence, BUT, Licence Pro (Bac+3);Apprentissage, Professionnalisation;2026-09-22;;;1;https://labonnealternance.apprentissage.beta.gouv.fr/emploi/offres_emploi_partenaires/6a63e3ae9e972c0713e9bd46/apprenti-responsable-de-secteur-merchandiser-hauts-de-france-et-ile-de-france-nord-h-f
5.7;ART DECO CARRELAGES;Commerce de gros / B2B;NDRC;Saint-Thibault-Des-Vignes;77400;3 AVENUE DE LA COURTILLIERE 77400 SAINT-THIBAULT-DES-VIGNES;Commerce de gros (commerce interentreprises) de bois et de matériaux de construction;"Technico-commercial / Technico-commerciale ; Commercial itinérant / Commerciale itinérante en entreprise de commerce de gros";Entreprise susceptible de recruter (candidature spontanée);;;Apprentissage, Professionnalisation;;;58200068300075;2;https://labonnealternance.apprentissage.beta.gouv.fr/emploi/recruteurs_lba/58200068300075/art-deco-carrelages
5.7;BRED Banque Populaire;Banque, crédit & assurance;NDRC;Collégien;77090;77090 Collégien;Autres intermédiations monétaires;"Conseiller / Conseillère de clientèle bancaire ; Chargé / Chargée d'accueil en banque ; Conseiller / Conseillère en gestion de patrimoine";Entreprise susceptible de recruter (candidature spontanée);;;Apprentissage, Professionnalisation;;;55209179503942;3;https://labonnealternance.apprentissage.beta.gouv.fr/emploi/recruteurs_lba/55209179503942/bred-banque-populaire
5.7;Carrefour;Grande distribution & supermarchés;MCO;Collégien;77090;77090 Collégien;Hypermarchés;"Employé / Employée de rayon libre-service ; Hôte / Hôtesse de caisse ; Chef / Cheffe de rayon produits alimentaires ; Vendeur / Vendeuse en épicerie";Entreprise susceptible de recruter (candidature spontanée);;;Apprentissage, Professionnalisation;;;45132133500932;4;https://labonnealternance.apprentissage.beta.gouv.fr/emploi/recruteurs_lba/45132133500932/carrefour
5.7;DEVRED;Mode, chaussures & accessoires;MCO;Collégien;77090;77090 Collégien;Commerce de détail d'habillement en magasin spécialisé;"Vendeur / Vendeuse en prêt-à-porter ; Responsable de boutique ; Hôte / Hôtesse de caisse ; Directeur / Directrice de magasin de grande distribution";Entreprise susceptible de recruter (candidature spontanée);;;Apprentissage, Professionnalisation;;;34294896502423;4;https://labonnealternance.apprentissage.beta.gouv.fr/emploi/recruteurs_lba/34294896502423/devred
5.7;ETABLISSEMENTS DARTY ET FILS;High-tech, électroménager & télécoms;MCO + NDRC;Collégien;77090;77090 Collégien;Commerce de détail d'appareils électroménagers en magasin spécialisé;"Vendeur / Vendeuse en équipement de la maison ; Conseiller commercial / Conseillère commerciale auprès des particuliers ; Responsable relation client (CRM)";Entreprise susceptible de recruter (candidature spontanée);;;Apprentissage, Professionnalisation;;;54208661600985;3;https://labonnealternance.apprentissage.beta.gouv.fr/emploi/recruteurs_lba/54208661600985/etablissements-darty-et-fils
5.7;EVENTS LOCATION 77;Automobile & mobilité;NDRC;Chelles;77500;72 avenue Cassini 77500 CHELLES;Location et location-bail d'autres machines, équipements et biens matériels n.c.a.;Assistant commercial / Assistante commerciale;Entreprise susceptible de recruter (candidature spontanée);;;Apprentissage, Professionnalisation;;;89790880200019;1;https://labonnealternance.apprentissage.beta.gouv.fr/emploi/recruteurs_lba/89790880200019/events-location-77
5.7;GROUPE FAMANNI INTERNATIONAL;Commerce de gros / B2B;NDRC;Pomponne;77400;5 ROUTE DE VILLEVAUDE 77400 POMPONNE;Commerce de gros (commerce interentreprises) de boissons;Commercial / Commerciale export;Entreprise susceptible de recruter (candidature spontanée);;;Apprentissage, Professionnalisation;;;82454785500034;1;https://labonnealternance.apprentissage.beta.gouv.fr/emploi/recruteurs_lba/82454785500034/groupe-famanni-international
5.7;JEFF DE BRUGES MARTIAL;Boulangerie & métiers de bouche;MCO + NDRC;Collégien;77090;77090 Collégien;Commerce de détail de pain, pâtisserie et confiserie en magasin spécialisé;"Vendeur / Vendeuse en épicerie ; Conseiller / Conseillère clientèle à distance";Entreprise susceptible de recruter (candidature spontanée);;;Apprentissage, Professionnalisation;;;44912788500852;2;https://labonnealternance.apprentissage.beta.gouv.fr/emploi/recruteurs_lba/44912788500852/jeff-de-bruges-martial
5.7;SARL NIALA;Mode, chaussures & accessoires;MCO;Collégien;77090;77090 Collégien;Commerce de détail de maroquinerie et d'articles de voyage;"Vendeur / Vendeuse en prêt-à-porter ; Gérant / Gérante de magasin d'alimentation générale";Entreprise susceptible de recruter (candidature spontanée);;;Apprentissage, Professionnalisation;;;38437801400037;2;https://labonnealternance.apprentissage.beta.gouv.fr/emploi/recruteurs_lba/38437801400037/sarl-niala
5.7;Sephora;Beauté, santé & parfumerie;MCO;Collégien;77090;77090 Collégien;Commerce de détail de parfumerie et de produits de beauté en magasin spécialisé;"Responsable de boutique ; Employé / Employée de rayon libre-service";Entreprise susceptible de recruter (candidature spontanée);;;Apprentissage, Professionnalisation;;;39371228600334;2;https://labonnealternance.apprentissage.beta.gouv.fr/emploi/recruteurs_lba/39371228600334/sephora
5.8;BRICO DEPOT;Maison, bricolage & jardin;MCO + NDRC;Pontault-Combault;77340;Rue de Bellevue 77340 Pontault-Combault;Commerce de détail de quincaillerie, peintures et verres en grandes surfaces (400 m2et plus);"Hôte / Hôtesse de caisse ; Vendeur / Vendeuse en équipement de la maison ; Vendeur / Vendeuse conseil en jardinerie ; Vendeur / Vendeuse grossiste en équipement du foyer ; Chef / Cheffe de secteur magasin ; Chef / Cheffe de rayon de produits non alimentaires";Entreprise susceptible de recruter (candidature spontanée);;;Apprentissage, Professionnalisation;;;45164790301460;6;https://labonnealternance.apprentissage.beta.gouv.fr/emploi/recruteurs_lba/45164790301460/brico-depot
5.8;HYPER BAS;Grande distribution & supermarchés;MCO;Saint-Thibault-Des-Vignes;77400;4 RUE LAMARTINE 77400 SAINT-THIBAULT-DES-VIGNES;Supermarchés;"Employé / Employée de rayon libre-service ; Directeur / Directrice de magasin de grande distribution ; Hôte / Hôtesse de caisse ; Responsable de caisses ; Chef / Cheffe de rayon produits alimentaires";Entreprise susceptible de recruter (candidature spontanée);;;Apprentissage, Professionnalisation;;;39352500100011;5;https://labonnealternance.apprentissage.beta.gouv.fr/emploi/recruteurs_lba/39352500100011/hyper-bas
5.8;IRRIJARDIN;Maison, bricolage & jardin;MCO + NDRC;Saint-Thibault-Des-Vignes;77400;3 RUE LAMARTINE 77400 SAINT-THIBAULT-DES-VIGNES;Commerce de détail d'autres équipements du foyer;"Vendeur / Vendeuse en équipement de la maison ; Employé / Employée de rayon libre-service ; Responsable de boutique ; Hôte / Hôtesse de caisse ; Vendeur / Vendeuse grossiste en équipement du foyer ; Conseiller commercial / Conseillère commerciale auprès des particuliers";Entreprise susceptible de recruter (candidature spontanée);;;Apprentissage, Professionnalisation;;;81535903900022;6;https://labonnealternance.apprentissage.beta.gouv.fr/emploi/recruteurs_lba/81535903900022/irrijardin
5.8;PROLIANS ILE DE FRANCE;Commerce de gros / B2B;MCO + NDRC;Saint-Thibault-Des-Vignes;77400;7 RUE DE LA NOUE GUIMANTE 77400 SAINT-THIBAULT-DES-VIGNES;Commerce de gros (commerce interentreprises) de quincaillerie;"Vendeur / Vendeuse grossiste en équipement du foyer ; Technico-commercial / Technico-commerciale ; Commercial itinérant / Commerciale itinérante en entreprise de commerce de gros ; Attaché commercial / Attachée commerciale";Entreprise susceptible de recruter (candidature spontanée);;;Apprentissage, Professionnalisation;;;41473233900208;4;https://labonnealternance.apprentissage.beta.gouv.fr/emploi/recruteurs_lba/41473233900208/prolians-ile-de-france
5.8;REXEL;Commerce de gros / B2B;MCO + NDRC;Roissy-En-Brie;77680;71 av Joseph Bodin de Boismortier 77680 ROISSY-EN-BRIE;Commerce de gros (commerce interentreprises) de matériel électrique;"Vendeur / Vendeuse grossiste en équipement du foyer ; Technico-commercial / Technico-commerciale";Entreprise susceptible de recruter (candidature spontanée);;;Apprentissage, Professionnalisation;;;30930461604540;2;https://labonnealternance.apprentissage.beta.gouv.fr/emploi/recruteurs_lba/30930461604540/rexel
5.8;RICHARDSON;Commerce de gros / B2B;MCO + NDRC;Saint-Thibault-Des-Vignes;77400;5 RUE DE LA NOUE GUIMANTE 77400 SAINT-THIBAULT-DES-VIGNES;COMMERCE DE GROS (COMMERCE INTERENTREPRISES) DE FOURNITURES POUR LA PLOMBERIE ET LE CHAUFFAGE;"Vendeur / Vendeuse grossiste en équipement du foyer ; Technico-commercial / Technico-commerciale ; Commercial itinérant / Commerciale itinérante en entreprise de commerce de gros";Entreprise susceptible de recruter (candidature spontanée);;;Apprentissage, Professionnalisation;;;05480095854286;3;https://labonnealternance.apprentissage.beta.gouv.fr/emploi/recruteurs_lba/05480095854286/richardson
5.8;SHAMIR FRANCE;Commerce de gros / B2B;NDRC;Collégien;77090;22 ALLEE DU CLOS DES CHARMES 77090 COLLEGIEN;Commerce de gros (commerce interentreprises) d'appareils électroménagers;"Assistant commercial / Assistante commerciale ; Technico-commercial / Technico-commerciale";Entreprise susceptible de recruter (candidature spontanée);;;Apprentissage, Professionnalisation;;;48391252300014;2;https://labonnealternance.apprentissage.beta.gouv.fr/emploi/recruteurs_lba/48391252300014/shamir-france
5.9;ALIGN AEROSPACE FRANCE SAS;Commerce de gros / B2B;NDRC;Collégien;77090;26 ALLEE DU CLOS DES CHARMES 77090 COLLEGIEN;Commerce de gros (commerce interentreprises) de fournitures et équipements industriels divers;"Technico-commercial / Technico-commerciale ; Attaché commercial / Attachée commerciale";Entreprise susceptible de recruter (candidature spontanée);;;Apprentissage, Professionnalisation;;;53346866600029;2;https://labonnealternance.apprentissage.beta.gouv.fr/emploi/recruteurs_lba/53346866600029/align-aerospace-france-sas
5.9;BIOCOOP ST THIBAULT DES VIGNES;Grande distribution & supermarchés;MCO;Saint-Thibault-Des-Vignes;77400;7 RUE LAMARTINE 77400 SAINT-THIBAULT-DES-VIGNES;Supermarchés;"Employé / Employée de rayon libre-service ; Directeur / Directrice de magasin de grande distribution ; Hôte / Hôtesse de caisse ; Responsable de caisses ; Chef / Cheffe de rayon produits alimentaires";Entreprise susceptible de recruter (candidature spontanée);;;Apprentissage, Professionnalisation;;;52003128700029;5;https://labonnealternance.apprentissage.beta.gouv.fr/emploi/recruteurs_lba/52003128700029/biocoop-st-thibault-des-vignes
5.9;CAISSE EPARGNE PREVOYANCE IDF;Banque, crédit & assurance;NDRC;Pontault-Combault;77340;138 AV DE LA REPUBLIQUE 140 77340 PONTAULT-COMBAULT;Autres intermédiations monétaires;"Conseiller / Conseillère de clientèle bancaire ; Chargé / Chargée d'accueil en banque ; Conseiller / Conseillère en gestion de patrimoine";Entreprise susceptible de recruter (candidature spontanée);;;Apprentissage, Professionnalisation;;;38290094203984;3;https://labonnealternance.apprentissage.beta.gouv.fr/emploi/recruteurs_lba/38290094203984/caisse-epargne-prevoyance-idf
5.9;CHIEN CHAT ETC;Maison, bricolage & jardin;MCO;Saint-Thibault-Des-Vignes;77400;6 RUE LAMARTINE 77400 SAINT-THIBAULT-DES-VIGNES;Commerce de détail de fleurs, plantes, graines, engrais, animaux de compagnie et aliments pour ces animaux en magasin spécialisé;"Responsable de boutique ; Vendeur / Vendeuse conseil en jardinerie ; Vendeur / Vendeuse en animalerie ; Hôte / Hôtesse de caisse ; Chef / Cheffe de rayon de produits non alimentaires";Entreprise susceptible de recruter (candidature spontanée);;;Apprentissage, Professionnalisation;;;83016309300016;5;https://labonnealternance.apprentissage.beta.gouv.fr/emploi/recruteurs_lba/83016309300016/chien-chat-etc
5.9;DESTOCK JEAN'S;Mode, chaussures & accessoires;MCO;Saint-Thibault-Des-Vignes;77400;5 RUE LAMARTINE 77400 SAINT-THIBAULT-DES-VIGNES;Commerce de détail d'habillement en magasin spécialisé;"Vendeur / Vendeuse en prêt-à-porter ; Responsable de boutique ; Hôte / Hôtesse de caisse ; Directeur / Directrice de magasin de grande distribution";Entreprise susceptible de recruter (candidature spontanée);;;Apprentissage, Professionnalisation;;;34236432000016;4;https://labonnealternance.apprentissage.beta.gouv.fr/emploi/recruteurs_lba/34236432000016/destock-jean-s
5.9;GRAND LITIER;Maison, bricolage & jardin;MCO;Saint-Thibault-Des-Vignes;77400;4 RUE DES MARMOUSETS 77400 SAINT-THIBAULT-DES-VIGNES;Commerce de détail de meubles;"Vendeur / Vendeuse en équipement de la maison ; Hôte / Hôtesse de caisse";Entreprise susceptible de recruter (candidature spontanée);;;Apprentissage, Professionnalisation;;;82898463300028;2;https://labonnealternance.apprentissage.beta.gouv.fr/emploi/recruteurs_lba/82898463300028/grand-litier
5.9;RYDE;Automobile & mobilité;MCO + NDRC;Le Pin;77181;1B chemin du Bois de L Etang 77181 LE PIN;Commerce de voitures et de véhicules automobiles légers;"Vendeur / Vendeuse automobile ; Conseiller / Conseillère client après-vente des véhicules";Entreprise susceptible de recruter (candidature spontanée);;;Apprentissage, Professionnalisation;;;88460893600016;2;https://labonnealternance.apprentissage.beta.gouv.fr/emploi/recruteurs_lba/88460893600016/ryde
5.9;SOCOPRA - VEGFOOD;Commerce de gros / B2B;MCO;Croissy-Beaubourg;77183;8 rue Henry Delbast 77183 CROISSY-BEAUBOURG;Commerce de gros (commerce interentreprises) alimentaire spécialisé divers;"Chef / Cheffe de secteur magasin ; Chef / Cheffe de promotion des ventes";Entreprise susceptible de recruter (candidature spontanée);;;Apprentissage, Professionnalisation;;;63820069100118;2;https://labonnealternance.apprentissage.beta.gouv.fr/emploi/recruteurs_lba/63820069100118/socopra-vegfood
5.9;SOLEA;Maison, bricolage & jardin;MCO + NDRC;Saint-Thibault-Des-Vignes;77400;AVENUE DE LA COURTILLIERE 77400 SAINT-THIBAULT-DES-VIGNES;Commerce de détail d'autres équipements du foyer;"Vendeur / Vendeuse en équipement de la maison ; Employé / Employée de rayon libre-service ; Responsable de boutique ; Hôte / Hôtesse de caisse ; Vendeur / Vendeuse grossiste en équipement du foyer ; Conseiller commercial / Conseillère commerciale auprès des particuliers";Entreprise susceptible de recruter (candidature spontanée);;;Apprentissage, Professionnalisation;;;77570354900029;6;https://labonnealternance.apprentissage.beta.gouv.fr/emploi/recruteurs_lba/77570354900029/solea
5.9;VAPO OUEST;Autres commerces de détail;NDRC;Collégien;77090;6 allee du Clos des Charmes 77090 COLLEGIEN;Autres commerces de détail spécialisés divers;Responsable relation client (CRM);Entreprise susceptible de recruter (candidature spontanée);;;Apprentissage, Professionnalisation;;;92486219600012;1;https://labonnealternance.apprentissage.beta.gouv.fr/emploi/recruteurs_lba/92486219600012/vapo-ouest
5.9;VAPO RENT;Autres commerces de détail;NDRC;Collégien;77090;6 allee du Clos des Charmes 77090 COLLEGIEN;Autres commerces de détail spécialisés divers;Responsable relation client (CRM);Entreprise susceptible de recruter (candidature spontanée);;;Apprentissage, Professionnalisation;;;85161964300014;1;https://labonnealternance.apprentissage.beta.gouv.fr/emploi/recruteurs_lba/85161964300014/vapo-rent
5.9;VAPOSTORE, T2R;Commerce de gros / B2B;MCO + NDRC;Collégien;77090;6 allee du Clos des Charmes 77090 COLLEGIEN;COMMERCE DE GROS (COMMERCE INTERENTREPRISES) D'AUTRES BIENS DOMESTIQUES;"Assistant / Assistante administration des ventes ; Assistant commercial / Assistante commerciale";Entreprise susceptible de recruter (candidature spontanée);;;Apprentissage, Professionnalisation;;;75188876900104;2;https://labonnealternance.apprentissage.beta.gouv.fr/emploi/recruteurs_lba/75188876900104/vapostore-t2r
6.0;G.D.V.;Commerce de gros / B2B;MCO + NDRC;Croissy-Beaubourg;77183;2 RUE NIKOLA TESLA 77183 CROISSY-BEAUBOURG;Commerce de gros (commerce interentreprises) de matériel électrique;"Vendeur / Vendeuse grossiste en équipement du foyer ; Technico-commercial / Technico-commerciale";Entreprise susceptible de recruter (candidature spontanée);;;Apprentissage, Professionnalisation;;;32215166300182;2;https://labonnealternance.apprentissage.beta.gouv.fr/emploi/recruteurs_lba/32215166300182/g-d-v
6.0;GB RETAIL;Autres commerces de détail;NDRC;Collégien;77090;4 allee du Clos des Charmes 77090 COLLEGIEN;Autres commerces de détail spécialisés divers;Responsable relation client (CRM);Entreprise susceptible de recruter (candidature spontanée);;;Apprentissage, Professionnalisation;;;98384031500011;1;https://labonnealternance.apprentissage.beta.gouv.fr/emploi/recruteurs_lba/98384031500011/gb-retail
6.0;GEMSTAR BRANDS;Mode, chaussures & accessoires;MCO;Collégien;77090;4 ALLEE DU CLOS DES CHARMES 77090 COLLEGIEN;Commerce de détail d'articles d'horlogerie et de bijouterie en magasin spécialisé;"Vendeur / Vendeuse en prêt-à-porter ; Conseiller vendeur / Conseillère vendeuse à domicile ; Responsable de boutique";Entreprise susceptible de recruter (candidature spontanée);;;Apprentissage, Professionnalisation;;;83150355200018;3;https://labonnealternance.apprentissage.beta.gouv.fr/emploi/recruteurs_lba/83150355200018/gemstar-brands
6.0;ROISSY FRANCILIENNE AUTOMOBILES;Automobile & mobilité;MCO + NDRC;Roissy-En-Brie;77680;17 RUE DENIS PAPIN 77680 ROISSY-EN-BRIE;Commerce de voitures et de véhicules automobiles légers;"Vendeur / Vendeuse automobile ; Conseiller / Conseillère client après-vente des véhicules";Entreprise susceptible de recruter (candidature spontanée);;;Apprentissage, Professionnalisation;;;42375004100018;2;https://labonnealternance.apprentissage.beta.gouv.fr/emploi/recruteurs_lba/42375004100018/roissy-francilienne-automobiles
6.0;ROTH FRANCE;Commerce de gros / B2B;MCO + NDRC;Lagny-Sur-Marne;77400;78 rue Ampere 77400 LAGNY-SUR-MARNE;Commerce de gros (commerce interentreprises) d'appareils sanitaires et de produits de décoration;"Vendeur / Vendeuse grossiste en équipement du foyer ; Technico-commercial / Technico-commerciale ; Commercial / Commerciale auprès d'une clientèle d'entreprises ; Attaché commercial / Attachée commerciale";Entreprise susceptible de recruter (candidature spontanée);;;Apprentissage, Professionnalisation;;;30384697600031;4;https://labonnealternance.apprentissage.beta.gouv.fr/emploi/recruteurs_lba/30384697600031/roth-france
6.1;ANGE;Boulangerie & métiers de bouche;MCO;Lagny-Sur-Marne;77400;90 avenue du General Leclerc 77400 LAGNY-SUR-MARNE;Boulangerie et boulangerie-pâtisserie;Vendeur / Vendeuse en épicerie;Entreprise susceptible de recruter (candidature spontanée);;;Apprentissage, Professionnalisation;;;75198508600014;1;https://labonnealternance.apprentissage.beta.gouv.fr/emploi/recruteurs_lba/75198508600014/ange
6.1;BELIMO;Commerce de gros / B2B;NDRC;Courtry;77181;33 rue de la Regale 77181 COURTRY;Commerce de gros (commerce interentreprises) de fournitures et équipements industriels divers;"Technico-commercial / Technico-commerciale ; Attaché commercial / Attachée commerciale";Entreprise susceptible de recruter (candidature spontanée);;;Apprentissage, Professionnalisation;;;33174693300026;2;https://labonnealternance.apprentissage.beta.gouv.fr/emploi/recruteurs_lba/33174693300026/belimo
6.1;HOWDENS CUISINES;Commerce de gros / B2B;MCO + NDRC;Lagny-Sur-Marne;77400;72 RUE JACQUARD 77400 LAGNY-SUR-MARNE;Commerce de gros (commerce interentreprises) de meubles, de tapis et d'appareils d'éclairage;"Vendeur / Vendeuse en équipement de la maison ; Attaché commercial / Attachée commerciale";Entreprise susceptible de recruter (candidature spontanée);;;Apprentissage, Professionnalisation;;;47758896600341;2;https://labonnealternance.apprentissage.beta.gouv.fr/emploi/recruteurs_lba/47758896600341/howdens-cuisines
6.1;L'ATELIER DE GABRIEL;Boulangerie & métiers de bouche;MCO;Pontault-Combault;77340;9 AVENUE CHARLES ROUXEL 77340 PONTAULT-COMBAULT;Boulangerie et boulangerie-pâtisserie;Vendeur / Vendeuse en épicerie;Entreprise susceptible de recruter (candidature spontanée);;;Apprentissage, Professionnalisation;;;89090279400019;1;https://labonnealternance.apprentissage.beta.gouv.fr/emploi/recruteurs_lba/89090279400019/l-atelier-de-gabriel
6.1;La Poste;La Poste & services publics;NDRC;Pontault-Combault;77340;3 avenue Charles Rouxel 77340 PONTAULT-COMBAULT;Activités de poste dans le cadre d'une obligation de service universel;Responsable relation client (CRM);Entreprise susceptible de recruter (candidature spontanée);;;Apprentissage, Professionnalisation;;;35600000042163;1;https://labonnealternance.apprentissage.beta.gouv.fr/emploi/recruteurs_lba/35600000042163/la-poste
6.1;OL AUTOSERVICES;Automobile & mobilité;MCO;Pontault-Combault;77340;6 avenue Charles Rouxel 77340 PONTAULT-COMBAULT;Commerce de détail de carburants en magasin spécialisé;"Hôte / Hôtesse de caisse ; Employé / Employée de rayon libre-service";Entreprise susceptible de recruter (candidature spontanée);;;Apprentissage, Professionnalisation;;;75210974400017;2;https://labonnealternance.apprentissage.beta.gouv.fr/emploi/recruteurs_lba/75210974400017/ol-autoservices
6.2;ACTUEL SERVICE 7;Sport, loisirs & culture;MCO + NDRC;Pontault-Combault;77340;26 rue du Pre des Aulnes 77340 PONTAULT-COMBAULT;Commerce de détail d'articles de sport en magasin spécialisé;"Vendeur / Vendeuse d'articles de sport et loisirs ; Hôte / Hôtesse de caisse ; Chef / Cheffe de rayon de produits non alimentaires ; Vendeur / Vendeuse en prêt-à-porter ; Vendeur / Vendeuse grossiste en équipement du foyer";Entreprise susceptible de recruter (candidature spontanée);;;Apprentissage, Professionnalisation;;;35039920000038;5;https://labonnealternance.apprentissage.beta.gouv.fr/emploi/recruteurs_lba/35039920000038/actuel-service-7
6.2;GARAGE RM AUTO;Automobile & mobilité;MCO + NDRC;Roissy-En-Brie;77680;2B rue Denis Papin 77680 ROISSY-EN-BRIE;Commerce de voitures et de véhicules automobiles légers;"Vendeur / Vendeuse automobile ; Conseiller / Conseillère client après-vente des véhicules";Entreprise susceptible de recruter (candidature spontanée);;;Apprentissage, Professionnalisation;;;84956622900019;2;https://labonnealternance.apprentissage.beta.gouv.fr/emploi/recruteurs_lba/84956622900019/garage-rm-auto
6.2;SASIE CENTER;Automobile & mobilité;NDRC;Pontault-Combault;77340;3 rue du Pre des Aulnes 77340 PONTAULT-COMBAULT;Commerce et réparation de motocycles;"Conseiller commercial / Conseillère commerciale motocycles ; Conseiller / Conseillère client après-vente des véhicules";Entreprise susceptible de recruter (candidature spontanée);;;Apprentissage, Professionnalisation;;;31261225200055;2;https://labonnealternance.apprentissage.beta.gouv.fr/emploi/recruteurs_lba/31261225200055/sasie-center
6.3;ALLIANCE AUTOMOTIVE PARIS NORD CENTRE;Commerce de gros / B2B;MCO + NDRC;Collégien;77090;10 RUE DE LAMIRAULT 77090 COLLEGIEN;Commerce de gros d'équipements automobiles;Vendeur / Vendeuse grossiste en équipement du foyer;Entreprise susceptible de recruter (candidature spontanée);;;Apprentissage, Professionnalisation;;;31651298700272;1;https://labonnealternance.apprentissage.beta.gouv.fr/emploi/recruteurs_lba/31651298700272/alliance-automotive-paris-nord-centre
6.3;DIAS IMMOBILIER;Immobilier;NDRC;Pontault-Combault;77340;30 avenue Charles Rouxel 77340 PONTAULT-COMBAULT;Agences immobilières;Conseiller / Conseillère immobilier;Entreprise susceptible de recruter (candidature spontanée);;;Apprentissage, Professionnalisation;;;95127457000021;1;https://labonnealternance.apprentissage.beta.gouv.fr/emploi/recruteurs_lba/95127457000021/dias-immobilier
6.3;JMSS BIKE;Automobile & mobilité;MCO + NDRC;Collégien;77090;10 rue de Lamirault 77090 COLLEGIEN;Commerce de voitures et de véhicules automobiles légers;"Vendeur / Vendeuse automobile ; Conseiller / Conseillère client après-vente des véhicules";Entreprise susceptible de recruter (candidature spontanée);;;Apprentissage, Professionnalisation;;;89843782700014;2;https://labonnealternance.apprentissage.beta.gouv.fr/emploi/recruteurs_lba/89843782700014/jmss-bike
6.3;L'INSTANT;Industrie & énergie;MCO;Pontault-Combault;77340;24B rue du Pre des Aulnes 77340 PONTAULT-COMBAULT;Fabrication de bière;Chef / Cheffe de secteur magasin;Entreprise susceptible de recruter (candidature spontanée);;;Apprentissage, Professionnalisation;;;82350422000026;1;https://labonnealternance.apprentissage.beta.gouv.fr/emploi/recruteurs_lba/82350422000026/l-instant
6.3;LE MATELAS 365;Maison, bricolage & jardin;MCO;Lagny-Sur-Marne;77400;111 AVENUE DU GENERAL LECLERC 77400 LAGNY-SUR-MARNE;Commerce de détail de meubles;"Vendeur / Vendeuse en équipement de la maison ; Hôte / Hôtesse de caisse";Entreprise susceptible de recruter (candidature spontanée);;;Apprentissage, Professionnalisation;;;83313952000021;2;https://labonnealternance.apprentissage.beta.gouv.fr/emploi/recruteurs_lba/83313952000021/le-matelas-365
6.3;PREMIER PRIX;Commerce de gros / B2B;NDRC;Lagny-Sur-Marne;77400;53 rue Jacquard 77400 LAGNY-SUR-MARNE;Commerce de gros (commerce interentreprises) non spécialisé;"Technico-commercial / Technico-commerciale ; Assistant commercial / Assistante commerciale ; Conseiller / Conseillère en gestion de patrimoine";Entreprise susceptible de recruter (candidature spontanée);;;Apprentissage, Professionnalisation;;;87926468700010;3;https://labonnealternance.apprentissage.beta.gouv.fr/emploi/recruteurs_lba/87926468700010/premier-prix
6.3;SEKO;Commerce de gros / B2B;NDRC;Collégien;77090;rue de Lamirault 77090 COLLEGIEN;Commerce de gros (commerce interentreprises) d'autres produits intermédiaires;"Assistant commercial / Assistante commerciale ; Commercial / Commerciale auprès d'une clientèle d'entreprises";Entreprise susceptible de recruter (candidature spontanée);;;Apprentissage, Professionnalisation;;;32215291900039;2;https://labonnealternance.apprentissage.beta.gouv.fr/emploi/recruteurs_lba/32215291900039/seko
6.3;SILKO;Commerce de gros / B2B;NDRC;Lagny-Sur-Marne;77400;117 avenue du General Leclerc 77400 LAGNY-SUR-MARNE;Commerce de gros (commerce interentreprises) non spécialisé;"Technico-commercial / Technico-commerciale ; Assistant commercial / Assistante commerciale ; Conseiller / Conseillère en gestion de patrimoine";Entreprise susceptible de recruter (candidature spontanée);;;Apprentissage, Professionnalisation;;;95133793000014;3;https://labonnealternance.apprentissage.beta.gouv.fr/emploi/recruteurs_lba/95133793000014/silko
6.3;SPEC GEORGEL ASSOCIES;Banque, crédit & assurance;NDRC;Pontault-Combault;77340;36 avenue Charles Rouxel 77340 PONTAULT-COMBAULT;Activités des agents et courtiers d'assurances;"Conseiller / Conseillère en assurances ; Conseiller / Conseillère en gestion de patrimoine";Entreprise susceptible de recruter (candidature spontanée);;;Apprentissage, Professionnalisation;;;88405169900012;2;https://labonnealternance.apprentissage.beta.gouv.fr/emploi/recruteurs_lba/88405169900012/spec-georgel-associes
6.4;ASSURANCE UNIE;Banque, crédit & assurance;NDRC;Lagny-Sur-Marne;77400;105 avenue du General Leclerc 77400 LAGNY-SUR-MARNE;Activités des agents et courtiers d'assurances;"Conseiller / Conseillère en assurances ; Conseiller / Conseillère en gestion de patrimoine";Entreprise susceptible de recruter (candidature spontanée);;;Apprentissage, Professionnalisation;;;38873615900160;2;https://labonnealternance.apprentissage.beta.gouv.fr/emploi/recruteurs_lba/38873615900160/assurance-unie
6.4;IDEAL SOMMEIL;Maison, bricolage & jardin;MCO;Lagny-Sur-Marne;77400;40 rue Jacquard 77400 LAGNY-SUR-MARNE;Commerce de détail de meubles;"Vendeur / Vendeuse en équipement de la maison ; Hôte / Hôtesse de caisse";Entreprise susceptible de recruter (candidature spontanée);;;Apprentissage, Professionnalisation;;;98460791100018;2;https://labonnealternance.apprentissage.beta.gouv.fr/emploi/recruteurs_lba/98460791100018/ideal-sommeil
6.4;P F I PROTECT FRANCE INCENDIE;Commerce de gros / B2B;NDRC;Lagny-Sur-Marne;77400;27 RUE AMPERE 77400 LAGNY-SUR-MARNE;Commerce de gros (commerce interentreprises) de fournitures et équipements industriels divers;"Technico-commercial / Technico-commerciale ; Attaché commercial / Attachée commerciale";Entreprise susceptible de recruter (candidature spontanée);;;Apprentissage, Professionnalisation;;;47895622000022;2;https://labonnealternance.apprentissage.beta.gouv.fr/emploi/recruteurs_lba/47895622000022/p-f-i-protect-france-incendie
6.5;BUREAU VALLEE SAS GO AHEAD;Autres commerces de détail;NDRC;Lagny-Sur-Marne;77400;40 RUE BRANLY 77400 LAGNY-SUR-MARNE;Autres commerces de détail spécialisés divers;Responsable relation client (CRM);Entreprise susceptible de recruter (candidature spontanée);;;Apprentissage, Professionnalisation;;;83935731600018;1;https://labonnealternance.apprentissage.beta.gouv.fr/emploi/recruteurs_lba/83935731600018/bureau-vallee-sas-go-ahead
6.5;CABINET EAC;Banque, crédit & assurance;NDRC;Courtry;77181;5 rue Louis Osteng 77181 COURTRY;Activités des agents et courtiers d'assurances;"Conseiller / Conseillère en assurances ; Conseiller / Conseillère en gestion de patrimoine";Entreprise susceptible de recruter (candidature spontanée);;;Apprentissage, Professionnalisation;;;80356417800041;2;https://labonnealternance.apprentissage.beta.gouv.fr/emploi/recruteurs_lba/80356417800041/cabinet-eac
6.5;GOLF PLUS;Sport, loisirs & culture;MCO + NDRC;Pontault-Combault;77340;RUE DES PRES SAINT MARTIN 77340 PONTAULT-COMBAULT;Commerce de détail d'articles de sport en magasin spécialisé;"Vendeur / Vendeuse d'articles de sport et loisirs ; Hôte / Hôtesse de caisse ; Chef / Cheffe de rayon de produits non alimentaires ; Vendeur / Vendeuse en prêt-à-porter ; Vendeur / Vendeuse grossiste en équipement du foyer";Entreprise susceptible de recruter (candidature spontanée);;;Apprentissage, Professionnalisation;;;39403592700109;5;https://labonnealternance.apprentissage.beta.gouv.fr/emploi/recruteurs_lba/39403592700109/golf-plus
6.5;MA CHEMINEE;Maison, bricolage & jardin;MCO + NDRC;Pontault-Combault;77340;rue des Pres Saint Martin 77340 PONTAULT-COMBAULT;Commerce de détail d'autres équipements du foyer;"Vendeur / Vendeuse en équipement de la maison ; Employé / Employée de rayon libre-service ; Responsable de boutique ; Hôte / Hôtesse de caisse ; Vendeur / Vendeuse grossiste en équipement du foyer ; Conseiller commercial / Conseillère commerciale auprès des particuliers";Entreprise susceptible de recruter (candidature spontanée);;;Apprentissage, Professionnalisation;;;48786726900010;6;https://labonnealternance.apprentissage.beta.gouv.fr/emploi/recruteurs_lba/48786726900010/ma-cheminee
6.5;SERVICE CHIMIE;Commerce de gros / B2B;MCO + NDRC;Saint-Thibault-Des-Vignes;77400;5 PLACE DE L'EGLISE 77400 SAINT-THIBAULT-DES-VIGNES;Commerce de gros (commerce interentreprises) de produits chimiques;"Responsable e-commerce ; Technico-commercial / Technico-commerciale ; Cadre Technico-commercial / Technico-commerciale ; Attaché commercial / Attachée commerciale";Entreprise susceptible de recruter (candidature spontanée);;;Apprentissage, Professionnalisation;;;33191564500039;4;https://labonnealternance.apprentissage.beta.gouv.fr/emploi/recruteurs_lba/33191564500039/service-chimie
6.5;STOKOMANI;Grande distribution & supermarchés;MCO;Lagny-Sur-Marne;77400;40 RUE BRANLY 77400 LAGNY-SUR-MARNE;Autres commerces de détail en magasin non spécialisé;"Employé / Employée de rayon libre-service ; Responsable de boutique ; Hôte / Hôtesse de caisse ; Directeur / Directrice de magasin de grande distribution ; Chef / Cheffe de rayon de produits non alimentaires ; Chef / Cheffe de rayon produits alimentaires";Entreprise susceptible de recruter (candidature spontanée);;;Apprentissage, Professionnalisation;;;31778006201176;6;https://labonnealternance.apprentissage.beta.gouv.fr/emploi/recruteurs_lba/31778006201176/stokomani
6.5;YELLOW CAR;Automobile & mobilité;MCO + NDRC;Lagny-Sur-Marne;77400;2 rue Branly 77400 LAGNY-SUR-MARNE;Commerce de détail d'équipements automobiles;"Conseiller / Conseillère de vente en pièces de rechange et accessoires de véhicules ; Conseiller / Conseillère client après-vente des véhicules";Entreprise susceptible de recruter (candidature spontanée);;;Apprentissage, Professionnalisation;;;79941507000025;2;https://labonnealternance.apprentissage.beta.gouv.fr/emploi/recruteurs_lba/79941507000025/yellow-car
6.6;Alternance Conseiller de Vente - Pontault-Combault (F/H);Non précisé;MCO;Pontault-Combault;77340;77340 Pontault-Combault;;Alternance Conseiller de Vente - Pontault-Combault (F/H);Offre partenaire (France Travail…);Alternance Conseiller de Vente - Pontault-Combault (F/H);;Professionnalisation;2026-08-15;;;1;https://labonnealternance.apprentissage.beta.gouv.fr/emploi/offres_emploi_partenaires/6a80e7499e6c7d0c91e22ea4/alternance-conseiller-de-vente-pontault-combault-f-h
6.6;ARGEDIS;Automobile & mobilité;MCO;Pontault-Combault;77340;77340 Pontault-Combault;Commerce de détail de carburants en magasin spécialisé;"Hôte / Hôtesse de caisse ; Employé / Employée de rayon libre-service";Entreprise susceptible de recruter (candidature spontanée);;;Apprentissage, Professionnalisation;;;30691609902085;2;https://labonnealternance.apprentissage.beta.gouv.fr/emploi/recruteurs_lba/30691609902085/argedis
6.6;ARTIBOX;High-tech, électroménager & télécoms;NDRC;Collégien;77090;36 RUE DE LAMIRAULT 77090 COLLEGIEN;EDITION DE LOGICIELS APPLICATIFS;"Responsable Commercial / Commerciale ; Chargé / Chargée de relation client";Entreprise susceptible de recruter (candidature spontanée);;;Apprentissage, Professionnalisation;;;82365912300025;2;https://labonnealternance.apprentissage.beta.gouv.fr/emploi/recruteurs_lba/82365912300025/artibox
6.6;AVENIR RENOVATIONS;Immobilier;NDRC;Collégien;77090;36 RUE DE LAMIRAULT 77090 COLLEGIEN;Location-bail de propriété intellectuelle et de produits similaires, à l'exception des œuvres soumises à copyright;"Conseiller / Conseillère immobilier ; Attaché commercial / Attachée commerciale";Entreprise susceptible de recruter (candidature spontanée);;;Apprentissage, Professionnalisation;;;79880165000051;2;https://labonnealternance.apprentissage.beta.gouv.fr/emploi/recruteurs_lba/79880165000051/avenir-renovations
6.6;Carrefour;Services aux entreprises, conseil & communication;MCO;Pontault-Combault;77340;77340 Pontault-Combault;Activités des sièges sociaux;Employé de Rayon Boulangerie Pâtisserie Cqp en Alternance H/F;Offre partenaire (France Travail…);Employé de Rayon Boulangerie Pâtisserie Cqp en Alternance H/F;;Apprentissage, Professionnalisation;2026-09-04;;;1;https://labonnealternance.apprentissage.beta.gouv.fr/emploi/offres_emploi_partenaires/6a9b4184b7a03ff3606fab1b/employe-de-rayon-boulangerie-patisserie-cqp-en-alternance-h-f
6.6;CERAMICA FUSARO;Commerce de gros / B2B;NDRC;Pontault-Combault;77340;5 rue de Strasbourg 77340 PONTAULT-COMBAULT;Commerce de gros (commerce interentreprises) de bois et de matériaux de construction;"Technico-commercial / Technico-commerciale ; Commercial itinérant / Commerciale itinérante en entreprise de commerce de gros";Entreprise susceptible de recruter (candidature spontanée);;;Apprentissage, Professionnalisation;;;30967677300067;2;https://labonnealternance.apprentissage.beta.gouv.fr/emploi/recruteurs_lba/30967677300067/ceramica-fusaro
6.6;GRESPANIA FRANCE;Commerce de gros / B2B;MCO + NDRC;Pontault-Combault;77340;12 rue de Strasbourg 77340 PONTAULT-COMBAULT;Commerce de gros (commerce interentreprises) d'appareils sanitaires et de produits de décoration;"Vendeur / Vendeuse grossiste en équipement du foyer ; Technico-commercial / Technico-commerciale ; Commercial / Commerciale auprès d'une clientèle d'entreprises ; Attaché commercial / Attachée commerciale";Entreprise susceptible de recruter (candidature spontanée);;;Apprentissage, Professionnalisation;;;42886892100027;4;https://labonnealternance.apprentissage.beta.gouv.fr/emploi/recruteurs_lba/42886892100027/grespania-france
6.6;MANPOWER FRANCE;Non précisé;NDRC;Pontault-Combault;77340;77340 Pontault-Combault;;Chargé de recrutement et relations clients (77) - Alternance - PONTAULT;Offre partenaire (France Travail…);Chargé de recrutement et relations clients (77) - Alternance - PONTAULT;;Apprentissage, Professionnalisation;2026-09-22;;;1;https://labonnealternance.apprentissage.beta.gouv.fr/emploi/offres_emploi_partenaires/6ab450bd68233dbb8f6a1873/charge-de-recrutement-et-relations-clients-77-alternance-pontault
6.6;Manpower RH;Autres;NDRC;Pontault-Combault;77340;77340 Pontault-Combault;Activités des agences de travail temporaire;Chargé de Recrutement et Relations Clients 77 - Alternance - Pontault H/F;Offre partenaire (France Travail…);Chargé de Recrutement et Relations Clients 77 - Alternance - Pontault H/F;Licence, BUT, Licence Pro (Bac+3);Apprentissage, Professionnalisation;2026-09-22;;;1;https://labonnealternance.apprentissage.beta.gouv.fr/emploi/offres_emploi_partenaires/6a6292329e972c0713e879b2/charge-de-recrutement-et-relations-clients-77-alternance-pontault-h-f
6.6;MEIKO FRANCE;Commerce de gros / B2B;NDRC;Collégien;77090;23 RUE DE LAMIRAULT 77090 COLLEGIEN;Commerce de gros (commerce interentreprises) de fournitures et équipements divers pour le commerce et les services;"Cadre Technico-commercial / Technico-commerciale ; Technico-commercial / Technico-commerciale ; Assistant commercial / Assistante commerciale";Entreprise susceptible de recruter (candidature spontanée);;;Apprentissage, Professionnalisation;;;39272509900049;3;https://labonnealternance.apprentissage.beta.gouv.fr/emploi/recruteurs_lba/39272509900049/meiko-france
6.6;MONCEAU FLEURS;Maison, bricolage & jardin;MCO;Saint-Thibault-Des-Vignes;77400;95 AVENUE DU GENERAL LECLERC 77400 SAINT-THIBAULT-DES-VIGNES;Commerce de détail de fleurs, plantes, graines, engrais, animaux de compagnie et aliments pour ces animaux en magasin spécialisé;"Responsable de boutique ; Vendeur / Vendeuse conseil en jardinerie ; Vendeur / Vendeuse en animalerie ; Hôte / Hôtesse de caisse ; Chef / Cheffe de rayon de produits non alimentaires";Entreprise susceptible de recruter (candidature spontanée);;;Apprentissage, Professionnalisation;;;90133578600025;5;https://labonnealternance.apprentissage.beta.gouv.fr/emploi/recruteurs_lba/90133578600025/monceau-fleurs
6.6;POMPES URACA;Commerce de gros / B2B;NDRC;Collégien;77090;36 RUE DE LAMIRAULT 77090 COLLEGIEN;Commerce de gros (commerce interentreprises) de fournitures et équipements industriels divers;"Technico-commercial / Technico-commerciale ; Attaché commercial / Attachée commerciale";Entreprise susceptible de recruter (candidature spontanée);;;Apprentissage, Professionnalisation;;;33343261500057;2;https://labonnealternance.apprentissage.beta.gouv.fr/emploi/recruteurs_lba/33343261500057/pompes-uraca
6.6;STOKOMANI;Grande distribution & supermarchés;MCO;Pontault-Combault;77340;rue de Strasbourg 77340 PONTAULT-COMBAULT;Autres commerces de détail en magasin non spécialisé;"Employé / Employée de rayon libre-service ; Responsable de boutique ; Hôte / Hôtesse de caisse ; Directeur / Directrice de magasin de grande distribution ; Chef / Cheffe de rayon de produits non alimentaires ; Chef / Cheffe de rayon produits alimentaires";Entreprise susceptible de recruter (candidature spontanée);;;Apprentissage, Professionnalisation;;;31778006201754;6;https://labonnealternance.apprentissage.beta.gouv.fr/emploi/recruteurs_lba/31778006201754/stokomani
6.6;TRANS LASER TLB;Commerce de gros / B2B;MCO + NDRC;Collégien;77090;38 rue de Lamirault 77090 COLLEGIEN;Commerce de gros (commerce interentreprises) de textiles;"Chef / Cheffe de promotion des ventes ; Vendeur / Vendeuse en prêt-à-porter ; Chef / Cheffe des ventes ; Assistant commercial / Assistante commerciale";Entreprise susceptible de recruter (candidature spontanée);;;Apprentissage, Professionnalisation;;;37803514100068;4;https://labonnealternance.apprentissage.beta.gouv.fr/emploi/recruteurs_lba/37803514100068/trans-laser-tlb
6.6;Yves Rocher;Services aux entreprises, conseil & communication;MCO;Pontault-Combault;77340;77340 Pontault-Combault;Activités des sièges sociaux;Conseiller·e de Beauté Esthéticien·ne en Alternance H/F;Offre partenaire (France Travail…);Conseiller·e de Beauté Esthéticien·ne en Alternance H/F;CAP, BEP (Infrabac);Apprentissage, Professionnalisation;2026-09-05;;;1;https://labonnealternance.apprentissage.beta.gouv.fr/emploi/offres_emploi_partenaires/6a7506a4c335192c2267a318/conseillere-de-beaute-estheticienne-en-alternance-h-f
6.7;SOC DE DISTRIBUTION PRODUITS EDITION;Sport, loisirs & culture;NDRC;Lagny-Sur-Marne;77400;128 AV DU MAL DE LATTRE DE TASSIGNY 77400 LAGNY-SUR-MARNE;Édition de livres;"Assistant commercial / Assistante commerciale ; Responsable Commercial / Commerciale";Entreprise susceptible de recruter (candidature spontanée);;;Apprentissage, Professionnalisation;;;70204471000029;2;https://labonnealternance.apprentissage.beta.gouv.fr/emploi/recruteurs_lba/70204471000029/soc-de-distribution-produits-edition
6.8;SNC MARTINHO;Boulangerie & métiers de bouche;MCO;Pontault-Combault;77340;1 avenue des Anemones 77340 PONTAULT-COMBAULT;Boulangerie et boulangerie-pâtisserie;Vendeur / Vendeuse en épicerie;Entreprise susceptible de recruter (candidature spontanée);;;Apprentissage, Professionnalisation;;;35085992200014;1;https://labonnealternance.apprentissage.beta.gouv.fr/emploi/recruteurs_lba/35085992200014/snc-martinho
6.9;ATS SYSTEMS;High-tech, électroménager & télécoms;NDRC;Bussy-Saint-Georges;77600;10 avenue Graham Bell 77600 BUSSY-SAINT-GEORGES;Réparation d'ordinateurs et d'équipements périphériques;Responsable Commercial / Commerciale;Entreprise susceptible de recruter (candidature spontanée);;;Apprentissage, Professionnalisation;;;49346281600080;1;https://labonnealternance.apprentissage.beta.gouv.fr/emploi/recruteurs_lba/49346281600080/ats-systems
6.9;Boulanger;High-tech, électroménager & télécoms;MCO + NDRC;Pontault-Combault;77340;Chemin des 4 Chenes 77340 Pontault-Combault;Commerce de détail d'appareils électroménagers en magasin spécialisé;"Vendeur / Vendeuse en équipement de la maison ; Conseiller commercial / Conseillère commerciale auprès des particuliers ; Responsable relation client (CRM)";Entreprise susceptible de recruter (candidature spontanée);;;Apprentissage, Professionnalisation;;;34738457001837;3;https://labonnealternance.apprentissage.beta.gouv.fr/emploi/recruteurs_lba/34738457001837/boulanger
6.9;FRED FACTORY;Boulangerie & métiers de bouche;MCO;Pontault-Combault;77340;111 RUE DES PRES SAINT-MARTIN 77340 PONTAULT-COMBAULT;Boulangerie et boulangerie-pâtisserie;Vendeur / Vendeuse en épicerie;Entreprise susceptible de recruter (candidature spontanée);;;Apprentissage, Professionnalisation;;;92249921500015;1;https://labonnealternance.apprentissage.beta.gouv.fr/emploi/recruteurs_lba/92249921500015/fred-factory
6.9;LIDL;Grande distribution & supermarchés;MCO;Pontault-Combault;77340;Chemin des 4 Chenes 77340 Pontault-Combault;Supermarchés;"Employé / Employée de rayon libre-service ; Directeur / Directrice de magasin de grande distribution ; Hôte / Hôtesse de caisse ; Responsable de caisses ; Chef / Cheffe de rayon produits alimentaires";Entreprise susceptible de recruter (candidature spontanée);;;Apprentissage, Professionnalisation;;;34326262224123;5;https://labonnealternance.apprentissage.beta.gouv.fr/emploi/recruteurs_lba/34326262224123/lidl
7.0;INFORMATIQUE MINUTE;High-tech, électroménager & télécoms;NDRC;Roissy-En-Brie;77680;AVENUE DE LA MALIBRAN 77680 ROISSY-EN-BRIE;Réparation d'ordinateurs et d'équipements périphériques;Responsable Commercial / Commerciale;Entreprise susceptible de recruter (candidature spontanée);;;Apprentissage, Professionnalisation;;;81512754300024;1;https://labonnealternance.apprentissage.beta.gouv.fr/emploi/recruteurs_lba/81512754300024/informatique-minute
7.0;SD HYGIENE PLUS;Commerce de gros / B2B;MCO + NDRC;Le Pin;77181;32 RUE DE VERDUN 77181 LE PIN;Commerce de gros (commerce interentreprises) de vaisselle, verrerie et produits d'entretien;"Chef / Cheffe des ventes ; Commercial / Commerciale grands comptes et entreprises ; Commercial / Commerciale export";Entreprise susceptible de recruter (candidature spontanée);;;Apprentissage, Professionnalisation;;;52370089600013;3;https://labonnealternance.apprentissage.beta.gouv.fr/emploi/recruteurs_lba/52370089600013/sd-hygiene-plus
7.0;TENDANCE SENSUELLE;Vente à distance & e-commerce;MCO + NDRC;Bussy-Saint-Georges;77600;12 avenue Graham Bell 77600 BUSSY-SAINT-GEORGES;Vente à distance sur catalogue spécialisé;"Conseiller vendeur / Conseillère vendeuse à domicile ; Vendeur / Vendeuse en prêt-à-porter ; Responsable de boutique ; Délégué médical hospitalier / Déléguée médicale hospitalière ; Chargé / Chargée de relation client";Entreprise susceptible de recruter (candidature spontanée);;;Apprentissage, Professionnalisation;;;49146869000038;5;https://labonnealternance.apprentissage.beta.gouv.fr/emploi/recruteurs_lba/49146869000038/tendance-sensuelle
7.1;CAR 77;Automobile & mobilité;NDRC;Bussy-Saint-Georges;77600;23 avenue Graham Bell 77600 BUSSY-SAINT-GEORGES;Location de courte durée de voitures et de véhicules automobiles légers;"Agent technico-commercial / Agente technico-commerciale en location de véhicules ; Conseiller / Conseillère client après-vente des véhicules";Entreprise susceptible de recruter (candidature spontanée);;;Apprentissage, Professionnalisation;;;85367832400072;2;https://labonnealternance.apprentissage.beta.gouv.fr/emploi/recruteurs_lba/85367832400072/car-77
7.1;JW SYSTEM;Commerce de gros / B2B;MCO + NDRC;Le Pin;77181;29 Rue de Lagny 77181 Le Pin;Commerce de gros (commerce interentreprises) d'ordinateurs, d'équipements informatiques périphériques et de logiciels;"Consultant / Consultante avant-vente ; Cadre Technico-commercial / Technico-commerciale";Entreprise susceptible de recruter (candidature spontanée);;;Apprentissage, Professionnalisation;;;82509751200040;2;https://labonnealternance.apprentissage.beta.gouv.fr/emploi/recruteurs_lba/82509751200040/jw-system
7.1;NOVECA;Commerce de gros / B2B;MCO + NDRC;Bussy-Saint-Georges;77600;24 AVENUE GRAHAM BELL 77600 BUSSY-SAINT-GEORGES;Commerce de gros (commerce interentreprises) de vaisselle, verrerie et produits d'entretien;"Chef / Cheffe des ventes ; Commercial / Commerciale grands comptes et entreprises ; Commercial / Commerciale export";Entreprise susceptible de recruter (candidature spontanée);;;Apprentissage, Professionnalisation;;;48528034100036;3;https://labonnealternance.apprentissage.beta.gouv.fr/emploi/recruteurs_lba/48528034100036/noveca
7.1;VERRE ET QUARTZ TECHNOLOGIES;Commerce de gros / B2B;MCO + NDRC;Bussy-Saint-Georges;77600;24 AVENUE GRAHAM BELL 77600 BUSSY-SAINT-GEORGES;Commerce de gros (commerce interentreprises) d'appareils sanitaires et de produits de décoration;"Vendeur / Vendeuse grossiste en équipement du foyer ; Technico-commercial / Technico-commerciale ; Commercial / Commerciale auprès d'une clientèle d'entreprises ; Attaché commercial / Attachée commerciale";Entreprise susceptible de recruter (candidature spontanée);;;Apprentissage, Professionnalisation;;;39944008000055;4;https://labonnealternance.apprentissage.beta.gouv.fr/emploi/recruteurs_lba/39944008000055/verre-et-quartz-technologies
7.2;ALAGNY;Boulangerie & métiers de bouche;MCO;Lagny-Sur-Marne;77400;54 AVENUE DU GENERAL LECLERC 77400 LAGNY-SUR-MARNE;Boulangerie et boulangerie-pâtisserie;Vendeur / Vendeuse en épicerie;Entreprise susceptible de recruter (candidature spontanée);;;Apprentissage, Professionnalisation;;;84098939600014;1;https://labonnealternance.apprentissage.beta.gouv.fr/emploi/recruteurs_lba/84098939600014/alagny
7.2;CFACTION;High-tech, électroménager & télécoms;NDRC;Torcy;77200;22 ALLEE SURCOUF 77200 TORCY;Autres activités de télécommunication;BTS Management Commercial Opérationnel (MCO) en alternance;Offre publiée sur La bonne alternance;BTS Management Commercial Opérationnel (MCO) en alternance;BTS, DEUST (Bac+2);Apprentissage;2026-06-24;;;1;https://labonnealternance.apprentissage.beta.gouv.fr/emploi/offres_emploi_lba/6a3ba3d0aaf462df6218cc8f/bts-management-commercial-operationnel-mco-en-alternance
7.3;SM BOIS;Commerce de gros / B2B;NDRC;Villevaudé;77410;Rue de Lagny - RD86 77410 Villevaudé;Commerce de gros (commerce interentreprises) de bois et de matériaux de construction;"Technico-commercial / Technico-commerciale ; Commercial itinérant / Commerciale itinérante en entreprise de commerce de gros";Entreprise susceptible de recruter (candidature spontanée);;;Apprentissage, Professionnalisation;;;77570548600014;2;https://labonnealternance.apprentissage.beta.gouv.fr/emploi/recruteurs_lba/77570548600014/sm-bois
7.4;MAKITA FRANCE SAS;Commerce de gros / B2B;MCO + NDRC;Bussy-Saint-Georges;77600;37 avenue Graham Bell 77600 BUSSY-SAINT-GEORGES;Commerce de gros (commerce interentreprises) de quincaillerie;"Vendeur / Vendeuse grossiste en équipement du foyer ; Technico-commercial / Technico-commerciale ; Commercial itinérant / Commerciale itinérante en entreprise de commerce de gros ; Attaché commercial / Attachée commerciale";Entreprise susceptible de recruter (candidature spontanée);;;Apprentissage, Professionnalisation;;;71204699400216;4;https://labonnealternance.apprentissage.beta.gouv.fr/emploi/recruteurs_lba/71204699400216/makita-france-sas
7.5;D'MEDICA;Beauté, santé & parfumerie;MCO + NDRC;Pontault-Combault;77340;73 RUE DES BERCHERES 77340 PONTAULT-COMBAULT;Commerce de détail d'articles médicaux et orthopédiques en magasin spécialisé;Délégué médical hospitalier / Déléguée médicale hospitalière;Entreprise susceptible de recruter (candidature spontanée);;;Apprentissage, Professionnalisation;;;42819372600109;2;https://labonnealternance.apprentissage.beta.gouv.fr/emploi/recruteurs_lba/42819372600109/d-medica
7.6;ACADIA INFORMATIQUE;Commerce de gros / B2B;MCO + NDRC;Bussy-Saint-Georges;77600;5 RUE RAOUL FOLLEREAU 77600 BUSSY-SAINT-GEORGES;Commerce de gros (commerce interentreprises) d'ordinateurs, d'équipements informatiques périphériques et de logiciels;"Consultant / Consultante avant-vente ; Cadre Technico-commercial / Technico-commerciale";Entreprise susceptible de recruter (candidature spontanée);;;Apprentissage, Professionnalisation;;;41411534500046;2;https://labonnealternance.apprentissage.beta.gouv.fr/emploi/recruteurs_lba/41411534500046/acadia-informatique
7.6;BNP Paribas;Banque, crédit & assurance;NDRC;Bussy-Saint-Georges;77600;16 boulevard de Lagny 77600 BUSSY-SAINT-GEORGES;Autres intermédiations monétaires;"Conseiller / Conseillère de clientèle bancaire ; Chargé / Chargée d'accueil en banque ; Conseiller / Conseillère en gestion de patrimoine";Entreprise susceptible de recruter (candidature spontanée);;;Apprentissage, Professionnalisation;;;66204244927918;3;https://labonnealternance.apprentissage.beta.gouv.fr/emploi/recruteurs_lba/66204244927918/bnp-paribas
7.7;4B DISTRIB;Commerce de gros / B2B;NDRC;Roissy-En-Brie;77680;16 Route de Pontault 77680 Roissy-en-Brie;Commerce de gros (commerce interentreprises) de fournitures et équipements industriels divers;"Technico-commercial / Technico-commerciale ; Attaché commercial / Attachée commerciale";Entreprise susceptible de recruter (candidature spontanée);;;Apprentissage, Professionnalisation;;;80034431900036;2;https://labonnealternance.apprentissage.beta.gouv.fr/emploi/recruteurs_lba/80034431900036/4b-distrib
7.7;RB COPRO;Maison, bricolage & jardin;NDRC;Lagny-Sur-Marne;77400;7 AV DU MAL DE LATTRE DE TASSIGNY 77400 LAGNY-SUR-MARNE;Administration d'immeubles et autres biens immobiliers;Conseiller / Conseillère immobilier;Entreprise susceptible de recruter (candidature spontanée);;;Apprentissage, Professionnalisation;;;83187821000028;1;https://labonnealternance.apprentissage.beta.gouv.fr/emploi/recruteurs_lba/83187821000028/rb-copro
7.7;SCHUNK INTEC;Commerce de gros / B2B;NDRC;Ferrières-En-Brie;77164;15 avenue James de Rothschild 77164 FERRIERES-EN-BRIE;Commerce de gros (commerce interentreprises) de fournitures et équipements industriels divers;"Technico-commercial / Technico-commerciale ; Attaché commercial / Attachée commerciale";Entreprise susceptible de recruter (candidature spontanée);;;Apprentissage, Professionnalisation;;;39408804100022;2;https://labonnealternance.apprentissage.beta.gouv.fr/emploi/recruteurs_lba/39408804100022/schunk-intec
7.8;AUTOVISIO;Automobile & mobilité;MCO + NDRC;Roissy-En-Brie;77680;2 RUE DES CHAMPS DE BLE 77680 ROISSY-EN-BRIE;Commerce de voitures et de véhicules automobiles légers;"Vendeur / Vendeuse automobile ; Conseiller / Conseillère client après-vente des véhicules";Entreprise susceptible de recruter (candidature spontanée);;;Apprentissage, Professionnalisation;;;81780047700033;2;https://labonnealternance.apprentissage.beta.gouv.fr/emploi/recruteurs_lba/81780047700033/autovisio
7.8;CB 77 BY GAUVIN MOTO;Automobile & mobilité;NDRC;Pontault-Combault;77340;96 RUE DES PRES SAINT-MARTIN 77340 PONTAULT-COMBAULT;Commerce et réparation de motocycles;"Conseiller commercial / Conseillère commerciale motocycles ; Conseiller / Conseillère client après-vente des véhicules";Entreprise susceptible de recruter (candidature spontanée);;;Apprentissage, Professionnalisation;;;92257027000012;2;https://labonnealternance.apprentissage.beta.gouv.fr/emploi/recruteurs_lba/92257027000012/cb-77-by-gauvin-moto
7.8;FS BIKE 77 BY GAUVIN MOTO;Automobile & mobilité;NDRC;Pontault-Combault;77340;96 RUE DES PRES SAINT-MARTIN 77340 PONTAULT-COMBAULT;Commerce et réparation de motocycles;"Conseiller commercial / Conseillère commerciale motocycles ; Conseiller / Conseillère client après-vente des véhicules";Entreprise susceptible de recruter (candidature spontanée);;;Apprentissage, Professionnalisation;;;92257020500018;2;https://labonnealternance.apprentissage.beta.gouv.fr/emploi/recruteurs_lba/92257020500018/fs-bike-77-by-gauvin-moto
7.8;G2S DISTRIB;Grande distribution & supermarchés;MCO;Lagny-Sur-Marne;77400;25 avenue Andre Malraux 77400 LAGNY-SUR-MARNE;Supermarchés;"Employé / Employée de rayon libre-service ; Directeur / Directrice de magasin de grande distribution ; Hôte / Hôtesse de caisse ; Responsable de caisses ; Chef / Cheffe de rayon produits alimentaires";Entreprise susceptible de recruter (candidature spontanée);;;Apprentissage, Professionnalisation;;;97971185000011;5;https://labonnealternance.apprentissage.beta.gouv.fr/emploi/recruteurs_lba/97971185000011/g2s-distrib
7.8;GEMO;Mode, chaussures & accessoires;MCO;Pontault-Combault;77340;Rue des Petites Friches 77340 Pontault-Combault;Commerce de détail d'habillement en magasin spécialisé;"Vendeur / Vendeuse en prêt-à-porter ; Responsable de boutique ; Hôte / Hôtesse de caisse ; Directeur / Directrice de magasin de grande distribution";Entreprise susceptible de recruter (candidature spontanée);;;Apprentissage, Professionnalisation;;;32242434200176;4;https://labonnealternance.apprentissage.beta.gouv.fr/emploi/recruteurs_lba/32242434200176/gemo
7.8;JALYS;Grande distribution & supermarchés;MCO;Roissy-En-Brie;77680;LA FORGE 77680 ROISSY-EN-BRIE;Supermarchés;"Employé / Employée de rayon libre-service ; Directeur / Directrice de magasin de grande distribution ; Responsable de caisses ; Hôte / Hôtesse de caisse ; Chef / Cheffe de rayon produits alimentaires";Entreprise susceptible de recruter (candidature spontanée);;;Apprentissage, Professionnalisation;;;43795004100024;5;https://labonnealternance.apprentissage.beta.gouv.fr/emploi/recruteurs_lba/43795004100024/jalys
7.8;KLUBB GROUP;Services aux entreprises, conseil & communication;NDRC;Ferrières-En-Brie;77164;12 avenue James de Rothschild 77164 FERRIERES-EN-BRIE;Activités des sociétés holding;Conseiller / Conseillère immobilier;Entreprise susceptible de recruter (candidature spontanée);;;Apprentissage, Professionnalisation;;;50970974700026;1;https://labonnealternance.apprentissage.beta.gouv.fr/emploi/recruteurs_lba/50970974700026/klubb-group
7.8;PORSCHE;Automobile & mobilité;MCO + NDRC;Ferrières-En-Brie;77164;24 RUE DU MANS 77164 FERRIERES-EN-BRIE;Commerce de voitures et de véhicules automobiles légers;"Vendeur / Vendeuse automobile ; Conseiller / Conseillère client après-vente des véhicules";Entreprise susceptible de recruter (candidature spontanée);;;Apprentissage, Professionnalisation;;;42094753300089;2;https://labonnealternance.apprentissage.beta.gouv.fr/emploi/recruteurs_lba/42094753300089/porsche
7.9;AUX TROIS GOURMANDS;Boulangerie & métiers de bouche;MCO;Roissy-En-Brie;77680;6 1ERE AVENUE 77680 ROISSY-EN-BRIE;Boulangerie et boulangerie-pâtisserie;Vendeur / Vendeuse en épicerie;Entreprise susceptible de recruter (candidature spontanée);;;Apprentissage, Professionnalisation;;;84138578400019;1;https://labonnealternance.apprentissage.beta.gouv.fr/emploi/recruteurs_lba/84138578400019/aux-trois-gourmands
7.9;BANQUE CIC EST;Banque, crédit & assurance;NDRC;Lagny-Sur-Marne;77400;12 RUE GAMBETTA 77400 LAGNY-SUR-MARNE;Autres intermédiations monétaires;"Conseiller / Conseillère de clientèle bancaire ; Chargé / Chargée d'accueil en banque ; Conseiller / Conseillère en gestion de patrimoine";Entreprise susceptible de recruter (candidature spontanée);;;Apprentissage, Professionnalisation;;;75480071200376;3;https://labonnealternance.apprentissage.beta.gouv.fr/emploi/recruteurs_lba/75480071200376/banque-cic-est
7.9;Boulangerie ANGE;Boulangerie & métiers de bouche;MCO;Lagny-Sur-Marne;77400;77400 Lagny-sur-Marne;;Alternance Vente H/F;Offre partenaire (France Travail…);Alternance Vente H/F;;Apprentissage, Professionnalisation;2026-09-08;;;1;https://labonnealternance.apprentissage.beta.gouv.fr/emploi/offres_emploi_partenaires/6a5569836a281b681b463991/alternance-vente-h-f
7.9;Boulangerie ANGE;Boulangerie & métiers de bouche;MCO;Lagny-Sur-Marne;77400;77400 Lagny-sur-Marne;;CAP Vente en Apprentissage H/F;Offre partenaire (France Travail…);CAP Vente en Apprentissage H/F;CAP, BEP (Infrabac);Apprentissage, Professionnalisation;2026-09-08;;;1;https://labonnealternance.apprentissage.beta.gouv.fr/emploi/offres_emploi_partenaires/6a5569836a281b681b463995/cap-vente-en-apprentissage-h-f
7.9;CABINET MARMAGNE;Immobilier;NDRC;Lagny-Sur-Marne;77400;56 rue Saint Laurent 77400 LAGNY-SUR-MARNE;Activité des géomètres;Chargé / Chargée d'études commerciales;Entreprise susceptible de recruter (candidature spontanée);;;Apprentissage, Professionnalisation;;;34415175800044;1;https://labonnealternance.apprentissage.beta.gouv.fr/emploi/recruteurs_lba/34415175800044/cabinet-marmagne
7.9;L'ATELIER DE VALERIE;Maison, bricolage & jardin;MCO;Lagny-Sur-Marne;77400;8 place de la Fontaine 77400 LAGNY-SUR-MARNE;Commerce de détail de fleurs, plantes, graines, engrais, animaux de compagnie et aliments pour ces animaux en magasin spécialisé;"Responsable de boutique ; Vendeur / Vendeuse conseil en jardinerie ; Vendeur / Vendeuse en animalerie ; Hôte / Hôtesse de caisse ; Chef / Cheffe de rayon de produits non alimentaires";Entreprise susceptible de recruter (candidature spontanée);;;Apprentissage, Professionnalisation;;;91209203800013;5;https://labonnealternance.apprentissage.beta.gouv.fr/emploi/recruteurs_lba/91209203800013/l-atelier-de-valerie
7.9;LCS;Services aux entreprises, conseil & communication;MCO + NDRC;Bussy-Saint-Georges;77600;9B boulevard Mendes France 77600 BUSSY-SAINT-GEORGES;Activités de centres d'appels;"Directeur / Directrice de magasin de grande distribution ; Conseiller / Conseillère clientèle à distance ; Responsable relation client (CRM)";Entreprise susceptible de recruter (candidature spontanée);;;Apprentissage, Professionnalisation;;;44452978800028;3;https://labonnealternance.apprentissage.beta.gouv.fr/emploi/recruteurs_lba/44452978800028/lcs
7.9;MAISON ALONSO;Boulangerie & métiers de bouche;MCO;Lagny-Sur-Marne;77400;10 place de la Fontaine 77400 LAGNY-SUR-MARNE;Boulangerie et boulangerie-pâtisserie;Vendeur / Vendeuse en épicerie;Entreprise susceptible de recruter (candidature spontanée);;;Apprentissage, Professionnalisation;;;93235778300012;1;https://labonnealternance.apprentissage.beta.gouv.fr/emploi/recruteurs_lba/93235778300012/maison-alonso
7.9;MAMAJE;Grande distribution & supermarchés;MCO;Lagny-Sur-Marne;77400;22 rue des Marches 77400 LAGNY-SUR-MARNE;Autres commerces de détail en magasin non spécialisé;"Employé / Employée de rayon libre-service ; Responsable de boutique ; Hôte / Hôtesse de caisse ; Directeur / Directrice de magasin de grande distribution ; Chef / Cheffe de rayon de produits non alimentaires ; Chef / Cheffe de rayon produits alimentaires";Entreprise susceptible de recruter (candidature spontanée);;;Apprentissage, Professionnalisation;;;82121786600036;6;https://labonnealternance.apprentissage.beta.gouv.fr/emploi/recruteurs_lba/82121786600036/mamaje
7.9;MARIE FERNANDES;Banque, crédit & assurance;NDRC;Lagny-Sur-Marne;77400;12 RUE SAINT LAURENT 77400 LAGNY-SUR-MARNE;Activités des agents et courtiers d'assurances;"Conseiller / Conseillère en assurances ; Conseiller / Conseillère en gestion de patrimoine";Entreprise susceptible de recruter (candidature spontanée);;;Apprentissage, Professionnalisation;;;34479060500028;2;https://labonnealternance.apprentissage.beta.gouv.fr/emploi/recruteurs_lba/34479060500028/marie-fernandes
7.9;MONOPRIX EXPLOIT PAR ABREVIATION MPX;Grande distribution & supermarchés;MCO;Lagny-Sur-Marne;77400;1 RUE VACHERESSE 77400 LAGNY-SUR-MARNE;Magasins multi-commerces;"Employé / Employée de rayon libre-service ; Hôte / Hôtesse de caisse ; Vendeur / Vendeuse en épicerie ; Responsable de caisses ; Responsable de département en grande distribution ; Chef / Cheffe de rayon produits alimentaires";Entreprise susceptible de recruter (candidature spontanée);;;Apprentissage, Professionnalisation;;;55208329701026;6;https://labonnealternance.apprentissage.beta.gouv.fr/emploi/recruteurs_lba/55208329701026/monoprix-exploit-par-abreviation-mpx
7.9;PPG;Industrie & énergie;MCO;Lagny-Sur-Marne;77400;77400 Lagny-sur-Marne;FABRICATION DE PEINTURES, VERNIS, ENCRES ET MASTICS;Alternant Vendeur H/F;Offre partenaire (France Travail…);Alternant Vendeur H/F;;Apprentissage, Professionnalisation;2026-09-23;;;1;https://labonnealternance.apprentissage.beta.gouv.fr/emploi/offres_emploi_partenaires/6ab59f2268233dbb8f6aabd5/alternant-vendeur-h-f
7.9;RAPID PARE BRISE FERRIERES;Automobile & mobilité;MCO + NDRC;Ferrières-En-Brie;77164;9 AVENUE JAMES DE ROTHSCHILD 77164 FERRIERES-EN-BRIE;Commerce de détail d'équipements automobiles;"Conseiller / Conseillère de vente en pièces de rechange et accessoires de véhicules ; Conseiller / Conseillère client après-vente des véhicules";Entreprise susceptible de recruter (candidature spontanée);;;Apprentissage, Professionnalisation;;;84106743200010;2;https://labonnealternance.apprentissage.beta.gouv.fr/emploi/recruteurs_lba/84106743200010/rapid-pare-brise-ferrieres
7.9;SG - LAGNY (0130.3);Banque, crédit & assurance;NDRC;Lagny-Sur-Marne;77400;4 place de l Hotel de Ville 77400 LAGNY-SUR-MARNE;Autres intermédiations monétaires;"Conseiller / Conseillère de clientèle bancaire ; Chargé / Chargée d'accueil en banque ; Conseiller / Conseillère en gestion de patrimoine";Entreprise susceptible de recruter (candidature spontanée);;;Apprentissage, Professionnalisation;;;55212022236975;3;https://labonnealternance.apprentissage.beta.gouv.fr/emploi/recruteurs_lba/55212022236975/sg-lagny-0130-3
7.9;YUKI-NEIGE;Mode, chaussures & accessoires;MCO;Lagny-Sur-Marne;77400;20 rue des Marches 77400 LAGNY-SUR-MARNE;Commerce de détail d'habillement en magasin spécialisé;"Vendeur / Vendeuse en prêt-à-porter ; Responsable de boutique ; Hôte / Hôtesse de caisse ; Directeur / Directrice de magasin de grande distribution";Entreprise susceptible de recruter (candidature spontanée);;;Apprentissage, Professionnalisation;;;81138359500030;4;https://labonnealternance.apprentissage.beta.gouv.fr/emploi/recruteurs_lba/81138359500030/yuki-neige
8.0;CAISSE D'EPARGNE ET DE PREVOYANCE ILE-DE-FRANCE;Banque, crédit & assurance;NDRC;Lagny-Sur-Marne;77400;3 PL DE L HOTEL DEVILLE 77400 LAGNY-SUR-MARNE;Autres intermédiations monétaires;"Conseiller / Conseillère de clientèle bancaire ; Chargé / Chargée d'accueil en banque ; Conseiller / Conseillère en gestion de patrimoine";Entreprise susceptible de recruter (candidature spontanée);;;Apprentissage, Professionnalisation;;;38290094200709;3;https://labonnealternance.apprentissage.beta.gouv.fr/emploi/recruteurs_lba/38290094200709/caisse-d-epargne-et-de-prevoyance-ile-de-france
8.0;CARREFOUR MARKET;Immobilier;NDRC;Bussy-Saint-Georges;77600;3 rue de l Aviateur Martel 77600 BUSSY-SAINT-GEORGES;LOCATION DE TERRAINS ET D'AUTRES BIENS IMMOBILIERS;"Conseiller / Conseillère immobilier ; Conseiller commercial / Conseillère commerciale auprès des particuliers";Entreprise susceptible de recruter (candidature spontanée);;;Apprentissage, Professionnalisation;;;44028375206959;2;https://labonnealternance.apprentissage.beta.gouv.fr/emploi/recruteurs_lba/44028375206959/carrefour-market
8.0;CIC BUREAU DE BUSSY ST GEORGES;Banque, crédit & assurance;NDRC;Bussy-Saint-Georges;77600;RUE KONRAD ADENAUER 77600 BUSSY-SAINT-GEORGES;Autres intermédiations monétaires;"Conseiller / Conseillère de clientèle bancaire ; Chargé / Chargée d'accueil en banque ; Conseiller / Conseillère en gestion de patrimoine ; Chargé / Chargée d'affaires bancaires entreprise";Entreprise susceptible de recruter (candidature spontanée);;;Apprentissage, Professionnalisation;;;75480071202497;4;https://labonnealternance.apprentissage.beta.gouv.fr/emploi/recruteurs_lba/75480071202497/cic-bureau-de-bussy-st-georges
8.0;CREDIT LYONNAIS;Banque, crédit & assurance;NDRC;Lagny-Sur-Marne;77400;48 rue du chemin de Fer 77400 LAGNY-SUR-MARNE;Autres intermédiations monétaires;"Conseiller / Conseillère de clientèle bancaire ; Chargé / Chargée d'accueil en banque ; Conseiller / Conseillère en gestion de patrimoine";Entreprise susceptible de recruter (candidature spontanée);;;Apprentissage, Professionnalisation;;;95450974106034;3;https://labonnealternance.apprentissage.beta.gouv.fr/emploi/recruteurs_lba/95450974106034/credit-lyonnais
8.0;Dream donuts;Boulangerie & métiers de bouche;MCO + NDRC;Lagny-Sur-Marne;77400;52 rue du chemin de Fer 77400 LAGNY-SUR-MARNE;Commerce de détail de pain, pâtisserie et confiserie en magasin spécialisé;"Vendeur / Vendeuse en épicerie ; Conseiller / Conseillère clientèle à distance";Entreprise susceptible de recruter (candidature spontanée);;;Apprentissage, Professionnalisation;;;94814307800020;2;https://labonnealternance.apprentissage.beta.gouv.fr/emploi/recruteurs_lba/94814307800020/dream-donuts
8.0;LA FABRIC'A DELICES;Boulangerie & métiers de bouche;MCO;Lagny-Sur-Marne;77400;43 RUE DU CHEMIN DE FER 77400 LAGNY-SUR-MARNE;Pâtisserie;Vendeur / Vendeuse en épicerie;Entreprise susceptible de recruter (candidature spontanée);;;Apprentissage, Professionnalisation;;;91250501300017;1;https://labonnealternance.apprentissage.beta.gouv.fr/emploi/recruteurs_lba/91250501300017/la-fabric-a-delices
8.0;LE CRAQUANT;Boulangerie & métiers de bouche;MCO;Lagny-Sur-Marne;77400;17 RUE DU CHEMIN DE FER 77400 LAGNY-SUR-MARNE;Boulangerie et boulangerie-pâtisserie;Vendeur / Vendeuse en épicerie;Entreprise susceptible de recruter (candidature spontanée);;;Apprentissage, Professionnalisation;;;84887888000022;1;https://labonnealternance.apprentissage.beta.gouv.fr/emploi/recruteurs_lba/84887888000022/le-craquant
8.0;Nestenn;Immobilier;NDRC;Roissy-En-Brie;77680;2 AVENUE ANCEL DE GARLANDE 77680 ROISSY-EN-BRIE;Agences immobilières;Conseiller / Conseillère immobilier;Entreprise susceptible de recruter (candidature spontanée);;;Apprentissage, Professionnalisation;;;90519747100014;1;https://labonnealternance.apprentissage.beta.gouv.fr/emploi/recruteurs_lba/90519747100014/nestenn
8.0;PIX'CELLE;High-tech, électroménager & télécoms;NDRC;Bussy-Saint-Georges;77600;2 place Fulgence Bienvenue 77600 BUSSY-SAINT-GEORGES;Réparation d'ordinateurs et d'équipements périphériques;Responsable Commercial / Commerciale;Entreprise susceptible de recruter (candidature spontanée);;;Apprentissage, Professionnalisation;;;48055087000020;1;https://labonnealternance.apprentissage.beta.gouv.fr/emploi/recruteurs_lba/48055087000020/pix-celle
8.0;SAVEURS D'ANTAN;Boulangerie & métiers de bouche;MCO;Pontault-Combault;77340;7 RUE DE LA LIBERATION 77340 PONTAULT-COMBAULT;Boulangerie et boulangerie-pâtisserie;Vendeur / Vendeuse en épicerie;Entreprise susceptible de recruter (candidature spontanée);;;Apprentissage, Professionnalisation;;;88983909800023;1;https://labonnealternance.apprentissage.beta.gouv.fr/emploi/recruteurs_lba/88983909800023/saveurs-d-antan
8.0;SERGIC;Services aux entreprises, conseil & communication;NDRC;Bussy-Saint-Georges;77600;7 RUE KONRAD ADENAUER 77600 BUSSY-SAINT-GEORGES;Supports juridiques de programmes;Assistant commercial / Assistante commerciale;Entreprise susceptible de recruter (candidature spontanée);;;Apprentissage, Professionnalisation;;;42874890900341;1;https://labonnealternance.apprentissage.beta.gouv.fr/emploi/recruteurs_lba/42874890900341/sergic
8.0;SOPHIE FLEURS;Maison, bricolage & jardin;MCO;Lagny-Sur-Marne;77400;10 rue du chemin de Fer 77400 LAGNY-SUR-MARNE;Commerce de détail de fleurs, plantes, graines, engrais, animaux de compagnie et aliments pour ces animaux en magasin spécialisé;"Responsable de boutique ; Vendeur / Vendeuse conseil en jardinerie ; Vendeur / Vendeuse en animalerie ; Hôte / Hôtesse de caisse ; Chef / Cheffe de rayon de produits non alimentaires";Entreprise susceptible de recruter (candidature spontanée);;;Apprentissage, Professionnalisation;;;90174688300015;5;https://labonnealternance.apprentissage.beta.gouv.fr/emploi/recruteurs_lba/90174688300015/sophie-fleurs
8.0;VAPE & BOTANIQUE;Autres commerces de détail;NDRC;Bussy-Saint-Georges;77600;16 RUE JEAN MONNET 77600 BUSSY-SAINT-GEORGES;Autres commerces de détail spécialisés divers;Responsable relation client (CRM);Entreprise susceptible de recruter (candidature spontanée);;;Apprentissage, Professionnalisation;;;89080798500019;1;https://labonnealternance.apprentissage.beta.gouv.fr/emploi/recruteurs_lba/89080798500019/vape-botanique
8.0;WELCOME BAZAR;Immobilier;NDRC;Lagny-Sur-Marne;77400;6 RUE DU DOCTEUR NAUDIER 77400 LAGNY-SUR-MARNE;LOCATION DE TERRAINS ET D'AUTRES BIENS IMMOBILIERS;"Conseiller / Conseillère immobilier ; Conseiller commercial / Conseillère commerciale auprès des particuliers";Entreprise susceptible de recruter (candidature spontanée);;;Apprentissage, Professionnalisation;;;81284418100014;2;https://labonnealternance.apprentissage.beta.gouv.fr/emploi/recruteurs_lba/81284418100014/welcome-bazar
8.1;ATMOSPHERE;Maison, bricolage & jardin;MCO;Bussy-Saint-Georges;77600;57 boulevard Antoine Giroust 77600 BUSSY-SAINT-GEORGES;Commerce de détail de meubles;"Vendeur / Vendeuse en équipement de la maison ; Hôte / Hôtesse de caisse";Entreprise susceptible de recruter (candidature spontanée);;;Apprentissage, Professionnalisation;;;35247937200075;2;https://labonnealternance.apprentissage.beta.gouv.fr/emploi/recruteurs_lba/35247937200075/atmosphere
8.1;CAKE CITRON;Boulangerie & métiers de bouche;MCO;Bussy-Saint-Georges;77600;16 rue Paul Delouvrier 77600 BUSSY-SAINT-GEORGES;Boulangerie et boulangerie-pâtisserie;Vendeur / Vendeuse en épicerie;Entreprise susceptible de recruter (candidature spontanée);;;Apprentissage, Professionnalisation;;;91908934200019;1;https://labonnealternance.apprentissage.beta.gouv.fr/emploi/recruteurs_lba/91908934200019/cake-citron
8.1;H MARKET;Grande distribution & supermarchés;MCO;Pontault-Combault;77340;20 Rue de la Noyeraie 77340 Pontault-Combault;Supermarchés;"Employé / Employée de rayon libre-service ; Directeur / Directrice de magasin de grande distribution ; Hôte / Hôtesse de caisse ; Responsable de caisses ; Chef / Cheffe de rayon produits alimentaires";Entreprise susceptible de recruter (candidature spontanée);;;Apprentissage, Professionnalisation;;;81267965200014;5;https://labonnealternance.apprentissage.beta.gouv.fr/emploi/recruteurs_lba/81267965200014/h-market
8.1;INTERMARCHE;Grande distribution & supermarchés;MCO;Ferrières-En-Brie;77164;Place des Merlettes 77164 Ferrières-en-Brie;Supermarchés;"Employé / Employée de rayon libre-service ; Directeur / Directrice de magasin de grande distribution ; Hôte / Hôtesse de caisse ; Responsable de caisses ; Chef / Cheffe de rayon produits alimentaires";Entreprise susceptible de recruter (candidature spontanée);;;Apprentissage, Professionnalisation;;;97865872200027;5;https://labonnealternance.apprentissage.beta.gouv.fr/emploi/recruteurs_lba/97865872200027/intermarche
8.1;La Poste;La Poste & services publics;NDRC;Bussy-Saint-Georges;77600;10 place Fulgence Bienvenue 77600 BUSSY-SAINT-GEORGES;Activités de poste dans le cadre d'une obligation de service universel;Responsable relation client (CRM);Entreprise susceptible de recruter (candidature spontanée);;;Apprentissage, Professionnalisation;;;35600000066568;1;https://labonnealternance.apprentissage.beta.gouv.fr/emploi/recruteurs_lba/35600000066568/la-poste
8.1;LAFORET IMMOBILIER;Immobilier;NDRC;Roissy-En-Brie;77680;10 avenue du General Leclerc 77680 ROISSY-EN-BRIE;Agences immobilières;Conseiller / Conseillère immobilier;Entreprise susceptible de recruter (candidature spontanée);;;Apprentissage, Professionnalisation;;;90458067700014;1;https://labonnealternance.apprentissage.beta.gouv.fr/emploi/recruteurs_lba/90458067700014/laforet-immobilier
8.1;MARTIN BROTHERS MOBILITY;Automobile & mobilité;MCO + NDRC;Pontault-Combault;77340;2T rue de l Epinette 77340 PONTAULT-COMBAULT;Commerce de voitures et de véhicules automobiles légers;"Vendeur / Vendeuse automobile ; Conseiller / Conseillère client après-vente des véhicules";Entreprise susceptible de recruter (candidature spontanée);;;Apprentissage, Professionnalisation;;;93158603600028;2;https://labonnealternance.apprentissage.beta.gouv.fr/emploi/recruteurs_lba/93158603600028/martin-brothers-mobility
8.1;REGAL PONTAULT;Boulangerie & métiers de bouche;MCO + NDRC;Pontault-Combault;77340;1 RUE SAINT CLAUDE 77340 PONTAULT-COMBAULT;Commerce de détail de pain, pâtisserie et confiserie en magasin spécialisé;"Vendeur / Vendeuse en épicerie ; Conseiller / Conseillère clientèle à distance";Entreprise susceptible de recruter (candidature spontanée);;;Apprentissage, Professionnalisation;;;34468435200018;2;https://labonnealternance.apprentissage.beta.gouv.fr/emploi/recruteurs_lba/34468435200018/regal-pontault
8.1;SENA AUTO PONTAULT;Automobile & mobilité;MCO + NDRC;Pontault-Combault;77340;1 RUE SAINT CLAUDE 77340 PONTAULT-COMBAULT;Commerce de détail d'équipements automobiles;"Conseiller / Conseillère de vente en pièces de rechange et accessoires de véhicules ; Conseiller / Conseillère client après-vente des véhicules";Entreprise susceptible de recruter (candidature spontanée);;;Apprentissage, Professionnalisation;;;89782461100015;2;https://labonnealternance.apprentissage.beta.gouv.fr/emploi/recruteurs_lba/89782461100015/sena-auto-pontault
8.2;Carrefour;Grande distribution & supermarchés;MCO;Pontault-Combault;77340;RUE DU FORT 77340 PONTAULT-COMBAULT;Hypermarchés;"Employé / Employée de rayon libre-service ; Hôte / Hôtesse de caisse ; Chef / Cheffe de rayon produits alimentaires ; Vendeur / Vendeuse en épicerie";Entreprise susceptible de recruter (candidature spontanée);;;Apprentissage, Professionnalisation;;;45132133500973;4;https://labonnealternance.apprentissage.beta.gouv.fr/emploi/recruteurs_lba/45132133500973/carrefour
8.2;CENTRALE D'ACHAT INTERNATIONAL;Commerce de gros / B2B;NDRC;Pontault-Combault;77340;4 rue du Fort 77340 PONTAULT-COMBAULT;Commerce de gros (commerce interentreprises) non spécialisé;"Technico-commercial / Technico-commerciale ; Assistant commercial / Assistante commerciale ; Conseiller / Conseillère en gestion de patrimoine";Entreprise susceptible de recruter (candidature spontanée);;;Apprentissage, Professionnalisation;;;79902028400094;3;https://labonnealternance.apprentissage.beta.gouv.fr/emploi/recruteurs_lba/79902028400094/centrale-d-achat-international
8.2;CITE DU VOYAGE;Tourisme & transport;MCO;Thorigny-Sur-Marne;77400;49 rue Carnot 77400 THORIGNY-SUR-MARNE;Activités des agences de voyage;"Employé / Employée de rayon libre-service ; Hôte / Hôtesse de caisse";Entreprise susceptible de recruter (candidature spontanée);;;Apprentissage, Professionnalisation;;;39168470100025;2;https://labonnealternance.apprentissage.beta.gouv.fr/emploi/recruteurs_lba/39168470100025/cite-du-voyage
8.2;H&R GESTION;Services aux entreprises, conseil & communication;NDRC;Ferrières-En-Brie;77164;1 avenue Joseph Paxton 77164 FERRIERES-EN-BRIE;Activités des sociétés holding;Conseiller / Conseillère immobilier;Entreprise susceptible de recruter (candidature spontanée);;;Apprentissage, Professionnalisation;;;79013943000017;1;https://labonnealternance.apprentissage.beta.gouv.fr/emploi/recruteurs_lba/79013943000017/h-r-gestion
8.2;HI-YU;Services aux entreprises, conseil & communication;MCO;Ferrières-En-Brie;77164;1 Avenue Joseph Paxton 77164 Ferrières-en-Brie;Autres activités de soutien aux entreprises n.c.a.;Animateur / Animatrice des ventes;Entreprise susceptible de recruter (candidature spontanée);;;Apprentissage, Professionnalisation;;;88190006200012;1;https://labonnealternance.apprentissage.beta.gouv.fr/emploi/recruteurs_lba/88190006200012/hi-yu
8.2;JARDINS ANIMES;Vente à distance & e-commerce;MCO + NDRC;Pontault-Combault;77340;4 RUE SAINT CLAUDE 77340 PONTAULT-COMBAULT;Vente à distance sur catalogue spécialisé;"Conseiller vendeur / Conseillère vendeuse à domicile ; Vendeur / Vendeuse en prêt-à-porter ; Responsable de boutique ; Délégué médical hospitalier / Déléguée médicale hospitalière ; Chargé / Chargée de relation client";Entreprise susceptible de recruter (candidature spontanée);;;Apprentissage, Professionnalisation;;;39938850300043;5;https://labonnealternance.apprentissage.beta.gouv.fr/emploi/recruteurs_lba/39938850300043/jardins-animes
8.2;La Poste;La Poste & services publics;NDRC;Lagny-Sur-Marne;77400;108 rue Saint Denis 77400 LAGNY-SUR-MARNE;Activités de poste dans le cadre d'une obligation de service universel;Responsable relation client (CRM);Entreprise susceptible de recruter (candidature spontanée);;;Apprentissage, Professionnalisation;;;35600000040138;1;https://labonnealternance.apprentissage.beta.gouv.fr/emploi/recruteurs_lba/35600000040138/la-poste
8.2;TENNISLAND;Sport, loisirs & culture;MCO + NDRC;Pontault-Combault;77340;2T rue de l Epinette 77340 PONTAULT-COMBAULT;Commerce de détail d'articles de sport en magasin spécialisé;"Vendeur / Vendeuse d'articles de sport et loisirs ; Hôte / Hôtesse de caisse ; Chef / Cheffe de rayon de produits non alimentaires ; Vendeur / Vendeuse en prêt-à-porter ; Vendeur / Vendeuse grossiste en équipement du foyer";Entreprise susceptible de recruter (candidature spontanée);;;Apprentissage, Professionnalisation;;;49513068400022;5;https://labonnealternance.apprentissage.beta.gouv.fr/emploi/recruteurs_lba/49513068400022/tennisland
8.3;Action;Grande distribution & supermarchés;MCO;Pontault-Combault;77340;RUE MONTHETY 77340 PONTAULT-COMBAULT;Autres commerces de détail en magasin non spécialisé;"Employé / Employée de rayon libre-service ; Responsable de boutique ; Directeur / Directrice de magasin de grande distribution ; Hôte / Hôtesse de caisse ; Chef / Cheffe de rayon de produits non alimentaires";Entreprise susceptible de recruter (candidature spontanée);;;Apprentissage, Professionnalisation;;;75330823802625;5;https://labonnealternance.apprentissage.beta.gouv.fr/emploi/recruteurs_lba/75330823802625/action
8.3;BOULANGERIE LOUISE;Boulangerie & métiers de bouche;MCO;Pontault-Combault;77340;RUE DE MONTHETY 77340 PONTAULT-COMBAULT;Boulangerie et boulangerie-pâtisserie;Vendeur / Vendeuse en épicerie;Entreprise susceptible de recruter (candidature spontanée);;;Apprentissage, Professionnalisation;;;80767029400022;1;https://labonnealternance.apprentissage.beta.gouv.fr/emploi/recruteurs_lba/80767029400022/boulangerie-louise
8.3;CHAUSSEA;Mode, chaussures & accessoires;MCO;Pontault-Combault;77340;37 RUE MONTHETY 77340 PONTAULT-COMBAULT;Commerce de détail de la chaussure;"Responsable de boutique ; Vendeur / Vendeuse en prêt-à-porter ; Vendeur / Vendeuse d'articles de sport et loisirs ; Gérant / Gérante de magasin d'alimentation générale ; Directeur / Directrice de magasin de grande distribution";Entreprise susceptible de recruter (candidature spontanée);;;Apprentissage, Professionnalisation;;;33026769103546;5;https://labonnealternance.apprentissage.beta.gouv.fr/emploi/recruteurs_lba/33026769103546/chaussea
8.3;HYGIENE APPLICATION PRODUITS INDUSTRIELS ET ENTRETIEN.;Commerce de gros / B2B;MCO + NDRC;Pontault-Combault;77340;6 rue de l Epinette 77340 PONTAULT-COMBAULT;Commerce de gros (commerce interentreprises) de vaisselle, verrerie et produits d'entretien;"Chef / Cheffe des ventes ; Commercial / Commerciale grands comptes et entreprises ; Commercial / Commerciale export";Entreprise susceptible de recruter (candidature spontanée);;;Apprentissage, Professionnalisation;;;38370495400023;3;https://labonnealternance.apprentissage.beta.gouv.fr/emploi/recruteurs_lba/38370495400023/hygiene-application-produits-industriels-et-entretien
8.3;INTERSPORT CENTRE COMMERCIAL CARREFOUR;Sport, loisirs & culture;MCO + NDRC;Pontault-Combault;77340;RUE DE MONTHETY 77340 PONTAULT-COMBAULT;Commerce de détail d'articles de sport en magasin spécialisé;"Vendeur / Vendeuse d'articles de sport et loisirs ; Hôte / Hôtesse de caisse ; Chef / Cheffe de rayon de produits non alimentaires ; Vendeur / Vendeuse en prêt-à-porter ; Vendeur / Vendeuse grossiste en équipement du foyer";Entreprise susceptible de recruter (candidature spontanée);;;Apprentissage, Professionnalisation;;;79873029700024;5;https://labonnealternance.apprentissage.beta.gouv.fr/emploi/recruteurs_lba/79873029700024/intersport-centre-commercial-carrefour
8.3;KIABI;Mode, chaussures & accessoires;MCO;Pontault-Combault;77340;37 RUE DE MONTHETY 77340 PONTAULT-COMBAULT;Commerce de détail d'habillement en magasin spécialisé;"Vendeur / Vendeuse en prêt-à-porter ; Responsable de boutique ; Hôte / Hôtesse de caisse ; Directeur / Directrice de magasin de grande distribution";Entreprise susceptible de recruter (candidature spontanée);;;Apprentissage, Professionnalisation;;;34410327001310;4;https://labonnealternance.apprentissage.beta.gouv.fr/emploi/recruteurs_lba/34410327001310/kiabi
8.3;Okaidi;Mode, chaussures & accessoires;MCO;Pontault-Combault;77340;rue de Monthety 77340 PONTAULT-COMBAULT;Commerce de détail d'habillement en magasin spécialisé;"Vendeur / Vendeuse en prêt-à-porter ; Responsable de boutique ; Directeur / Directrice de magasin de grande distribution ; Hôte / Hôtesse de caisse";Entreprise susceptible de recruter (candidature spontanée);;;Apprentissage, Professionnalisation;;;39811044505092;4;https://labonnealternance.apprentissage.beta.gouv.fr/emploi/recruteurs_lba/39811044505092/okaidi
8.3;PROMOVACANCES;Tourisme & transport;MCO;Pontault-Combault;77340;rue de Monthety 77340 PONTAULT-COMBAULT;Activités des agences de voyage;"Employé / Employée de rayon libre-service ; Hôte / Hôtesse de caisse";Entreprise susceptible de recruter (candidature spontanée);;;Apprentissage, Professionnalisation;;;91793124800020;2;https://labonnealternance.apprentissage.beta.gouv.fr/emploi/recruteurs_lba/91793124800020/promovacances
8.3;Sephora;Beauté, santé & parfumerie;MCO;Pontault-Combault;77340;RUE MONTHETY 77340 PONTAULT-COMBAULT;Commerce de détail de parfumerie et de produits de beauté en magasin spécialisé;"Responsable de boutique ; Employé / Employée de rayon libre-service";Entreprise susceptible de recruter (candidature spontanée);;;Apprentissage, Professionnalisation;;;39371228603916;2;https://labonnealternance.apprentissage.beta.gouv.fr/emploi/recruteurs_lba/39371228603916/sephora
8.4;AUBADE Ceylan;Commerce de gros / B2B;MCO + NDRC;Pontault-Combault;77340;26 Rue de Paris 77340 Pontault-Combault;COMMERCE DE GROS (COMMERCE INTERENTREPRISES) D'AUTRES BIENS DOMESTIQUES;"Assistant / Assistante administration des ventes ; Assistant commercial / Assistante commerciale";Entreprise susceptible de recruter (candidature spontanée);;;Apprentissage, Professionnalisation;;;80823088200025;2;https://labonnealternance.apprentissage.beta.gouv.fr/emploi/recruteurs_lba/80823088200025/aubade-ceylan
8.4;COSTCO WHOLESALE;Grande distribution & supermarchés;MCO + NDRC;Pontault-Combault;77340;35 Rue de Paris 77340 Pontault-Combault;Hypermarchés;"Vendeur / Vendeuse en épicerie ; Vendeur / Vendeuse grossiste en produits frais";Entreprise susceptible de recruter (candidature spontanée);;;Apprentissage, Professionnalisation;;;51363791800097;2;https://labonnealternance.apprentissage.beta.gouv.fr/emploi/recruteurs_lba/51363791800097/costco-wholesale
8.4;D.P.I;Autres commerces de détail;NDRC;Pontault-Combault;77340;94 RUE DE MONTHETY 77340 PONTAULT-COMBAULT;Autres commerces de détail spécialisés divers;Responsable relation client (CRM);Entreprise susceptible de recruter (candidature spontanée);;;Apprentissage, Professionnalisation;;;48023775900042;1;https://labonnealternance.apprentissage.beta.gouv.fr/emploi/recruteurs_lba/48023775900042/d-p-i
8.4;M.A. CUCINE;Maison, bricolage & jardin;MCO;Pontault-Combault;77340;23 Rue de Paris 77340 Pontault-Combault;Commerce de détail de meubles;"Vendeur / Vendeuse en équipement de la maison ; Hôte / Hôtesse de caisse";Entreprise susceptible de recruter (candidature spontanée);;;Apprentissage, Professionnalisation;;;51932020400026;2;https://labonnealternance.apprentissage.beta.gouv.fr/emploi/recruteurs_lba/51932020400026/m-a-cucine
8.4;MAXI BAZAR;Autres commerces de détail;NDRC;Pontault-Combault;77340;35 Rue de Paris 77340 Pontault-Combault;Autres commerces de détail spécialisés divers;Responsable relation client (CRM);Entreprise susceptible de recruter (candidature spontanée);;;Apprentissage, Professionnalisation;;;31232697800730;1;https://labonnealternance.apprentissage.beta.gouv.fr/emploi/recruteurs_lba/31232697800730/maxi-bazar
8.4;PARIS PERFORMANCE;Automobile & mobilité;NDRC;Pontault-Combault;77340;94 RUE MONTHETY 77340 PONTAULT-COMBAULT;Commerce et réparation de motocycles;"Conseiller commercial / Conseillère commerciale motocycles ; Conseiller / Conseillère client après-vente des véhicules";Entreprise susceptible de recruter (candidature spontanée);;;Apprentissage, Professionnalisation;;;91939359500013;2;https://labonnealternance.apprentissage.beta.gouv.fr/emploi/recruteurs_lba/91939359500013/paris-performance
8.4;TOPOGRAPHES ET GEOMETRES ASSOCIES TEG ASSOCIES;Immobilier;NDRC;Pontault-Combault;77340;40 RUE RAOUL DAUTRY 77340 PONTAULT-COMBAULT;Activité des géomètres;Chargé / Chargée d'études commerciales;Entreprise susceptible de recruter (candidature spontanée);;;Apprentissage, Professionnalisation;;;39030443400017;1;https://labonnealternance.apprentissage.beta.gouv.fr/emploi/recruteurs_lba/39030443400017/topographes-et-geometres-associes-teg-associes
8.4;TRIUMPH PONTAULT COMBAULT;Automobile & mobilité;NDRC;Pontault-Combault;77340;94 rue de Monthety 77340 PONTAULT-COMBAULT;Commerce et réparation de motocycles;"Conseiller commercial / Conseillère commerciale motocycles ; Conseiller / Conseillère client après-vente des véhicules";Entreprise susceptible de recruter (candidature spontanée);;;Apprentissage, Professionnalisation;;;91938877700014;2;https://labonnealternance.apprentissage.beta.gouv.fr/emploi/recruteurs_lba/91938877700014/triumph-pontault-combault
8.4;WE AUDITION;Beauté, santé & parfumerie;MCO + NDRC;Pontault-Combault;77340;Rue Monthety 77340 Pontault-Combault;Commerce de détail d'articles médicaux et orthopédiques en magasin spécialisé;Délégué médical hospitalier / Déléguée médicale hospitalière;Entreprise susceptible de recruter (candidature spontanée);;;Apprentissage, Professionnalisation;;;91527507700013;2;https://labonnealternance.apprentissage.beta.gouv.fr/emploi/recruteurs_lba/91527507700013/we-audition
8.5;AGENCE DISTRIBUTION IFE;High-tech, électroménager & télécoms;MCO;Pontault-Combault;77340;Rue de Paris 77340 Pontault-Combault;Commerce de détail de matériels de télécommunication en magasin spécialisé;"Vendeur / Vendeuse en équipement de la maison ; Conseiller vendeur / Conseillère vendeuse à domicile ; Chef / Cheffe de rayon de produits non alimentaires";Entreprise susceptible de recruter (candidature spontanée);;;Apprentissage, Professionnalisation;;;38012986635812;3;https://labonnealternance.apprentissage.beta.gouv.fr/emploi/recruteurs_lba/38012986635812/agence-distribution-ife
8.5;CELIO FRANCE;Mode, chaussures & accessoires;MCO;Pontault-Combault;77340;Rue de Paris 77340 Pontault-Combault;Commerce de détail d'habillement en magasin spécialisé;"Vendeur / Vendeuse en prêt-à-porter ; Responsable de boutique ; Hôte / Hôtesse de caisse ; Directeur / Directrice de magasin de grande distribution";Entreprise susceptible de recruter (candidature spontanée);;;Apprentissage, Professionnalisation;;;31333485601353;4;https://labonnealternance.apprentissage.beta.gouv.fr/emploi/recruteurs_lba/31333485601353/celio-france
8.5;DEVRED;Mode, chaussures & accessoires;MCO;Pontault-Combault;77340;Rue de Paris 77340 Pontault-Combault;Commerce de détail d'habillement en magasin spécialisé;"Vendeur / Vendeuse en prêt-à-porter ; Responsable de boutique ; Hôte / Hôtesse de caisse ; Directeur / Directrice de magasin de grande distribution";Entreprise susceptible de recruter (candidature spontanée);;;Apprentissage, Professionnalisation;;;34294896500898;4;https://labonnealternance.apprentissage.beta.gouv.fr/emploi/recruteurs_lba/34294896500898/devred
8.5;DISTRILAP;Commerce de gros / B2B;NDRC;Pontault-Combault;77340;Rue de Paris 77340 Pontault-Combault;Intermédiaires du commerce en bois et matériaux de construction;"Assistant commercial / Assistante commerciale ; Conseiller commercial / Conseillère commerciale auprès des particuliers";Entreprise susceptible de recruter (candidature spontanée);;;Apprentissage, Professionnalisation;;;38958937501232;2;https://labonnealternance.apprentissage.beta.gouv.fr/emploi/recruteurs_lba/38958937501232/distrilap
8.5;EASY CASH;Autres commerces de détail;MCO;Pontault-Combault;77340;rue du Bois Notre Dame 77340 PONTAULT-COMBAULT;Commerce de détail de biens d'occasion en magasin;"Vendeur / Vendeuse en équipement de la maison ; Vendeur / Vendeuse en prêt-à-porter";Entreprise susceptible de recruter (candidature spontanée);;;Apprentissage, Professionnalisation;;;52344665600028;2;https://labonnealternance.apprentissage.beta.gouv.fr/emploi/recruteurs_lba/52344665600028/easy-cash
8.5;FEU VERT;Automobile & mobilité;MCO + NDRC;Pontault-Combault;77340;Rue de Paris 77340 Pontault-Combault;Commerce de détail d'équipements automobiles;"Conseiller / Conseillère de vente en pièces de rechange et accessoires de véhicules ; Conseiller / Conseillère client après-vente des véhicules";Entreprise susceptible de recruter (candidature spontanée);;;Apprentissage, Professionnalisation;;;79184629800028;2;https://labonnealternance.apprentissage.beta.gouv.fr/emploi/recruteurs_lba/79184629800028/feu-vert
8.5;FRANCAISE D'ORGANISATION DE MATERIEL EQUESTRE ET SPORTIF - FORMES EQUESTRES;Sport, loisirs & culture;MCO + NDRC;Pontault-Combault;77340;Rue de Paris 77340 Pontault-Combault;Commerce de détail d'articles de sport en magasin spécialisé;"Vendeur / Vendeuse d'articles de sport et loisirs ; Hôte / Hôtesse de caisse ; Chef / Cheffe de rayon de produits non alimentaires ; Vendeur / Vendeuse en prêt-à-porter ; Vendeur / Vendeuse grossiste en équipement du foyer";Entreprise susceptible de recruter (candidature spontanée);;;Apprentissage, Professionnalisation;;;31882700300191;5;https://labonnealternance.apprentissage.beta.gouv.fr/emploi/recruteurs_lba/31882700300191/francaise-d-organisation-de-materiel-equestre-et-sportif-formes-equestres
8.5;ILE DE FRANCE POIDS LOURDS;Commerce de gros / B2B;MCO + NDRC;Pontault-Combault;77340;21 rue de Paris 77340 PONTAULT-COMBAULT;Commerce de gros d'équipements automobiles;Vendeur / Vendeuse grossiste en équipement du foyer;Entreprise susceptible de recruter (candidature spontanée);;;Apprentissage, Professionnalisation;;;34513513100117;1;https://labonnealternance.apprentissage.beta.gouv.fr/emploi/recruteurs_lba/34513513100117/ile-de-france-poids-lourds
8.5;JEFF DE BRUGES - DRAGEES MARTIAL;Boulangerie & métiers de bouche;MCO + NDRC;Pontault-Combault;77340;Rue de Paris 77340 Pontault-Combault;Commerce de détail de pain, pâtisserie et confiserie en magasin spécialisé;"Vendeur / Vendeuse en épicerie ; Conseiller / Conseillère clientèle à distance";Entreprise susceptible de recruter (candidature spontanée);;;Apprentissage, Professionnalisation;;;95134679000029;2;https://labonnealternance.apprentissage.beta.gouv.fr/emploi/recruteurs_lba/95134679000029/jeff-de-bruges-dragees-martial
8.5;MATITI;Commerce de gros / B2B;MCO + NDRC;Conches-Sur-Gondoire;77600;22 allee de l Ermitage 77600 CONCHES-SUR-GONDOIRE;COMMERCE DE GROS (COMMERCE INTERENTREPRISES) D'AUTRES BIENS DOMESTIQUES;"Assistant / Assistante administration des ventes ; Assistant commercial / Assistante commerciale";Entreprise susceptible de recruter (candidature spontanée);;;Apprentissage, Professionnalisation;;;38145158200021;2;https://labonnealternance.apprentissage.beta.gouv.fr/emploi/recruteurs_lba/38145158200021/matiti
8.5;SAVE;High-tech, électroménager & télécoms;MCO;Pontault-Combault;77340;Rue de Paris 77340 Pontault-Combault;Réparation d'équipements de communication;Vendeur / Vendeuse en équipement de la maison;Entreprise susceptible de recruter (candidature spontanée);;;Apprentissage, Professionnalisation;;;83293791600027;1;https://labonnealternance.apprentissage.beta.gouv.fr/emploi/recruteurs_lba/83293791600027/save
8.5;TD SYNNEX FRANCE;Commerce de gros / B2B;NDRC;Bussy-Saint-Georges;77600;5 AVENUE DE L'EUROPE 77600 BUSSY-SAINT-GEORGES;Commerce de gros (commerce interentreprises) d'ordinateurs, d'équipements informatiques périphériques et de logiciels;Technico-commercial / Technico-commerciale;Entreprise susceptible de recruter (candidature spontanée);;;Apprentissage, Professionnalisation;;;72206563800065;1;https://labonnealternance.apprentissage.beta.gouv.fr/emploi/recruteurs_lba/72206563800065/td-synnex-france
8.5;TOTAL ENERGIES;Automobile & mobilité;MCO;Pontault-Combault;77340;Route Nationale 4 77340 Pontault-Combault;Commerce de détail de carburants en magasin spécialisé;"Hôte / Hôtesse de caisse ; Employé / Employée de rayon libre-service";Entreprise susceptible de recruter (candidature spontanée);;;Apprentissage, Professionnalisation;;;30691609902937;2;https://labonnealternance.apprentissage.beta.gouv.fr/emploi/recruteurs_lba/30691609902937/total-energies
8.5;VACANCES CARREFOUR;Tourisme & transport;MCO;Pontault-Combault;77340;Rue de Paris 77340 Pontault-Combault;Activités des agences de voyage;"Employé / Employée de rayon libre-service ; Hôte / Hôtesse de caisse";Entreprise susceptible de recruter (candidature spontanée);;;Apprentissage, Professionnalisation;;;37960197400353;2;https://labonnealternance.apprentissage.beta.gouv.fr/emploi/recruteurs_lba/37960197400353/vacances-carrefour
8.6;AUREIS FORMATION;Sport, loisirs & culture;MCO;Paris;75020;322 RUE DES PYRENEES 75020 PARIS;Commerce de détail d'articles de sport en magasin spécialisé;Vendeur / Vendeuse en prêt-à-porter masculin;Offre publiée sur La bonne alternance;Vendeur / Vendeuse en prêt-à-porter masculin;BTS, DEUST (Bac+2);Apprentissage;2026-07-10;Oui;;1;https://labonnealternance.apprentissage.beta.gouv.fr/emploi/offres_emploi_lba/6a50d8dc8bfdaae34d60e097/vendeur-vendeuse-en-pret-a-porter-masculin
8.6;Botanic;Maison, bricolage & jardin;MCO;Pontault-Combault;77340;Le Pave de Pontault 77340 Pontault-Combault;Commerce de détail de fleurs, plantes, graines, engrais, animaux de compagnie et aliments pour ces animaux en magasin spécialisé;"Responsable de boutique ; Vendeur / Vendeuse conseil en jardinerie ; Vendeur / Vendeuse en animalerie ; Hôte / Hôtesse de caisse ; Chef / Cheffe de rayon de produits non alimentaires";Entreprise susceptible de recruter (candidature spontanée);;;Apprentissage, Professionnalisation;;;31291055700114;5;https://labonnealternance.apprentissage.beta.gouv.fr/emploi/recruteurs_lba/31291055700114/botanic
8.6;DECATHLON FRANCE;Sport, loisirs & culture;MCO + NDRC;Pontault-Combault;77340;rue de la Louvetiere 77340 PONTAULT-COMBAULT;Commerce de détail d'articles de sport en magasin spécialisé;"Vendeur / Vendeuse d'articles de sport et loisirs ; Hôte / Hôtesse de caisse ; Chef / Cheffe de rayon de produits non alimentaires ; Vendeur / Vendeuse en prêt-à-porter ; Vendeur / Vendeuse grossiste en équipement du foyer";Entreprise susceptible de recruter (candidature spontanée);;;Apprentissage, Professionnalisation;;;50056940500813;5;https://labonnealternance.apprentissage.beta.gouv.fr/emploi/recruteurs_lba/50056940500813/decathlon-france
8.7;ARVATO BAT BUSSY;Immobilier;NDRC;Bussy-Saint-Georges;77600;8 avenue de l Europe 77600 BUSSY-SAINT-GEORGES;LOCATION DE TERRAINS ET D'AUTRES BIENS IMMOBILIERS;"Conseiller / Conseillère immobilier ; Conseiller commercial / Conseillère commerciale auprès des particuliers";Entreprise susceptible de recruter (candidature spontanée);;;Apprentissage, Professionnalisation;;;47920782100030;2;https://labonnealternance.apprentissage.beta.gouv.fr/emploi/recruteurs_lba/47920782100030/arvato-bat-bussy
8.7;BIO ROISSY EN BRIE;Grande distribution & supermarchés;MCO;Roissy-En-Brie;77680;2 RUE DE LA CANARDERIE 77680 ROISSY-EN-BRIE;Supérettes;"Employé / Employée de rayon libre-service ; Hôte / Hôtesse de caisse ; Directeur / Directrice de magasin de grande distribution ; Vendeur / Vendeuse en épicerie ; Responsable de caisses ; Chef / Cheffe de rayon produits alimentaires";Entreprise susceptible de recruter (candidature spontanée);;;Apprentissage, Professionnalisation;;;83394171900019;6;https://labonnealternance.apprentissage.beta.gouv.fr/emploi/recruteurs_lba/83394171900019/bio-roissy-en-brie
8.7;POINT P;Commerce de gros / B2B;NDRC;Roissy-En-Brie;77680;7 ROUTE D OZOIR 77680 ROISSY-EN-BRIE;Commerce de gros (commerce interentreprises) de bois et de matériaux de construction;"Technico-commercial / Technico-commerciale ; Commercial itinérant / Commerciale itinérante en entreprise de commerce de gros";Entreprise susceptible de recruter (candidature spontanée);;;Apprentissage, Professionnalisation;;;69568010800641;2;https://labonnealternance.apprentissage.beta.gouv.fr/emploi/recruteurs_lba/69568010800641/point-p
8.7;SUPER U;Grande distribution & supermarchés;MCO;Roissy-En-Brie;77680;2 Rue de la Canarderie 77680 Roissy-en-Brie;Hypermarchés;"Employé / Employée de rayon libre-service ; Hôte / Hôtesse de caisse ; Chef / Cheffe de rayon produits alimentaires ; Vendeur / Vendeuse en épicerie";Entreprise susceptible de recruter (candidature spontanée);;;Apprentissage, Professionnalisation;;;50971606400027;4;https://labonnealternance.apprentissage.beta.gouv.fr/emploi/recruteurs_lba/50971606400027/super-u
8.8;BOULANGERIE F;Boulangerie & métiers de bouche;MCO;Ferrières-En-Brie;77164;avenue Joseph Paxton 77164 FERRIERES-EN-BRIE;Boulangerie et boulangerie-pâtisserie;Vendeur / Vendeuse en épicerie;Entreprise susceptible de recruter (candidature spontanée);;;Apprentissage, Professionnalisation;;;50489345400018;1;https://labonnealternance.apprentissage.beta.gouv.fr/emploi/recruteurs_lba/50489345400018/boulangerie-f
8.8;JEFF DE BRUGES DIFFUSION;Commerce de gros / B2B;MCO;Ferrières-En-Brie;77164;12 AVENUE JOSEPH PAXTON 77164 FERRIERES-EN-BRIE;Commerce de gros (commerce interentreprises) de sucre, chocolat et confiserie;"Chef / Cheffe des ventes ; Responsable de département en grande distribution";Entreprise susceptible de recruter (candidature spontanée);;;Apprentissage, Professionnalisation;;;44898994700024;2;https://labonnealternance.apprentissage.beta.gouv.fr/emploi/recruteurs_lba/44898994700024/jeff-de-bruges-diffusion
8.8;JEFF DE BRUGES EXPLOITATION;Boulangerie & métiers de bouche;MCO + NDRC;Ferrières-En-Brie;77164;12 avenue Joseph Paxton 77164 FERRIERES-EN-BRIE;Commerce de détail de pain, pâtisserie et confiserie en magasin spécialisé;"Vendeur / Vendeuse en épicerie ; Conseiller / Conseillère clientèle à distance";Entreprise susceptible de recruter (candidature spontanée);;;Apprentissage, Professionnalisation;;;44912788500803;2;https://labonnealternance.apprentissage.beta.gouv.fr/emploi/recruteurs_lba/44912788500803/jeff-de-bruges-exploitation
8.8;ORQUERA IMMOBILIER;Immobilier;NDRC;Thorigny-Sur-Marne;77400;6 place du General Leclerc 77400 THORIGNY-SUR-MARNE;Agences immobilières;Conseiller / Conseillère immobilier;Entreprise susceptible de recruter (candidature spontanée);;;Apprentissage, Professionnalisation;;;91898984900016;1;https://labonnealternance.apprentissage.beta.gouv.fr/emploi/recruteurs_lba/91898984900016/orquera-immobilier
8.9;AUTO FERRIERES;Commerce de gros / B2B;MCO + NDRC;Ferrières-En-Brie;77164;3 rue Charles Cordier 77164 FERRIERES-EN-BRIE;Commerce de gros d'équipements automobiles;Vendeur / Vendeuse grossiste en équipement du foyer;Entreprise susceptible de recruter (candidature spontanée);;;Apprentissage, Professionnalisation;;;49940057000028;1;https://labonnealternance.apprentissage.beta.gouv.fr/emploi/recruteurs_lba/49940057000028/auto-ferrieres
8.9;PARTEX;Commerce de gros / B2B;MCO + NDRC;Ferrières-En-Brie;77164;11 rue Charles Cordier 77164 FERRIERES-EN-BRIE;Commerce de gros (commerce interentreprises) de matériel électrique;"Vendeur / Vendeuse grossiste en équipement du foyer ; Technico-commercial / Technico-commerciale";Entreprise susceptible de recruter (candidature spontanée);;;Apprentissage, Professionnalisation;;;77567899800052;2;https://labonnealternance.apprentissage.beta.gouv.fr/emploi/recruteurs_lba/77567899800052/partex
8.9;SEALS COMPANY;Commerce de gros / B2B;NDRC;Ferrières-En-Brie;77164;11 rue Charles Cordier 77164 FERRIERES-EN-BRIE;Commerce de gros (commerce interentreprises) non spécialisé;"Technico-commercial / Technico-commerciale ; Assistant commercial / Assistante commerciale ; Conseiller / Conseillère en gestion de patrimoine";Entreprise susceptible de recruter (candidature spontanée);;;Apprentissage, Professionnalisation;;;49460498600039;3;https://labonnealternance.apprentissage.beta.gouv.fr/emploi/recruteurs_lba/49460498600039/seals-company
9.0;FRANCE DISTRIBUTION;Commerce de gros / B2B;MCO;Ferrières-En-Brie;77164;14 avenue Joseph Paxton 77164 FERRIERES-EN-BRIE;Commerce de gros (commerce interentreprises) de produits surgelés;Chef / Cheffe de secteur magasin;Entreprise susceptible de recruter (candidature spontanée);;;Apprentissage, Professionnalisation;;;31806792300041;1;https://labonnealternance.apprentissage.beta.gouv.fr/emploi/recruteurs_lba/31806792300041/france-distribution
9.2;GA SERVICES;Services aux entreprises, conseil & communication;NDRC;;;BUSSY-SAINT-GEORGES;Activités des sociétés holding;Conseiller / Conseillère immobilier;Entreprise susceptible de recruter (candidature spontanée);;;Apprentissage, Professionnalisation;;;49915484700028;1;https://labonnealternance.apprentissage.beta.gouv.fr/emploi/recruteurs_lba/49915484700028/ga-services
9.2;PROXITECH;Commerce de gros / B2B;MCO + NDRC;Bussy-Saint-Georges;77600;3 avenue Gutenberg 77600 BUSSY-SAINT-GEORGES;Commerce de gros d'équipements automobiles;Vendeur / Vendeuse grossiste en équipement du foyer;Entreprise susceptible de recruter (candidature spontanée);;;Apprentissage, Professionnalisation;;;38110944600041;1;https://labonnealternance.apprentissage.beta.gouv.fr/emploi/recruteurs_lba/38110944600041/proxitech
9.2;VPRO;Mode, chaussures & accessoires;MCO;Thorigny-Sur-Marne;77400;9 RUE LOUIS MARTIN 77400 THORIGNY-SUR-MARNE;Commerce de détail d'habillement en magasin spécialisé;"Vendeur / Vendeuse en prêt-à-porter ; Responsable de boutique ; Hôte / Hôtesse de caisse ; Directeur / Directrice de magasin de grande distribution";Entreprise susceptible de recruter (candidature spontanée);;;Apprentissage, Professionnalisation;;;79760608400029;4;https://labonnealternance.apprentissage.beta.gouv.fr/emploi/recruteurs_lba/79760608400029/vpro
9.3;COMPTOIR GENERAL POUR LA FERMETURE -COGE;Commerce de gros / B2B;MCO + NDRC;Ferrières-En-Brie;77164;avenue Joseph Froelicher 77164 FERRIERES-EN-BRIE;Commerce de gros (commerce interentreprises) de quincaillerie;"Vendeur / Vendeuse grossiste en équipement du foyer ; Technico-commercial / Technico-commerciale ; Commercial itinérant / Commerciale itinérante en entreprise de commerce de gros ; Attaché commercial / Attachée commerciale";Entreprise susceptible de recruter (candidature spontanée);;;Apprentissage, Professionnalisation;;;31335061300151;4;https://labonnealternance.apprentissage.beta.gouv.fr/emploi/recruteurs_lba/31335061300151/comptoir-general-pour-la-fermeture-coge
9.3;FLEXIFAI;High-tech, électroménager & télécoms;NDRC;Bussy-Saint-Georges;77600;12 ALLEE JOSEPHINE BAKER 77600 BUSSY-SAINT-GEORGES;Traitement de données, hébergement et activités connexes;Conseiller / Conseillère en gestion de patrimoine;Entreprise susceptible de recruter (candidature spontanée);;;Apprentissage, Professionnalisation;;;89167582900016;1;https://labonnealternance.apprentissage.beta.gouv.fr/emploi/recruteurs_lba/89167582900016/flexifai
9.4;A LA TRADITIONNELLE;Boulangerie & métiers de bouche;MCO;Ferrières-En-Brie;77164;77164 Ferrières-en-Brie;Boulangerie et boulangerie-pâtisserie;Vendeur / Vendeuse en épicerie;Entreprise susceptible de recruter (candidature spontanée);;;Apprentissage, Professionnalisation;;;88535955400023;1;https://labonnealternance.apprentissage.beta.gouv.fr/emploi/recruteurs_lba/88535955400023/a-la-traditionnelle
9.4;FLEURS DE REVE;Maison, bricolage & jardin;MCO;Ferrières-En-Brie;77164;77164 Ferrières-en-Brie;Commerce de détail de fleurs, plantes, graines, engrais, animaux de compagnie et aliments pour ces animaux en magasin spécialisé;"Responsable de boutique ; Vendeur / Vendeuse conseil en jardinerie ; Vendeur / Vendeuse en animalerie ; Hôte / Hôtesse de caisse ; Chef / Cheffe de rayon de produits non alimentaires";Entreprise susceptible de recruter (candidature spontanée);;;Apprentissage, Professionnalisation;;;51823978500018;5;https://labonnealternance.apprentissage.beta.gouv.fr/emploi/recruteurs_lba/51823978500018/fleurs-de-reve
9.4;Gueudet 1880;Automobile & mobilité;MCO + NDRC;Villeparisis;77270;rue de Villevaude 77270 VILLEPARISIS;Commerce de voitures et de véhicules automobiles légers;"Vendeur / Vendeuse automobile ; Conseiller / Conseillère client après-vente des véhicules";Entreprise susceptible de recruter (candidature spontanée);;;Apprentissage, Professionnalisation;;;74695017900067;2;https://labonnealternance.apprentissage.beta.gouv.fr/emploi/recruteurs_lba/74695017900067/gueudet-1880
9.4;Truffaut;Maison, bricolage & jardin;MCO;Villeparisis;77270;DE VILLEVAUDE 77270 VILLEPARISIS;Commerce de détail de fleurs, plantes, graines, engrais, animaux de compagnie et aliments pour ces animaux en magasin spécialisé;"Responsable de boutique ; Vendeur / Vendeuse conseil en jardinerie ; Vendeur / Vendeuse en animalerie ; Hôte / Hôtesse de caisse ; Chef / Cheffe de rayon de produits non alimentaires";Entreprise susceptible de recruter (candidature spontanée);;;Apprentissage, Professionnalisation;;;73980623000309;5;https://labonnealternance.apprentissage.beta.gouv.fr/emploi/recruteurs_lba/73980623000309/truffaut
9.5;Gueudet 1880;Automobile & mobilité;MCO + NDRC;Montévrain;77144;34 route de Provins 77144 MONTEVRAIN;Commerce de voitures et de véhicules automobiles légers;"Vendeur / Vendeuse automobile ; Conseiller / Conseillère client après-vente des véhicules";Entreprise susceptible de recruter (candidature spontanée);;;Apprentissage, Professionnalisation;;;57215131400059;2;https://labonnealternance.apprentissage.beta.gouv.fr/emploi/recruteurs_lba/57215131400059/gueudet-1880
9.5;GUEUDET ASTERIA CEOS;Automobile & mobilité;MCO + NDRC;Montévrain;77144;34 route de Provins 77144 MONTEVRAIN;Commerce de voitures et de véhicules automobiles légers;"Vendeur / Vendeuse automobile ; Conseiller / Conseillère client après-vente des véhicules";Entreprise susceptible de recruter (candidature spontanée);;;Apprentissage, Professionnalisation;;;74695017900190;2;https://labonnealternance.apprentissage.beta.gouv.fr/emploi/recruteurs_lba/74695017900190/gueudet-asteria-ceos
9.5;GUEUDET BUSAN IDF;Automobile & mobilité;MCO + NDRC;Montévrain;77144;34 route de Provins 77144 MONTEVRAIN;Commerce de voitures et de véhicules automobiles légers;"Vendeur / Vendeuse automobile ; Conseiller / Conseillère client après-vente des véhicules";Entreprise susceptible de recruter (candidature spontanée);;;Apprentissage, Professionnalisation;;;50881960400036;2;https://labonnealternance.apprentissage.beta.gouv.fr/emploi/recruteurs_lba/50881960400036/gueudet-busan-idf
9.5;SUNCLEAR;Commerce de gros / B2B;NDRC;Ferrières-En-Brie;77164;21 AVENUE JOSEPH PAXTON 77164 FERRIERES-EN-BRIE;Commerce de gros (commerce interentreprises) de bois et de matériaux de construction;"Technico-commercial / Technico-commerciale ; Commercial itinérant / Commerciale itinérante en entreprise de commerce de gros";Entreprise susceptible de recruter (candidature spontanée);;;Apprentissage, Professionnalisation;;;33033801300387;2;https://labonnealternance.apprentissage.beta.gouv.fr/emploi/recruteurs_lba/33033801300387/sunclear
9.5;YVAS;Commerce de gros / B2B;NDRC;Villeparisis;77270;117 RUE JEAN JAURES 77270 VILLEPARISIS;Commerce de gros (commerce interentreprises) de produits à base de viande;Commercial itinérant / Commerciale itinérante en entreprise de commerce de gros;Entreprise susceptible de recruter (candidature spontanée);;;Apprentissage, Professionnalisation;;;51533955400203;1;https://labonnealternance.apprentissage.beta.gouv.fr/emploi/recruteurs_lba/51533955400203/yvas
9.6;APICOMM;High-tech, électroménager & télécoms;MCO + NDRC;Thorigny-Sur-Marne;77400;19 ALLEE DES ROUSSELETS 77400 THORIGNY-SUR-MARNE;Commerce de détail d'ordinateurs, d'unités périphériques et de logiciels en magasin spécialisé;"Vendeur / Vendeuse en équipement de la maison ; Consultant / Consultante avant-vente ; Technico-commercial / Technico-commerciale";Entreprise susceptible de recruter (candidature spontanée);;;Apprentissage, Professionnalisation;;;43247120900044;3;https://labonnealternance.apprentissage.beta.gouv.fr/emploi/recruteurs_lba/43247120900044/apicomm
9.6;CLAYE DISTRIBUTION;Grande distribution & supermarchés;MCO;Thorigny-Sur-Marne;77400;17 ALLEE DES ROUSSELETS 77400 THORIGNY-SUR-MARNE;Supermarchés;"Employé / Employée de rayon libre-service ; Directeur / Directrice de magasin de grande distribution ; Hôte / Hôtesse de caisse ; Responsable de caisses ; Chef / Cheffe de rayon produits alimentaires";Entreprise susceptible de recruter (candidature spontanée);;;Apprentissage, Professionnalisation;;;34184999000039;5;https://labonnealternance.apprentissage.beta.gouv.fr/emploi/recruteurs_lba/34184999000039/claye-distribution
9.6;MAISON JEBRANE;Boulangerie & métiers de bouche;MCO;Villeparisis;77270;28 RUE JEAN JAURES 77270 VILLEPARISIS;Boulangerie et boulangerie-pâtisserie;Vendeur / Vendeuse en épicerie;Entreprise susceptible de recruter (candidature spontanée);;;Apprentissage, Professionnalisation;;;91739812500018;1;https://labonnealternance.apprentissage.beta.gouv.fr/emploi/recruteurs_lba/91739812500018/maison-jebrane
9.6;POINT R;High-tech, électroménager & télécoms;MCO;Villeparisis;77270;32 RUE JEAN JAURES 77270 VILLEPARISIS;Réparation d'équipements de communication;Vendeur / Vendeuse en équipement de la maison;Entreprise susceptible de recruter (candidature spontanée);;;Apprentissage, Professionnalisation;;;91044936200011;1;https://labonnealternance.apprentissage.beta.gouv.fr/emploi/recruteurs_lba/91044936200011/point-r
9.6;ROADY;Automobile & mobilité;MCO + NDRC;Thorigny-Sur-Marne;77400;17 ALLEE DES ROUSSELETS 77400 THORIGNY-SUR-MARNE;Commerce de détail d'équipements automobiles;"Conseiller / Conseillère de vente en pièces de rechange et accessoires de véhicules ; Conseiller / Conseillère client après-vente des véhicules";Entreprise susceptible de recruter (candidature spontanée);;;Apprentissage, Professionnalisation;;;91334546800015;2;https://labonnealternance.apprentissage.beta.gouv.fr/emploi/recruteurs_lba/91334546800015/roady
9.7;AGENCE PARIS EST;Immobilier;NDRC;Villeparisis;77270;3 rue Jean Jaures 77270 VILLEPARISIS;Agences immobilières;Conseiller / Conseillère immobilier;Entreprise susceptible de recruter (candidature spontanée);;;Apprentissage, Professionnalisation;;;48040037300027;1;https://labonnealternance.apprentissage.beta.gouv.fr/emploi/recruteurs_lba/48040037300027/agence-paris-est
9.7;Franprix;Grande distribution & supermarchés;MCO;Villeparisis;77270;26 rue de Ruze 77270 VILLEPARISIS;Supérettes;"Employé / Employée de rayon libre-service ; Hôte / Hôtesse de caisse ; Directeur / Directrice de magasin de grande distribution ; Vendeur / Vendeuse en épicerie ; Responsable de caisses ; Chef / Cheffe de rayon produits alimentaires";Entreprise susceptible de recruter (candidature spontanée);;;Apprentissage, Professionnalisation;;;92257603800025;6;https://labonnealternance.apprentissage.beta.gouv.fr/emploi/recruteurs_lba/92257603800025/franprix
9.7;Groupe Autosphere;Automobile & mobilité;MCO + NDRC;Villeparisis;77270;6 ROUTE DE VILLEVAUDE 77270 VILLEPARISIS;Commerce de voitures et de véhicules automobiles légers;"Vendeur / Vendeuse automobile ; Conseiller / Conseillère client après-vente des véhicules";Entreprise susceptible de recruter (candidature spontanée);;;Apprentissage, Professionnalisation;;;30678243400154;2;https://labonnealternance.apprentissage.beta.gouv.fr/emploi/recruteurs_lba/30678243400154/groupe-autosphere
9.8;KDI KMS AERO KDI MECA SERVICE;Commerce de gros / B2B;NDRC;Bussy-Saint-Georges;77600;AVENUE GUTENBERG 77600 BUSSY-SAINT-GEORGES;Commerce de gros (commerce interentreprises) de minerais et métaux;"Commercial itinérant / Commerciale itinérante en entreprise de commerce de gros ; Attaché commercial / Attachée commerciale";Entreprise susceptible de recruter (candidature spontanée);;;Apprentissage, Professionnalisation;;;35264550101373;2;https://labonnealternance.apprentissage.beta.gouv.fr/emploi/recruteurs_lba/35264550101373/kdi-kms-aero-kdi-meca-service
10.0;ELECTROCLASS (GROUPE TEMREX);Commerce de gros / B2B;MCO + NDRC;Bussy-Saint-Georges;77600;7 BOULEVARD DE STRASBOURG 77600 BUSSY-SAINT-GEORGES;Commerce de gros (commerce interentreprises) d'autres machines et équipements de bureau;"Directeur / Directrice des ventes ; Attaché commercial / Attachée commerciale";Entreprise susceptible de recruter (candidature spontanée);;;Apprentissage, Professionnalisation;;;31665444100096;2;https://labonnealternance.apprentissage.beta.gouv.fr/emploi/recruteurs_lba/31665444100096/electroclass-groupe-temrex
10.0;SMC FRANCE;Commerce de gros / B2B;NDRC;Bussy-Saint-Georges;77600;1 BOULEVARD DE STRASBOURG 77600 BUSSY-SAINT-GEORGES;Commerce de gros (commerce interentreprises) de fournitures et équipements industriels divers;"Technico-commercial / Technico-commerciale ; Attaché commercial / Attachée commerciale";Entreprise susceptible de recruter (candidature spontanée);;;Apprentissage, Professionnalisation;;;34454304600041;2;https://labonnealternance.apprentissage.beta.gouv.fr/emploi/recruteurs_lba/34454304600041/smc-france
10.1;CHAUSSEA;Mode, chaussures & accessoires;MCO;Chanteloup-En-Brie;77600;77600 Chanteloup-en-Brie;Commerce de détail de la chaussure;"Responsable de boutique ; Vendeur / Vendeuse en prêt-à-porter ; Vendeur / Vendeuse d'articles de sport et loisirs ; Gérant / Gérante de magasin d'alimentation générale ; Directeur / Directrice de magasin de grande distribution";Entreprise susceptible de recruter (candidature spontanée);;;Apprentissage, Professionnalisation;;;33026769107620;5;https://labonnealternance.apprentissage.beta.gouv.fr/emploi/recruteurs_lba/33026769107620/chaussea
10.1;KO.XCLUSIVE;Automobile & mobilité;MCO + NDRC;Villeparisis;77270;59 avenue des Faisans 77270 VILLEPARISIS;Commerce de voitures et de véhicules automobiles légers;"Vendeur / Vendeuse automobile ; Conseiller / Conseillère client après-vente des véhicules";Entreprise susceptible de recruter (candidature spontanée);;;Apprentissage, Professionnalisation;;;98431686900010;2;https://labonnealternance.apprentissage.beta.gouv.fr/emploi/recruteurs_lba/98431686900010/ko-xclusive
10.2;SAS BOULANGERIE SABAROT;Boulangerie & métiers de bouche;MCO;Villeparisis;77270;75 AVENUE DU GENERAL DE GAULLE 77270 VILLEPARISIS;Boulangerie et boulangerie-pâtisserie;Vendeur / Vendeuse en épicerie;Entreprise susceptible de recruter (candidature spontanée);;;Apprentissage, Professionnalisation;;;80292179100017;1;https://labonnealternance.apprentissage.beta.gouv.fr/emploi/recruteurs_lba/80292179100017/sas-boulangerie-sabarot
10.3;AXMANN;Commerce de gros / B2B;NDRC;Chanteloup-En-Brie;77600;3 rue des Frontailles 77600 CHANTELOUP-EN-BRIE;Commerce de gros (commerce interentreprises) de fournitures et équipements industriels divers;"Technico-commercial / Technico-commerciale ; Attaché commercial / Attachée commerciale";Entreprise susceptible de recruter (candidature spontanée);;;Apprentissage, Professionnalisation;;;47834300700041;2;https://labonnealternance.apprentissage.beta.gouv.fr/emploi/recruteurs_lba/47834300700041/axmann
10.3;FRABEL;Maison, bricolage & jardin;MCO + NDRC;Chanteloup-En-Brie;77600;Avenue du Chêne Saint Fiacre 77600 Chanteloup-en-Brie;Commerce de détail d'autres équipements du foyer;"Vendeur / Vendeuse en équipement de la maison ; Employé / Employée de rayon libre-service ; Responsable de boutique ; Hôte / Hôtesse de caisse ; Vendeur / Vendeuse grossiste en équipement du foyer ; Conseiller commercial / Conseillère commerciale auprès des particuliers";Entreprise susceptible de recruter (candidature spontanée);;;Apprentissage, Professionnalisation;;;80243761600013;6;https://labonnealternance.apprentissage.beta.gouv.fr/emploi/recruteurs_lba/80243761600013/frabel
10.3;LA GRANDE RECRE;Sport, loisirs & culture;MCO + NDRC;Chanteloup-En-Brie;77600;Avenue du Chêne Saint Fiacre 77600 Chanteloup-en-Brie;Commerce de détail de jeux et jouets en magasin spécialisé;"Vendeur / Vendeuse de produits culturels et ludiques ; Hôte / Hôtesse de caisse ; Responsable de boutique ; Employé / Employée de rayon libre-service ; Directeur / Directrice des ventes ; Conseiller commercial / Conseillère commerciale auprès des particuliers";Entreprise susceptible de recruter (candidature spontanée);;;Apprentissage, Professionnalisation;;;81815611900021;6;https://labonnealternance.apprentissage.beta.gouv.fr/emploi/recruteurs_lba/81815611900021/la-grande-recre
10.3;La Poste;La Poste & services publics;NDRC;Villeparisis;77270;85 avenue du General De Gaulle 77270 VILLEPARISIS;Activités de poste dans le cadre d'une obligation de service universel;Responsable relation client (CRM);Entreprise susceptible de recruter (candidature spontanée);;;Apprentissage, Professionnalisation;;;35600000044675;1;https://labonnealternance.apprentissage.beta.gouv.fr/emploi/recruteurs_lba/35600000044675/la-poste
10.3;SM GROUP;Services aux entreprises, conseil & communication;MCO;Chanteloup-En-Brie;77600;1 rue des Rougeriots 77600 CHANTELOUP-EN-BRIE;Autres activités de soutien aux entreprises n.c.a.;Animateur / Animatrice des ventes;Entreprise susceptible de recruter (candidature spontanée);;;Apprentissage, Professionnalisation;;;85159658500014;1;https://labonnealternance.apprentissage.beta.gouv.fr/emploi/recruteurs_lba/85159658500014/sm-group
10.3;SOGEDA SOC GEST & EXPLO DETECT AUTOMATIS;Commerce de gros / B2B;NDRC;Chanteloup-En-Brie;77600;4 RUE DES FRONTAILLES 77600 CHANTELOUP-EN-BRIE;Commerce de gros (commerce interentreprises) de fournitures et équipements industriels divers;"Technico-commercial / Technico-commerciale ; Attaché commercial / Attachée commerciale";Entreprise susceptible de recruter (candidature spontanée);;;Apprentissage, Professionnalisation;;;45343988700028;2;https://labonnealternance.apprentissage.beta.gouv.fr/emploi/recruteurs_lba/45343988700028/sogeda-soc-gest-explo-detect-automatis
10.4;BNPPARIBAS;Banque, crédit & assurance;NDRC;Chanteloup-En-Brie;77600;82 avenue du Chene Saint Fiacre 77600 CHANTELOUP-EN-BRIE;Autres intermédiations monétaires;"Conseiller / Conseillère de clientèle bancaire ; Chargé / Chargée d'accueil en banque ; Conseiller / Conseillère en gestion de patrimoine ; Chargé / Chargée d'affaires bancaires entreprise";Entreprise susceptible de recruter (candidature spontanée);;;Apprentissage, Professionnalisation;;;66204244942560;4;https://labonnealternance.apprentissage.beta.gouv.fr/emploi/recruteurs_lba/66204244942560/bnpparibas
10.4;LEMMAD;Grande distribution & supermarchés;MCO;Chanteloup-En-Brie;77600;Route de la Ferme du Pavillon 77600 Chanteloup-en-Brie;Supermarchés;"Employé / Employée de rayon libre-service ; Directeur / Directrice de magasin de grande distribution ; Hôte / Hôtesse de caisse ; Responsable de caisses ; Chef / Cheffe de rayon produits alimentaires";Entreprise susceptible de recruter (candidature spontanée);;;Apprentissage, Professionnalisation;;;83182268900012;5;https://labonnealternance.apprentissage.beta.gouv.fr/emploi/recruteurs_lba/83182268900012/lemmad
10.5;ALLIANCE 77;Automobile & mobilité;MCO + NDRC;Chanteloup-En-Brie;77600;1B RUE DE LA DECOUVERTE 77600 CHANTELOUP-EN-BRIE;Commerce de voitures et de véhicules automobiles légers;"Vendeur / Vendeuse automobile ; Conseiller / Conseillère client après-vente des véhicules";Entreprise susceptible de recruter (candidature spontanée);;;Apprentissage, Professionnalisation;;;74615079600041;2;https://labonnealternance.apprentissage.beta.gouv.fr/emploi/recruteurs_lba/74615079600041/alliance-77
10.5;CIC;Banque, crédit & assurance;NDRC;Ozoir-La-Ferriere;77330;AVENUE DU GENERAL LECLERC 77330 OZOIR-LA-FERRIERE;Autres intermédiations monétaires;"Conseiller / Conseillère de clientèle bancaire ; Chargé / Chargée d'accueil en banque ; Conseiller / Conseillère en gestion de patrimoine";Entreprise susceptible de recruter (candidature spontanée);;;Apprentissage, Professionnalisation;;;75480071203115;3;https://labonnealternance.apprentissage.beta.gouv.fr/emploi/recruteurs_lba/75480071203115/cic
10.5;DUPONT AGENCIES;Commerce de gros / B2B;NDRC;Chanteloup-En-Brie;77600;4 rue de la Decouverte 77600 CHANTELOUP-EN-BRIE;Commerce de gros (commerce interentreprises) de fournitures et équipements divers pour le commerce et les services;"Cadre Technico-commercial / Technico-commerciale ; Technico-commercial / Technico-commerciale ; Assistant commercial / Assistante commerciale";Entreprise susceptible de recruter (candidature spontanée);;;Apprentissage, Professionnalisation;;;45300302200028;3;https://labonnealternance.apprentissage.beta.gouv.fr/emploi/recruteurs_lba/45300302200028/dupont-agencies
10.5;PROTEA AUTOMOBILES;Automobile & mobilité;MCO + NDRC;Chanteloup-En-Brie;77600;1 rue de la Decouverte 77600 CHANTELOUP-EN-BRIE;Commerce de voitures et de véhicules automobiles légers;"Vendeur / Vendeuse automobile ; Conseiller / Conseillère client après-vente des véhicules";Entreprise susceptible de recruter (candidature spontanée);;;Apprentissage, Professionnalisation;;;88332513600058;2;https://labonnealternance.apprentissage.beta.gouv.fr/emploi/recruteurs_lba/88332513600058/protea-automobiles
10.5;RETAIL INKJET SOLUTIONS FRANCE;Autres commerces de détail;NDRC;Chanteloup-En-Brie;77600;4 rue de la Decouverte 77600 CHANTELOUP-EN-BRIE;Autres commerces de détail spécialisés divers;Responsable relation client (CRM);Entreprise susceptible de recruter (candidature spontanée);;;Apprentissage, Professionnalisation;;;82748713300023;1;https://labonnealternance.apprentissage.beta.gouv.fr/emploi/recruteurs_lba/82748713300023/retail-inkjet-solutions-france
10.6;EVASION DES NATIONS;Automobile & mobilité;MCO + NDRC;Chanteloup-En-Brie;77600;14 rue de la Decouverte 77600 CHANTELOUP-EN-BRIE;Commerce de voitures et de véhicules automobiles légers;"Vendeur / Vendeuse automobile ; Conseiller / Conseillère client après-vente des véhicules";Entreprise susceptible de recruter (candidature spontanée);;;Apprentissage, Professionnalisation;;;48313345000062;2;https://labonnealternance.apprentissage.beta.gouv.fr/emploi/recruteurs_lba/48313345000062/evasion-des-nations
10.6;GARAGE BRIE DES NATIONS;Automobile & mobilité;MCO + NDRC;Chanteloup-En-Brie;77600;14 RUE DE LA DECOUVERTE 77600 CHANTELOUP-EN-BRIE;Commerce de voitures et de véhicules automobiles légers;"Vendeur / Vendeuse automobile ; Conseiller / Conseillère client après-vente des véhicules";Entreprise susceptible de recruter (candidature spontanée);;;Apprentissage, Professionnalisation;;;30474881700059;2;https://labonnealternance.apprentissage.beta.gouv.fr/emploi/recruteurs_lba/30474881700059/garage-brie-des-nations
10.7;CHAYA;Boulangerie & métiers de bouche;MCO;Montévrain;77144;32 rue Mauregard 77144 MONTEVRAIN;Boulangerie et boulangerie-pâtisserie;Vendeur / Vendeuse en épicerie;Entreprise susceptible de recruter (candidature spontanée);;;Apprentissage, Professionnalisation;;;92769728400010;1;https://labonnealternance.apprentissage.beta.gouv.fr/emploi/recruteurs_lba/92769728400010/chaya
10.7;STEPHANE PLAZA IMMOBILIER;Immobilier;NDRC;Villeparisis;77270;160 avenue du General De Gaulle 77270 VILLEPARISIS;Agences immobilières;Conseiller / Conseillère immobilier;Entreprise susceptible de recruter (candidature spontanée);;;Apprentissage, Professionnalisation;;;89014961000010;1;https://labonnealternance.apprentissage.beta.gouv.fr/emploi/recruteurs_lba/89014961000010/stephane-plaza-immobilier
10.8;BNP Paribas;Banque, crédit & assurance;NDRC;Villeparisis;77270;178 avenue du General De Gaulle 77270 VILLEPARISIS;Autres intermédiations monétaires;"Conseiller / Conseillère de clientèle bancaire ; Chargé / Chargée d'accueil en banque ; Conseiller / Conseillère en gestion de patrimoine";Entreprise susceptible de recruter (candidature spontanée);;;Apprentissage, Professionnalisation;;;66204244937347;3;https://labonnealternance.apprentissage.beta.gouv.fr/emploi/recruteurs_lba/66204244937347/bnp-paribas
10.8;Cultura;Sport, loisirs & culture;MCO;Montévrain;77144;77144 Montévrain;Commerce de détail de livres en magasin spécialisé;"Vendeur / Vendeuse de produits culturels et ludiques ; Hôte / Hôtesse de caisse ; Chef / Cheffe de rayon de produits non alimentaires";Entreprise susceptible de recruter (candidature spontanée);;;Apprentissage, Professionnalisation;;;51978079501156;3;https://labonnealternance.apprentissage.beta.gouv.fr/emploi/recruteurs_lba/51978079501156/cultura
10.8;DISMONT;Grande distribution & supermarchés;MCO;Montévrain;77144;77144 Montévrain;Supermarchés;"Employé / Employée de rayon libre-service ; Directeur / Directrice de magasin de grande distribution ; Hôte / Hôtesse de caisse ; Responsable de caisses ; Chef / Cheffe de rayon produits alimentaires";Entreprise susceptible de recruter (candidature spontanée);;;Apprentissage, Professionnalisation;;;33269169000017;5;https://labonnealternance.apprentissage.beta.gouv.fr/emploi/recruteurs_lba/33269169000017/dismont
10.8;LE PAIN DES GRANGES;Boulangerie & métiers de bouche;MCO;Claye-Souilly;77410;30 BOULEVARD DE SOAVE 77410 CLAYE-SOUILLY;Boulangerie et boulangerie-pâtisserie;Vendeur / Vendeuse en épicerie;Entreprise susceptible de recruter (candidature spontanée);;;Apprentissage, Professionnalisation;;;89941030200017;1;https://labonnealternance.apprentissage.beta.gouv.fr/emploi/recruteurs_lba/89941030200017/le-pain-des-granges
10.9;KL MANAGEMENT;Services aux entreprises, conseil & communication;MCO + NDRC;Ozoir-La-Ferriere;77330;11 RUE DE LESIGNY 77330 OZOIR-LA-FERRIERE;CONSEIL EN RELATIONS PUBLIQUES ET COMMUNICATION;"Animateur / Animatrice des ventes ; Commercial / Commerciale auprès d'une clientèle d'entreprises";Entreprise susceptible de recruter (candidature spontanée);;;Apprentissage, Professionnalisation;;;88535157700014;2;https://labonnealternance.apprentissage.beta.gouv.fr/emploi/recruteurs_lba/88535157700014/kl-management
10.9;NETPHONE;High-tech, électroménager & télécoms;MCO;Villeparisis;77270;144 avenue Eugene Varlin 77270 VILLEPARISIS;Réparation d'équipements de communication;Vendeur / Vendeuse en équipement de la maison;Entreprise susceptible de recruter (candidature spontanée);;;Apprentissage, Professionnalisation;;;79360274900012;1;https://labonnealternance.apprentissage.beta.gouv.fr/emploi/recruteurs_lba/79360274900012/netphone
10.9;TEAM FIT NUTRITION AND FITNESS SHOP;Sport, loisirs & culture;MCO + NDRC;Villeparisis;77270;186 avenue du General De Gaulle 77270 VILLEPARISIS;Commerce de détail d'articles de sport en magasin spécialisé;"Vendeur / Vendeuse d'articles de sport et loisirs ; Hôte / Hôtesse de caisse ; Chef / Cheffe de rayon de produits non alimentaires ; Vendeur / Vendeuse en prêt-à-porter ; Vendeur / Vendeuse grossiste en équipement du foyer";Entreprise susceptible de recruter (candidature spontanée);;;Apprentissage, Professionnalisation;;;81315981100021;5;https://labonnealternance.apprentissage.beta.gouv.fr/emploi/recruteurs_lba/81315981100021/team-fit-nutrition-and-fitness-shop
11.0;B&M FRANCE SAS;Grande distribution & supermarchés;MCO;Chanteloup-En-Brie;77600;25 AVENUE DE LA FERME BRIARDE 77600 CHANTELOUP-EN-BRIE;Autres commerces de détail en magasin non spécialisé;"Employé / Employée de rayon libre-service ; Responsable de boutique ; Hôte / Hôtesse de caisse ; Directeur / Directrice de magasin de grande distribution ; Chef / Cheffe de rayon de produits non alimentaires ; Chef / Cheffe de rayon produits alimentaires";Entreprise susceptible de recruter (candidature spontanée);;;Apprentissage, Professionnalisation;;;31131532900871;6;https://labonnealternance.apprentissage.beta.gouv.fr/emploi/recruteurs_lba/31131532900871/b-m-france-sas
11.0;BIO MONTEVRAIN;Grande distribution & supermarchés;MCO;Montévrain;77144;1 BOULEVARD CHARLES DE GAULLE 77144 MONTEVRAIN;Supérettes;"Employé / Employée de rayon libre-service ; Hôte / Hôtesse de caisse ; Directeur / Directrice de magasin de grande distribution ; Vendeur / Vendeuse en épicerie ; Responsable de caisses ; Chef / Cheffe de rayon produits alimentaires";Entreprise susceptible de recruter (candidature spontanée);;;Apprentissage, Professionnalisation;;;81756090700013;6;https://labonnealternance.apprentissage.beta.gouv.fr/emploi/recruteurs_lba/81756090700013/bio-montevrain
11.0;BNP Paribas;Banque, crédit & assurance;NDRC;Ozoir-La-Ferriere;77330;24B avenue du General Leclerc 77330 OZOIR-LA-FERRIERE;Autres intermédiations monétaires;"Conseiller / Conseillère de clientèle bancaire ; Chargé / Chargée d'accueil en banque ; Conseiller / Conseillère en gestion de patrimoine";Entreprise susceptible de recruter (candidature spontanée);;;Apprentissage, Professionnalisation;;;66204244937537;3;https://labonnealternance.apprentissage.beta.gouv.fr/emploi/recruteurs_lba/66204244937537/bnp-paribas
11.0;Boulanger;High-tech, électroménager & télécoms;MCO + NDRC;Montévrain;77144;avenue de la ferme Briarde 77144 MONTEVRAIN;Commerce de détail d'appareils électroménagers en magasin spécialisé;"Vendeur / Vendeuse en équipement de la maison ; Conseiller commercial / Conseillère commerciale auprès des particuliers ; Responsable relation client (CRM)";Entreprise susceptible de recruter (candidature spontanée);;;Apprentissage, Professionnalisation;;;34738457001431;3;https://labonnealternance.apprentissage.beta.gouv.fr/emploi/recruteurs_lba/34738457001431/boulanger
11.0;BRED OZOIR LA FERRIERE;Banque, crédit & assurance;NDRC;Ozoir-La-Ferriere;77330;17 avenue du General Leclerc 77330 OZOIR-LA-FERRIERE;Autres intermédiations monétaires;"Conseiller / Conseillère de clientèle bancaire ; Chargé / Chargée d'accueil en banque ; Conseiller / Conseillère en gestion de patrimoine";Entreprise susceptible de recruter (candidature spontanée);;;Apprentissage, Professionnalisation;;;55209179505277;3;https://labonnealternance.apprentissage.beta.gouv.fr/emploi/recruteurs_lba/55209179505277/bred-ozoir-la-ferriere
11.0;Bricoman;Maison, bricolage & jardin;MCO + NDRC;Villeparisis;77270;AVENUE JEAN MONNET 77270 VILLEPARISIS;Commerce de détail de quincaillerie, peintures et verres en grandes surfaces (400 m2et plus);"Hôte / Hôtesse de caisse ; Vendeur / Vendeuse en équipement de la maison ; Vendeur / Vendeuse conseil en jardinerie ; Vendeur / Vendeuse grossiste en équipement du foyer ; Chef / Cheffe de secteur magasin ; Chef / Cheffe de rayon de produits non alimentaires";Entreprise susceptible de recruter (candidature spontanée);;;Apprentissage, Professionnalisation;;;42080992300238;6;https://labonnealternance.apprentissage.beta.gouv.fr/emploi/recruteurs_lba/42080992300238/bricoman
11.0;ECOTHERME BAILLY;Commerce de gros / B2B;NDRC;Chanteloup-En-Brie;77600;25 avenue de la ferme Briarde 77600 CHANTELOUP-EN-BRIE;Commerce de gros (commerce interentreprises) de bois et de matériaux de construction;"Technico-commercial / Technico-commerciale ; Commercial itinérant / Commerciale itinérante en entreprise de commerce de gros";Entreprise susceptible de recruter (candidature spontanée);;;Apprentissage, Professionnalisation;;;47865355300048;2;https://labonnealternance.apprentissage.beta.gouv.fr/emploi/recruteurs_lba/47865355300048/ecotherme-bailly
11.0;ELECTRO DEPOT;High-tech, électroménager & télécoms;MCO + NDRC;Villeparisis;77270;AVENUE JEAN MONNET 77270 VILLEPARISIS;Commerce de détail d'appareils électroménagers en magasin spécialisé;"Vendeur / Vendeuse en équipement de la maison ; Conseiller commercial / Conseillère commerciale auprès des particuliers ; Responsable relation client (CRM)";Entreprise susceptible de recruter (candidature spontanée);;;Apprentissage, Professionnalisation;;;43374453900159;3;https://labonnealternance.apprentissage.beta.gouv.fr/emploi/recruteurs_lba/43374453900159/electro-depot
11.0;GEEKTIVI AGENCY;Services aux entreprises, conseil & communication;MCO + NDRC;Montévrain;77144;3 ALLEE VICTOR HUGO 77144 MONTEVRAIN;CONSEIL EN RELATIONS PUBLIQUES ET COMMUNICATION;"Animateur / Animatrice des ventes ; Commercial / Commerciale auprès d'une clientèle d'entreprises";Entreprise susceptible de recruter (candidature spontanée);;;Apprentissage, Professionnalisation;;;92232281300010;2;https://labonnealternance.apprentissage.beta.gouv.fr/emploi/recruteurs_lba/92232281300010/geektivi-agency
11.0;GESTION ET TECHNIQUE GESTEC;Commerce de gros / B2B;NDRC;Ozoir-La-Ferriere;77330;99 avenue DU GENERAL DE GAULLE 77330 OZOIR-LA-FERRIERE;Commerce de gros (commerce interentreprises) d'ordinateurs, d'équipements informatiques périphériques et de logiciels;Technico-commercial / Technico-commerciale;Entreprise susceptible de recruter (candidature spontanée);;;Apprentissage, Professionnalisation;;;31590520800031;1;https://labonnealternance.apprentissage.beta.gouv.fr/emploi/recruteurs_lba/31590520800031/gestion-et-technique-gestec
11.0;LDLC;High-tech, électroménager & télécoms;MCO + NDRC;Chanteloup-En-Brie;77600;25 AVENUE DE LA FERME BRIARDE 77600 CHANTELOUP-EN-BRIE;Commerce de détail d'ordinateurs, d'unités périphériques et de logiciels en magasin spécialisé;"Vendeur / Vendeuse en équipement de la maison ; Consultant / Consultante avant-vente ; Technico-commercial / Technico-commerciale";Entreprise susceptible de recruter (candidature spontanée);;;Apprentissage, Professionnalisation;;;81917930000218;3;https://labonnealternance.apprentissage.beta.gouv.fr/emploi/recruteurs_lba/81917930000218/ldlc
11.0;LIDL;Grande distribution & supermarchés;MCO;Chanteloup-En-Brie;77600;avenue de la ferme Briarde 77600 CHANTELOUP-EN-BRIE;Supermarchés;"Employé / Employée de rayon libre-service ; Directeur / Directrice de magasin de grande distribution ; Hôte / Hôtesse de caisse ; Responsable de caisses ; Chef / Cheffe de rayon produits alimentaires";Entreprise susceptible de recruter (candidature spontanée);;;Apprentissage, Professionnalisation;;;34326262225179;5;https://labonnealternance.apprentissage.beta.gouv.fr/emploi/recruteurs_lba/34326262225179/lidl
11.0;Maxi Zoo;Maison, bricolage & jardin;MCO;Villeparisis;77270;AVENUE JEAN MONNET 77270 VILLEPARISIS;Commerce de détail de fleurs, plantes, graines, engrais, animaux de compagnie et aliments pour ces animaux en magasin spécialisé;"Responsable de boutique ; Vendeur / Vendeuse conseil en jardinerie ; Vendeur / Vendeuse en animalerie ; Hôte / Hôtesse de caisse ; Chef / Cheffe de rayon de produits non alimentaires";Entreprise susceptible de recruter (candidature spontanée);;;Apprentissage, Professionnalisation;;;38943521500220;5;https://labonnealternance.apprentissage.beta.gouv.fr/emploi/recruteurs_lba/38943521500220/maxi-zoo
11.1;123;Mode, chaussures & accessoires;MCO;Claye-Souilly;77410;77410 Claye-Souilly;Commerce de détail d'habillement en magasin spécialisé;"Vendeur / Vendeuse en prêt-à-porter ; Responsable de boutique ; Hôte / Hôtesse de caisse ; Directeur / Directrice de magasin de grande distribution";Entreprise susceptible de recruter (candidature spontanée);;;Apprentissage, Professionnalisation;;;44460046401588;4;https://labonnealternance.apprentissage.beta.gouv.fr/emploi/recruteurs_lba/44460046401588/123
11.1;Action;Grande distribution & supermarchés;MCO;Claye-Souilly;77410;77410 Claye-Souilly;Autres commerces de détail en magasin non spécialisé;"Employé / Employée de rayon libre-service ; Responsable de boutique ; Hôte / Hôtesse de caisse ; Directeur / Directrice de magasin de grande distribution ; Chef / Cheffe de rayon de produits non alimentaires ; Chef / Cheffe de rayon produits alimentaires";Entreprise susceptible de recruter (candidature spontanée);;;Apprentissage, Professionnalisation;;;75330823803110;6;https://labonnealternance.apprentissage.beta.gouv.fr/emploi/recruteurs_lba/75330823803110/action
11.1;Alternance Assistant en magasin - Claye-Souilly (F/H);Non précisé;MCO;Claye-Souilly;77410;77410 Claye-Souilly;;Alternance Assistant en magasin - Claye-Souilly (F/H);Offre partenaire (France Travail…);Alternance Assistant en magasin - Claye-Souilly (F/H);;Professionnalisation;2026-09-02;;;1;https://labonnealternance.apprentissage.beta.gouv.fr/emploi/offres_emploi_partenaires/6a98a1cde09d67ec4f631775/alternance-assistant-en-magasin-claye-souilly-f-h
11.1;Alternance Manager de magasin - Claye-Souilly (F/H);Non précisé;MCO;Claye-Souilly;77410;77410 Claye-Souilly;;Alternance Manager de magasin - Claye-Souilly (F/H);Offre partenaire (France Travail…);Alternance Manager de magasin - Claye-Souilly (F/H);;Professionnalisation;2026-09-02;;;1;https://labonnealternance.apprentissage.beta.gouv.fr/emploi/offres_emploi_partenaires/6a98a1cde09d67ec4f631772/alternance-manager-de-magasin-claye-souilly-f-h
11.1;AMARYLLIS;Maison, bricolage & jardin;MCO;Ozoir-La-Ferriere;77330;16 AVENUE DU GENERAL LECLERC 77330 OZOIR-LA-FERRIERE;Commerce de détail de fleurs, plantes, graines, engrais, animaux de compagnie et aliments pour ces animaux en magasin spécialisé;"Responsable de boutique ; Vendeur / Vendeuse conseil en jardinerie ; Vendeur / Vendeuse en animalerie ; Hôte / Hôtesse de caisse ; Chef / Cheffe de rayon de produits non alimentaires";Entreprise susceptible de recruter (candidature spontanée);;;Apprentissage, Professionnalisation;;;84517920900018;5;https://labonnealternance.apprentissage.beta.gouv.fr/emploi/recruteurs_lba/84517920900018/amaryllis
11.1;AUDEBI;High-tech, électroménager & télécoms;MCO;Claye-Souilly;77410;77410 Claye-Souilly;Commerce de détail de matériels de télécommunication en magasin spécialisé;"Vendeur / Vendeuse en équipement de la maison ; Conseiller vendeur / Conseillère vendeuse à domicile ; Chef / Cheffe de rayon de produits non alimentaires";Entreprise susceptible de recruter (candidature spontanée);;;Apprentissage, Professionnalisation;;;47890982300070;3;https://labonnealternance.apprentissage.beta.gouv.fr/emploi/recruteurs_lba/47890982300070/audebi
11.1;Bleu Libellule;Commerce de gros / B2B;MCO + NDRC;Claye-Souilly;77410;77410 Claye-Souilly;Commerce de gros (commerce interentreprises) de parfumerie et de produits de beauté;"Responsable de boutique ; Directeur / Directrice des ventes ; Conseiller vendeur / Conseillère vendeuse à domicile ; Commercial / Commerciale grands comptes et entreprises";Entreprise susceptible de recruter (candidature spontanée);;;Apprentissage, Professionnalisation;;;51157152300030;4;https://labonnealternance.apprentissage.beta.gouv.fr/emploi/recruteurs_lba/51157152300030/bleu-libellule
11.1;BOULANGERIE DE MARIE;Boulangerie & métiers de bouche;MCO;Claye-Souilly;77410;77410 Claye-Souilly;Boulangerie et boulangerie-pâtisserie;Vendeur / Vendeuse en épicerie;Entreprise susceptible de recruter (candidature spontanée);;;Apprentissage, Professionnalisation;;;47845579304216;1;https://labonnealternance.apprentissage.beta.gouv.fr/emploi/recruteurs_lba/47845579304216/boulangerie-de-marie
11.1;C & A;Mode, chaussures & accessoires;MCO;Claye-Souilly;77410;77410 Claye-Souilly;Commerce de détail d'habillement en magasin spécialisé;"Vendeur / Vendeuse en prêt-à-porter ; Responsable de boutique ; Hôte / Hôtesse de caisse ; Directeur / Directrice de magasin de grande distribution";Entreprise susceptible de recruter (candidature spontanée);;;Apprentissage, Professionnalisation;;;66205127500722;4;https://labonnealternance.apprentissage.beta.gouv.fr/emploi/recruteurs_lba/66205127500722/c-a
11.1;Carrefour;Grande distribution & supermarchés;MCO;Claye-Souilly;77410;77410 Claye-Souilly;Hypermarchés;"Employé / Employée de rayon libre-service ; Hôte / Hôtesse de caisse ; Chef / Cheffe de rayon produits alimentaires ; Vendeur / Vendeuse en épicerie";Entreprise susceptible de recruter (candidature spontanée);;;Apprentissage, Professionnalisation;;;45132133500940;4;https://labonnealternance.apprentissage.beta.gouv.fr/emploi/recruteurs_lba/45132133500940/carrefour
11.1;CASTORAMA FRANCE;Maison, bricolage & jardin;MCO + NDRC;Claye-Souilly;77410;77410 Claye-Souilly;Commerce de détail de quincaillerie, peintures et verres en grandes surfaces (400 m2et plus);"Hôte / Hôtesse de caisse ; Vendeur / Vendeuse en équipement de la maison ; Vendeur / Vendeuse conseil en jardinerie ; Vendeur / Vendeuse grossiste en équipement du foyer ; Chef / Cheffe de secteur magasin ; Chef / Cheffe de rayon de produits non alimentaires";Entreprise susceptible de recruter (candidature spontanée);;;Apprentissage, Professionnalisation;;;45167897301200;6;https://labonnealternance.apprentissage.beta.gouv.fr/emploi/recruteurs_lba/45167897301200/castorama-france
11.1;CELIO;Mode, chaussures & accessoires;MCO;Claye-Souilly;77410;77410 Claye-Souilly;Commerce de détail d'habillement en magasin spécialisé;"Vendeur / Vendeuse en prêt-à-porter ; Responsable de boutique ; Hôte / Hôtesse de caisse ; Directeur / Directrice de magasin de grande distribution";Entreprise susceptible de recruter (candidature spontanée);;;Apprentissage, Professionnalisation;;;31333485601916;4;https://labonnealternance.apprentissage.beta.gouv.fr/emploi/recruteurs_lba/31333485601916/celio
11.1;CLAIRE'S;Autres commerces de détail;NDRC;Claye-Souilly;77410;77410 Claye-Souilly;Autres commerces de détail spécialisés divers;Responsable relation client (CRM);Entreprise susceptible de recruter (candidature spontanée);;;Apprentissage, Professionnalisation;;;34283741602587;1;https://labonnealternance.apprentissage.beta.gouv.fr/emploi/recruteurs_lba/34283741602587/claire-s
11.1;COURIR;Mode, chaussures & accessoires;MCO;Claye-Souilly;77410;77410 Claye-Souilly;Commerce de détail de la chaussure;"Responsable de boutique ; Vendeur / Vendeuse en prêt-à-porter ; Vendeur / Vendeuse d'articles de sport et loisirs ; Gérant / Gérante de magasin d'alimentation générale ; Directeur / Directrice de magasin de grande distribution";Entreprise susceptible de recruter (candidature spontanée);;;Apprentissage, Professionnalisation;;;42855996700909;5;https://labonnealternance.apprentissage.beta.gouv.fr/emploi/recruteurs_lba/42855996700909/courir
11.1;DEICHMANN CHAUSSURES;Mode, chaussures & accessoires;MCO;Claye-Souilly;77410;77410 Claye-Souilly;Commerce de détail de la chaussure;"Responsable de boutique ; Vendeur / Vendeuse en prêt-à-porter ; Vendeur / Vendeuse d'articles de sport et loisirs ; Gérant / Gérante de magasin d'alimentation générale ; Directeur / Directrice de magasin de grande distribution";Entreprise susceptible de recruter (candidature spontanée);;;Apprentissage, Professionnalisation;;;82436016800101;5;https://labonnealternance.apprentissage.beta.gouv.fr/emploi/recruteurs_lba/82436016800101/deichmann-chaussures
11.1;EKM STORE;Mode, chaussures & accessoires;MCO;Claye-Souilly;77410;77410 Claye-Souilly;Commerce de détail d'habillement en magasin spécialisé;"Vendeur / Vendeuse en prêt-à-porter ; Responsable de boutique ; Hôte / Hôtesse de caisse ; Directeur / Directrice de magasin de grande distribution";Entreprise susceptible de recruter (candidature spontanée);;;Apprentissage, Professionnalisation;;;90473964600027;4;https://labonnealternance.apprentissage.beta.gouv.fr/emploi/recruteurs_lba/90473964600027/ekm-store
11.1;ETAM LINGERIE;Mode, chaussures & accessoires;MCO;Claye-Souilly;77410;77410 Claye-Souilly;Commerce de détail d'habillement en magasin spécialisé;"Vendeur / Vendeuse en prêt-à-porter ; Responsable de boutique ; Hôte / Hôtesse de caisse ; Directeur / Directrice de magasin de grande distribution";Entreprise susceptible de recruter (candidature spontanée);;;Apprentissage, Professionnalisation;;;47835575303817;4;https://labonnealternance.apprentissage.beta.gouv.fr/emploi/recruteurs_lba/47835575303817/etam-lingerie
11.1;FEU VERT;Automobile & mobilité;MCO + NDRC;Claye-Souilly;77410;77410 Claye-Souilly;Commerce de détail d'équipements automobiles;"Conseiller / Conseillère de vente en pièces de rechange et accessoires de véhicules ; Conseiller / Conseillère client après-vente des véhicules";Entreprise susceptible de recruter (candidature spontanée);;;Apprentissage, Professionnalisation;;;32735998001484;2;https://labonnealternance.apprentissage.beta.gouv.fr/emploi/recruteurs_lba/32735998001484/feu-vert
11.1;FOOT KORNER;Mode, chaussures & accessoires;MCO;Claye-Souilly;77410;77410 Claye-Souilly;Commerce de détail d'habillement en magasin spécialisé;"Vendeur / Vendeuse en prêt-à-porter ; Responsable de boutique ; Hôte / Hôtesse de caisse ; Directeur / Directrice de magasin de grande distribution";Entreprise susceptible de recruter (candidature spontanée);;;Apprentissage, Professionnalisation;;;81497087700050;4;https://labonnealternance.apprentissage.beta.gouv.fr/emploi/recruteurs_lba/81497087700050/foot-korner
11.1;GEI DISTRIBUTION;Commerce de gros / B2B;MCO + NDRC;Montévrain;77144;1 RUE DE ROME 77144 MONTEVRAIN;Commerce de gros (commerce interentreprises) de quincaillerie;"Vendeur / Vendeuse grossiste en équipement du foyer ; Technico-commercial / Technico-commerciale ; Commercial itinérant / Commerciale itinérante en entreprise de commerce de gros ; Attaché commercial / Attachée commerciale";Entreprise susceptible de recruter (candidature spontanée);;;Apprentissage, Professionnalisation;;;43337898100024;4;https://labonnealternance.apprentissage.beta.gouv.fr/emploi/recruteurs_lba/43337898100024/gei-distribution
11.1;Intersport;Sport, loisirs & culture;MCO + NDRC;Claye-Souilly;77410;77410 Claye-Souilly;Commerce de détail d'articles de sport en magasin spécialisé;"Vendeur / Vendeuse d'articles de sport et loisirs ; Hôte / Hôtesse de caisse ; Chef / Cheffe de rayon de produits non alimentaires ; Vendeur / Vendeuse en prêt-à-porter ; Vendeur / Vendeuse grossiste en équipement du foyer";Entreprise susceptible de recruter (candidature spontanée);;;Apprentissage, Professionnalisation;;;83410432500024;5;https://labonnealternance.apprentissage.beta.gouv.fr/emploi/recruteurs_lba/83410432500024/intersport
11.1;JD SPORT;Sport, loisirs & culture;MCO + NDRC;Claye-Souilly;77410;77410 Claye-Souilly;Commerce de détail d'articles de sport en magasin spécialisé;"Vendeur / Vendeuse d'articles de sport et loisirs ; Hôte / Hôtesse de caisse ; Chef / Cheffe de rayon de produits non alimentaires ; Vendeur / Vendeuse en prêt-à-porter ; Vendeur / Vendeuse grossiste en équipement du foyer";Entreprise susceptible de recruter (candidature spontanée);;;Apprentissage, Professionnalisation;;;35116448801483;5;https://labonnealternance.apprentissage.beta.gouv.fr/emploi/recruteurs_lba/35116448801483/jd-sport
11.1;JEFF DE BRUGES MARTIAL;Boulangerie & métiers de bouche;MCO + NDRC;Claye-Souilly;77410;77410 Claye-Souilly;Commerce de détail de pain, pâtisserie et confiserie en magasin spécialisé;"Vendeur / Vendeuse en épicerie ; Conseiller / Conseillère clientèle à distance";Entreprise susceptible de recruter (candidature spontanée);;;Apprentissage, Professionnalisation;;;44912788500415;2;https://labonnealternance.apprentissage.beta.gouv.fr/emploi/recruteurs_lba/44912788500415/jeff-de-bruges-martial
11.1;JENNYFER;Mode, chaussures & accessoires;MCO;Claye-Souilly;77410;77410 Claye-Souilly;Commerce de détail d'habillement en magasin spécialisé;"Vendeur / Vendeuse en prêt-à-porter ; Responsable de boutique ; Hôte / Hôtesse de caisse ; Directeur / Directrice de magasin de grande distribution";Entreprise susceptible de recruter (candidature spontanée);;;Apprentissage, Professionnalisation;;;33888018003268;4;https://labonnealternance.apprentissage.beta.gouv.fr/emploi/recruteurs_lba/33888018003268/jennyfer
11.1;LACOSTE;Mode, chaussures & accessoires;MCO;Claye-Souilly;77410;77410 Claye-Souilly;Commerce de détail d'habillement en magasin spécialisé;"Vendeur / Vendeuse en prêt-à-porter ; Responsable de boutique ; Hôte / Hôtesse de caisse ; Directeur / Directrice de magasin de grande distribution";Entreprise susceptible de recruter (candidature spontanée);;;Apprentissage, Professionnalisation;;;83057036200012;4;https://labonnealternance.apprentissage.beta.gouv.fr/emploi/recruteurs_lba/83057036200012/lacoste
11.1;LBDM;Immobilier;NDRC;Claye-Souilly;77410;44 AVENUE LOUIS PASTEUR 77410 CLAYE-SOUILLY;LOCATION DE TERRAINS ET D'AUTRES BIENS IMMOBILIERS;"Conseiller / Conseillère immobilier ; Conseiller commercial / Conseillère commerciale auprès des particuliers";Entreprise susceptible de recruter (candidature spontanée);;;Apprentissage, Professionnalisation;;;88219749400017;2;https://labonnealternance.apprentissage.beta.gouv.fr/emploi/recruteurs_lba/88219749400017/lbdm
11.1;LE POIDS LOURD 77;Automobile & mobilité;MCO + NDRC;Claye-Souilly;77410;77410 Claye-Souilly;Commerce de voitures et de véhicules automobiles légers;"Vendeur / Vendeuse automobile ; Conseiller / Conseillère client après-vente des véhicules";Entreprise susceptible de recruter (candidature spontanée);;;Apprentissage, Professionnalisation;;;38370354300017;2;https://labonnealternance.apprentissage.beta.gouv.fr/emploi/recruteurs_lba/38370354300017/le-poids-lourd-77
11.1;MATHIEU LAFOUGERE;Banque, crédit & assurance;NDRC;Ozoir-La-Ferriere;77330;70 avenue du General De Gaulle 77330 OZOIR-LA-FERRIERE;Activités des agents et courtiers d'assurances;"Conseiller / Conseillère en assurances ; Conseiller / Conseillère en gestion de patrimoine";Entreprise susceptible de recruter (candidature spontanée);;;Apprentissage, Professionnalisation;;;50980247600010;2;https://labonnealternance.apprentissage.beta.gouv.fr/emploi/recruteurs_lba/50980247600010/mathieu-lafougere
11.1;MAVIDIS;Grande distribution & supermarchés;MCO;Villeparisis;77270;20 avenue Roger Salengro 77270 VILLEPARISIS;Hypermarchés;"Employé / Employée de rayon libre-service ; Hôte / Hôtesse de caisse ; Chef / Cheffe de rayon produits alimentaires ; Vendeur / Vendeuse en épicerie";Entreprise susceptible de recruter (candidature spontanée);;;Apprentissage, Professionnalisation;;;74695055900029;4;https://labonnealternance.apprentissage.beta.gouv.fr/emploi/recruteurs_lba/74695055900029/mavidis
11.1;MICIGLIS;Boulangerie & métiers de bouche;MCO;Ozoir-La-Ferriere;77330;75 AVENUE DU GENERAL DE GAULLE 77330 OZOIR-LA-FERRIERE;Boulangerie et boulangerie-pâtisserie;Vendeur / Vendeuse en épicerie;Entreprise susceptible de recruter (candidature spontanée);;;Apprentissage, Professionnalisation;;;89755981100012;1;https://labonnealternance.apprentissage.beta.gouv.fr/emploi/recruteurs_lba/89755981100012/miciglis
11.1;Okaidi;Mode, chaussures & accessoires;MCO;Claye-Souilly;77410;77410 Claye-Souilly;Commerce de détail d'habillement en magasin spécialisé;"Vendeur / Vendeuse en prêt-à-porter ; Responsable de boutique ; Hôte / Hôtesse de caisse ; Directeur / Directrice de magasin de grande distribution";Entreprise susceptible de recruter (candidature spontanée);;;Apprentissage, Professionnalisation;;;39811044503519;4;https://labonnealternance.apprentissage.beta.gouv.fr/emploi/recruteurs_lba/39811044503519/okaidi
11.1;PROJET X PARIS;Mode, chaussures & accessoires;MCO;Claye-Souilly;77410;77410 Claye-Souilly;Commerce de détail d'habillement en magasin spécialisé;"Vendeur / Vendeuse en prêt-à-porter ; Responsable de boutique ; Hôte / Hôtesse de caisse ; Directeur / Directrice de magasin de grande distribution";Entreprise susceptible de recruter (candidature spontanée);;;Apprentissage, Professionnalisation;;;89271671300029;4;https://labonnealternance.apprentissage.beta.gouv.fr/emploi/recruteurs_lba/89271671300029/projet-x-paris
11.1;S2P;Banque, crédit & assurance;NDRC;Claye-Souilly;77410;77410 Claye-Souilly;Autre distribution de crédit;"Conseiller / Conseillère de clientèle bancaire ; Courtier / Courtière en banque ; Conseiller commercial / Conseillère commerciale auprès des particuliers";Entreprise susceptible de recruter (candidature spontanée);;;Apprentissage, Professionnalisation;;;31381151500797;3;https://labonnealternance.apprentissage.beta.gouv.fr/emploi/recruteurs_lba/31381151500797/s2p
11.1;SURGERIM;Immobilier;NDRC;Ozoir-La-Ferriere;77330;59 AVENUE DU GENERAL DE GAULLE 77330 OZOIR-LA-FERRIERE;LOCATION DE TERRAINS ET D'AUTRES BIENS IMMOBILIERS;"Conseiller / Conseillère immobilier ; Conseiller commercial / Conseillère commerciale auprès des particuliers";Entreprise susceptible de recruter (candidature spontanée);;;Apprentissage, Professionnalisation;;;81421914300017;2;https://labonnealternance.apprentissage.beta.gouv.fr/emploi/recruteurs_lba/81421914300017/surgerim
11.1;VACANCES CARREFOUR;Tourisme & transport;MCO;Claye-Souilly;77410;77410 Claye-Souilly;Activités des agences de voyage;"Employé / Employée de rayon libre-service ; Hôte / Hôtesse de caisse";Entreprise susceptible de recruter (candidature spontanée);;;Apprentissage, Professionnalisation;;;37960197400429;2;https://labonnealternance.apprentissage.beta.gouv.fr/emploi/recruteurs_lba/37960197400429/vacances-carrefour
11.1;VIB'S;Mode, chaussures & accessoires;MCO;Claye-Souilly;77410;77410 Claye-Souilly;Commerce de détail d'habillement en magasin spécialisé;"Vendeur / Vendeuse en prêt-à-porter ; Responsable de boutique ; Hôte / Hôtesse de caisse ; Directeur / Directrice de magasin de grande distribution";Entreprise susceptible de recruter (candidature spontanée);;;Apprentissage, Professionnalisation;;;49035610201310;4;https://labonnealternance.apprentissage.beta.gouv.fr/emploi/recruteurs_lba/49035610201310/vib-s
11.1;Yves Rocher;Beauté, santé & parfumerie;MCO;Claye-Souilly;77410;77410 Claye-Souilly;Commerce de détail de parfumerie et de produits de beauté en magasin spécialisé;"Responsable de boutique ; Employé / Employée de rayon libre-service";Entreprise susceptible de recruter (candidature spontanée);;;Apprentissage, Professionnalisation;;;45003508400018;2;https://labonnealternance.apprentissage.beta.gouv.fr/emploi/recruteurs_lba/45003508400018/yves-rocher
11.2;ADIDAS;Sport, loisirs & culture;MCO + NDRC;Claye-Souilly;77410;3 rue Robert Schuman 77410 CLAYE-SOUILLY;Commerce de détail d'articles de sport en magasin spécialisé;"Vendeur / Vendeuse d'articles de sport et loisirs ; Hôte / Hôtesse de caisse ; Chef / Cheffe de rayon de produits non alimentaires ; Vendeur / Vendeuse en prêt-à-porter ; Vendeur / Vendeuse grossiste en équipement du foyer";Entreprise susceptible de recruter (candidature spontanée);;;Apprentissage, Professionnalisation;;;08548006901045;5;https://labonnealternance.apprentissage.beta.gouv.fr/emploi/recruteurs_lba/08548006901045/adidas
11.2;B4YS;Mode, chaussures & accessoires;MCO;Claye-Souilly;77410;3 RUE ROBERT SCHUMAN 77410 CLAYE-SOUILLY;Commerce de détail de la chaussure;"Responsable de boutique ; Vendeur / Vendeuse en prêt-à-porter ; Vendeur / Vendeuse d'articles de sport et loisirs ; Gérant / Gérante de magasin d'alimentation générale ; Directeur / Directrice de magasin de grande distribution";Entreprise susceptible de recruter (candidature spontanée);;;Apprentissage, Professionnalisation;;;85138419800020;5;https://labonnealternance.apprentissage.beta.gouv.fr/emploi/recruteurs_lba/85138419800020/b4ys
11.2;Bleu Libellule;Autres commerces de détail;NDRC;Montévrain;77144;Rue du Clos Rose 77144 Montévrain;Autres commerces de détail spécialisés divers;Responsable relation client (CRM);Entreprise susceptible de recruter (candidature spontanée);;;Apprentissage, Professionnalisation;;;52388562201224;1;https://labonnealternance.apprentissage.beta.gouv.fr/emploi/recruteurs_lba/52388562201224/bleu-libellule
11.2;Boulanger;High-tech, électroménager & télécoms;MCO + NDRC;Claye-Souilly;77410;3 rue Robert Schuman 77410 CLAYE-SOUILLY;Commerce de détail d'appareils électroménagers en magasin spécialisé;"Vendeur / Vendeuse en équipement de la maison ; Conseiller commercial / Conseillère commerciale auprès des particuliers ; Responsable relation client (CRM)";Entreprise susceptible de recruter (candidature spontanée);;;Apprentissage, Professionnalisation;;;34738457002900;3;https://labonnealternance.apprentissage.beta.gouv.fr/emploi/recruteurs_lba/34738457002900/boulanger
11.2;BOULANGERIE LOUISE;Boulangerie & métiers de bouche;MCO;Montévrain;77144;Rue du Clos Rose 77144 Montévrain;Boulangerie et boulangerie-pâtisserie;Vendeur / Vendeuse en épicerie;Entreprise susceptible de recruter (candidature spontanée);;;Apprentissage, Professionnalisation;;;79778707400021;1;https://labonnealternance.apprentissage.beta.gouv.fr/emploi/recruteurs_lba/79778707400021/boulangerie-louise
11.2;CDHA;Autres commerces de détail;NDRC;Claye-Souilly;77410;3 RUE ROBERT SCHUMAN 77410 CLAYE-SOUILLY;Autres commerces de détail spécialisés divers;Responsable relation client (CRM);Entreprise susceptible de recruter (candidature spontanée);;;Apprentissage, Professionnalisation;;;88289562600027;1;https://labonnealternance.apprentissage.beta.gouv.fr/emploi/recruteurs_lba/88289562600027/cdha
11.2;DAMART;Mode, chaussures & accessoires;MCO;Claye-Souilly;77410;3 RUE ROBERT SCHUMAN 77410 CLAYE-SOUILLY;Commerce de détail de textiles en magasin spécialisé;"Vendeur / Vendeuse en équipement de la maison ; Responsable de boutique ; Vendeur / Vendeuse en prêt-à-porter";Entreprise susceptible de recruter (candidature spontanée);;;Apprentissage, Professionnalisation;;;33320208301435;3;https://labonnealternance.apprentissage.beta.gouv.fr/emploi/recruteurs_lba/33320208301435/damart
11.2;EC MONTEVRAIN;Autres commerces de détail;MCO;Montévrain;77144;Rue du Clos Rose 77144 Montévrain;Commerce de détail de biens d'occasion en magasin;"Vendeur / Vendeuse en équipement de la maison ; Vendeur / Vendeuse en prêt-à-porter";Entreprise susceptible de recruter (candidature spontanée);;;Apprentissage, Professionnalisation;;;79501230100011;2;https://labonnealternance.apprentissage.beta.gouv.fr/emploi/recruteurs_lba/79501230100011/ec-montevrain
11.2;EUROPE BM SHOP;Automobile & mobilité;MCO + NDRC;Jossigny;77600;6 Rocade Sainte Genevieve 77600 Jossigny;Commerce de détail d'équipements automobiles;"Conseiller / Conseillère de vente en pièces de rechange et accessoires de véhicules ; Conseiller / Conseillère client après-vente des véhicules";Entreprise susceptible de recruter (candidature spontanée);;;Apprentissage, Professionnalisation;;;79424200800041;2;https://labonnealternance.apprentissage.beta.gouv.fr/emploi/recruteurs_lba/79424200800041/europe-bm-shop
11.2;FB GESTION 77;Maison, bricolage & jardin;NDRC;Villeparisis;77270;4 place Francois Mauriac 77270 VILLEPARISIS;Administration d'immeubles et autres biens immobiliers;Conseiller / Conseillère immobilier;Entreprise susceptible de recruter (candidature spontanée);;;Apprentissage, Professionnalisation;;;81488043100014;1;https://labonnealternance.apprentissage.beta.gouv.fr/emploi/recruteurs_lba/81488043100014/fb-gestion-77
11.2;Groupe Autosphere;Automobile & mobilité;MCO + NDRC;Montévrain;77144;6 rue de Fontenelle 77144 MONTEVRAIN;Commerce de voitures et de véhicules automobiles légers;"Vendeur / Vendeuse automobile ; Conseiller / Conseillère client après-vente des véhicules";Entreprise susceptible de recruter (candidature spontanée);;;Apprentissage, Professionnalisation;;;52967381600037;2;https://labonnealternance.apprentissage.beta.gouv.fr/emploi/recruteurs_lba/52967381600037/groupe-autosphere
11.2;INTERMARCHE;Grande distribution & supermarchés;MCO;Ozoir-La-Ferriere;77330;RUE AUGUSTE HUDIER 77330 OZOIR-LA-FERRIERE;Supermarchés;"Employé / Employée de rayon libre-service ; Directeur / Directrice de magasin de grande distribution ; Hôte / Hôtesse de caisse ; Responsable de caisses ; Chef / Cheffe de rayon produits alimentaires";Entreprise susceptible de recruter (candidature spontanée);;;Apprentissage, Professionnalisation;;;97865134700038;5;https://labonnealternance.apprentissage.beta.gouv.fr/emploi/recruteurs_lba/97865134700038/intermarche
11.2;LDLC;High-tech, électroménager & télécoms;MCO + NDRC;Claye-Souilly;77410;3 rue Robert Schuman 77410 CLAYE-SOUILLY;Commerce de détail d'ordinateurs, d'unités périphériques et de logiciels en magasin spécialisé;"Vendeur / Vendeuse en équipement de la maison ; Consultant / Consultante avant-vente ; Technico-commercial / Technico-commerciale";Entreprise susceptible de recruter (candidature spontanée);;;Apprentissage, Professionnalisation;;;81917930000267;3;https://labonnealternance.apprentissage.beta.gouv.fr/emploi/recruteurs_lba/81917930000267/ldlc
11.2;MAISONS DU MONDE;Maison, bricolage & jardin;MCO + NDRC;Montévrain;77144;Rue du Clos Rose 77144 Montévrain;Commerce de détail d'autres équipements du foyer;"Vendeur / Vendeuse en équipement de la maison ; Employé / Employée de rayon libre-service ; Responsable de boutique ; Hôte / Hôtesse de caisse ; Vendeur / Vendeuse grossiste en équipement du foyer ; Conseiller commercial / Conseillère commerciale auprès des particuliers";Entreprise susceptible de recruter (candidature spontanée);;;Apprentissage, Professionnalisation;;;38319665602306;6;https://labonnealternance.apprentissage.beta.gouv.fr/emploi/recruteurs_lba/38319665602306/maisons-du-monde
11.2;MAXI BAZAR;Autres commerces de détail;NDRC;Claye-Souilly;77410;rue Robert Schuman 77410 CLAYE-SOUILLY;Autres commerces de détail spécialisés divers;Responsable relation client (CRM);Entreprise susceptible de recruter (candidature spontanée);;;Apprentissage, Professionnalisation;;;31232697800706;1;https://labonnealternance.apprentissage.beta.gouv.fr/emploi/recruteurs_lba/31232697800706/maxi-bazar
11.2;MONCEAU FLEURS;Maison, bricolage & jardin;MCO;Claye-Souilly;77410;3 rue Robert Schuman 77410 CLAYE-SOUILLY;Commerce de détail de fleurs, plantes, graines, engrais, animaux de compagnie et aliments pour ces animaux en magasin spécialisé;"Responsable de boutique ; Vendeur / Vendeuse conseil en jardinerie ; Vendeur / Vendeuse en animalerie ; Hôte / Hôtesse de caisse ; Chef / Cheffe de rayon de produits non alimentaires";Entreprise susceptible de recruter (candidature spontanée);;;Apprentissage, Professionnalisation;;;89081942800024;5;https://labonnealternance.apprentissage.beta.gouv.fr/emploi/recruteurs_lba/89081942800024/monceau-fleurs
11.2;TOM & CO;Maison, bricolage & jardin;MCO;Montévrain;77144;9 Rue de Fontenelle 77144 Montévrain;Commerce de détail de fleurs, plantes, graines, engrais, animaux de compagnie et aliments pour ces animaux en magasin spécialisé;"Responsable de boutique ; Vendeur / Vendeuse conseil en jardinerie ; Vendeur / Vendeuse en animalerie ; Hôte / Hôtesse de caisse ; Chef / Cheffe de rayon de produits non alimentaires";Entreprise susceptible de recruter (candidature spontanée);;;Apprentissage, Professionnalisation;;;83988436800011;5;https://labonnealternance.apprentissage.beta.gouv.fr/emploi/recruteurs_lba/83988436800011/tom-co
11.3;ASL IMMOBILIER;Maison, bricolage & jardin;NDRC;Montévrain;77144;14 RUE DE BERLIN 77144 MONTEVRAIN;Administration d'immeubles et autres biens immobiliers;Conseiller / Conseillère immobilier;Entreprise susceptible de recruter (candidature spontanée);;;Apprentissage, Professionnalisation;;;81923140800033;1;https://labonnealternance.apprentissage.beta.gouv.fr/emploi/recruteurs_lba/81923140800033/asl-immobilier
11.3;BUT;Maison, bricolage & jardin;MCO;Claye-Souilly;77410;rue Clément Ader 77410 Claye-Souilly;Commerce de détail de meubles;"Vendeur / Vendeuse en équipement de la maison ; Hôte / Hôtesse de caisse";Entreprise susceptible de recruter (candidature spontanée);;;Apprentissage, Professionnalisation;;;72204186002078;2;https://labonnealternance.apprentissage.beta.gouv.fr/emploi/recruteurs_lba/72204186002078/but
11.3;DG IMMOBILIER;Immobilier;NDRC;Mitry-Mory;77290;16B avenue Franklin Roosevelt 77290 MITRY-MORY;Agences immobilières;Conseiller / Conseillère immobilier;Entreprise susceptible de recruter (candidature spontanée);;;Apprentissage, Professionnalisation;;;95107975500017;1;https://labonnealternance.apprentissage.beta.gouv.fr/emploi/recruteurs_lba/95107975500017/dg-immobilier
11.3;MAISON BLE D'OR DE MITRY-MORY;Boulangerie & métiers de bouche;MCO;Mitry-Mory;77290;14 avenue Franklin Roosevelt 77290 MITRY-MORY;Boulangerie et boulangerie-pâtisserie;Vendeur / Vendeuse en épicerie;Entreprise susceptible de recruter (candidature spontanée);;;Apprentissage, Professionnalisation;;;93445688000012;1;https://labonnealternance.apprentissage.beta.gouv.fr/emploi/recruteurs_lba/93445688000012/maison-ble-d-or-de-mitry-mory
11.3;MDR TRANSACTION;Immobilier;NDRC;Ozoir-La-Ferriere;77330;57 avenue du General De Gaulle 77330 OZOIR-LA-FERRIERE;Agences immobilières;Conseiller / Conseillère immobilier;Entreprise susceptible de recruter (candidature spontanée);;;Apprentissage, Professionnalisation;;;89071202900010;1;https://labonnealternance.apprentissage.beta.gouv.fr/emploi/recruteurs_lba/89071202900010/mdr-transaction
11.3;OXIA;Maison, bricolage & jardin;NDRC;Ozoir-La-Ferriere;77330;42 AVENUE DU GENERAL DE GAULLE 77330 OZOIR-LA-FERRIERE;Administration d'immeubles et autres biens immobiliers;Conseiller / Conseillère immobilier;Entreprise susceptible de recruter (candidature spontanée);;;Apprentissage, Professionnalisation;;;38794858100013;1;https://labonnealternance.apprentissage.beta.gouv.fr/emploi/recruteurs_lba/38794858100013/oxia
11.4;Gueudet 1880;Automobile & mobilité;MCO + NDRC;Montévrain;77144;5 IMPASSE DU CLOS ROSE 77144 MONTEVRAIN;Commerce de voitures et de véhicules automobiles légers;"Vendeur / Vendeuse automobile ; Conseiller / Conseillère client après-vente des véhicules";Entreprise susceptible de recruter (candidature spontanée);;;Apprentissage, Professionnalisation;;;74695017900265;2;https://labonnealternance.apprentissage.beta.gouv.fr/emploi/recruteurs_lba/74695017900265/gueudet-1880
11.4;LIDL;Grande distribution & supermarchés;MCO;Mitry-Mory;77290;36 AVENUE DE VERDUN 77290 MITRY-MORY;Supermarchés;"Employé / Employée de rayon libre-service ; Directeur / Directrice de magasin de grande distribution ; Hôte / Hôtesse de caisse ; Responsable de caisses ; Chef / Cheffe de rayon produits alimentaires";Entreprise susceptible de recruter (candidature spontanée);;;Apprentissage, Professionnalisation;;;34326262224511;5;https://labonnealternance.apprentissage.beta.gouv.fr/emploi/recruteurs_lba/34326262224511/lidl
11.4;TECHSTAR BY AUTOSPHERE;Automobile & mobilité;MCO + NDRC;Montévrain;77144;1 impasse du Clos Rose 77144 MONTEVRAIN;Commerce de voitures et de véhicules automobiles légers;"Vendeur / Vendeuse automobile ; Conseiller / Conseillère client après-vente des véhicules";Entreprise susceptible de recruter (candidature spontanée);;;Apprentissage, Professionnalisation;;;41459333500022;2;https://labonnealternance.apprentissage.beta.gouv.fr/emploi/recruteurs_lba/41459333500022/techstar-by-autosphere
11.5;L' AUDACIEL;Autres commerces de détail;MCO;Montévrain;77144;15 avenue de la Societe des Nations 77144 MONTEVRAIN;Commerce de détail de produits à base de tabac en magasin spécialisé;;Entreprise susceptible de recruter (candidature spontanée);;;Apprentissage, Professionnalisation;;;91254948200012;1;https://labonnealternance.apprentissage.beta.gouv.fr/emploi/recruteurs_lba/91254948200012/l-audaciel
11.5;MARIONNAUD;Beauté, santé & parfumerie;MCO;Claye-Souilly;77410;rue de Paris 77410 CLAYE-SOUILLY;Commerce de détail de parfumerie et de produits de beauté en magasin spécialisé;"Responsable de boutique ; Employé / Employée de rayon libre-service";Entreprise susceptible de recruter (candidature spontanée);;;Apprentissage, Professionnalisation;;;34867416906560;2;https://labonnealternance.apprentissage.beta.gouv.fr/emploi/recruteurs_lba/34867416906560/marionnaud
11.5;VELO 77;Sport, loisirs & culture;MCO + NDRC;Claye-Souilly;77410;19 rue Victor Baltard 77410 CLAYE-SOUILLY;Commerce de détail d'articles de sport en magasin spécialisé;"Vendeur / Vendeuse d'articles de sport et loisirs ; Hôte / Hôtesse de caisse ; Chef / Cheffe de rayon de produits non alimentaires ; Vendeur / Vendeuse en prêt-à-porter ; Vendeur / Vendeuse grossiste en équipement du foyer";Entreprise susceptible de recruter (candidature spontanée);;;Apprentissage, Professionnalisation;;;45114843100021;5;https://labonnealternance.apprentissage.beta.gouv.fr/emploi/recruteurs_lba/45114843100021/velo-77
11.5;VOLUTEX SN;Commerce de gros / B2B;NDRC;Ozoir-La-Ferriere;77330;12 avenue Henri Beaudelet 77330 OZOIR-LA-FERRIERE;Commerce de gros (commerce interentreprises) de fournitures et équipements divers pour le commerce et les services;"Cadre Technico-commercial / Technico-commerciale ; Technico-commercial / Technico-commerciale ; Assistant commercial / Assistante commerciale";Entreprise susceptible de recruter (candidature spontanée);;;Apprentissage, Professionnalisation;;;81015305600033;3;https://labonnealternance.apprentissage.beta.gouv.fr/emploi/recruteurs_lba/81015305600033/volutex-sn
11.6;APSG SERVICES;Automobile & mobilité;MCO + NDRC;Montévrain;77144;34 Route de Provins 77144 Montévrain;Commerce de voitures et de véhicules automobiles légers;"Vendeur / Vendeuse automobile ; Conseiller / Conseillère client après-vente des véhicules";Entreprise susceptible de recruter (candidature spontanée);;;Apprentissage, Professionnalisation;;;92062969800027;2;https://labonnealternance.apprentissage.beta.gouv.fr/emploi/recruteurs_lba/92062969800027/apsg-services
11.6;HOWDENS CUISINES;Commerce de gros / B2B;MCO + NDRC;Claye-Souilly;77410;15 rue Alexandre Chatrian 77410 CLAYE-SOUILLY;Commerce de gros (commerce interentreprises) de meubles, de tapis et d'appareils d'éclairage;"Vendeur / Vendeuse en équipement de la maison ; Attaché commercial / Attachée commerciale";Entreprise susceptible de recruter (candidature spontanée);;;Apprentissage, Professionnalisation;;;47758896600697;2;https://labonnealternance.apprentissage.beta.gouv.fr/emploi/recruteurs_lba/47758896600697/howdens-cuisines
11.7;AUDIOPOLE;Commerce de gros / B2B;MCO + NDRC;Montévrain;77144;22 Rue Edouard Buffard 77144 Montévrain;Commerce de gros (commerce interentreprises) de matériel électrique;"Vendeur / Vendeuse grossiste en équipement du foyer ; Technico-commercial / Technico-commerciale";Entreprise susceptible de recruter (candidature spontanée);;;Apprentissage, Professionnalisation;;;44832078800038;2;https://labonnealternance.apprentissage.beta.gouv.fr/emploi/recruteurs_lba/44832078800038/audiopole
11.7;DIFFUSION 77;Maison, bricolage & jardin;MCO;Claye-Souilly;77410;RUE ALEXANDRE CHATRIAN 77410 CLAYE-SOUILLY;Commerce de détail de meubles;"Vendeur / Vendeuse en équipement de la maison ; Hôte / Hôtesse de caisse";Entreprise susceptible de recruter (candidature spontanée);;;Apprentissage, Professionnalisation;;;38904866100018;2;https://labonnealternance.apprentissage.beta.gouv.fr/emploi/recruteurs_lba/38904866100018/diffusion-77
11.7;FRANKLIN FRANCE;Commerce de gros / B2B;MCO + NDRC;Ozoir-La-Ferriere;77330;13 RUE LOUIS ARMAND 77330 OZOIR-LA-FERRIERE;Commerce de gros (commerce interentreprises) de matériel électrique;"Vendeur / Vendeuse grossiste en équipement du foyer ; Technico-commercial / Technico-commerciale";Entreprise susceptible de recruter (candidature spontanée);;;Apprentissage, Professionnalisation;;;31974708500045;2;https://labonnealternance.apprentissage.beta.gouv.fr/emploi/recruteurs_lba/31974708500045/franklin-france
11.7;JARDILAND;Maison, bricolage & jardin;MCO;Claye-Souilly;77410;13 RUE JEAN MONNET 77410 CLAYE-SOUILLY;Commerce de détail de fleurs, plantes, graines, engrais, animaux de compagnie et aliments pour ces animaux en magasin spécialisé;"Responsable de boutique ; Vendeur / Vendeuse conseil en jardinerie ; Vendeur / Vendeuse en animalerie ; Hôte / Hôtesse de caisse ; Chef / Cheffe de rayon de produits non alimentaires";Entreprise susceptible de recruter (candidature spontanée);;;Apprentissage, Professionnalisation;;;30684462200440;5;https://labonnealternance.apprentissage.beta.gouv.fr/emploi/recruteurs_lba/30684462200440/jardiland
11.8;CHANA;Maison, bricolage & jardin;MCO + NDRC;Mitry-Mory;77290;91 RUE AMBROISE RENDU 77290 MITRY-MORY;Commerce de détail d'autres équipements du foyer;"Vendeur / Vendeuse en équipement de la maison ; Employé / Employée de rayon libre-service ; Responsable de boutique ; Hôte / Hôtesse de caisse ; Vendeur / Vendeuse grossiste en équipement du foyer ; Conseiller commercial / Conseillère commerciale auprès des particuliers";Entreprise susceptible de recruter (candidature spontanée);;;Apprentissage, Professionnalisation;;;53537132200038;6;https://labonnealternance.apprentissage.beta.gouv.fr/emploi/recruteurs_lba/53537132200038/chana
11.8;CHAUSSEA;Mode, chaussures & accessoires;MCO;Claye-Souilly;77410;RUE JEAN MONNET 77410 CLAYE-SOUILLY;Commerce de détail de la chaussure;"Responsable de boutique ; Vendeur / Vendeuse en prêt-à-porter ; Vendeur / Vendeuse d'articles de sport et loisirs ; Gérant / Gérante de magasin d'alimentation générale ; Directeur / Directrice de magasin de grande distribution";Entreprise susceptible de recruter (candidature spontanée);;;Apprentissage, Professionnalisation;;;33026769104932;5;https://labonnealternance.apprentissage.beta.gouv.fr/emploi/recruteurs_lba/33026769104932/chaussea
11.8;ESPACE CLAYE;Boulangerie & métiers de bouche;MCO + NDRC;Claye-Souilly;77410;14 rue Ernest Saron 77410 CLAYE-SOUILLY;Commerce de détail de viandes et de produits à base de viande en magasin spécialisé;"Vendeur / Vendeuse en épicerie ; Vendeur / Vendeuse grossiste en produits frais";Entreprise susceptible de recruter (candidature spontanée);;;Apprentissage, Professionnalisation;;;97829027800016;2;https://labonnealternance.apprentissage.beta.gouv.fr/emploi/recruteurs_lba/97829027800016/espace-claye
11.8;FETE SENSATION;Autres commerces de détail;NDRC;Claye-Souilly;77410;RUE JEAN MONNET 77410 CLAYE-SOUILLY;Autres commerces de détail spécialisés divers;Responsable relation client (CRM);Entreprise susceptible de recruter (candidature spontanée);;;Apprentissage, Professionnalisation;;;83957235100014;1;https://labonnealternance.apprentissage.beta.gouv.fr/emploi/recruteurs_lba/83957235100014/fete-sensation
11.8;GWEN R-MARKET;Grande distribution & supermarchés;MCO;Annet-Sur-Marne;77410;4 RUE GABRIEL CHAMON 77410 ANNET-SUR-MARNE;Commerce d'alimentation générale;"Employé / Employée de rayon libre-service ; Vendeur / Vendeuse en épicerie ; Hôte / Hôtesse de caisse ; Chef / Cheffe de rayon produits alimentaires ; Directeur / Directrice de magasin de grande distribution ; Gérant / Gérante de magasin d'alimentation générale";Entreprise susceptible de recruter (candidature spontanée);;;Apprentissage, Professionnalisation;;;97917460400012;6;https://labonnealternance.apprentissage.beta.gouv.fr/emploi/recruteurs_lba/97917460400012/gwen-r-market
11.8;KIABI;Mode, chaussures & accessoires;MCO;Claye-Souilly;77410;RUE JEAN MONNET 77410 CLAYE-SOUILLY;Commerce de détail d'habillement en magasin spécialisé;"Vendeur / Vendeuse en prêt-à-porter ; Responsable de boutique ; Hôte / Hôtesse de caisse ; Directeur / Directrice de magasin de grande distribution";Entreprise susceptible de recruter (candidature spontanée);;;Apprentissage, Professionnalisation;;;34410327002102;4;https://labonnealternance.apprentissage.beta.gouv.fr/emploi/recruteurs_lba/34410327002102/kiabi
11.8;LA CROUSTILL'ANGE;Boulangerie & métiers de bouche;MCO;Annet-Sur-Marne;77410;84 RUE DU GENERAL DE GAULLE 77410 ANNET-SUR-MARNE;Boulangerie et boulangerie-pâtisserie;Vendeur / Vendeuse en épicerie;Entreprise susceptible de recruter (candidature spontanée);;;Apprentissage, Professionnalisation;;;52839419000029;1;https://labonnealternance.apprentissage.beta.gouv.fr/emploi/recruteurs_lba/52839419000029/la-croustill-ange
11.8;MC MOB 77;Maison, bricolage & jardin;MCO;Claye-Souilly;77410;RUE JEAN MONNET 77410 CLAYE-SOUILLY;Commerce de détail de meubles;"Vendeur / Vendeuse en équipement de la maison ; Hôte / Hôtesse de caisse";Entreprise susceptible de recruter (candidature spontanée);;;Apprentissage, Professionnalisation;;;85235608800017;2;https://labonnealternance.apprentissage.beta.gouv.fr/emploi/recruteurs_lba/85235608800017/mc-mob-77
11.8;MOBILITE SERVICES;Beauté, santé & parfumerie;MCO;Claye-Souilly;77410;9B RUE JEAN JAURES 77410 CLAYE-SOUILLY;Commerce de détail d'articles médicaux et orthopédiques en magasin spécialisé;;Entreprise susceptible de recruter (candidature spontanée);;;Apprentissage, Professionnalisation;;;82411069600047;1;https://labonnealternance.apprentissage.beta.gouv.fr/emploi/recruteurs_lba/82411069600047/mobilite-services
11.8;NOVOVIANDE;Boulangerie & métiers de bouche;MCO + NDRC;Claye-Souilly;77410;RUE JEAN MONNET 77410 CLAYE-SOUILLY;Commerce de détail de viandes et de produits à base de viande en magasin spécialisé;"Vendeur / Vendeuse en épicerie ; Vendeur / Vendeuse grossiste en produits frais";Entreprise susceptible de recruter (candidature spontanée);;;Apprentissage, Professionnalisation;;;41398567200034;2;https://labonnealternance.apprentissage.beta.gouv.fr/emploi/recruteurs_lba/41398567200034/novoviande
11.8;STOCK PRICE;Commerce de gros / B2B;NDRC;Claye-Souilly;77410;3 rue Alexandre Chatrian 77410 CLAYE-SOUILLY;Commerce de gros (commerce interentreprises) non spécialisé;"Technico-commercial / Technico-commerciale ; Assistant commercial / Assistante commerciale ; Conseiller / Conseillère en gestion de patrimoine ; Commercial itinérant / Commerciale itinérante en entreprise de commerce de gros";Entreprise susceptible de recruter (candidature spontanée);;;Apprentissage, Professionnalisation;;;93444324300019;4;https://labonnealternance.apprentissage.beta.gouv.fr/emploi/recruteurs_lba/93444324300019/stock-price
11.8;TRODAT FRANCE;Commerce de gros / B2B;MCO + NDRC;Ozoir-La-Ferriere;77330;26 avenue Henri Beaudelet 77330 OZOIR-LA-FERRIERE;COMMERCE DE GROS (COMMERCE INTERENTREPRISES) D'AUTRES BIENS DOMESTIQUES;"Assistant / Assistante administration des ventes ; Assistant commercial / Assistante commerciale";Entreprise susceptible de recruter (candidature spontanée);;;Apprentissage, Professionnalisation;;;38956827000026;2;https://labonnealternance.apprentissage.beta.gouv.fr/emploi/recruteurs_lba/38956827000026/trodat-france
11.9;BANQUE CIC EST;Banque, crédit & assurance;NDRC;Montévrain;77144;53 AVENUE DE LA SOCIETE DES NATIONS 77144 MONTEVRAIN;Autres intermédiations monétaires;"Conseiller / Conseillère de clientèle bancaire ; Chargé / Chargée d'accueil en banque ; Conseiller / Conseillère en gestion de patrimoine";Entreprise susceptible de recruter (candidature spontanée);;;Apprentissage, Professionnalisation;;;75480071205250;3;https://labonnealternance.apprentissage.beta.gouv.fr/emploi/recruteurs_lba/75480071205250/banque-cic-est
11.9;BARENBRUG FRANCE;Commerce de gros / B2B;MCO + NDRC;Montévrain;77144;14 AVENUE DE L'EUROPE 77144 MONTEVRAIN;Commerce de gros (commerce interentreprises) de céréales, de tabac non manufacturé, de semences et d'aliments pour le bétail;"Vendeur / Vendeuse conseil en jardinerie ; Chef / Cheffe de rayon de produits non alimentaires ; Commercial / Commerciale grands comptes et entreprises";Entreprise susceptible de recruter (candidature spontanée);;;Apprentissage, Professionnalisation;;;30906456600057;3;https://labonnealternance.apprentissage.beta.gouv.fr/emploi/recruteurs_lba/30906456600057/barenbrug-france
11.9;Cultura;Sport, loisirs & culture;MCO;Claye-Souilly;77410;rue Victor Drouet 77410 CLAYE-SOUILLY;Commerce de détail de livres en magasin spécialisé;"Vendeur / Vendeuse de produits culturels et ludiques ; Hôte / Hôtesse de caisse ; Chef / Cheffe de rayon de produits non alimentaires";Entreprise susceptible de recruter (candidature spontanée);;;Apprentissage, Professionnalisation;;;51978079500307;3;https://labonnealternance.apprentissage.beta.gouv.fr/emploi/recruteurs_lba/51978079500307/cultura
11.9;DECATHLON;Sport, loisirs & culture;MCO + NDRC;Claye-Souilly;77410;181 RUE VICTOR DROUET 77410 CLAYE-SOUILLY;Commerce de détail d'articles de sport en magasin spécialisé;"Vendeur / Vendeuse d'articles de sport et loisirs ; Hôte / Hôtesse de caisse ; Chef / Cheffe de rayon de produits non alimentaires ; Vendeur / Vendeuse en prêt-à-porter ; Vendeur / Vendeuse grossiste en équipement du foyer";Entreprise susceptible de recruter (candidature spontanée);;;Apprentissage, Professionnalisation;;;50056940501928;5;https://labonnealternance.apprentissage.beta.gouv.fr/emploi/recruteurs_lba/50056940501928/decathlon
11.9;ESPACE AUBADE;Commerce de gros / B2B;MCO + NDRC;Ozoir-La-Ferriere;77330;30 avenue Henri Beaudelet 77330 OZOIR-LA-FERRIERE;COMMERCE DE GROS (COMMERCE INTERENTREPRISES) DE FOURNITURES POUR LA PLOMBERIE ET LE CHAUFFAGE;"Vendeur / Vendeuse grossiste en équipement du foyer ; Technico-commercial / Technico-commerciale ; Commercial itinérant / Commerciale itinérante en entreprise de commerce de gros";Entreprise susceptible de recruter (candidature spontanée);;;Apprentissage, Professionnalisation;;;34308659100157;3;https://labonnealternance.apprentissage.beta.gouv.fr/emploi/recruteurs_lba/34308659100157/espace-aubade
11.9;GE SEINE ET MARNE;Services aux entreprises, conseil & communication;MCO;Montévrain;77144;14 AVENUE DE L'EUROPE 77144 MONTEVRAIN;Autre mise à disposition de ressources humaines;Chef / Cheffe de rayon produits alimentaires;Entreprise susceptible de recruter (candidature spontanée);;;Apprentissage, Professionnalisation;;;83474753700019;1;https://labonnealternance.apprentissage.beta.gouv.fr/emploi/recruteurs_lba/83474753700019/ge-seine-et-marne
11.9;HOMERIA;Immobilier;NDRC;Montévrain;77144;14 avenue de l Europe 77144 MONTEVRAIN;Promotion immobilière de logements;Chargé / Chargée d'affaires immobilières;Entreprise susceptible de recruter (candidature spontanée);;;Apprentissage, Professionnalisation;;;81764476800035;1;https://labonnealternance.apprentissage.beta.gouv.fr/emploi/recruteurs_lba/81764476800035/homeria
11.9;JBJ ASSOCIES;Services aux entreprises, conseil & communication;MCO;Montévrain;77144;14 AVENUE DE L'EUROPE 77144 MONTEVRAIN;Autres activités de soutien aux entreprises n.c.a.;Animateur / Animatrice des ventes;Entreprise susceptible de recruter (candidature spontanée);;;Apprentissage, Professionnalisation;;;80249025000031;1;https://labonnealternance.apprentissage.beta.gouv.fr/emploi/recruteurs_lba/80249025000031/jbj-associes
11.9;L'AGENCE DE CLAYE;Immobilier;NDRC;Claye-Souilly;77410;41 RUE JEAN JAURES 77410 CLAYE-SOUILLY;Agences immobilières;Conseiller / Conseillère immobilier;Entreprise susceptible de recruter (candidature spontanée);;;Apprentissage, Professionnalisation;;;84269922500012;1;https://labonnealternance.apprentissage.beta.gouv.fr/emploi/recruteurs_lba/84269922500012/l-agence-de-claye
11.9;LE FROMAGER DE CLAYE;Boulangerie & métiers de bouche;MCO;Claye-Souilly;77410;9B rue Jean Monnet 77410 CLAYE-SOUILLY;Autres commerces de détail alimentaires en magasin spécialisé;"Vendeur / Vendeuse en épicerie ; Employé / Employée de rayon libre-service ; Chef / Cheffe de rayon produits alimentaires ; Responsable de boutique";Entreprise susceptible de recruter (candidature spontanée);;;Apprentissage, Professionnalisation;;;80315526600023;4;https://labonnealternance.apprentissage.beta.gouv.fr/emploi/recruteurs_lba/80315526600023/le-fromager-de-claye
11.9;LENORMANT MANUTENTION;Commerce de gros / B2B;NDRC;Claye-Souilly;77410;RUE ERNEST SARON 77410 CLAYE-SOUILLY;Commerce de gros (commerce interentreprises) de fournitures et équipements industriels divers;"Technico-commercial / Technico-commerciale ; Attaché commercial / Attachée commerciale";Entreprise susceptible de recruter (candidature spontanée);;;Apprentissage, Professionnalisation;;;33232136300084;2;https://labonnealternance.apprentissage.beta.gouv.fr/emploi/recruteurs_lba/33232136300084/lenormant-manutention
11.9;LEVIIA;High-tech, électroménager & télécoms;NDRC;Montévrain;77144;14 AVENUE DE L'EUROPE 77144 MONTEVRAIN;Traitement de données, hébergement et activités connexes;Conseiller / Conseillère en gestion de patrimoine;Entreprise susceptible de recruter (candidature spontanée);;;Apprentissage, Professionnalisation;;;89413756100029;1;https://labonnealternance.apprentissage.beta.gouv.fr/emploi/recruteurs_lba/89413756100029/leviia
12.0;ANNET AUTO;Automobile & mobilité;MCO + NDRC;Annet-Sur-Marne;77410;48 RUE AUX RELIQUES 77410 ANNET-SUR-MARNE;Commerce de voitures et de véhicules automobiles légers;"Vendeur / Vendeuse automobile ; Conseiller / Conseillère client après-vente des véhicules";Entreprise susceptible de recruter (candidature spontanée);;;Apprentissage, Professionnalisation;;;87913933500027;2;https://labonnealternance.apprentissage.beta.gouv.fr/emploi/recruteurs_lba/87913933500027/annet-auto
12.0;CARREFOUR CITY;Grande distribution & supermarchés;MCO;Claye-Souilly;77410;49 RUE JEAN JAURES 77410 CLAYE-SOUILLY;Supérettes;"Employé / Employée de rayon libre-service ; Hôte / Hôtesse de caisse ; Directeur / Directrice de magasin de grande distribution ; Vendeur / Vendeuse en épicerie ; Responsable de caisses ; Chef / Cheffe de rayon produits alimentaires";Entreprise susceptible de recruter (candidature spontanée);;;Apprentissage, Professionnalisation;;;49265644200034;6;https://labonnealternance.apprentissage.beta.gouv.fr/emploi/recruteurs_lba/49265644200034/carrefour-city
12.0;LIDL;Grande distribution & supermarchés;MCO;Claye-Souilly;77410;10 RUE ERNEST SARON 77410 CLAYE-SOUILLY;Supermarchés;"Employé / Employée de rayon libre-service ; Directeur / Directrice de magasin de grande distribution ; Hôte / Hôtesse de caisse ; Responsable de caisses ; Chef / Cheffe de rayon produits alimentaires";Entreprise susceptible de recruter (candidature spontanée);;;Apprentissage, Professionnalisation;;;34326262221087;5;https://labonnealternance.apprentissage.beta.gouv.fr/emploi/recruteurs_lba/34326262221087/lidl
12.1;BANQUE CIC EST;Banque, crédit & assurance;NDRC;Jossigny;77600;3 cours de la Gondoire 77600 JOSSIGNY;Autres intermédiations monétaires;"Conseiller / Conseillère de clientèle bancaire ; Chargé / Chargée d'accueil en banque ; Conseiller / Conseillère en gestion de patrimoine ; Chargé / Chargée d'affaires bancaires entreprise";Entreprise susceptible de recruter (candidature spontanée);;;Apprentissage, Professionnalisation;;;75480071205607;4;https://labonnealternance.apprentissage.beta.gouv.fr/emploi/recruteurs_lba/75480071205607/banque-cic-est
12.1;CAISSE REGIONALE DE CREDIT AGRICOLE MUTUEL BRIE PICARDIE;Banque, crédit & assurance;NDRC;Chessy;77700;8 ROND POINT SIMONE VEIL 77700 CHESSY;Autres intermédiations monétaires;"Conseiller / Conseillère de clientèle bancaire ; Chargé / Chargée d'accueil en banque ; Conseiller / Conseillère en gestion de patrimoine";Entreprise susceptible de recruter (candidature spontanée);;;Apprentissage, Professionnalisation;;;48762543602535;3;https://labonnealternance.apprentissage.beta.gouv.fr/emploi/recruteurs_lba/48762543602535/caisse-regionale-de-credit-agricole-mutuel-brie-picardie
12.1;KNAPP FRANCE;Commerce de gros / B2B;MCO + NDRC;Jossigny;77600;3 cours de la Gondoire 77600 JOSSIGNY;Autres intermédiaires du commerce en produits divers;"Vendeur / Vendeuse automobile ; Conseiller commercial / Conseillère commerciale auprès des particuliers ; Responsable Commercial / Commerciale ; Attaché commercial / Attachée commerciale";Entreprise susceptible de recruter (candidature spontanée);;;Apprentissage, Professionnalisation;;;43783468200035;4;https://labonnealternance.apprentissage.beta.gouv.fr/emploi/recruteurs_lba/43783468200035/knapp-france
12.1;LJP INDUSTRIES;Industrie & énergie;NDRC;Claye-Souilly;77410;18 rue de la place 77410 CLAYE-SOUILLY;Fabrication d'équipements hydrauliques et pneumatiques;Cadre Technico-commercial / Technico-commerciale;Entreprise susceptible de recruter (candidature spontanée);;;Apprentissage, Professionnalisation;;;53953876900016;1;https://labonnealternance.apprentissage.beta.gouv.fr/emploi/recruteurs_lba/53953876900016/ljp-industries
12.1;MSI COMPUTER;Commerce de gros / B2B;NDRC;Jossigny;77600;1 COURS DE LA GONDOIRE 77600 JOSSIGNY;Commerce de gros (commerce interentreprises) d'ordinateurs, d'équipements informatiques périphériques et de logiciels;Technico-commercial / Technico-commerciale;Entreprise susceptible de recruter (candidature spontanée);;;Apprentissage, Professionnalisation;;;39255837500045;1;https://labonnealternance.apprentissage.beta.gouv.fr/emploi/recruteurs_lba/39255837500045/msi-computer
12.1;SAS MANSOURI;Services aux entreprises, conseil & communication;NDRC;Jossigny;77600;1 cours de la Gondoire 77600 JOSSIGNY;Services administratifs combinés de bureau;Conseiller / Conseillère immobilier;Entreprise susceptible de recruter (candidature spontanée);;;Apprentissage, Professionnalisation;;;90996937000032;1;https://labonnealternance.apprentissage.beta.gouv.fr/emploi/recruteurs_lba/90996937000032/sas-mansouri
12.1;STILL;Commerce de gros / B2B;NDRC;Jossigny;77600;Cours de la Gondoire 77600 Jossigny;Commerce de gros (commerce interentreprises) de fournitures et équipements industriels divers;"Technico-commercial / Technico-commerciale ; Attaché commercial / Attachée commerciale";Entreprise susceptible de recruter (candidature spontanée);;;Apprentissage, Professionnalisation;;;34893701200469;2;https://labonnealternance.apprentissage.beta.gouv.fr/emploi/recruteurs_lba/34893701200469/still
12.1;T2 TECHNOLOGY;High-tech, électroménager & télécoms;NDRC;Jossigny;77600;3 cours de la Gondoire 77600 JOSSIGNY;PROGRAMMATION INFORMATIQUE;Commercial / Commerciale export;Entreprise susceptible de recruter (candidature spontanée);;;Apprentissage, Professionnalisation;;;51540664300046;1;https://labonnealternance.apprentissage.beta.gouv.fr/emploi/recruteurs_lba/51540664300046/t2-technology
12.1;ZF CV DISTRIBUTION FRANCE;Commerce de gros / B2B;MCO + NDRC;Jossigny;77600;1 COURS DE LA GONDOIRE 77600 JOSSIGNY;Commerce de gros d'équipements automobiles;Vendeur / Vendeuse grossiste en équipement du foyer;Entreprise susceptible de recruter (candidature spontanée);;;Apprentissage, Professionnalisation;;;31349778600043;1;https://labonnealternance.apprentissage.beta.gouv.fr/emploi/recruteurs_lba/31349778600043/zf-cv-distribution-france
12.2;DIPTICK;High-tech, électroménager & télécoms;NDRC;Chessy;77700;10 place Octogonale 77700 CHESSY;EDITION DE LOGICIELS APPLICATIFS;Cadre Technico-commercial / Technico-commerciale;Entreprise susceptible de recruter (candidature spontanée);;;Apprentissage, Professionnalisation;;;91895004900034;1;https://labonnealternance.apprentissage.beta.gouv.fr/emploi/recruteurs_lba/91895004900034/diptick
12.2;FRANCILSUD LOCATION;Automobile & mobilité;NDRC;Montévrain;77144;15 rue de la Gare 77144 MONTEVRAIN;Location de courte durée de voitures et de véhicules automobiles légers;"Agent technico-commercial / Agente technico-commerciale en location de véhicules ; Conseiller / Conseillère client après-vente des véhicules";Entreprise susceptible de recruter (candidature spontanée);;;Apprentissage, Professionnalisation;;;81988607800149;2;https://labonnealternance.apprentissage.beta.gouv.fr/emploi/recruteurs_lba/81988607800149/francilsud-location
12.2;LE LEPVRIER;Boulangerie & métiers de bouche;MCO;Chessy;77700;2 rue Paul Laguesse 77700 CHESSY;Boulangerie et boulangerie-pâtisserie;Vendeur / Vendeuse en épicerie;Entreprise susceptible de recruter (candidature spontanée);;;Apprentissage, Professionnalisation;;;53362556200020;1;https://labonnealternance.apprentissage.beta.gouv.fr/emploi/recruteurs_lba/53362556200020/le-lepvrier
12.2;ROMAIN;Maison, bricolage & jardin;MCO;Chessy;77700;33 AVENUE THIBAUD DE CHAMPAGNE 77700 CHESSY;Commerce de détail de fleurs, plantes, graines, engrais, animaux de compagnie et aliments pour ces animaux en magasin spécialisé;"Responsable de boutique ; Vendeur / Vendeuse conseil en jardinerie ; Vendeur / Vendeuse en animalerie ; Hôte / Hôtesse de caisse ; Chef / Cheffe de rayon de produits non alimentaires";Entreprise susceptible de recruter (candidature spontanée);;;Apprentissage, Professionnalisation;;;53312870800013;5;https://labonnealternance.apprentissage.beta.gouv.fr/emploi/recruteurs_lba/53312870800013/romain
12.3;BOULANGERIE DU VAL;Boulangerie & métiers de bouche;MCO;Chessy;77700;19 RUE D ARIANE 77700 CHESSY;Boulangerie et boulangerie-pâtisserie;Vendeur / Vendeuse en épicerie;Entreprise susceptible de recruter (candidature spontanée);;;Apprentissage, Professionnalisation;;;84953163700015;1;https://labonnealternance.apprentissage.beta.gouv.fr/emploi/recruteurs_lba/84953163700015/boulangerie-du-val
12.3;GROUPE FONCIER DE FRANCE;Immobilier;NDRC;Chessy;77700;3 place Octogonale 77700 CHESSY;Agences immobilières;Conseiller / Conseillère immobilier;Entreprise susceptible de recruter (candidature spontanée);;;Apprentissage, Professionnalisation;;;83456203500065;1;https://labonnealternance.apprentissage.beta.gouv.fr/emploi/recruteurs_lba/83456203500065/groupe-foncier-de-france
12.3;GT COMPANY;Commerce de gros / B2B;NDRC;Chessy;77700;5 rue de la Galmy 77700 CHESSY;Commerce de gros (commerce interentreprises) d'appareils électroménagers;"Assistant commercial / Assistante commerciale ; Technico-commercial / Technico-commerciale";Entreprise susceptible de recruter (candidature spontanée);;;Apprentissage, Professionnalisation;;;79220840700033;2;https://labonnealternance.apprentissage.beta.gouv.fr/emploi/recruteurs_lba/79220840700033/gt-company
12.3;L'OREAL FRANCE;Beauté, santé & parfumerie;MCO;Mitry-Mory;77290;77290 Mitry-Mory;Commerce de détail de parfumerie et de produits de beauté en magasin spécialisé;"Responsable de boutique ; Employé / Employée de rayon libre-service";Entreprise susceptible de recruter (candidature spontanée);;;Apprentissage, Professionnalisation;;;91943489400292;2;https://labonnealternance.apprentissage.beta.gouv.fr/emploi/recruteurs_lba/91943489400292/l-oreal-france
12.3;ORTEC SERVICES INDUSTRIE DEPARTEMENT ORA;Services aux entreprises, conseil & communication;MCO;Chessy;77700;3 rue de la Galmy 77700 CHESSY;Autres activités de soutien aux entreprises n.c.a.;Animateur / Animatrice des ventes;Entreprise susceptible de recruter (candidature spontanée);;;Apprentissage, Professionnalisation;;;62080166200409;1;https://labonnealternance.apprentissage.beta.gouv.fr/emploi/recruteurs_lba/62080166200409/ortec-services-industrie-departement-ora
12.4;ARRIBAS FRANCE;Maison, bricolage & jardin;MCO + NDRC;Chessy;77700;1 RUE DE LA GALMY 77700 CHESSY;Commerce de détail d'autres équipements du foyer;"Vendeur / Vendeuse en équipement de la maison ; Employé / Employée de rayon libre-service ; Responsable de boutique ; Hôte / Hôtesse de caisse ; Vendeur / Vendeuse grossiste en équipement du foyer ; Conseiller commercial / Conseillère commerciale auprès des particuliers";Entreprise susceptible de recruter (candidature spontanée);;;Apprentissage, Professionnalisation;;;38365953900027;6;https://labonnealternance.apprentissage.beta.gouv.fr/emploi/recruteurs_lba/38365953900027/arribas-france
12.4;DEFTA SERVICE;Services aux entreprises, conseil & communication;MCO;Chessy;77700;10 rue de la Fontaine Rouge 77700 CHESSY;Autres activités de soutien aux entreprises n.c.a.;Animateur / Animatrice des ventes;Entreprise susceptible de recruter (candidature spontanée);;;Apprentissage, Professionnalisation;;;42265473100039;1;https://labonnealternance.apprentissage.beta.gouv.fr/emploi/recruteurs_lba/42265473100039/defta-service
12.4;VICTORIA PALAZZO;Services aux entreprises, conseil & communication;NDRC;Chessy;77700;6 AVENUE HERGE 77700 CHESSY;Services administratifs combinés de bureau;Conseiller / Conseillère immobilier;Entreprise susceptible de recruter (candidature spontanée);;;Apprentissage, Professionnalisation;;;79748872300439;1;https://labonnealternance.apprentissage.beta.gouv.fr/emploi/recruteurs_lba/79748872300439/victoria-palazzo
12.5;3G GROUPE;Services aux entreprises, conseil & communication;NDRC;Claye-Souilly;77410;44 rue Aristide Briand 77410 CLAYE-SOUILLY;Activités des sociétés holding;Conseiller / Conseillère immobilier;Entreprise susceptible de recruter (candidature spontanée);;;Apprentissage, Professionnalisation;;;90328030300012;1;https://labonnealternance.apprentissage.beta.gouv.fr/emploi/recruteurs_lba/90328030300012/3g-groupe
12.5;4C RESTAURATION;Services aux entreprises, conseil & communication;NDRC;Chessy;77700;24 AV HERGE 77700 CHESSY;Activités des sociétés holding;Conseiller / Conseillère immobilier;Entreprise susceptible de recruter (candidature spontanée);;;Apprentissage, Professionnalisation;;;82905492300026;1;https://labonnealternance.apprentissage.beta.gouv.fr/emploi/recruteurs_lba/82905492300026/4c-restauration
12.5;BULLE DE JEUX;Sport, loisirs & culture;MCO;Chessy;77700;24 PLACE D'ARIANE 77700 CHESSY;Commerce de détail de livres en magasin spécialisé;"Vendeur / Vendeuse de produits culturels et ludiques ; Hôte / Hôtesse de caisse ; Chef / Cheffe de rayon de produits non alimentaires";Entreprise susceptible de recruter (candidature spontanée);;;Apprentissage, Professionnalisation;;;90318637700011;3;https://labonnealternance.apprentissage.beta.gouv.fr/emploi/recruteurs_lba/90318637700011/bulle-de-jeux
12.5;ELECTROSTOCK;Commerce de gros / B2B;NDRC;Chessy;77700;24 Avenue Hergé 77700 Chessy;Commerce de gros (commerce interentreprises) d'appareils électroménagers;"Assistant commercial / Assistante commerciale ; Technico-commercial / Technico-commerciale";Entreprise susceptible de recruter (candidature spontanée);;;Apprentissage, Professionnalisation;;;53772470000050;2;https://labonnealternance.apprentissage.beta.gouv.fr/emploi/recruteurs_lba/53772470000050/electrostock
12.5;KEZART;High-tech, électroménager & télécoms;NDRC;Chessy;77700;24 avenue Herge 77700 CHESSY;PROGRAMMATION INFORMATIQUE;Commercial / Commerciale export;Entreprise susceptible de recruter (candidature spontanée);;;Apprentissage, Professionnalisation;;;82478960600020;1;https://labonnealternance.apprentissage.beta.gouv.fr/emploi/recruteurs_lba/82478960600020/kezart
12.5;LA BOULANGERIE  DU VAL;Boulangerie & métiers de bouche;MCO;Chessy;77700;18 PLACE D'ARIANE 77700 CHESSY;Boulangerie et boulangerie-pâtisserie;Vendeur / Vendeuse en épicerie;Entreprise susceptible de recruter (candidature spontanée);;;Apprentissage, Professionnalisation;;;52361336200012;1;https://labonnealternance.apprentissage.beta.gouv.fr/emploi/recruteurs_lba/52361336200012/la-boulangerie-du-val
12.5;TD SYNNEX FRANCE;Commerce de gros / B2B;NDRC;Chessy;77700;7 avenue Herge 77700 CHESSY;Commerce de gros (commerce interentreprises) d'ordinateurs, d'équipements informatiques périphériques et de logiciels;Technico-commercial / Technico-commerciale;Entreprise susceptible de recruter (candidature spontanée);;;Apprentissage, Professionnalisation;;;72206563800123;1;https://labonnealternance.apprentissage.beta.gouv.fr/emploi/recruteurs_lba/72206563800123/td-synnex-france
12.6;JES DISTRIBUTION;Grande distribution & supermarchés;MCO;Serris;77700;13 PLACE D'ARIANE 77700 SERRIS;Supérettes;"Employé / Employée de rayon libre-service ; Hôte / Hôtesse de caisse ; Directeur / Directrice de magasin de grande distribution ; Vendeur / Vendeuse en épicerie ; Responsable de caisses ; Chef / Cheffe de rayon produits alimentaires";Entreprise susceptible de recruter (candidature spontanée);;;Apprentissage, Professionnalisation;;;81264808700011;6;https://labonnealternance.apprentissage.beta.gouv.fr/emploi/recruteurs_lba/81264808700011/jes-distribution
12.7;E. LECLERC;Grande distribution & supermarchés;MCO;Ozoir-La-Ferriere;77330;84 rue Francois de Tessan 77330 OZOIR-LA-FERRIERE;Supermarchés;"Employé / Employée de rayon libre-service ; Directeur / Directrice de magasin de grande distribution ; Hôte / Hôtesse de caisse ; Responsable de caisses ; Chef / Cheffe de rayon produits alimentaires";Entreprise susceptible de recruter (candidature spontanée);;;Apprentissage, Professionnalisation;;;33384598000015;5;https://labonnealternance.apprentissage.beta.gouv.fr/emploi/recruteurs_lba/33384598000015/e-leclerc
12.7;UNIT PORTAGE;Services aux entreprises, conseil & communication;MCO;Serris;77700;13 cours du Danube 77700 SERRIS;Autres activités de soutien aux entreprises n.c.a.;Animateur / Animatrice des ventes;Entreprise susceptible de recruter (candidature spontanée);;;Apprentissage, Professionnalisation;;;90057180300015;1;https://labonnealternance.apprentissage.beta.gouv.fr/emploi/recruteurs_lba/90057180300015/unit-portage
12.8;AGENCE DISTRIBUTION IFE;High-tech, électroménager & télécoms;MCO;Serris;77700;14 cours du Danube 77700 SERRIS;Commerce de détail de matériels de télécommunication en magasin spécialisé;"Vendeur / Vendeuse en équipement de la maison ; Conseiller vendeur / Conseillère vendeuse à domicile ; Chef / Cheffe de rayon de produits non alimentaires";Entreprise susceptible de recruter (candidature spontanée);;;Apprentissage, Professionnalisation;;;38012986637354;3;https://labonnealternance.apprentissage.beta.gouv.fr/emploi/recruteurs_lba/38012986637354/agence-distribution-ife
12.8;APPLE RETAIL FRANCE EURL;High-tech, électroménager & télécoms;MCO + NDRC;Serris;77700;14 COURS DU DANUBE 77700 SERRIS;Commerce de détail d'ordinateurs, d'unités périphériques et de logiciels en magasin spécialisé;"Vendeur / Vendeuse en équipement de la maison ; Consultant / Consultante avant-vente ; Technico-commercial / Technico-commerciale";Entreprise susceptible de recruter (candidature spontanée);;;Apprentissage, Professionnalisation;;;48320938300171;3;https://labonnealternance.apprentissage.beta.gouv.fr/emploi/recruteurs_lba/48320938300171/apple-retail-france-eurl
12.8;AUCHAN;Grande distribution & supermarchés;MCO;Serris;77700;14 cours du Danube 77700 SERRIS;Hypermarchés;"Employé / Employée de rayon libre-service ; Hôte / Hôtesse de caisse ; Chef / Cheffe de rayon produits alimentaires ; Vendeur / Vendeuse en épicerie";Entreprise susceptible de recruter (candidature spontanée);;;Apprentissage, Professionnalisation;;;41040946001580;4;https://labonnealternance.apprentissage.beta.gouv.fr/emploi/recruteurs_lba/41040946001580/auchan
12.8;BERSHKA;Mode, chaussures & accessoires;MCO;Serris;77711;14 COURS DU DANUBE 77711 SERRIS;Commerce de détail d'habillement en magasin spécialisé;"Vendeur / Vendeuse en prêt-à-porter ; Responsable de boutique ; Hôte / Hôtesse de caisse ; Directeur / Directrice de magasin de grande distribution";Entreprise susceptible de recruter (candidature spontanée);;;Apprentissage, Professionnalisation;;;44361772500066;4;https://labonnealternance.apprentissage.beta.gouv.fr/emploi/recruteurs_lba/44361772500066/bershka
12.8;CLAIRE'S;Autres commerces de détail;NDRC;Serris;77700;14 COURS DU DANUBE 77700 SERRIS;Autres commerces de détail spécialisés divers;Responsable relation client (CRM);Entreprise susceptible de recruter (candidature spontanée);;;Apprentissage, Professionnalisation;;;34283741602207;1;https://labonnealternance.apprentissage.beta.gouv.fr/emploi/recruteurs_lba/34283741602207/claire-s
12.8;CODIREP SNC(FNAC);High-tech, électroménager & télécoms;MCO + NDRC;Serris;77700;14 Cours du Danube 77700 Serris;Commerce de détail d'appareils électroménagers en magasin spécialisé;"Vendeur / Vendeuse en équipement de la maison ; Conseiller commercial / Conseillère commerciale auprès des particuliers ; Responsable relation client (CRM)";Entreprise susceptible de recruter (candidature spontanée);;;Apprentissage, Professionnalisation;;;34328238000256;3;https://labonnealternance.apprentissage.beta.gouv.fr/emploi/recruteurs_lba/34328238000256/codirep-snc-fnac
12.8;COURIR;Mode, chaussures & accessoires;MCO;Serris;77700;14 COURS DU DANUBE 77700 SERRIS;Commerce de détail de la chaussure;"Responsable de boutique ; Vendeur / Vendeuse en prêt-à-porter ; Vendeur / Vendeuse d'articles de sport et loisirs ; Gérant / Gérante de magasin d'alimentation générale ; Directeur / Directrice de magasin de grande distribution";Entreprise susceptible de recruter (candidature spontanée);;;Apprentissage, Professionnalisation;;;42855996700925;5;https://labonnealternance.apprentissage.beta.gouv.fr/emploi/recruteurs_lba/42855996700925/courir
12.8;GEOX;Mode, chaussures & accessoires;MCO;Serris;77700;14 COURS DU DANUBE 77700 SERRIS;Commerce de détail de la chaussure;"Responsable de boutique ; Vendeur / Vendeuse en prêt-à-porter ; Vendeur / Vendeuse d'articles de sport et loisirs ; Gérant / Gérante de magasin d'alimentation générale ; Directeur / Directrice de magasin de grande distribution";Entreprise susceptible de recruter (candidature spontanée);;;Apprentissage, Professionnalisation;;;41088291400923;5;https://labonnealternance.apprentissage.beta.gouv.fr/emploi/recruteurs_lba/41088291400923/geox
12.8;H ET M;Mode, chaussures & accessoires;MCO;Serris;77700;14 Cours du Danube 77700 Serris;Commerce de détail d'habillement en magasin spécialisé;"Vendeur / Vendeuse en prêt-à-porter ; Responsable de boutique ; Hôte / Hôtesse de caisse ; Directeur / Directrice de magasin de grande distribution";Entreprise susceptible de recruter (candidature spontanée);;;Apprentissage, Professionnalisation;;;39897931000255;4;https://labonnealternance.apprentissage.beta.gouv.fr/emploi/recruteurs_lba/39897931000255/h-et-m
12.8;HEMA FRANCE;Grande distribution & supermarchés;MCO;Serris;77700;14 cours du Danube 77700 SERRIS;Autres commerces de détail en magasin non spécialisé;"Employé / Employée de rayon libre-service ; Responsable de boutique ; Hôte / Hôtesse de caisse ; Directeur / Directrice de magasin de grande distribution ; Chef / Cheffe de rayon de produits non alimentaires ; Chef / Cheffe de rayon produits alimentaires";Entreprise susceptible de recruter (candidature spontanée);;;Apprentissage, Professionnalisation;;;50539394200121;6;https://labonnealternance.apprentissage.beta.gouv.fr/emploi/recruteurs_lba/50539394200121/hema-france
12.8;HISTOIRE D'OR;Mode, chaussures & accessoires;MCO;Serris;77700;14 COURS DU DANUBE 77700 SERRIS;Commerce de détail d'articles d'horlogerie et de bijouterie en magasin spécialisé;"Vendeur / Vendeuse en prêt-à-porter ; Conseiller vendeur / Conseillère vendeuse à domicile ; Responsable de boutique";Entreprise susceptible de recruter (candidature spontanée);;;Apprentissage, Professionnalisation;;;37958790006650;3;https://labonnealternance.apprentissage.beta.gouv.fr/emploi/recruteurs_lba/37958790006650/histoire-d-or
12.8;JEFF DE BRUGES - DRAGEES MARTIAL;Boulangerie & métiers de bouche;MCO + NDRC;Serris;77700;14 COURS DU DANUBE 77700 SERRIS;Commerce de détail de pain, pâtisserie et confiserie en magasin spécialisé;"Vendeur / Vendeuse en épicerie ; Conseiller / Conseillère clientèle à distance";Entreprise susceptible de recruter (candidature spontanée);;;Apprentissage, Professionnalisation;;;91793675900021;2;https://labonnealternance.apprentissage.beta.gouv.fr/emploi/recruteurs_lba/91793675900021/jeff-de-bruges-dragees-martial
12.8;JENNYFER;Mode, chaussures & accessoires;MCO;Serris;77700;14 COURS DU DANUBE 77700 SERRIS;Commerce de détail d'habillement en magasin spécialisé;"Vendeur / Vendeuse en prêt-à-porter ; Responsable de boutique ; Hôte / Hôtesse de caisse ; Directeur / Directrice de magasin de grande distribution";Entreprise susceptible de recruter (candidature spontanée);;;Apprentissage, Professionnalisation;;;33888018001072;4;https://labonnealternance.apprentissage.beta.gouv.fr/emploi/recruteurs_lba/33888018001072/jennyfer
12.8;JUST IN CASE;High-tech, électroménager & télécoms;MCO;Serris;77700;14 COURS DU DANUBE 77700 SERRIS;Commerce de détail de matériels de télécommunication en magasin spécialisé;"Vendeur / Vendeuse en équipement de la maison ; Conseiller vendeur / Conseillère vendeuse à domicile ; Chef / Cheffe de rayon de produits non alimentaires";Entreprise susceptible de recruter (candidature spontanée);;;Apprentissage, Professionnalisation;;;95134517200039;3;https://labonnealternance.apprentissage.beta.gouv.fr/emploi/recruteurs_lba/95134517200039/just-in-case
12.8;KIABI EUROPE;Mode, chaussures & accessoires;MCO;Serris;77700;14 COURS DU DANUBE 77700 SERRIS;Commerce de détail d'habillement en magasin spécialisé;"Vendeur / Vendeuse en prêt-à-porter ; Responsable de boutique ; Hôte / Hôtesse de caisse ; Directeur / Directrice de magasin de grande distribution";Entreprise susceptible de recruter (candidature spontanée);;;Apprentissage, Professionnalisation;;;34410327002888;4;https://labonnealternance.apprentissage.beta.gouv.fr/emploi/recruteurs_lba/34410327002888/kiabi-europe
12.8;MULLIGAN;Mode, chaussures & accessoires;MCO;Serris;77700;14 COURS DU DANUBE 77700 SERRIS;Commerce de détail d'habillement en magasin spécialisé;"Vendeur / Vendeuse en prêt-à-porter ; Responsable de boutique ; Hôte / Hôtesse de caisse ; Directeur / Directrice de magasin de grande distribution";Entreprise susceptible de recruter (candidature spontanée);;;Apprentissage, Professionnalisation;;;48819572800016;4;https://labonnealternance.apprentissage.beta.gouv.fr/emploi/recruteurs_lba/48819572800016/mulligan
12.8;NOAL;Mode, chaussures & accessoires;MCO;Serris;77700;14 cours du Danube 77700 SERRIS;Commerce de détail d'habillement en magasin spécialisé;"Vendeur / Vendeuse en prêt-à-porter ; Responsable de boutique ; Hôte / Hôtesse de caisse ; Directeur / Directrice de magasin de grande distribution";Entreprise susceptible de recruter (candidature spontanée);;;Apprentissage, Professionnalisation;;;45384662800015;4;https://labonnealternance.apprentissage.beta.gouv.fr/emploi/recruteurs_lba/45384662800015/noal
12.8;NOCIBE;Beauté, santé & parfumerie;MCO;Serris;77700;14 cours du Danube 77700 SERRIS;Commerce de détail de parfumerie et de produits de beauté en magasin spécialisé;"Responsable de boutique ; Employé / Employée de rayon libre-service";Entreprise susceptible de recruter (candidature spontanée);;;Apprentissage, Professionnalisation;;;45148901702591;2;https://labonnealternance.apprentissage.beta.gouv.fr/emploi/recruteurs_lba/45148901702591/nocibe
12.8;NORMAL;Grande distribution & supermarchés;MCO;Serris;77700;14 cours du Danube 77700 SERRIS;Autres commerces de détail en magasin non spécialisé;"Employé / Employée de rayon libre-service ; Responsable de boutique ; Hôte / Hôtesse de caisse ; Directeur / Directrice de magasin de grande distribution ; Chef / Cheffe de rayon de produits non alimentaires ; Chef / Cheffe de rayon produits alimentaires";Entreprise susceptible de recruter (candidature spontanée);;;Apprentissage, Professionnalisation;;;84443148600761;6;https://labonnealternance.apprentissage.beta.gouv.fr/emploi/recruteurs_lba/84443148600761/normal
12.8;NS COSMECTICS;Beauté, santé & parfumerie;MCO;Serris;77700;14 cours du Danube 77700 SERRIS;Commerce de détail de parfumerie et de produits de beauté en magasin spécialisé;"Responsable de boutique ; Employé / Employée de rayon libre-service";Entreprise susceptible de recruter (candidature spontanée);;;Apprentissage, Professionnalisation;;;98411148400015;2;https://labonnealternance.apprentissage.beta.gouv.fr/emploi/recruteurs_lba/98411148400015/ns-cosmectics
12.8;OXYBUL EVEIL ET JEUX;Sport, loisirs & culture;MCO + NDRC;Serris;77700;14 Cours du Danube 77700 Serris;Commerce de détail de jeux et jouets en magasin spécialisé;"Vendeur / Vendeuse de produits culturels et ludiques ; Hôte / Hôtesse de caisse ; Employé / Employée de rayon libre-service ; Responsable de boutique ; Directeur / Directrice des ventes ; Conseiller commercial / Conseillère commerciale auprès des particuliers";Entreprise susceptible de recruter (candidature spontanée);;;Apprentissage, Professionnalisation;;;39811044504319;6;https://labonnealternance.apprentissage.beta.gouv.fr/emploi/recruteurs_lba/39811044504319/oxybul-eveil-et-jeux
12.8;PANDOR BELLE EPINE;Mode, chaussures & accessoires;MCO;Serris;77700;14 cours du Danube 77700 SERRIS;Commerce de détail d'articles d'horlogerie et de bijouterie en magasin spécialisé;"Vendeur / Vendeuse en prêt-à-porter ; Conseiller vendeur / Conseillère vendeuse à domicile ; Responsable de boutique";Entreprise susceptible de recruter (candidature spontanée);;;Apprentissage, Professionnalisation;;;80990020200023;3;https://labonnealternance.apprentissage.beta.gouv.fr/emploi/recruteurs_lba/80990020200023/pandor-belle-epine
12.8;PRIMARK FRANCE SAS;Grande distribution & supermarchés;MCO;Serris;77700;14 Cours du Danube 77700 Serris;Autres commerces de détail en magasin non spécialisé;"Employé / Employée de rayon libre-service ; Responsable de boutique ; Hôte / Hôtesse de caisse ; Directeur / Directrice de magasin de grande distribution ; Chef / Cheffe de rayon de produits non alimentaires ; Chef / Cheffe de rayon produits alimentaires";Entreprise susceptible de recruter (candidature spontanée);;;Apprentissage, Professionnalisation;;;79085829400172;6;https://labonnealternance.apprentissage.beta.gouv.fr/emploi/recruteurs_lba/79085829400172/primark-france-sas
12.8;RITUALS;Beauté, santé & parfumerie;MCO;Serris;77700;14 COURS DU DANUBE 77700 SERRIS;Commerce de détail de parfumerie et de produits de beauté en magasin spécialisé;"Responsable de boutique ; Employé / Employée de rayon libre-service";Entreprise susceptible de recruter (candidature spontanée);;;Apprentissage, Professionnalisation;;;80454467400182;2;https://labonnealternance.apprentissage.beta.gouv.fr/emploi/recruteurs_lba/80454467400182/rituals
12.8;Sephora;Beauté, santé & parfumerie;MCO;Serris;77700;14 COURS DU DANUBE 77700 SERRIS;Commerce de détail de parfumerie et de produits de beauté en magasin spécialisé;"Responsable de boutique ; Employé / Employée de rayon libre-service";Entreprise susceptible de recruter (candidature spontanée);;;Apprentissage, Professionnalisation;;;39371228600292;2;https://labonnealternance.apprentissage.beta.gouv.fr/emploi/recruteurs_lba/39371228600292/sephora
12.8;SET SPORT VAL D'EUROPE;Sport, loisirs & culture;MCO + NDRC;Serris;77700;14 cours du Danube 77700 SERRIS;Commerce de détail d'articles de sport en magasin spécialisé;"Vendeur / Vendeuse d'articles de sport et loisirs ; Hôte / Hôtesse de caisse ; Chef / Cheffe de rayon de produits non alimentaires ; Vendeur / Vendeuse en prêt-à-porter ; Vendeur / Vendeuse grossiste en équipement du foyer";Entreprise susceptible de recruter (candidature spontanée);;;Apprentissage, Professionnalisation;;;95178960100022;5;https://labonnealternance.apprentissage.beta.gouv.fr/emploi/recruteurs_lba/95178960100022/set-sport-val-d-europe
12.8;SNIPES;Mode, chaussures & accessoires;MCO;Serris;77700;14 COURS DU DANUBE 77700 SERRIS;Commerce de détail de la chaussure;"Responsable de boutique ; Vendeur / Vendeuse en prêt-à-porter ; Vendeur / Vendeuse d'articles de sport et loisirs ; Gérant / Gérante de magasin d'alimentation générale ; Directeur / Directrice de magasin de grande distribution";Entreprise susceptible de recruter (candidature spontanée);;;Apprentissage, Professionnalisation;;;83789476500051;5;https://labonnealternance.apprentissage.beta.gouv.fr/emploi/recruteurs_lba/83789476500051/snipes
12.8;SOCIETE GENERALE;Banque, crédit & assurance;NDRC;Serris;77700;14 cours du Danube 77700 SERRIS;Autres intermédiations monétaires;"Conseiller / Conseillère de clientèle bancaire ; Chargé / Chargée d'accueil en banque ; Conseiller / Conseillère en gestion de patrimoine";Entreprise susceptible de recruter (candidature spontanée);;;Apprentissage, Professionnalisation;;;55212022231307;3;https://labonnealternance.apprentissage.beta.gouv.fr/emploi/recruteurs_lba/55212022231307/societe-generale
12.8;SPRINGFIELD;Mode, chaussures & accessoires;MCO;Serris;77700;14 COURS DU DANUBE 77700 SERRIS;Commerce de détail d'habillement en magasin spécialisé;"Vendeur / Vendeuse en prêt-à-porter ; Responsable de boutique ; Hôte / Hôtesse de caisse ; Directeur / Directrice de magasin de grande distribution";Entreprise susceptible de recruter (candidature spontanée);;;Apprentissage, Professionnalisation;;;40016563500667;4;https://labonnealternance.apprentissage.beta.gouv.fr/emploi/recruteurs_lba/40016563500667/springfield
12.8;STRADIVARIUS;Mode, chaussures & accessoires;MCO;Serris;77700;14 COURS DU DANUBE 77700 SERRIS;Commerce de détail d'habillement en magasin spécialisé;"Vendeur / Vendeuse en prêt-à-porter ; Responsable de boutique ; Hôte / Hôtesse de caisse ; Directeur / Directrice de magasin de grande distribution";Entreprise susceptible de recruter (candidature spontanée);;;Apprentissage, Professionnalisation;;;48997216600313;4;https://labonnealternance.apprentissage.beta.gouv.fr/emploi/recruteurs_lba/48997216600313/stradivarius
12.8;UNDIZ;Mode, chaussures & accessoires;MCO;Serris;77700;14 COURS DU DANUBE 77700 SERRIS;Commerce de détail d'habillement en magasin spécialisé;"Vendeur / Vendeuse en prêt-à-porter ; Responsable de boutique ; Hôte / Hôtesse de caisse ; Directeur / Directrice de magasin de grande distribution";Entreprise susceptible de recruter (candidature spontanée);;;Apprentissage, Professionnalisation;;;47835611600044;4;https://labonnealternance.apprentissage.beta.gouv.fr/emploi/recruteurs_lba/47835611600044/undiz
12.8;ZARA;Mode, chaussures & accessoires;MCO;Serris;77700;14 Cours du Danube 77700 Serris;Commerce de détail d'habillement en magasin spécialisé;"Vendeur / Vendeuse en prêt-à-porter ; Responsable de boutique ; Hôte / Hôtesse de caisse ; Directeur / Directrice de magasin de grande distribution";Entreprise susceptible de recruter (candidature spontanée);;;Apprentissage, Professionnalisation;;;34899155501807;4;https://labonnealternance.apprentissage.beta.gouv.fr/emploi/recruteurs_lba/34899155501807/zara
12.9;PRESTAPHARM;High-tech, électroménager & télécoms;NDRC;Chessy;77700;16 rue des Quilles 77700 CHESSY;EDITION DE LOGICIELS APPLICATIFS;Cadre Technico-commercial / Technico-commerciale;Entreprise susceptible de recruter (candidature spontanée);;;Apprentissage, Professionnalisation;;;43402386700022;1;https://labonnealternance.apprentissage.beta.gouv.fr/emploi/recruteurs_lba/43402386700022/prestapharm
12.9;THINKMEDICAL;Automobile & mobilité;NDRC;Serris;77700;24 COURS DU DANUBE 77700 SERRIS;Location et location-bail d'autres machines, équipements et biens matériels n.c.a.;Assistant commercial / Assistante commerciale;Entreprise susceptible de recruter (candidature spontanée);;;Apprentissage, Professionnalisation;;;83865463000014;1;https://labonnealternance.apprentissage.beta.gouv.fr/emploi/recruteurs_lba/83865463000014/thinkmedical
13.1;ITQ SECURITY;Commerce de gros / B2B;NDRC;Serris;77700;7 impasse Dorothee le Maitre 77700 SERRIS;Commerce de gros (commerce interentreprises) d'ordinateurs, d'équipements informatiques périphériques et de logiciels;Technico-commercial / Technico-commerciale;Entreprise susceptible de recruter (candidature spontanée);;;Apprentissage, Professionnalisation;;;52960311000071;1;https://labonnealternance.apprentissage.beta.gouv.fr/emploi/recruteurs_lba/52960311000071/itq-security
13.1;KIATOO;Commerce de gros / B2B;NDRC;Mitry-Mory;77290;1 rue Rene Cassin 77290 MITRY-MORY;Commerce de gros (commerce interentreprises) d'ordinateurs, d'équipements informatiques périphériques et de logiciels;Technico-commercial / Technico-commerciale;Entreprise susceptible de recruter (candidature spontanée);;;Apprentissage, Professionnalisation;;;80467515500035;1;https://labonnealternance.apprentissage.beta.gouv.fr/emploi/recruteurs_lba/80467515500035/kiatoo
13.1;LACUNA;Services aux entreprises, conseil & communication;NDRC;Serris;77700;16 rue du Poncelet 77700 SERRIS;Production de films institutionnels et publicitaires;Directeur commercial / Directrice commerciale;Entreprise susceptible de recruter (candidature spontanée);;;Apprentissage, Professionnalisation;;;89117840200014;1;https://labonnealternance.apprentissage.beta.gouv.fr/emploi/recruteurs_lba/89117840200014/lacuna
13.2;CORDIA;Commerce de gros / B2B;NDRC;Mitry-Mory;77290;2 RUE GALILEE 77290 MITRY-MORY;Commerce de gros (commerce interentreprises) de composants et d'équipements électroniques et de télécommunication;"Technico-commercial / Technico-commerciale ; Assistant commercial / Assistante commerciale ; Cadre Technico-commercial / Technico-commerciale";Entreprise susceptible de recruter (candidature spontanée);;;Apprentissage, Professionnalisation;;;34339066200041;3;https://labonnealternance.apprentissage.beta.gouv.fr/emploi/recruteurs_lba/34339066200041/cordia
13.2;SORETRAC;Commerce de gros / B2B;NDRC;Mitry-Mory;77290;rue Rene Cassin 77290 MITRY-MORY;Commerce de gros (commerce interentreprises) d'autres produits intermédiaires;"Assistant commercial / Assistante commerciale ; Commercial / Commerciale auprès d'une clientèle d'entreprises";Entreprise susceptible de recruter (candidature spontanée);;;Apprentissage, Professionnalisation;;;70204077500075;2;https://labonnealternance.apprentissage.beta.gouv.fr/emploi/recruteurs_lba/70204077500075/soretrac
13.2;THYSSENKRUPP  PLASTICS FRANCE  SAS;Commerce de gros / B2B;MCO + NDRC;Mitry-Mory;77290;13 rue Rene Cassin 77290 MITRY-MORY;Commerce de gros (commerce interentreprises) de produits chimiques;"Responsable e-commerce ; Technico-commercial / Technico-commerciale ; Cadre Technico-commercial / Technico-commerciale ; Attaché commercial / Attachée commerciale ; Commercial itinérant / Commerciale itinérante en entreprise de commerce de gros";Entreprise susceptible de recruter (candidature spontanée);;;Apprentissage, Professionnalisation;;;33018915000379;5;https://labonnealternance.apprentissage.beta.gouv.fr/emploi/recruteurs_lba/33018915000379/thyssenkrupp-plastics-france-sas
13.3;ALAIN FIGARET;Mode, chaussures & accessoires;MCO;Serris;77700;3 cours de la Garonne 77700 SERRIS;Commerce de détail d'habillement en magasin spécialisé;"Vendeur / Vendeuse en prêt-à-porter ; Responsable de boutique ; Hôte / Hôtesse de caisse ; Directeur / Directrice de magasin de grande distribution";Entreprise susceptible de recruter (candidature spontanée);;;Apprentissage, Professionnalisation;;;50949446400183;4;https://labonnealternance.apprentissage.beta.gouv.fr/emploi/recruteurs_lba/50949446400183/alain-figaret
13.3;Alternance Chargé de prospection - Serris (F/H);Non précisé;NDRC;Serris;77700;77700 Serris;;Alternance Chargé de prospection - Serris (F/H);Offre partenaire (France Travail…);Alternance Chargé de prospection - Serris (F/H);;Professionnalisation;2026-09-18;;;1;https://labonnealternance.apprentissage.beta.gouv.fr/emploi/offres_emploi_partenaires/6aadb91d9b5a0cfb25afe1e8/alternance-charge-de-prospection-serris-f-h
13.3;AMI PARIS;Mode, chaussures & accessoires;MCO;Serris;77700;3 COURS DE LA GARONNE 77700 SERRIS;Commerce de détail d'habillement en magasin spécialisé;"Vendeur / Vendeuse en prêt-à-porter ; Responsable de boutique ; Directeur / Directrice de magasin de grande distribution ; Hôte / Hôtesse de caisse";Entreprise susceptible de recruter (candidature spontanée);;;Apprentissage, Professionnalisation;;;52763660900119;4;https://labonnealternance.apprentissage.beta.gouv.fr/emploi/recruteurs_lba/52763660900119/ami-paris
13.3;ANNE FONTAINE;Mode, chaussures & accessoires;MCO;Serris;77700;3 COURS DE LA GARONNE 77700 SERRIS;Commerce de détail d'habillement en magasin spécialisé;"Vendeur / Vendeuse en prêt-à-porter ; Responsable de boutique ; Hôte / Hôtesse de caisse ; Directeur / Directrice de magasin de grande distribution";Entreprise susceptible de recruter (candidature spontanée);;;Apprentissage, Professionnalisation;;;39477107500279;4;https://labonnealternance.apprentissage.beta.gouv.fr/emploi/recruteurs_lba/39477107500279/anne-fontaine
13.3;AXESS;Mode, chaussures & accessoires;MCO;Serris;77700;77700 Serris;Commerce de détail d'habillement en magasin spécialisé;"Vendeur / Vendeuse en prêt-à-porter ; Responsable de boutique ; Hôte / Hôtesse de caisse ; Directeur / Directrice de magasin de grande distribution";Entreprise susceptible de recruter (candidature spontanée);;;Apprentissage, Professionnalisation;;;44812562500021;4;https://labonnealternance.apprentissage.beta.gouv.fr/emploi/recruteurs_lba/44812562500021/axess
13.3;BACCARAT;Maison, bricolage & jardin;MCO + NDRC;Serris;77700;3 COURS DE LA GARONNE 77700 SERRIS;Commerce de détail d'autres équipements du foyer;"Vendeur / Vendeuse en équipement de la maison ; Employé / Employée de rayon libre-service ; Responsable de boutique ; Hôte / Hôtesse de caisse ; Vendeur / Vendeuse grossiste en équipement du foyer ; Conseiller commercial / Conseillère commerciale auprès des particuliers";Entreprise susceptible de recruter (candidature spontanée);;;Apprentissage, Professionnalisation;;;76080006000146;6;https://labonnealternance.apprentissage.beta.gouv.fr/emploi/recruteurs_lba/76080006000146/baccarat
13.3;BALENCIAGA RETAIL FRANCE;Mode, chaussures & accessoires;MCO;Serris;77700;3 Cours de la Garonne 77700 Serris;Commerce de détail d'habillement en magasin spécialisé;"Vendeur / Vendeuse en prêt-à-porter ; Responsable de boutique ; Hôte / Hôtesse de caisse ; Directeur / Directrice de magasin de grande distribution";Entreprise susceptible de recruter (candidature spontanée);;;Apprentissage, Professionnalisation;;;90825453500028;4;https://labonnealternance.apprentissage.beta.gouv.fr/emploi/recruteurs_lba/90825453500028/balenciaga-retail-france
13.3;BRED Banque Populaire;Banque, crédit & assurance;NDRC;Serris;77700;PLACE DE TOSCANE 77700 SERRIS;Autres intermédiations monétaires;"Conseiller / Conseillère de clientèle bancaire ; Chargé / Chargée d'accueil en banque ; Conseiller / Conseillère en gestion de patrimoine";Entreprise susceptible de recruter (candidature spontanée);;;Apprentissage, Professionnalisation;;;55209179504544;3;https://labonnealternance.apprentissage.beta.gouv.fr/emploi/recruteurs_lba/55209179504544/bred-banque-populaire
13.3;CHARLES TYRWHITT SARL;Mode, chaussures & accessoires;MCO;Serris;77700;3 cours de la Garonne 77700 SERRIS;Commerce de détail d'habillement en magasin spécialisé;"Vendeur / Vendeuse en prêt-à-porter ; Responsable de boutique ; Hôte / Hôtesse de caisse ; Directeur / Directrice de magasin de grande distribution";Entreprise susceptible de recruter (candidature spontanée);;;Apprentissage, Professionnalisation;;;43377761200022;4;https://labonnealternance.apprentissage.beta.gouv.fr/emploi/recruteurs_lba/43377761200022/charles-tyrwhitt-sarl
13.3;COACH STORES FRANCE SARL;Autres commerces de détail;NDRC;Serris;77700;3 cours de la Garonne 77700 SERRIS;Autres commerces de détail spécialisés divers;Responsable relation client (CRM);Entreprise susceptible de recruter (candidature spontanée);;;Apprentissage, Professionnalisation;;;50313320900117;1;https://labonnealternance.apprentissage.beta.gouv.fr/emploi/recruteurs_lba/50313320900117/coach-stores-france-sarl
13.3;CREATIONS FUSALP;Mode, chaussures & accessoires;MCO;Serris;77700;3 cours de la Garonne 77700 SERRIS;Commerce de détail d'habillement en magasin spécialisé;"Vendeur / Vendeuse en prêt-à-porter ; Responsable de boutique ; Hôte / Hôtesse de caisse ; Directeur / Directrice de magasin de grande distribution";Entreprise susceptible de recruter (candidature spontanée);;;Apprentissage, Professionnalisation;;;33079298700365;4;https://labonnealternance.apprentissage.beta.gouv.fr/emploi/recruteurs_lba/33079298700365/creations-fusalp
13.3;DECKERS FRANCE SAS;Mode, chaussures & accessoires;MCO;Serris;77700;3 Cours de la Garonne 77700 Serris;Commerce de détail de la chaussure;"Responsable de boutique ; Vendeur / Vendeuse en prêt-à-porter ; Vendeur / Vendeuse d'articles de sport et loisirs ; Gérant / Gérante de magasin d'alimentation générale ; Directeur / Directrice de magasin de grande distribution";Entreprise susceptible de recruter (candidature spontanée);;;Apprentissage, Professionnalisation;;;52420224900057;5;https://labonnealternance.apprentissage.beta.gouv.fr/emploi/recruteurs_lba/52420224900057/deckers-france-sas
13.3;DEVRED;Mode, chaussures & accessoires;MCO;Serris;77700;77700 Serris;Commerce de détail d'habillement en magasin spécialisé;"Vendeur / Vendeuse en prêt-à-porter ; Responsable de boutique ; Hôte / Hôtesse de caisse ; Directeur / Directrice de magasin de grande distribution";Entreprise susceptible de recruter (candidature spontanée);;;Apprentissage, Professionnalisation;;;34294896502936;4;https://labonnealternance.apprentissage.beta.gouv.fr/emploi/recruteurs_lba/34294896502936/devred
13.3;ETAM LINGERIE;Mode, chaussures & accessoires;MCO;Serris;77700;77700 Serris;Commerce de détail de textiles en magasin spécialisé;"Vendeur / Vendeuse en équipement de la maison ; Responsable de boutique ; Vendeur / Vendeuse en prêt-à-porter";Entreprise susceptible de recruter (candidature spontanée);;;Apprentissage, Professionnalisation;;;47835575301266;3;https://labonnealternance.apprentissage.beta.gouv.fr/emploi/recruteurs_lba/47835575301266/etam-lingerie
13.3;GIVENCHY;Mode, chaussures & accessoires;MCO;Serris;77700;3 COURS DE LA GARONNE 77700 SERRIS;Commerce de détail d'habillement en magasin spécialisé;"Vendeur / Vendeuse en prêt-à-porter ; Responsable de boutique ; Hôte / Hôtesse de caisse ; Directeur / Directrice de magasin de grande distribution";Entreprise susceptible de recruter (candidature spontanée);;;Apprentissage, Professionnalisation;;;55205122900128;4;https://labonnealternance.apprentissage.beta.gouv.fr/emploi/recruteurs_lba/55205122900128/givenchy
13.3;GUCCI FRANCE;Mode, chaussures & accessoires;MCO;Serris;77700;3 COURS DE LA GARONNE 77700 SERRIS;Commerce de détail de maroquinerie et d'articles de voyage;"Vendeur / Vendeuse en prêt-à-porter ; Gérant / Gérante de magasin d'alimentation générale";Entreprise susceptible de recruter (candidature spontanée);;;Apprentissage, Professionnalisation;;;63203234800351;2;https://labonnealternance.apprentissage.beta.gouv.fr/emploi/recruteurs_lba/63203234800351/gucci-france
13.3;GUESS FRANCE OPERA;Mode, chaussures & accessoires;MCO;Serris;77700;3 COURS DE LA GARONNE 77700 SERRIS;Commerce de détail d'habillement en magasin spécialisé;"Vendeur / Vendeuse en prêt-à-porter ; Responsable de boutique ; Hôte / Hôtesse de caisse ; Directeur / Directrice de magasin de grande distribution";Entreprise susceptible de recruter (candidature spontanée);;;Apprentissage, Professionnalisation;;;48065045600241;4;https://labonnealternance.apprentissage.beta.gouv.fr/emploi/recruteurs_lba/48065045600241/guess-france-opera
13.3;HUGO BOSS;Mode, chaussures & accessoires;MCO;Serris;77700;3 COURS DE LA GARONNE 77700 SERRIS;Commerce de détail d'habillement en magasin spécialisé;"Vendeur / Vendeuse en prêt-à-porter ; Responsable de boutique ; Hôte / Hôtesse de caisse ; Directeur / Directrice de magasin de grande distribution";Entreprise susceptible de recruter (candidature spontanée);;;Apprentissage, Professionnalisation;;;45077204100221;4;https://labonnealternance.apprentissage.beta.gouv.fr/emploi/recruteurs_lba/45077204100221/hugo-boss
13.3;KENZO, KENZO HOMME MODULO;Mode, chaussures & accessoires;MCO;Serris;77700;3 COURS DE LA GARONNE 77700 SERRIS;Commerce de détail d'habillement en magasin spécialisé;"Vendeur / Vendeuse en prêt-à-porter ; Responsable de boutique ; Hôte / Hôtesse de caisse ; Directeur / Directrice de magasin de grande distribution";Entreprise susceptible de recruter (candidature spontanée);;;Apprentissage, Professionnalisation;;;40218019400092;4;https://labonnealternance.apprentissage.beta.gouv.fr/emploi/recruteurs_lba/40218019400092/kenzo-kenzo-homme-modulo
13.3;KIDS AROUND;Mode, chaussures & accessoires;MCO;Serris;77700;3 cours de la Garonne 77700 SERRIS;Commerce de détail de textiles en magasin spécialisé;"Vendeur / Vendeuse en équipement de la maison ; Responsable de boutique ; Vendeur / Vendeuse en prêt-à-porter";Entreprise susceptible de recruter (candidature spontanée);;;Apprentissage, Professionnalisation;;;42199465800142;3;https://labonnealternance.apprentissage.beta.gouv.fr/emploi/recruteurs_lba/42199465800142/kids-around
13.3;LA VALLEE VILLAGE UNIT 38;Mode, chaussures & accessoires;MCO;Serris;77700;3 COURS DE LA GARONNE 77700 SERRIS;Commerce de détail d'habillement en magasin spécialisé;"Vendeur / Vendeuse en prêt-à-porter ; Responsable de boutique ; Hôte / Hôtesse de caisse ; Directeur / Directrice de magasin de grande distribution";Entreprise susceptible de recruter (candidature spontanée);;;Apprentissage, Professionnalisation;;;52310672200029;4;https://labonnealternance.apprentissage.beta.gouv.fr/emploi/recruteurs_lba/52310672200029/la-vallee-village-unit-38
13.3;LACOSTE;Mode, chaussures & accessoires;MCO;Serris;77700;3 COURS DE LA GARONNE 77700 SERRIS;Commerce de détail d'habillement en magasin spécialisé;"Vendeur / Vendeuse en prêt-à-porter ; Responsable de boutique ; Hôte / Hôtesse de caisse ; Directeur / Directrice de magasin de grande distribution";Entreprise susceptible de recruter (candidature spontanée);;;Apprentissage, Professionnalisation;;;30725830100497;4;https://labonnealternance.apprentissage.beta.gouv.fr/emploi/recruteurs_lba/30725830100497/lacoste
13.3;LADUREE;Boulangerie & métiers de bouche;MCO;Serris;77700;3 cours de la Garonne 77700 SERRIS;Pâtisserie;Vendeur / Vendeuse en épicerie;Entreprise susceptible de recruter (candidature spontanée);;;Apprentissage, Professionnalisation;;;57204554000471;1;https://labonnealternance.apprentissage.beta.gouv.fr/emploi/recruteurs_lba/57204554000471/laduree
13.3;Longchamp;Mode, chaussures & accessoires;MCO;Serris;77700;3 COURS DE LA GARONNE 77700 SERRIS;Commerce de détail de maroquinerie et d'articles de voyage;"Vendeur / Vendeuse en prêt-à-porter ; Gérant / Gérante de magasin d'alimentation générale";Entreprise susceptible de recruter (candidature spontanée);;;Apprentissage, Professionnalisation;;;33450265500114;2;https://labonnealternance.apprentissage.beta.gouv.fr/emploi/recruteurs_lba/33450265500114/longchamp
13.3;LTG SUPPLY;Boulangerie & métiers de bouche;MCO;Serris;77700;77700 Serris;Autres commerces de détail alimentaires en magasin spécialisé;"Vendeur / Vendeuse en épicerie ; Employé / Employée de rayon libre-service ; Chef / Cheffe de rayon produits alimentaires ; Responsable de boutique";Entreprise susceptible de recruter (candidature spontanée);;;Apprentissage, Professionnalisation;;;87807152100024;4;https://labonnealternance.apprentissage.beta.gouv.fr/emploi/recruteurs_lba/87807152100024/ltg-supply
13.3;LYNELEC;Commerce de gros / B2B;MCO + NDRC;Serris;77700;8 avenue Bernard de Jussieu 77700 SERRIS;Commerce de gros (commerce interentreprises) de matériel électrique;"Vendeur / Vendeuse grossiste en équipement du foyer ; Technico-commercial / Technico-commerciale";Entreprise susceptible de recruter (candidature spontanée);;;Apprentissage, Professionnalisation;;;33939885100032;2;https://labonnealternance.apprentissage.beta.gouv.fr/emploi/recruteurs_lba/33939885100032/lynelec
13.3;Mango;Mode, chaussures & accessoires;MCO;Serris;77700;77700 Serris;Commerce de détail d'habillement en magasin spécialisé;"Vendeur / Vendeuse en prêt-à-porter ; Responsable de boutique ; Hôte / Hôtesse de caisse ; Directeur / Directrice de magasin de grande distribution";Entreprise susceptible de recruter (candidature spontanée);;;Apprentissage, Professionnalisation;;;40325913800523;4;https://labonnealternance.apprentissage.beta.gouv.fr/emploi/recruteurs_lba/40325913800523/mango
13.3;MOMUS;Boulangerie & métiers de bouche;MCO;Serris;77700;3 CRS DE LA GARONNE 77700 SERRIS;Autres commerces de détail alimentaires en magasin spécialisé;"Vendeur / Vendeuse en épicerie ; Employé / Employée de rayon libre-service ; Chef / Cheffe de rayon produits alimentaires ; Responsable de boutique";Entreprise susceptible de recruter (candidature spontanée);;;Apprentissage, Professionnalisation;;;90056980700036;4;https://labonnealternance.apprentissage.beta.gouv.fr/emploi/recruteurs_lba/90056980700036/momus
13.3;MONCLER;Mode, chaussures & accessoires;MCO;Serris;77700;3 cours de la Garonne 77700 SERRIS;Commerce de détail d'habillement en magasin spécialisé;"Vendeur / Vendeuse en prêt-à-porter ; Responsable de boutique ; Hôte / Hôtesse de caisse ; Directeur / Directrice de magasin de grande distribution";Entreprise susceptible de recruter (candidature spontanée);;;Apprentissage, Professionnalisation;;;43005079900146;4;https://labonnealternance.apprentissage.beta.gouv.fr/emploi/recruteurs_lba/43005079900146/moncler
13.3;MONTBLANC;Autres commerces de détail;NDRC;Serris;77700;3 COURS DE LA GARONNE 77700 SERRIS;Autres commerces de détail spécialisés divers;Responsable relation client (CRM);Entreprise susceptible de recruter (candidature spontanée);;;Apprentissage, Professionnalisation;;;54201923700263;1;https://labonnealternance.apprentissage.beta.gouv.fr/emploi/recruteurs_lba/54201923700263/montblanc
13.3;NESPRESSO;Boulangerie & métiers de bouche;MCO;Serris;77700;77700 Serris;Autres commerces de détail alimentaires en magasin spécialisé;"Vendeur / Vendeuse en épicerie ; Employé / Employée de rayon libre-service ; Chef / Cheffe de rayon produits alimentaires ; Responsable de boutique";Entreprise susceptible de recruter (candidature spontanée);;;Apprentissage, Professionnalisation;;;84246281400042;4;https://labonnealternance.apprentissage.beta.gouv.fr/emploi/recruteurs_lba/84246281400042/nespresso
13.3;Okaidi;Mode, chaussures & accessoires;MCO;Serris;77700;77700 Serris;Commerce de détail d'habillement en magasin spécialisé;"Vendeur / Vendeuse en prêt-à-porter ; Responsable de boutique ; Hôte / Hôtesse de caisse ; Directeur / Directrice de magasin de grande distribution";Entreprise susceptible de recruter (candidature spontanée);;;Apprentissage, Professionnalisation;;;39811044500812;4;https://labonnealternance.apprentissage.beta.gouv.fr/emploi/recruteurs_lba/39811044500812/okaidi
13.3;PIERRE HERME PARIS;Boulangerie & métiers de bouche;MCO + NDRC;Serris;77700;3 COURS DE LA GARONNE 77700 SERRIS;Commerce de détail de pain, pâtisserie et confiserie en magasin spécialisé;"Vendeur / Vendeuse en épicerie ; Conseiller / Conseillère clientèle à distance";Entreprise susceptible de recruter (candidature spontanée);;;Apprentissage, Professionnalisation;;;43485195200201;2;https://labonnealternance.apprentissage.beta.gouv.fr/emploi/recruteurs_lba/43485195200201/pierre-herme-paris
13.3;PRADA RETAIL FRANCE;Mode, chaussures & accessoires;MCO;Serris;77700;3 COURS DE LA GARONNE 77700 SERRIS;Commerce de détail d'habillement en magasin spécialisé;"Vendeur / Vendeuse en prêt-à-porter ; Responsable de boutique ; Hôte / Hôtesse de caisse ; Directeur / Directrice de magasin de grande distribution";Entreprise susceptible de recruter (candidature spontanée);;;Apprentissage, Professionnalisation;;;33073007800251;4;https://labonnealternance.apprentissage.beta.gouv.fr/emploi/recruteurs_lba/33073007800251/prada-retail-france
13.3;PULL AND BEAR;Mode, chaussures & accessoires;MCO;Serris;77700;77700 Serris;Commerce de détail d'habillement en magasin spécialisé;"Vendeur / Vendeuse en prêt-à-porter ; Responsable de boutique ; Hôte / Hôtesse de caisse ; Directeur / Directrice de magasin de grande distribution";Entreprise susceptible de recruter (candidature spontanée);;;Apprentissage, Professionnalisation;;;48055714900196;4;https://labonnealternance.apprentissage.beta.gouv.fr/emploi/recruteurs_lba/48055714900196/pull-and-bear
13.3;THE NORTH FACE;Mode, chaussures & accessoires;MCO;Serris;77700;3 Cours de la Garonne 77700 Serris;Commerce de détail d'habillement en magasin spécialisé;"Vendeur / Vendeuse en prêt-à-porter ; Responsable de boutique ; Hôte / Hôtesse de caisse ; Directeur / Directrice de magasin de grande distribution";Entreprise susceptible de recruter (candidature spontanée);;;Apprentissage, Professionnalisation;;;35323852000327;4;https://labonnealternance.apprentissage.beta.gouv.fr/emploi/recruteurs_lba/35323852000327/the-north-face
13.3;TOMMY HILFIGER;Mode, chaussures & accessoires;MCO;Serris;77700;3 COURS DE LA GARONNE 77700 SERRIS;Commerce de détail d'habillement en magasin spécialisé;"Vendeur / Vendeuse en prêt-à-porter ; Responsable de boutique ; Hôte / Hôtesse de caisse ; Directeur / Directrice de magasin de grande distribution";Entreprise susceptible de recruter (candidature spontanée);;;Apprentissage, Professionnalisation;;;43831818000355;4;https://labonnealternance.apprentissage.beta.gouv.fr/emploi/recruteurs_lba/43831818000355/tommy-hilfiger
13.3;VALUE RETAIL MANAGEMENT FRANCE;Maison, bricolage & jardin;NDRC;Serris;77700;3 cours de la Garonne 77700 SERRIS;Administration d'immeubles et autres biens immobiliers;Conseiller / Conseillère immobilier;Entreprise susceptible de recruter (candidature spontanée);;;Apprentissage, Professionnalisation;;;40531924500040;1;https://labonnealternance.apprentissage.beta.gouv.fr/emploi/recruteurs_lba/40531924500040/value-retail-management-france
13.3;VILLEROY ET BOCH ARTS DE LA TABLE;Maison, bricolage & jardin;MCO + NDRC;Serris;77700;3 COURS DE LA GARONNE 77700 SERRIS;Commerce de détail d'autres équipements du foyer;"Vendeur / Vendeuse en équipement de la maison ; Employé / Employée de rayon libre-service ; Responsable de boutique ; Hôte / Hôtesse de caisse ; Vendeur / Vendeuse grossiste en équipement du foyer ; Conseiller commercial / Conseillère commerciale auprès des particuliers";Entreprise susceptible de recruter (candidature spontanée);;;Apprentissage, Professionnalisation;;;33464335000195;6;https://labonnealternance.apprentissage.beta.gouv.fr/emploi/recruteurs_lba/33464335000195/villeroy-et-boch-arts-de-la-table
13.3;ZADIG ET VOLTAIRE;Mode, chaussures & accessoires;MCO;Serris;77700;3 cours de la Garonne 77700 SERRIS;Commerce de détail d'habillement en magasin spécialisé;"Vendeur / Vendeuse en prêt-à-porter ; Responsable de boutique ; Hôte / Hôtesse de caisse ; Directeur / Directrice de magasin de grande distribution";Entreprise susceptible de recruter (candidature spontanée);;;Apprentissage, Professionnalisation;;;41348498100233;4;https://labonnealternance.apprentissage.beta.gouv.fr/emploi/recruteurs_lba/41348498100233/zadig-et-voltaire
13.4;TK ACCELIS PLASTICS FRANCE;Commerce de gros / B2B;NDRC;Mitry-Mory;77290;13 rue Rene Cassin 77290 MITRY-MORY;Commerce de gros (commerce interentreprises) d'autres produits intermédiaires;"Assistant commercial / Assistante commerciale ; Commercial / Commerciale auprès d'une clientèle d'entreprises";Entreprise susceptible de recruter (candidature spontanée);;;Apprentissage, Professionnalisation;;;33018915000403;2;https://labonnealternance.apprentissage.beta.gouv.fr/emploi/recruteurs_lba/33018915000403/tk-accelis-plastics-france
13.4;UTILITAIRES ILE DE FRANCE;Automobile & mobilité;NDRC;Mitry-Mory;77290;RUE EVARISTE GALOIS 77290 MITRY-MORY;Entretien et réparation d'autres véhicules automobiles;Conseiller / Conseillère client après-vente des véhicules;Entreprise susceptible de recruter (candidature spontanée);;;Apprentissage, Professionnalisation;;;30716693400371;1;https://labonnealternance.apprentissage.beta.gouv.fr/emploi/recruteurs_lba/30716693400371/utilitaires-ile-de-france
13.5;ADEVA;Commerce de gros / B2B;NDRC;Mitry-Mory;77290;8 RUE MARC SEGUIN 77290 MITRY-MORY;Commerce de gros (commerce interentreprises) d'appareils électroménagers;"Assistant commercial / Assistante commerciale ; Technico-commercial / Technico-commerciale";Entreprise susceptible de recruter (candidature spontanée);;;Apprentissage, Professionnalisation;;;47951409300026;2;https://labonnealternance.apprentissage.beta.gouv.fr/emploi/recruteurs_lba/47951409300026/adeva
13.5;ASSISTANT DE GESTION INFORMATIQUE ET LOG;High-tech, électroménager & télécoms;NDRC;Serris;77700;21 BOULEVARD ROBERT THIBOUST 77700 SERRIS;PROGRAMMATION INFORMATIQUE;Commercial / Commerciale export;Entreprise susceptible de recruter (candidature spontanée);;;Apprentissage, Professionnalisation;;;85168234400029;1;https://labonnealternance.apprentissage.beta.gouv.fr/emploi/recruteurs_lba/85168234400029/assistant-de-gestion-informatique-et-log
13.7;LAMBOUR GESTION PATRIMOINE;Maison, bricolage & jardin;NDRC;Serris;77700;7 boulevard Michael Faraday 77700 SERRIS;Administration d'immeubles et autres biens immobiliers;Conseiller / Conseillère immobilier;Entreprise susceptible de recruter (candidature spontanée);;;Apprentissage, Professionnalisation;;;75339220800025;1;https://labonnealternance.apprentissage.beta.gouv.fr/emploi/recruteurs_lba/75339220800025/lambour-gestion-patrimoine
13.7;MAISON ROBAC;Boulangerie & métiers de bouche;MCO;Serris;77700;6 RTE DE MEAUX 77700 SERRIS;Boulangerie et boulangerie-pâtisserie;Vendeur / Vendeuse en épicerie;Entreprise susceptible de recruter (candidature spontanée);;;Apprentissage, Professionnalisation;;;91156559600010;1;https://labonnealternance.apprentissage.beta.gouv.fr/emploi/recruteurs_lba/91156559600010/maison-robac
13.7;PLANETE COMMUNICATION;Mode, chaussures & accessoires;MCO;Serris;77700;14 AVENUE DE SARIA 77700 SERRIS;Commerce de détail de textiles en magasin spécialisé;"Vendeur / Vendeuse en équipement de la maison ; Responsable de boutique ; Vendeur / Vendeuse en prêt-à-porter";Entreprise susceptible de recruter (candidature spontanée);;;Apprentissage, Professionnalisation;;;88217275200017;3;https://labonnealternance.apprentissage.beta.gouv.fr/emploi/recruteurs_lba/88217275200017/planete-communication
13.7;TRUSTIWAY FINANCE;Banque, crédit & assurance;NDRC;Serris;77700;14 avenue de Saria 77700 SERRIS;Autres activités auxiliaires de services financiers, hors assurance et caisses de retraite, n.c.a.;"Courtier / Courtière en banque ; Conseiller / Conseillère en gestion de patrimoine";Entreprise susceptible de recruter (candidature spontanée);;;Apprentissage, Professionnalisation;;;91509468400023;2;https://labonnealternance.apprentissage.beta.gouv.fr/emploi/recruteurs_lba/91509468400023/trustiway-finance
13.7;UNITIA;Maison, bricolage & jardin;NDRC;Serris;77700;3 BOULEVARD MICHAEL FARADAY 77700 SERRIS;Administration d'immeubles et autres biens immobiliers;Conseiller / Conseillère immobilier;Entreprise susceptible de recruter (candidature spontanée);;;Apprentissage, Professionnalisation;;;82293322200074;1;https://labonnealternance.apprentissage.beta.gouv.fr/emploi/recruteurs_lba/82293322200074/unitia
13.8;GMP LE SARIA A;Commerce de gros / B2B;MCO + NDRC;Serris;77700;15 AVENUE DE SARIA 77700 SERRIS;Autres intermédiaires du commerce en produits divers;"Vendeur / Vendeuse automobile ; Conseiller commercial / Conseillère commerciale auprès des particuliers ; Responsable Commercial / Commerciale ; Attaché commercial / Attachée commerciale";Entreprise susceptible de recruter (candidature spontanée);;;Apprentissage, Professionnalisation;;;40318965700030;4;https://labonnealternance.apprentissage.beta.gouv.fr/emploi/recruteurs_lba/40318965700030/gmp-le-saria-a
13.8;INTERMARCHE;Grande distribution & supermarchés;MCO;Mitry-Mory;77290;46 rue de Villeparisis 77290 MITRY-MORY;Supermarchés;"Employé / Employée de rayon libre-service ; Directeur / Directrice de magasin de grande distribution ; Hôte / Hôtesse de caisse ; Responsable de caisses ; Chef / Cheffe de rayon produits alimentaires";Entreprise susceptible de recruter (candidature spontanée);;;Apprentissage, Professionnalisation;;;32630134800016;5;https://labonnealternance.apprentissage.beta.gouv.fr/emploi/recruteurs_lba/32630134800016/intermarche
13.8;SAYHAR;Commerce de gros / B2B;MCO + NDRC;Serris;77700;4 BOULEVARD MICHAEL FARADAY 77700 SERRIS;Commerce de gros (commerce interentreprises) de parfumerie et de produits de beauté;"Responsable de boutique ; Directeur / Directrice des ventes ; Conseiller vendeur / Conseillère vendeuse à domicile ; Commercial / Commerciale grands comptes et entreprises";Entreprise susceptible de recruter (candidature spontanée);;;Apprentissage, Professionnalisation;;;90050776500049;4;https://labonnealternance.apprentissage.beta.gouv.fr/emploi/recruteurs_lba/90050776500049/sayhar
13.9;BIRO FRANCE;Commerce de gros / B2B;NDRC;Serris;77700;7B boulevard Robert Thiboust 77700 SERRIS;Commerce de gros (commerce interentreprises) de fournitures et équipements industriels divers;"Technico-commercial / Technico-commerciale ; Attaché commercial / Attachée commerciale";Entreprise susceptible de recruter (candidature spontanée);;;Apprentissage, Professionnalisation;;;33072840300099;2;https://labonnealternance.apprentissage.beta.gouv.fr/emploi/recruteurs_lba/33072840300099/biro-france
14.0;SALVUM;High-tech, électroménager & télécoms;NDRC;Serris;77700;1 avenue Christian Doppler 77700 SERRIS;Édition de logiciels système et de réseau;"Cadre Technico-commercial / Technico-commerciale ; Assistant commercial / Assistante commerciale";Entreprise susceptible de recruter (candidature spontanée);;;Apprentissage, Professionnalisation;;;80177754100039;2;https://labonnealternance.apprentissage.beta.gouv.fr/emploi/recruteurs_lba/80177754100039/salvum
14.0;SIKLA FRANCE SARL;Commerce de gros / B2B;NDRC;Serris;77700;8 AVENUE CHRISTIAN DOPPLER 77700 SERRIS;Commerce de gros (commerce interentreprises) de bois et de matériaux de construction;"Technico-commercial / Technico-commerciale ; Commercial itinérant / Commerciale itinérante en entreprise de commerce de gros";Entreprise susceptible de recruter (candidature spontanée);;;Apprentissage, Professionnalisation;;;40168593800029;2;https://labonnealternance.apprentissage.beta.gouv.fr/emploi/recruteurs_lba/40168593800029/sikla-france-sarl
14.0;SOGEFRA;Immobilier;NDRC;Serris;77700;1 avenue Christian Doppler 77700 SERRIS;Activité des géomètres;Chargé / Chargée d'études commerciales;Entreprise susceptible de recruter (candidature spontanée);;;Apprentissage, Professionnalisation;;;43012233300056;1;https://labonnealternance.apprentissage.beta.gouv.fr/emploi/recruteurs_lba/43012233300056/sogefra
14.1;ADMINOF;Services aux entreprises, conseil & communication;NDRC;Fresnes-Sur-Marne;77410;13 rue Henri de Guenegaud 77410 FRESNES-SUR-MARNE;Services administratifs combinés de bureau;Conseiller / Conseillère immobilier;Entreprise susceptible de recruter (candidature spontanée);;;Apprentissage, Professionnalisation;;;91837277200015;1;https://labonnealternance.apprentissage.beta.gouv.fr/emploi/recruteurs_lba/91837277200015/adminof
14.1;CARPENTERS WORKSHOP;Autres commerces de détail;NDRC;Mitry-Mory;77290;rue Fernand Forest 77290 MITRY-MORY;Autres commerces de détail spécialisés divers;Responsable relation client (CRM);Entreprise susceptible de recruter (candidature spontanée);;;Apprentissage, Professionnalisation;;;80880486800012;1;https://labonnealternance.apprentissage.beta.gouv.fr/emploi/recruteurs_lba/80880486800012/carpenters-workshop
14.1;HMI;Commerce de gros / B2B;NDRC;Mitry-Mory;77290;17 RUE DES FRERES LUMIERE 77290 MITRY-MORY;Commerce de gros (commerce interentreprises) de fournitures et équipements divers pour le commerce et les services;"Cadre Technico-commercial / Technico-commerciale ; Technico-commercial / Technico-commerciale ; Assistant commercial / Assistante commerciale";Entreprise susceptible de recruter (candidature spontanée);;;Apprentissage, Professionnalisation;;;37818678700024;3;https://labonnealternance.apprentissage.beta.gouv.fr/emploi/recruteurs_lba/37818678700024/hmi
14.1;LA GRANDE RECRE;Sport, loisirs & culture;MCO + NDRC;Serris;77700;2 AVENUE CLEMENT ADER 77700 SERRIS;Commerce de détail de jeux et jouets en magasin spécialisé;"Vendeur / Vendeuse de produits culturels et ludiques ; Hôte / Hôtesse de caisse ; Responsable de boutique ; Employé / Employée de rayon libre-service ; Directeur / Directrice des ventes ; Conseiller commercial / Conseillère commerciale auprès des particuliers";Entreprise susceptible de recruter (candidature spontanée);;;Apprentissage, Professionnalisation;;;95290846500851;6;https://labonnealternance.apprentissage.beta.gouv.fr/emploi/recruteurs_lba/95290846500851/la-grande-recre
14.2;FRANCE SCELLES;Commerce de gros / B2B;MCO + NDRC;Bailly-Romainvilliers;77700;15 AVENUE CHRISTIAN DOPPLER 77700 BAILLY-ROMAINVILLIERS;Autres intermédiaires du commerce en produits divers;"Vendeur / Vendeuse automobile ; Conseiller commercial / Conseillère commerciale auprès des particuliers ; Responsable Commercial / Commerciale ; Attaché commercial / Attachée commerciale";Entreprise susceptible de recruter (candidature spontanée);;;Apprentissage, Professionnalisation;;;81824790000025;4;https://labonnealternance.apprentissage.beta.gouv.fr/emploi/recruteurs_lba/81824790000025/france-scelles
14.2;GROUPEMENT D'EMPLOYEURS 77;Services aux entreprises, conseil & communication;MCO;Serris;77700;1 Avenue Johannes Gutenberg 77700 Serris;Autre mise à disposition de ressources humaines;Chef / Cheffe de rayon produits alimentaires;Entreprise susceptible de recruter (candidature spontanée);;;Apprentissage, Professionnalisation;;;45187049700034;1;https://labonnealternance.apprentissage.beta.gouv.fr/emploi/recruteurs_lba/45187049700034/groupement-d-employeurs-77
14.2;R ET F SOLUTIONS;Commerce de gros / B2B;NDRC;Bailly-Romainvilliers;77700;15 AVENUE CHRISTIAN DOPPLER 77700 BAILLY-ROMAINVILLIERS;Commerce de gros (commerce interentreprises) d'appareils électroménagers;"Assistant commercial / Assistante commerciale ; Technico-commercial / Technico-commerciale";Entreprise susceptible de recruter (candidature spontanée);;;Apprentissage, Professionnalisation;;;79192878100065;2;https://labonnealternance.apprentissage.beta.gouv.fr/emploi/recruteurs_lba/79192878100065/r-et-f-solutions
14.2;REXEL;Commerce de gros / B2B;MCO + NDRC;Bailly-Romainvilliers;77700;18 avenue Christian Doppler 77700 BAILLY-ROMAINVILLIERS;Commerce de gros (commerce interentreprises) de matériel électrique;"Vendeur / Vendeuse grossiste en équipement du foyer ; Technico-commercial / Technico-commerciale";Entreprise susceptible de recruter (candidature spontanée);;;Apprentissage, Professionnalisation;;;30930461607543;2;https://labonnealternance.apprentissage.beta.gouv.fr/emploi/recruteurs_lba/30930461607543/rexel
14.3;AGRANA FRUIT FRANCE;High-tech, électroménager & télécoms;MCO;Mitry-Mory;77290;17 avenue du 8 Mai 1945 77290 MITRY-MORY;Transformation et conservation de fruits;Chef / Cheffe des ventes;Entreprise susceptible de recruter (candidature spontanée);;;Apprentissage, Professionnalisation;;;34182600600015;1;https://labonnealternance.apprentissage.beta.gouv.fr/emploi/recruteurs_lba/34182600600015/agrana-fruit-france
14.3;PARDIS;Commerce de gros / B2B;NDRC;Serris;77700;2 AVENUE DU PRIEURE 77700 SERRIS;Intermédiaires spécialisés dans le commerce d'autres produits spécifiques;"Cadre Technico-commercial / Technico-commerciale ; Technico-commercial / Technico-commerciale ; Attaché commercial / Attachée commerciale";Entreprise susceptible de recruter (candidature spontanée);;;Apprentissage, Professionnalisation;;;34972803000066;3;https://labonnealternance.apprentissage.beta.gouv.fr/emploi/recruteurs_lba/34972803000066/pardis
14.4;CARRELAGE & CO;Commerce de gros / B2B;MCO + NDRC;Bailly-Romainvilliers;77700;3 Rue Irene Joliot Curie 77700 Bailly-Romainvilliers;Commerce de gros (commerce interentreprises) d'appareils sanitaires et de produits de décoration;"Vendeur / Vendeuse grossiste en équipement du foyer ; Technico-commercial / Technico-commerciale ; Commercial / Commerciale auprès d'une clientèle d'entreprises ; Attaché commercial / Attachée commerciale";Entreprise susceptible de recruter (candidature spontanée);;;Apprentissage, Professionnalisation;;;91149901000013;4;https://labonnealternance.apprentissage.beta.gouv.fr/emploi/recruteurs_lba/91149901000013/carrelage-co
14.4;ECO SYSTEMS DEVELOPPEMENT;Commerce de gros / B2B;MCO + NDRC;Bailly-Romainvilliers;77700;16 avenue Christian Doppler 77700 BAILLY-ROMAINVILLIERS;COMMERCE DE GROS (COMMERCE INTERENTREPRISES) DE FOURNITURES POUR LA PLOMBERIE ET LE CHAUFFAGE;"Vendeur / Vendeuse grossiste en équipement du foyer ; Technico-commercial / Technico-commerciale ; Commercial itinérant / Commerciale itinérante en entreprise de commerce de gros";Entreprise susceptible de recruter (candidature spontanée);;;Apprentissage, Professionnalisation;;;49179728800025;3;https://labonnealternance.apprentissage.beta.gouv.fr/emploi/recruteurs_lba/49179728800025/eco-systems-developpement
14.4;HOWDENS CUISINES;Commerce de gros / B2B;MCO + NDRC;Bailly-Romainvilliers;77700;AVENUE CHRISTIAN DOPPLER 77700 BAILLY-ROMAINVILLIERS;Commerce de gros (commerce interentreprises) de meubles, de tapis et d'appareils d'éclairage;"Vendeur / Vendeuse en équipement de la maison ; Attaché commercial / Attachée commerciale";Entreprise susceptible de recruter (candidature spontanée);;;Apprentissage, Professionnalisation;;;47758896600648;2;https://labonnealternance.apprentissage.beta.gouv.fr/emploi/recruteurs_lba/47758896600648/howdens-cuisines
14.4;IMPERIAL INTERNATIONAL;Commerce de gros / B2B;NDRC;Bailly-Romainvilliers;77700;16 AVENUE CHRISTIAN DOPPLER 77700 BAILLY-ROMAINVILLIERS;Commerce de gros (commerce interentreprises) de fournitures et équipements divers pour le commerce et les services;"Cadre Technico-commercial / Technico-commerciale ; Technico-commercial / Technico-commerciale ; Assistant commercial / Assistante commerciale";Entreprise susceptible de recruter (candidature spontanée);;;Apprentissage, Professionnalisation;;;80763947100026;3;https://labonnealternance.apprentissage.beta.gouv.fr/emploi/recruteurs_lba/80763947100026/imperial-international
14.4;RAWLPLUG FRANCE;Commerce de gros / B2B;NDRC;Mitry-Mory;77290;1 rue Henri Becquerel 77290 MITRY-MORY;Commerce de gros (commerce interentreprises) de fournitures et équipements industriels divers;"Technico-commercial / Technico-commerciale ; Attaché commercial / Attachée commerciale";Entreprise susceptible de recruter (candidature spontanée);;;Apprentissage, Professionnalisation;;;48512201400049;2;https://labonnealternance.apprentissage.beta.gouv.fr/emploi/recruteurs_lba/48512201400049/rawlplug-france
14.4;RISE UP;Commerce de gros / B2B;MCO + NDRC;Bailly-Romainvilliers;77700;16 AVENUE CHRISTIAN DOPPLER 77700 BAILLY-ROMAINVILLIERS;COMMERCE DE GROS (COMMERCE INTERENTREPRISES) D'AUTRES BIENS DOMESTIQUES;"Assistant / Assistante administration des ventes ; Assistant commercial / Assistante commerciale";Entreprise susceptible de recruter (candidature spontanée);;;Apprentissage, Professionnalisation;;;49263471200029;2;https://labonnealternance.apprentissage.beta.gouv.fr/emploi/recruteurs_lba/49263471200029/rise-up
14.4;START PEOPLE;Immobilier;NDRC;Mitry-Mory;77290;1 rue Henri Becquerel 77290 MITRY-MORY;LOCATION DE TERRAINS ET D'AUTRES BIENS IMMOBILIERS;"Conseiller / Conseillère immobilier ; Conseiller commercial / Conseillère commerciale auprès des particuliers";Entreprise susceptible de recruter (candidature spontanée);;;Apprentissage, Professionnalisation;;;33999316405004;2;https://labonnealternance.apprentissage.beta.gouv.fr/emploi/recruteurs_lba/33999316405004/start-people
14.4;SUMITOMO (S H I) DEMAG PLASTICS MACHINERY (FRANCE);Commerce de gros / B2B;NDRC;Bailly-Romainvilliers;77700;6 avenue Irene Joliot Curie 77700 BAILLY-ROMAINVILLIERS;Commerce de gros (commerce interentreprises) de fournitures et équipements industriels divers;"Technico-commercial / Technico-commerciale ; Attaché commercial / Attachée commerciale";Entreprise susceptible de recruter (candidature spontanée);;;Apprentissage, Professionnalisation;;;43397662800050;2;https://labonnealternance.apprentissage.beta.gouv.fr/emploi/recruteurs_lba/43397662800050/sumitomo-s-h-i-demag-plastics-machinery-france
14.4;TESLA FRANCE;Automobile & mobilité;MCO + NDRC;Bailly-Romainvilliers;77700;13 Avenue Johannes Gutenberg 77700 Bailly-Romainvilliers;Commerce de voitures et de véhicules automobiles légers;"Vendeur / Vendeuse automobile ; Conseiller / Conseillère client après-vente des véhicules";Entreprise susceptible de recruter (candidature spontanée);;;Apprentissage, Professionnalisation;;;52433526200357;2;https://labonnealternance.apprentissage.beta.gouv.fr/emploi/recruteurs_lba/52433526200357/tesla-france
14.5;ALIA;Commerce de gros / B2B;MCO + NDRC;Mitry-Mory;77290;74 rue Paul Vaillant Couturier 77290 MITRY-MORY;COMMERCE DE GROS (COMMERCE INTERENTREPRISES) D'AUTRES BIENS DOMESTIQUES;"Assistant / Assistante administration des ventes ; Assistant commercial / Assistante commerciale";Entreprise susceptible de recruter (candidature spontanée);;;Apprentissage, Professionnalisation;;;41537470100035;2;https://labonnealternance.apprentissage.beta.gouv.fr/emploi/recruteurs_lba/41537470100035/alia
14.5;BASTIDE LE CONFORT MEDICAL;Beauté, santé & parfumerie;MCO + NDRC;Mitry-Mory;77290;4 rue Henri Becquerel 77290 MITRY-MORY;Commerce de détail d'articles médicaux et orthopédiques en magasin spécialisé;Délégué médical hospitalier / Déléguée médicale hospitalière;Entreprise susceptible de recruter (candidature spontanée);;;Apprentissage, Professionnalisation;;;30563503901390;2;https://labonnealternance.apprentissage.beta.gouv.fr/emploi/recruteurs_lba/30563503901390/bastide-le-confort-medical
14.5;SONEPAR - SONEPAR CONNECT - CGE D;Commerce de gros / B2B;MCO + NDRC;Bailly-Romainvilliers;77700;26 AV CHRISTIAN DOPPLER ROU 77700 BAILLY-ROMAINVILLIERS;Commerce de gros (commerce interentreprises) de matériel électrique;"Vendeur / Vendeuse grossiste en équipement du foyer ; Technico-commercial / Technico-commerciale";Entreprise susceptible de recruter (candidature spontanée);;;Apprentissage, Professionnalisation;;;82448465300392;2;https://labonnealternance.apprentissage.beta.gouv.fr/emploi/recruteurs_lba/82448465300392/sonepar-sonepar-connect-cge-d
14.6;MULTIVAC FRANCE;Commerce de gros / B2B;NDRC;Bailly-Romainvilliers;77700;27 avenue Christian Doppler 77700 BAILLY-ROMAINVILLIERS;Commerce de gros (commerce interentreprises) de fournitures et équipements industriels divers;"Technico-commercial / Technico-commerciale ; Attaché commercial / Attachée commerciale";Entreprise susceptible de recruter (candidature spontanée);;;Apprentissage, Professionnalisation;;;72206212200055;2;https://labonnealternance.apprentissage.beta.gouv.fr/emploi/recruteurs_lba/72206212200055/multivac-france
14.8;Carrefour;Services aux entreprises, conseil & communication;MCO;Coupvray;77700;77700 Coupvray;Activités des sièges sociaux;Employé de Rayon Produits Frais Titre Professionnel en Alternance H/F;Offre partenaire (France Travail…);Employé de Rayon Produits Frais Titre Professionnel en Alternance H/F;;Apprentissage, Professionnalisation;2026-09-04;;;1;https://labonnealternance.apprentissage.beta.gouv.fr/emploi/offres_emploi_partenaires/6a9b4184b7a03ff3606fab18/employe-de-rayon-produits-frais-titre-professionnel-en-alternance-h-f
14.8;Carrefour;Services aux entreprises, conseil & communication;MCO + NDRC;Coupvray;77700;77700 Coupvray;Activités des sièges sociaux;Employé Commercial Caisse Titre Professionnel en Alternance H/F;Offre partenaire (France Travail…);Employé Commercial Caisse Titre Professionnel en Alternance H/F;CAP, BEP (Infrabac);Apprentissage, Professionnalisation;2026-09-04;;;1;https://labonnealternance.apprentissage.beta.gouv.fr/emploi/offres_emploi_partenaires/6a9b4184b7a03ff3606fab1a/employe-commercial-caisse-titre-professionnel-en-alternance-h-f
14.8;Employé commercial caisse (F/H) Titre professionnel en alternance - COUPVRAY;Grande distribution & supermarchés;MCO + NDRC;Coupvray;77700;77700 Coupvray;;Employé commercial caisse (F/H) Titre professionnel en alternance - COUPVRAY;Offre partenaire (France Travail…);Employé commercial caisse (F/H) Titre professionnel en alternance - COUPVRAY;;Professionnalisation;2026-09-05;;;1;https://labonnealternance.apprentissage.beta.gouv.fr/emploi/offres_emploi_partenaires/6a9c960485d4232b2a929854/employe-commercial-caisse-f-h-titre-professionnel-en-alternance-coupvray
14.8;Employé de rayon produits frais (F/H) Titre professionnel en alternance - COUPVRAY;Grande distribution & supermarchés;MCO;Coupvray;77700;77700 Coupvray;;Employé de rayon produits frais (F/H) Titre professionnel en alternance - COUPVRAY;Offre partenaire (France Travail…);Employé de rayon produits frais (F/H) Titre professionnel en alternance - COUPVRAY;;Professionnalisation;2026-09-05;;;1;https://labonnealternance.apprentissage.beta.gouv.fr/emploi/offres_emploi_partenaires/6a9c960485d4232b2a929853/employe-de-rayon-produits-frais-f-h-titre-professionnel-en-alternance-coupvray
14.8;SOCIETE AZOIA;Boulangerie & métiers de bouche;MCO;Chevry-Cossigny;77173;25 RUE CHARLES PATHE 77173 CHEVRY-COSSIGNY;Boulangerie et boulangerie-pâtisserie;Vendeur / Vendeuse en épicerie;Entreprise susceptible de recruter (candidature spontanée);;;Apprentissage, Professionnalisation;;;75367451400017;1;https://labonnealternance.apprentissage.beta.gouv.fr/emploi/recruteurs_lba/75367451400017/societe-azoia
14.9;DENMAT;Commerce de gros / B2B;NDRC;Mitry-Mory;77290;14 rue Leon Foucault 77290 MITRY-MORY;Commerce de gros (commerce interentreprises) de machines pour l'extraction, la construction et le génie civil;Technico-commercial / Technico-commerciale;Entreprise susceptible de recruter (candidature spontanée);;;Apprentissage, Professionnalisation;;;87866441600020;1;https://labonnealternance.apprentissage.beta.gouv.fr/emploi/recruteurs_lba/87866441600020/denmat
15.0;ELEVAGE DES BAISSES;Maison, bricolage & jardin;MCO;Chevry-Cossigny;77173;ROUTE DE COSSIGNY 77173 CHEVRY-COSSIGNY;Reproduction de plantes;Vendeur / Vendeuse conseil en jardinerie;Entreprise susceptible de recruter (candidature spontanée);;;Apprentissage, Professionnalisation;;;51465003500025;1;https://labonnealternance.apprentissage.beta.gouv.fr/emploi/recruteurs_lba/51465003500025/elevage-des-baisses
15.0;MINIMARCHE REGION PARISIENNE;Grande distribution & supermarchés;MCO;Bailly-Romainvilliers;77700;1 RUE DU PRE DES MERLANS 77700 BAILLY-ROMAINVILLIERS;Supermarchés;"Employé / Employée de rayon libre-service ; Directeur / Directrice de magasin de grande distribution ; Hôte / Hôtesse de caisse ; Responsable de caisses ; Chef / Cheffe de rayon produits alimentaires";Entreprise susceptible de recruter (candidature spontanée);;;Apprentissage, Professionnalisation;;;51833317400051;5;https://labonnealternance.apprentissage.beta.gouv.fr/emploi/recruteurs_lba/51833317400051/minimarche-region-parisienne
15.0;SANI UNION;Commerce de gros / B2B;MCO + NDRC;Chevry-Cossigny;77173;1B RUE CHARLES PATHE 77173 CHEVRY-COSSIGNY;Commerce de gros (commerce interentreprises) d'appareils sanitaires et de produits de décoration;"Vendeur / Vendeuse grossiste en équipement du foyer ; Technico-commercial / Technico-commerciale ; Commercial / Commerciale auprès d'une clientèle d'entreprises ; Attaché commercial / Attachée commerciale";Entreprise susceptible de recruter (candidature spontanée);;;Apprentissage, Professionnalisation;;;83242472500014;4;https://labonnealternance.apprentissage.beta.gouv.fr/emploi/recruteurs_lba/83242472500014/sani-union
15.1;LANSAC IMMOBILIER;Immobilier;NDRC;Coupvray;77700;41 rue d Esbly 77700 COUPVRAY;Agences immobilières;Conseiller / Conseillère immobilier;Entreprise susceptible de recruter (candidature spontanée);;;Apprentissage, Professionnalisation;;;90259086800029;1;https://labonnealternance.apprentissage.beta.gouv.fr/emploi/recruteurs_lba/90259086800029/lansac-immobilier
15.1;LE BUREAU CONTEMPORAIN;Commerce de gros / B2B;NDRC;Magny-Le-Hongre;77700;3 RUE DE COURTALIN 77700 MAGNY-LE-HONGRE;Commerce de gros (commerce interentreprises) de mobilier de bureau;Assistant commercial / Assistante commerciale;Entreprise susceptible de recruter (candidature spontanée);;;Apprentissage, Professionnalisation;;;32692382800114;1;https://labonnealternance.apprentissage.beta.gouv.fr/emploi/recruteurs_lba/32692382800114/le-bureau-contemporain
15.1;VOESTALPINE HIGH PERFORMANCE METALS FRANCE SAS;Commerce de gros / B2B;NDRC;Mitry-Mory;77290;12 Rue Mercier 77290 Mitry-Mory;Commerce de gros (commerce interentreprises) de minerais et métaux;"Commercial itinérant / Commerciale itinérante en entreprise de commerce de gros ; Attaché commercial / Attachée commerciale";Entreprise susceptible de recruter (candidature spontanée);;;Apprentissage, Professionnalisation;;;39996576300028;2;https://labonnealternance.apprentissage.beta.gouv.fr/emploi/recruteurs_lba/39996576300028/voestalpine-high-performance-metals-france-sas
15.2;DARTY 20;High-tech, électroménager & télécoms;MCO + NDRC;Mitry-Mory;77290;1 RUE JACQUARD 77290 MITRY-MORY;Commerce de détail d'appareils électroménagers en magasin spécialisé;"Vendeur / Vendeuse en équipement de la maison ; Conseiller commercial / Conseillère commerciale auprès des particuliers ; Responsable relation client (CRM)";Entreprise susceptible de recruter (candidature spontanée);;;Apprentissage, Professionnalisation;;;54208661600225;3;https://labonnealternance.apprentissage.beta.gouv.fr/emploi/recruteurs_lba/54208661600225/darty-20
15.2;RS LOCABANE;Automobile & mobilité;NDRC;Mitry-Mory;77290;24 rue Edouard Branly 77290 MITRY-MORY;Location et location-bail d'autres machines, équipements et biens matériels n.c.a.;Assistant commercial / Assistante commerciale;Entreprise susceptible de recruter (candidature spontanée);;;Apprentissage, Professionnalisation;;;49855612500017;1;https://labonnealternance.apprentissage.beta.gouv.fr/emploi/recruteurs_lba/49855612500017/rs-locabane
15.3;CARREFOUR MARKET;Grande distribution & supermarchés;MCO;Coupvray;77450;CHEMIN DES AULNOYES 77450 COUPVRAY;Supermarchés;"Employé / Employée de rayon libre-service ; Directeur / Directrice de magasin de grande distribution ; Hôte / Hôtesse de caisse ; Responsable de caisses ; Chef / Cheffe de rayon produits alimentaires";Entreprise susceptible de recruter (candidature spontanée);;;Apprentissage, Professionnalisation;;;44028375203188;5;https://labonnealternance.apprentissage.beta.gouv.fr/emploi/recruteurs_lba/44028375203188/carrefour-market
15.4;BOULANGERIE LEBON;Boulangerie & métiers de bouche;MCO;Gretz-Armainvilliers;77220;35 boulevard Victor Hugo 77220 GRETZ-ARMAINVILLIERS;Boulangerie et boulangerie-pâtisserie;Vendeur / Vendeuse en épicerie;Entreprise susceptible de recruter (candidature spontanée);;;Apprentissage, Professionnalisation;;;94855962000018;1;https://labonnealternance.apprentissage.beta.gouv.fr/emploi/recruteurs_lba/94855962000018/boulangerie-lebon
15.4;MAISON DURAND, MAISON DE BOYER;Boulangerie & métiers de bouche;MCO;Magny-Le-Hongre;77700;9 RUE DES LABOURS 77700 MAGNY-LE-HONGRE;Boulangerie et boulangerie-pâtisserie;Vendeur / Vendeuse en épicerie;Entreprise susceptible de recruter (candidature spontanée);;;Apprentissage, Professionnalisation;;;89917774500010;1;https://labonnealternance.apprentissage.beta.gouv.fr/emploi/recruteurs_lba/89917774500010/maison-durand-maison-de-boyer
15.5;AQUA CENTER;Maison, bricolage & jardin;MCO + NDRC;Servon;77170;77170 Servon;Commerce de détail de quincaillerie, peintures et verres en petites surfaces (moins de 400 m2);"Hôte / Hôtesse de caisse ; Vendeur / Vendeuse grossiste en équipement du foyer ; Conseiller commercial / Conseillère commerciale auprès des particuliers";Entreprise susceptible de recruter (candidature spontanée);;;Apprentissage, Professionnalisation;;;53077078300013;3;https://labonnealternance.apprentissage.beta.gouv.fr/emploi/recruteurs_lba/53077078300013/aqua-center
15.5;C.S.M. IMMOBILIER;Immobilier;NDRC;Magny-Le-Hongre;77700;4 RUE DE L EPINETTE 77700 MAGNY-LE-HONGRE;Agences immobilières;Conseiller / Conseillère immobilier;Entreprise susceptible de recruter (candidature spontanée);;;Apprentissage, Professionnalisation;;;34284494100050;1;https://labonnealternance.apprentissage.beta.gouv.fr/emploi/recruteurs_lba/34284494100050/c-s-m-immobilier
15.5;Conseiller de vente (H/F);Non précisé;MCO;Servon;77170;77170 Servon;;Conseiller de vente (H/F);Offre partenaire (France Travail…);Conseiller de vente (H/F);;Apprentissage;2026-09-04;;;1;https://labonnealternance.apprentissage.beta.gouv.fr/emploi/offres_emploi_partenaires/6a9b449885d4232b2a921e7b/conseiller-de-vente-h-f
15.5;GRETOUR;Grande distribution & supermarchés;MCO;Gretz-Armainvilliers;77220;25 boulevard Victor Hugo 77220 GRETZ-ARMAINVILLIERS;Supermarchés;"Employé / Employée de rayon libre-service ; Directeur / Directrice de magasin de grande distribution ; Hôte / Hôtesse de caisse ; Responsable de caisses ; Chef / Cheffe de rayon produits alimentaires";Entreprise susceptible de recruter (candidature spontanée);;;Apprentissage, Professionnalisation;;;41800993200017;5;https://labonnealternance.apprentissage.beta.gouv.fr/emploi/recruteurs_lba/41800993200017/gretour
15.5;HAL SERVICES;Services aux entreprises, conseil & communication;NDRC;Servon;77170;310bis Rue des Roses 77170 Servon;Activités des sociétés holding;Conseiller / Conseillère immobilier;Entreprise susceptible de recruter (candidature spontanée);;;Apprentissage, Professionnalisation;;;53812649100025;1;https://labonnealternance.apprentissage.beta.gouv.fr/emploi/recruteurs_lba/53812649100025/hal-services
15.5;JV CORPORATE DESIGN;Maison, bricolage & jardin;MCO;Servon;77170;77170 Servon;Commerce de détail de meubles;"Vendeur / Vendeuse en équipement de la maison ; Hôte / Hôtesse de caisse";Entreprise susceptible de recruter (candidature spontanée);;;Apprentissage, Professionnalisation;;;88120705400019;2;https://labonnealternance.apprentissage.beta.gouv.fr/emploi/recruteurs_lba/88120705400019/jv-corporate-design
15.5;MICROBRASSERIE SECOND DEGRE;Industrie & énergie;MCO;Magny-Le-Hongre;77700;10 rue de l Eglise 77700 MAGNY-LE-HONGRE;Fabrication de bière;Chef / Cheffe de secteur magasin;Entreprise susceptible de recruter (candidature spontanée);;;Apprentissage, Professionnalisation;;;87959985000028;1;https://labonnealternance.apprentissage.beta.gouv.fr/emploi/recruteurs_lba/87959985000028/microbrasserie-second-degre
15.5;REXEL;Commerce de gros / B2B;MCO + NDRC;Servon;77170;77170 Servon;Commerce de gros (commerce interentreprises) de matériel électrique;"Vendeur / Vendeuse grossiste en équipement du foyer ; Technico-commercial / Technico-commerciale";Entreprise susceptible de recruter (candidature spontanée);;;Apprentissage, Professionnalisation;;;30930461607469;2;https://labonnealternance.apprentissage.beta.gouv.fr/emploi/recruteurs_lba/30930461607469/rexel
15.6;Action;Grande distribution & supermarchés;MCO;Servon;77170;99 rue des Roses 77170 SERVON;Autres commerces de détail en magasin non spécialisé;"Employé / Employée de rayon libre-service ; Responsable de boutique ; Hôte / Hôtesse de caisse ; Directeur / Directrice de magasin de grande distribution ; Chef / Cheffe de rayon de produits non alimentaires ; Chef / Cheffe de rayon produits alimentaires";Entreprise susceptible de recruter (candidature spontanée);;;Apprentissage, Professionnalisation;;;75330823805495;6;https://labonnealternance.apprentissage.beta.gouv.fr/emploi/recruteurs_lba/75330823805495/action
15.6;ALGECO;Automobile & mobilité;NDRC;Servon;77170;19 NATIONALE 77170 SERVON;Location et location-bail d'autres machines, équipements et biens matériels n.c.a.;Assistant commercial / Assistante commerciale;Entreprise susceptible de recruter (candidature spontanée);;;Apprentissage, Professionnalisation;;;68555065900112;1;https://labonnealternance.apprentissage.beta.gouv.fr/emploi/recruteurs_lba/68555065900112/algeco
15.6;BOULANGERIE MARIE BLACHERE;Boulangerie & métiers de bouche;MCO;Servon;77170;AVENUE PIERRE GUERIN 77170 SERVON;Boulangerie et boulangerie-pâtisserie;Vendeur / Vendeuse en épicerie;Entreprise susceptible de recruter (candidature spontanée);;;Apprentissage, Professionnalisation;;;48234097301401;1;https://labonnealternance.apprentissage.beta.gouv.fr/emploi/recruteurs_lba/48234097301401/boulangerie-marie-blachere
15.6;CORNER GOLF;Sport, loisirs & culture;MCO + NDRC;Servon;77170;220 rue des Roses 77170 SERVON;Commerce de détail d'articles de sport en magasin spécialisé;"Vendeur / Vendeuse d'articles de sport et loisirs ; Hôte / Hôtesse de caisse ; Chef / Cheffe de rayon de produits non alimentaires ; Vendeur / Vendeuse en prêt-à-porter ; Vendeur / Vendeuse grossiste en équipement du foyer";Entreprise susceptible de recruter (candidature spontanée);;;Apprentissage, Professionnalisation;;;90502248900033;5;https://labonnealternance.apprentissage.beta.gouv.fr/emploi/recruteurs_lba/90502248900033/corner-golf
15.6;HOWDENS CUISINES;Commerce de gros / B2B;MCO + NDRC;Servon;77170;ROUTE NATIONALE 19 77170 SERVON;Commerce de gros (commerce interentreprises) de meubles, de tapis et d'appareils d'éclairage;"Vendeur / Vendeuse en équipement de la maison ; Attaché commercial / Attachée commerciale";Entreprise susceptible de recruter (candidature spontanée);;;Apprentissage, Professionnalisation;;;47758896600382;2;https://labonnealternance.apprentissage.beta.gouv.fr/emploi/recruteurs_lba/47758896600382/howdens-cuisines
15.6;IDKIDS;Mode, chaussures & accessoires;MCO;Servon;77170;route Nationale 19 77170 SERVON;Commerce de détail d'habillement en magasin spécialisé;"Vendeur / Vendeuse en prêt-à-porter ; Responsable de boutique ; Hôte / Hôtesse de caisse ; Directeur / Directrice de magasin de grande distribution";Entreprise susceptible de recruter (candidature spontanée);;;Apprentissage, Professionnalisation;;;39811044505258;4;https://labonnealternance.apprentissage.beta.gouv.fr/emploi/recruteurs_lba/39811044505258/idkids
15.6;KING JOUET;Sport, loisirs & culture;MCO + NDRC;Servon;77170;route Nationale 19 77170 SERVON;Commerce de détail de jeux et jouets en magasin spécialisé;"Vendeur / Vendeuse de produits culturels et ludiques ; Hôte / Hôtesse de caisse ; Responsable de boutique ; Employé / Employée de rayon libre-service ; Directeur / Directrice des ventes ; Conseiller commercial / Conseillère commerciale auprès des particuliers";Entreprise susceptible de recruter (candidature spontanée);;;Apprentissage, Professionnalisation;;;34792671902759;6;https://labonnealternance.apprentissage.beta.gouv.fr/emploi/recruteurs_lba/34792671902759/king-jouet
15.6;SFIC;Commerce de gros / B2B;NDRC;Servon;77170;ROUTE NATIONALE 19 77170 SERVON;Commerce de gros (commerce interentreprises) de bois et de matériaux de construction;"Technico-commercial / Technico-commerciale ; Commercial itinérant / Commerciale itinérante en entreprise de commerce de gros";Entreprise susceptible de recruter (candidature spontanée);;;Apprentissage, Professionnalisation;;;05781296800667;2;https://labonnealternance.apprentissage.beta.gouv.fr/emploi/recruteurs_lba/05781296800667/sfic
15.6;V AND B;Boulangerie & métiers de bouche;MCO;Servon;77170;route Nationale 19 77170 SERVON;Commerce de détail de boissons en magasin spécialisé;Vendeur / Vendeuse en épicerie;Entreprise susceptible de recruter (candidature spontanée);;;Apprentissage, Professionnalisation;;;83024577500010;1;https://labonnealternance.apprentissage.beta.gouv.fr/emploi/recruteurs_lba/83024577500010/v-and-b
15.7;ALAIN FLEURISTE CREATEUR;Maison, bricolage & jardin;MCO;Gretz-Armainvilliers;77220;75bis Rue de Paris 77220 Gretz-Armainvilliers;Commerce de détail de fleurs, plantes, graines, engrais, animaux de compagnie et aliments pour ces animaux en magasin spécialisé;"Responsable de boutique ; Vendeur / Vendeuse conseil en jardinerie ; Vendeur / Vendeuse en animalerie ; Hôte / Hôtesse de caisse ; Chef / Cheffe de rayon de produits non alimentaires";Entreprise susceptible de recruter (candidature spontanée);;;Apprentissage, Professionnalisation;;;81152910600015;5;https://labonnealternance.apprentissage.beta.gouv.fr/emploi/recruteurs_lba/81152910600015/alain-fleuriste-createur
15.7;ENGINS POIDS LOURDS SERVICES;Automobile & mobilité;NDRC;Gretz-Armainvilliers;77220;77220 Gretz-Armainvilliers;Entretien et réparation d'autres véhicules automobiles;Conseiller / Conseillère client après-vente des véhicules;Entreprise susceptible de recruter (candidature spontanée);;;Apprentissage, Professionnalisation;;;38799687900012;1;https://labonnealternance.apprentissage.beta.gouv.fr/emploi/recruteurs_lba/38799687900012/engins-poids-lourds-services
15.7;GARAGE DES CEDRES;Automobile & mobilité;MCO + NDRC;Gretz-Armainvilliers;77220;74 RUE DE PARIS 77220 GRETZ-ARMAINVILLIERS;Commerce de voitures et de véhicules automobiles légers;"Vendeur / Vendeuse automobile ; Conseiller / Conseillère client après-vente des véhicules";Entreprise susceptible de recruter (candidature spontanée);;;Apprentissage, Professionnalisation;;;32859502000020;2;https://labonnealternance.apprentissage.beta.gouv.fr/emploi/recruteurs_lba/32859502000020/garage-des-cedres
15.8;BASF COATINGS SERVICES SAS;Commerce de gros / B2B;MCO + NDRC;Compans;77290;16 rue Jean Mermoz 77290 COMPANS;Commerce de gros d'équipements automobiles;Vendeur / Vendeuse grossiste en équipement du foyer;Entreprise susceptible de recruter (candidature spontanée);;;Apprentissage, Professionnalisation;;;31206673100216;1;https://labonnealternance.apprentissage.beta.gouv.fr/emploi/recruteurs_lba/31206673100216/basf-coatings-services-sas
15.9;CARREFOUR MARKET;Grande distribution & supermarchés;MCO;Bailly-Romainvilliers;77700;17 PLACE DE L EUROPE 77700 BAILLY-ROMAINVILLIERS;Supermarchés;"Employé / Employée de rayon libre-service ; Directeur / Directrice de magasin de grande distribution ; Hôte / Hôtesse de caisse ; Responsable de caisses ; Chef / Cheffe de rayon produits alimentaires";Entreprise susceptible de recruter (candidature spontanée);;;Apprentissage, Professionnalisation;;;44028375203097;5;https://labonnealternance.apprentissage.beta.gouv.fr/emploi/recruteurs_lba/44028375203097/carrefour-market
15.9;LA BOITE A PAINS;Boulangerie & métiers de bouche;MCO;Bailly-Romainvilliers;77700;7 BOULEVARD DES SPORTS 77700 BAILLY-ROMAINVILLIERS;Boulangerie et boulangerie-pâtisserie;Vendeur / Vendeuse en épicerie;Entreprise susceptible de recruter (candidature spontanée);;;Apprentissage, Professionnalisation;;;84061165100018;1;https://labonnealternance.apprentissage.beta.gouv.fr/emploi/recruteurs_lba/84061165100018/la-boite-a-pains
15.9;LE CLUB DES ELEVEURS - PRONAM;Maison, bricolage & jardin;MCO;Servon;77170;3 RUE GEORGES TRUFFAUT 77170 SERVON;Commerce de détail de fleurs, plantes, graines, engrais, animaux de compagnie et aliments pour ces animaux en magasin spécialisé;"Responsable de boutique ; Vendeur / Vendeuse conseil en jardinerie ; Vendeur / Vendeuse en animalerie ; Hôte / Hôtesse de caisse ; Chef / Cheffe de rayon de produits non alimentaires";Entreprise susceptible de recruter (candidature spontanée);;;Apprentissage, Professionnalisation;;;73980623000408;5;https://labonnealternance.apprentissage.beta.gouv.fr/emploi/recruteurs_lba/73980623000408/le-club-des-eleveurs-pronam
15.9;MARCHE FRAIS BY CARREFOUR;Grande distribution & supermarchés;MCO;Servon;77170;9 CHEMIN DU MARQUIS 77170 SERVON;Hypermarchés;"Employé / Employée de rayon libre-service ; Hôte / Hôtesse de caisse ; Chef / Cheffe de rayon produits alimentaires ; Vendeur / Vendeuse en épicerie";Entreprise susceptible de recruter (candidature spontanée);;;Apprentissage, Professionnalisation;;;81853471100028;4;https://labonnealternance.apprentissage.beta.gouv.fr/emploi/recruteurs_lba/81853471100028/marche-frais-by-carrefour
16.0;CIC;Banque, crédit & assurance;NDRC;Gretz-Armainvilliers;77220;20 RUE DE PARIS 77220 GRETZ-ARMAINVILLIERS;Autres intermédiations monétaires;"Conseiller / Conseillère de clientèle bancaire ; Chargé / Chargée d'accueil en banque ; Conseiller / Conseillère en gestion de patrimoine";Entreprise susceptible de recruter (candidature spontanée);;;Apprentissage, Professionnalisation;;;75480071205227;3;https://labonnealternance.apprentissage.beta.gouv.fr/emploi/recruteurs_lba/75480071205227/cic
16.0;COMEBACK;Commerce de gros / B2B;NDRC;Servon;77170;3 rue du Noyer aux Perdrix 77170 SERVON;Commerce de gros (commerce interentreprises) d'ordinateurs, d'équipements informatiques périphériques et de logiciels;Technico-commercial / Technico-commerciale;Entreprise susceptible de recruter (candidature spontanée);;;Apprentissage, Professionnalisation;;;45158579800049;1;https://labonnealternance.apprentissage.beta.gouv.fr/emploi/recruteurs_lba/45158579800049/comeback
16.0;EVERNEX;High-tech, électroménager & télécoms;MCO + NDRC;Compans;77290;6 rue Jean Mermoz 77290 COMPANS;Commerce de détail d'ordinateurs, d'unités périphériques et de logiciels en magasin spécialisé;"Vendeur / Vendeuse en équipement de la maison ; Consultant / Consultante avant-vente ; Technico-commercial / Technico-commerciale";Entreprise susceptible de recruter (candidature spontanée);;;Apprentissage, Professionnalisation;;;32750382700112;3;https://labonnealternance.apprentissage.beta.gouv.fr/emploi/recruteurs_lba/32750382700112/evernex
16.0;LA PATISSERIE DE SERVON;Boulangerie & métiers de bouche;MCO;Servon;77170;2 CHEMIN DU MARQUIS 77170 SERVON;Pâtisserie;Vendeur / Vendeuse en épicerie;Entreprise susceptible de recruter (candidature spontanée);;;Apprentissage, Professionnalisation;;;90222534100012;1;https://labonnealternance.apprentissage.beta.gouv.fr/emploi/recruteurs_lba/90222534100012/la-patisserie-de-servon
16.0;SEVCOM;Services aux entreprises, conseil & communication;MCO + NDRC;Servon;77170;3 rue du Noyer aux Perdrix 77170 SERVON;CONSEIL EN RELATIONS PUBLIQUES ET COMMUNICATION;"Animateur / Animatrice des ventes ; Commercial / Commerciale auprès d'une clientèle d'entreprises";Entreprise susceptible de recruter (candidature spontanée);;;Apprentissage, Professionnalisation;;;84845537400019;2;https://labonnealternance.apprentissage.beta.gouv.fr/emploi/recruteurs_lba/84845537400019/sevcom
16.0;VIDA'IMMO;Immobilier;NDRC;Bailly-Romainvilliers;77700;12 boulevard des Sports 77700 BAILLY-ROMAINVILLIERS;Agences immobilières;Conseiller / Conseillère immobilier;Entreprise susceptible de recruter (candidature spontanée);;;Apprentissage, Professionnalisation;;;88181753000036;1;https://labonnealternance.apprentissage.beta.gouv.fr/emploi/recruteurs_lba/88181753000036/vida-immo
16.0;WEDDING PARTNERS;High-tech, électroménager & télécoms;NDRC;Gretz-Armainvilliers;77220;5B rue Gambetta 77220 GRETZ-ARMAINVILLIERS;PROGRAMMATION INFORMATIQUE;Commercial / Commerciale export;Entreprise susceptible de recruter (candidature spontanée);;;Apprentissage, Professionnalisation;;;91754485000014;1;https://labonnealternance.apprentissage.beta.gouv.fr/emploi/recruteurs_lba/91754485000014/wedding-partners
16.1;AMBIANCE DU MONDE;Maison, bricolage & jardin;MCO;Servon;77170;2 rue du Noyer aux Perdrix 77170 SERVON;Commerce de détail de meubles;"Vendeur / Vendeuse en équipement de la maison ; Hôte / Hôtesse de caisse";Entreprise susceptible de recruter (candidature spontanée);;;Apprentissage, Professionnalisation;;;43477435200042;2;https://labonnealternance.apprentissage.beta.gouv.fr/emploi/recruteurs_lba/43477435200042/ambiance-du-monde
16.1;Bleu Libellule;Autres commerces de détail;NDRC;Servon;77170;rue du Noyer aux Perdrix 77170 SERVON;Autres commerces de détail spécialisés divers;Responsable relation client (CRM);Entreprise susceptible de recruter (candidature spontanée);;;Apprentissage, Professionnalisation;;;52388562201372;1;https://labonnealternance.apprentissage.beta.gouv.fr/emploi/recruteurs_lba/52388562201372/bleu-libellule
16.1;DEICHMANN;Mode, chaussures & accessoires;MCO;Servon;77170;Rue du Noyer aux Perdrix 77170 Servon;Commerce de détail de la chaussure;"Responsable de boutique ; Vendeur / Vendeuse en prêt-à-porter ; Vendeur / Vendeuse d'articles de sport et loisirs ; Gérant / Gérante de magasin d'alimentation générale ; Directeur / Directrice de magasin de grande distribution";Entreprise susceptible de recruter (candidature spontanée);;;Apprentissage, Professionnalisation;;;82436016800184;5;https://labonnealternance.apprentissage.beta.gouv.fr/emploi/recruteurs_lba/82436016800184/deichmann
16.1;GIFI;Maison, bricolage & jardin;MCO + NDRC;Servon;77170;RUE DU NOYER AUX PERDRIX 77170 SERVON;Commerce de détail d'autres équipements du foyer;"Vendeur / Vendeuse en équipement de la maison ; Employé / Employée de rayon libre-service ; Responsable de boutique ; Hôte / Hôtesse de caisse ; Vendeur / Vendeuse grossiste en équipement du foyer ; Conseiller commercial / Conseillère commerciale auprès des particuliers";Entreprise susceptible de recruter (candidature spontanée);;;Apprentissage, Professionnalisation;;;47872562505286;6;https://labonnealternance.apprentissage.beta.gouv.fr/emploi/recruteurs_lba/47872562505286/gifi
16.1;JOHN ROUX;Mode, chaussures & accessoires;MCO;Servon;77170;rue du Noyer aux Perdrix 77170 SERVON;Commerce de détail de la chaussure;"Responsable de boutique ; Vendeur / Vendeuse en prêt-à-porter ; Vendeur / Vendeuse d'articles de sport et loisirs ; Gérant / Gérante de magasin d'alimentation générale ; Directeur / Directrice de magasin de grande distribution";Entreprise susceptible de recruter (candidature spontanée);;;Apprentissage, Professionnalisation;;;48011969200055;5;https://labonnealternance.apprentissage.beta.gouv.fr/emploi/recruteurs_lba/48011969200055/john-roux
16.1;KORIMMO;Immobilier;NDRC;Gretz-Armainvilliers;77220;28 rue de Paris 77220 GRETZ-ARMAINVILLIERS;Agences immobilières;Conseiller / Conseillère immobilier;Entreprise susceptible de recruter (candidature spontanée);;;Apprentissage, Professionnalisation;;;48311016900016;1;https://labonnealternance.apprentissage.beta.gouv.fr/emploi/recruteurs_lba/48311016900016/korimmo
16.1;La Poste;La Poste & services publics;NDRC;Esbly;77450;1 rue Leo Lagrange 77450 ESBLY;Activités de poste dans le cadre d'une obligation de service universel;Responsable relation client (CRM);Entreprise susceptible de recruter (candidature spontanée);;;Apprentissage, Professionnalisation;;;35600000039059;1;https://labonnealternance.apprentissage.beta.gouv.fr/emploi/recruteurs_lba/35600000039059/la-poste
16.1;STOKOMANI;Grande distribution & supermarchés;MCO;Servon;77170;rue du Noyer aux Perdrix 77170 SERVON;Autres commerces de détail en magasin non spécialisé;"Employé / Employée de rayon libre-service ; Responsable de boutique ; Hôte / Hôtesse de caisse ; Directeur / Directrice de magasin de grande distribution ; Chef / Cheffe de rayon de produits non alimentaires ; Chef / Cheffe de rayon produits alimentaires";Entreprise susceptible de recruter (candidature spontanée);;;Apprentissage, Professionnalisation;;;31778006201283;6;https://labonnealternance.apprentissage.beta.gouv.fr/emploi/recruteurs_lba/31778006201283/stokomani
16.2;BBM2021;Boulangerie & métiers de bouche;MCO;Esbly;77450;39 RUE DU GENERAL LECLERC 77450 ESBLY;Boulangerie et boulangerie-pâtisserie;Vendeur / Vendeuse en épicerie;Entreprise susceptible de recruter (candidature spontanée);;;Apprentissage, Professionnalisation;;;90804270800010;1;https://labonnealternance.apprentissage.beta.gouv.fr/emploi/recruteurs_lba/90804270800010/bbm2021
16.2;BOULANGERIE MARIE BLACHERE;Boulangerie & métiers de bouche;MCO;Esbly;77450;51 AVENUE JOFFRE 77450 ESBLY;Boulangerie et boulangerie-pâtisserie;Vendeur / Vendeuse en épicerie;Entreprise susceptible de recruter (candidature spontanée);;;Apprentissage, Professionnalisation;;;48234097302367;1;https://labonnealternance.apprentissage.beta.gouv.fr/emploi/recruteurs_lba/48234097302367/boulangerie-marie-blachere
16.2;EUROPEENNE LOCATION AUTOMOBILE TROSSET;Automobile & mobilité;NDRC;Servon;77170;7 ALLEE DU POIRIER PENCHE 77170 SERVON;Location de longue durée de voitures et de véhicules automobiles légers;Agent technico-commercial / Agente technico-commerciale en location de véhicules;Entreprise susceptible de recruter (candidature spontanée);;;Apprentissage, Professionnalisation;;;35096523200100;1;https://labonnealternance.apprentissage.beta.gouv.fr/emploi/recruteurs_lba/35096523200100/europeenne-location-automobile-trosset
16.2;IMMO E;Immobilier;NDRC;Esbly;77450;27 Rue du Général Leclerc 77450 Esbly;Agences immobilières;Conseiller / Conseillère immobilier;Entreprise susceptible de recruter (candidature spontanée);;;Apprentissage, Professionnalisation;;;81368900700017;1;https://labonnealternance.apprentissage.beta.gouv.fr/emploi/recruteurs_lba/81368900700017/immo-e
16.2;LA BARQUES AUX LIVRES;Sport, loisirs & culture;MCO;Esbly;77450;78 rue du General Leclerc 77450 ESBLY;Commerce de détail de livres en magasin spécialisé;"Vendeur / Vendeuse de produits culturels et ludiques ; Hôte / Hôtesse de caisse ; Chef / Cheffe de rayon de produits non alimentaires";Entreprise susceptible de recruter (candidature spontanée);;;Apprentissage, Professionnalisation;;;90013793600028;3;https://labonnealternance.apprentissage.beta.gouv.fr/emploi/recruteurs_lba/90013793600028/la-barques-aux-livres
16.2;LE FROMAGER D'ESBLY;Boulangerie & métiers de bouche;MCO;Esbly;77450;51 AVENUE JOFFRE 77450 ESBLY;Autres commerces de détail alimentaires en magasin spécialisé;"Vendeur / Vendeuse en épicerie ; Employé / Employée de rayon libre-service ; Chef / Cheffe de rayon produits alimentaires ; Responsable de boutique";Entreprise susceptible de recruter (candidature spontanée);;;Apprentissage, Professionnalisation;;;84463394100027;4;https://labonnealternance.apprentissage.beta.gouv.fr/emploi/recruteurs_lba/84463394100027/le-fromager-d-esbly
16.2;LIDL;Grande distribution & supermarchés;MCO;Esbly;77450;77450 Esbly;Supermarchés;"Employé / Employée de rayon libre-service ; Directeur / Directrice de magasin de grande distribution ; Hôte / Hôtesse de caisse ; Responsable de caisses ; Chef / Cheffe de rayon produits alimentaires";Entreprise susceptible de recruter (candidature spontanée);;;Apprentissage, Professionnalisation;;;34326262222895;5;https://labonnealternance.apprentissage.beta.gouv.fr/emploi/recruteurs_lba/34326262222895/lidl
16.2;LS ESBLY;Boulangerie & métiers de bouche;MCO;Esbly;77450;51 AVENUE JOFFRE 77450 ESBLY;Autres commerces de détail alimentaires en magasin spécialisé;"Vendeur / Vendeuse en épicerie ; Employé / Employée de rayon libre-service ; Chef / Cheffe de rayon produits alimentaires ; Responsable de boutique";Entreprise susceptible de recruter (candidature spontanée);;;Apprentissage, Professionnalisation;;;91919453000011;4;https://labonnealternance.apprentissage.beta.gouv.fr/emploi/recruteurs_lba/91919453000011/ls-esbly
16.2;YOURI DISTRIBUTION;Grande distribution & supermarchés;MCO;Esbly;77450;43 RUE DU GENERAL LECLERC 77450 ESBLY;Commerce d'alimentation générale;"Employé / Employée de rayon libre-service ; Vendeur / Vendeuse en épicerie ; Hôte / Hôtesse de caisse ; Chef / Cheffe de rayon produits alimentaires ; Directeur / Directrice de magasin de grande distribution ; Gérant / Gérante de magasin d'alimentation générale";Entreprise susceptible de recruter (candidature spontanée);;;Apprentissage, Professionnalisation;;;81433950300017;6;https://labonnealternance.apprentissage.beta.gouv.fr/emploi/recruteurs_lba/81433950300017/youri-distribution
16.4;CHAUSSEA;Mode, chaussures & accessoires;MCO;Servon;77170;77170 Servon;Commerce de détail de la chaussure;"Responsable de boutique ; Vendeur / Vendeuse en prêt-à-porter ; Vendeur / Vendeuse d'articles de sport et loisirs ; Gérant / Gérante de magasin d'alimentation générale ; Directeur / Directrice de magasin de grande distribution";Entreprise susceptible de recruter (candidature spontanée);;;Apprentissage, Professionnalisation;;;33026769105731;5;https://labonnealternance.apprentissage.beta.gouv.fr/emploi/recruteurs_lba/33026769105731/chaussea
16.4;CTC DIGITAL;Services aux entreprises, conseil & communication;MCO + NDRC;Bailly-Romainvilliers;77700;25 boulevard des Artisans 77700 BAILLY-ROMAINVILLIERS;CONSEIL EN RELATIONS PUBLIQUES ET COMMUNICATION;"Animateur / Animatrice des ventes ; Commercial / Commerciale auprès d'une clientèle d'entreprises";Entreprise susceptible de recruter (candidature spontanée);;;Apprentissage, Professionnalisation;;;90442404100021;2;https://labonnealternance.apprentissage.beta.gouv.fr/emploi/recruteurs_lba/90442404100021/ctc-digital
16.5;CAB'S INDUSTRIES;Commerce de gros / B2B;NDRC;Brie-Comte-Robert;77170;415 rue du Tuboeuf 77170 BRIE-COMTE-ROBERT;Commerce de gros (commerce interentreprises) de fournitures et équipements industriels divers;"Technico-commercial / Technico-commerciale ; Attaché commercial / Attachée commerciale";Entreprise susceptible de recruter (candidature spontanée);;;Apprentissage, Professionnalisation;;;34012910500045;2;https://labonnealternance.apprentissage.beta.gouv.fr/emploi/recruteurs_lba/34012910500045/cab-s-industries
16.5;I.P.H. FRANCE -;Commerce de gros / B2B;NDRC;Brie-Comte-Robert;77170;345 RUE DU TUBOEUF 77170 BRIE-COMTE-ROBERT;Commerce de gros (commerce interentreprises) de machines-outils;"Technico-commercial / Technico-commerciale ; Conseiller commercial / Conseillère commerciale en véhicules industriels";Entreprise susceptible de recruter (candidature spontanée);;;Apprentissage, Professionnalisation;;;35397026200062;2;https://labonnealternance.apprentissage.beta.gouv.fr/emploi/recruteurs_lba/35397026200062/i-p-h-france
16.5;Leroy Merlin;Maison, bricolage & jardin;MCO + NDRC;Brie-Comte-Robert;77170;77170 Brie-Comte-Robert;Commerce de détail de quincaillerie, peintures et verres en grandes surfaces (400 m2et plus);"Hôte / Hôtesse de caisse ; Vendeur / Vendeuse en équipement de la maison ; Vendeur / Vendeuse conseil en jardinerie ; Vendeur / Vendeuse grossiste en équipement du foyer ; Chef / Cheffe de secteur magasin ; Chef / Cheffe de rayon de produits non alimentaires";Entreprise susceptible de recruter (candidature spontanée);;;Apprentissage, Professionnalisation;;;38456094200391;6;https://labonnealternance.apprentissage.beta.gouv.fr/emploi/recruteurs_lba/38456094200391/leroy-merlin
16.5;SERVICES MADAFRANCE;Automobile & mobilité;MCO + NDRC;Brie-Comte-Robert;77170;160 rue du Tuboeuf 77170 BRIE-COMTE-ROBERT;Commerce de détail d'équipements automobiles;"Conseiller / Conseillère de vente en pièces de rechange et accessoires de véhicules ; Conseiller / Conseillère client après-vente des véhicules";Entreprise susceptible de recruter (candidature spontanée);;;Apprentissage, Professionnalisation;;;78853012900055;2;https://labonnealternance.apprentissage.beta.gouv.fr/emploi/recruteurs_lba/78853012900055/services-madafrance
16.5;TRACTO-TECHNIK FRANCE;Commerce de gros / B2B;NDRC;Bailly-Romainvilliers;77700;3 rue de la Prairie 77700 BAILLY-ROMAINVILLIERS;Commerce de gros (commerce interentreprises) de machines pour l'extraction, la construction et le génie civil;Technico-commercial / Technico-commerciale;Entreprise susceptible de recruter (candidature spontanée);;;Apprentissage, Professionnalisation;;;32653633100068;1;https://labonnealternance.apprentissage.beta.gouv.fr/emploi/recruteurs_lba/32653633100068/tracto-technik-france
16.6;SHARK COMPANY;Mode, chaussures & accessoires;MCO;Brie-Comte-Robert;77170;16 RUE GUSTAVE EIFFEL 77170 BRIE-COMTE-ROBERT;Commerce de détail d'habillement en magasin spécialisé;"Vendeur / Vendeuse en prêt-à-porter ; Responsable de boutique ; Hôte / Hôtesse de caisse ; Directeur / Directrice de magasin de grande distribution";Entreprise susceptible de recruter (candidature spontanée);;;Apprentissage, Professionnalisation;;;38302017900016;4;https://labonnealternance.apprentissage.beta.gouv.fr/emploi/recruteurs_lba/38302017900016/shark-company
16.6;TISSUS DES URSULES;Mode, chaussures & accessoires;MCO;Brie-Comte-Robert;77170;14 RUE GUSTAVE EIFFEL 77170 BRIE-COMTE-ROBERT;Commerce de détail de textiles en magasin spécialisé;"Vendeur / Vendeuse en équipement de la maison ; Responsable de boutique ; Vendeur / Vendeuse en prêt-à-porter";Entreprise susceptible de recruter (candidature spontanée);;;Apprentissage, Professionnalisation;;;33994926500526;3;https://labonnealternance.apprentissage.beta.gouv.fr/emploi/recruteurs_lba/33994926500526/tissus-des-ursules
16.7;A.C.M.D.;Commerce de gros / B2B;NDRC;Gretz-Armainvilliers;77220;233 avenue Gilbert Pillet 77220 GRETZ-ARMAINVILLIERS;Commerce de gros (commerce interentreprises) de fournitures et équipements divers pour le commerce et les services;"Cadre Technico-commercial / Technico-commerciale ; Technico-commercial / Technico-commerciale ; Assistant commercial / Assistante commerciale";Entreprise susceptible de recruter (candidature spontanée);;;Apprentissage, Professionnalisation;;;80286439700038;3;https://labonnealternance.apprentissage.beta.gouv.fr/emploi/recruteurs_lba/80286439700038/a-c-m-d
16.7;Bergerat Monnoyeur;Commerce de gros / B2B;NDRC;Brie-Comte-Robert;77170;250 RUE DU TUBOEUF 77170 BRIE-COMTE-ROBERT;Commerce de gros (commerce interentreprises) de machines pour l'extraction, la construction et le génie civil;Technico-commercial / Technico-commerciale;Entreprise susceptible de recruter (candidature spontanée);;;Apprentissage, Professionnalisation;;;38023131600734;1;https://labonnealternance.apprentissage.beta.gouv.fr/emploi/recruteurs_lba/38023131600734/bergerat-monnoyeur
16.7;BRIDIS;Grande distribution & supermarchés;MCO;Brie-Comte-Robert;77170;rue Gustave Eiffel 77170 BRIE-COMTE-ROBERT;Hypermarchés;"Employé / Employée de rayon libre-service ; Hôte / Hôtesse de caisse ; Chef / Cheffe de rayon produits alimentaires ; Vendeur / Vendeuse en épicerie";Entreprise susceptible de recruter (candidature spontanée);;;Apprentissage, Professionnalisation;;;38527978100012;4;https://labonnealternance.apprentissage.beta.gouv.fr/emploi/recruteurs_lba/38527978100012/bridis
16.7;DISTRIMESURE;Commerce de gros / B2B;NDRC;Brie-Comte-Robert;77170;ALLEE DES PLEUS 77170 BRIE-COMTE-ROBERT;Commerce de gros (commerce interentreprises) de fournitures et équipements industriels divers;"Technico-commercial / Technico-commerciale ; Attaché commercial / Attachée commerciale";Entreprise susceptible de recruter (candidature spontanée);;;Apprentissage, Professionnalisation;;;33760449000041;2;https://labonnealternance.apprentissage.beta.gouv.fr/emploi/recruteurs_lba/33760449000041/distrimesure
16.7;LOUIS VUITTON;Mode, chaussures & accessoires;MCO;Le Mesnil-Amelot;77990;AEROPORT CHARLES DE GAULLE 77990 LE MESNIL-AMELOT;Commerce de détail de maroquinerie et d'articles de voyage;"Vendeur / Vendeuse en prêt-à-porter ; Gérant / Gérante de magasin d'alimentation générale";Entreprise susceptible de recruter (candidature spontanée);;;Apprentissage, Professionnalisation;;;33188899000461;2;https://labonnealternance.apprentissage.beta.gouv.fr/emploi/recruteurs_lba/33188899000461/louis-vuitton
16.7;PACK ISOL 77;Commerce de gros / B2B;NDRC;Bailly-Romainvilliers;77700;5 BOULEVARD DES ARTISANS 77700 BAILLY-ROMAINVILLIERS;Commerce de gros (commerce interentreprises) de bois et de matériaux de construction;"Technico-commercial / Technico-commerciale ; Commercial itinérant / Commerciale itinérante en entreprise de commerce de gros";Entreprise susceptible de recruter (candidature spontanée);;;Apprentissage, Professionnalisation;;;84971231000010;2;https://labonnealternance.apprentissage.beta.gouv.fr/emploi/recruteurs_lba/84971231000010/pack-isol-77
16.7;POISSONNERIE BOYARD;Boulangerie & métiers de bouche;MCO;Brie-Comte-Robert;77170;18 rue Gustave Eiffel 77170 BRIE-COMTE-ROBERT;Commerce de détail de poissons, crustacés et mollusques en magasin spécialisé;Vendeur / Vendeuse en épicerie;Entreprise susceptible de recruter (candidature spontanée);;;Apprentissage, Professionnalisation;;;85372641200028;1;https://labonnealternance.apprentissage.beta.gouv.fr/emploi/recruteurs_lba/85372641200028/poissonnerie-boyard
16.7;SOCIETE AIR FRANCE;Sport, loisirs & culture;NDRC;Le Mesnil-Amelot;77990;rue des Acacias 77990 LE MESNIL-AMELOT;Transports aériens de passagers;Personnel Navigant Commercial - PNC -;Entreprise susceptible de recruter (candidature spontanée);;;Apprentissage, Professionnalisation;;;42049517801574;1;https://labonnealternance.apprentissage.beta.gouv.fr/emploi/recruteurs_lba/42049517801574/societe-air-france
16.7;TOM AND CO;Maison, bricolage & jardin;MCO;Brie-Comte-Robert;77170;8 rue Gustave Eiffel 77170 BRIE-COMTE-ROBERT;Commerce de détail de fleurs, plantes, graines, engrais, animaux de compagnie et aliments pour ces animaux en magasin spécialisé;"Responsable de boutique ; Vendeur / Vendeuse conseil en jardinerie ; Vendeur / Vendeuse en animalerie ; Hôte / Hôtesse de caisse ; Chef / Cheffe de rayon de produits non alimentaires";Entreprise susceptible de recruter (candidature spontanée);;;Apprentissage, Professionnalisation;;;80061576700020;5;https://labonnealternance.apprentissage.beta.gouv.fr/emploi/recruteurs_lba/80061576700020/tom-and-co
16.8;CJ2L;Sport, loisirs & culture;MCO;Brie-Comte-Robert;77170;2 rue Gustave Eiffel 77170 BRIE-COMTE-ROBERT;Commerce de détail de journaux et papeterie en magasin spécialisé;"Employé / Employée de rayon libre-service ; Chef / Cheffe de rayon de produits non alimentaires ; Vendeur / Vendeuse de produits culturels et ludiques";Entreprise susceptible de recruter (candidature spontanée);;;Apprentissage, Professionnalisation;;;79372760300029;3;https://labonnealternance.apprentissage.beta.gouv.fr/emploi/recruteurs_lba/79372760300029/cj2l
16.8;Gueudet 1880;Automobile & mobilité;MCO + NDRC;Brie-Comte-Robert;77170;5 Rue Benjamin Franklin 77170 Brie-Comte-Robert;Commerce de voitures et de véhicules automobiles légers;"Vendeur / Vendeuse automobile ; Conseiller / Conseillère client après-vente des véhicules";Entreprise susceptible de recruter (candidature spontanée);;;Apprentissage, Professionnalisation;;;78834687200047;2;https://labonnealternance.apprentissage.beta.gouv.fr/emploi/recruteurs_lba/78834687200047/gueudet-1880
16.8;JMT ALIMENTATION ANIMALE;Maison, bricolage & jardin;MCO;Brie-Comte-Robert;77170;2 rue Gustave Eiffel 77170 BRIE-COMTE-ROBERT;Commerce de détail de fleurs, plantes, graines, engrais, animaux de compagnie et aliments pour ces animaux en magasin spécialisé;"Responsable de boutique ; Vendeur / Vendeuse conseil en jardinerie ; Vendeur / Vendeuse en animalerie ; Hôte / Hôtesse de caisse ; Chef / Cheffe de rayon de produits non alimentaires";Entreprise susceptible de recruter (candidature spontanée);;;Apprentissage, Professionnalisation;;;83409723000033;5;https://labonnealternance.apprentissage.beta.gouv.fr/emploi/recruteurs_lba/83409723000033/jmt-alimentation-animale
16.8;MADE IN PARIS;Services aux entreprises, conseil & communication;MCO;Charny;77410;3 route de Messy 77410 CHARNY;Autres activités de soutien aux entreprises n.c.a.;Animateur / Animatrice des ventes;Entreprise susceptible de recruter (candidature spontanée);;;Apprentissage, Professionnalisation;;;32794736200049;1;https://labonnealternance.apprentissage.beta.gouv.fr/emploi/recruteurs_lba/32794736200049/made-in-paris
16.9;CLAIRBOIS;Automobile & mobilité;MCO;Brie-Comte-Robert;77170;5 rue du General Leclerc 77170 BRIE-COMTE-ROBERT;Commerce de détail de carburants en magasin spécialisé;"Hôte / Hôtesse de caisse ; Employé / Employée de rayon libre-service";Entreprise susceptible de recruter (candidature spontanée);;;Apprentissage, Professionnalisation;;;81234236800022;2;https://labonnealternance.apprentissage.beta.gouv.fr/emploi/recruteurs_lba/81234236800022/clairbois
16.9;GPRA;Commerce de gros / B2B;NDRC;Brie-Comte-Robert;77170;21 route de Ferolles 77170 BRIE-COMTE-ROBERT;Commerce de gros (commerce interentreprises) de fournitures et équipements industriels divers;"Technico-commercial / Technico-commerciale ; Attaché commercial / Attachée commerciale";Entreprise susceptible de recruter (candidature spontanée);;;Apprentissage, Professionnalisation;;;43040113300037;2;https://labonnealternance.apprentissage.beta.gouv.fr/emploi/recruteurs_lba/43040113300037/gpra
16.9;LES BOUQUETIERS;Maison, bricolage & jardin;MCO;Brie-Comte-Robert;77170;14 RUE DU GENERAL LECLERC 77170 BRIE-COMTE-ROBERT;Commerce de détail de fleurs, plantes, graines, engrais, animaux de compagnie et aliments pour ces animaux en magasin spécialisé;"Responsable de boutique ; Vendeur / Vendeuse conseil en jardinerie ; Vendeur / Vendeuse en animalerie ; Hôte / Hôtesse de caisse ; Chef / Cheffe de rayon de produits non alimentaires";Entreprise susceptible de recruter (candidature spontanée);;;Apprentissage, Professionnalisation;;;84131547600025;5;https://labonnealternance.apprentissage.beta.gouv.fr/emploi/recruteurs_lba/84131547600025/les-bouquetiers
16.9;PROXIMA OFFICE;Commerce de gros / B2B;MCO + NDRC;Brie-Comte-Robert;77170;10 RUE DU GENERAL LECLERC 77170 BRIE-COMTE-ROBERT;Commerce de gros (commerce interentreprises) d'autres machines et équipements de bureau;"Directeur / Directrice des ventes ; Attaché commercial / Attachée commerciale";Entreprise susceptible de recruter (candidature spontanée);;;Apprentissage, Professionnalisation;;;82383789300028;2;https://labonnealternance.apprentissage.beta.gouv.fr/emploi/recruteurs_lba/82383789300028/proxima-office
16.9;SH AUTO CONCEPT;Automobile & mobilité;MCO + NDRC;Brie-Comte-Robert;77170;9 allee Denis Papin 77170 BRIE-COMTE-ROBERT;Commerce de voitures et de véhicules automobiles légers;"Vendeur / Vendeuse automobile ; Conseiller / Conseillère client après-vente des véhicules";Entreprise susceptible de recruter (candidature spontanée);;;Apprentissage, Professionnalisation;;;90434764800027;2;https://labonnealternance.apprentissage.beta.gouv.fr/emploi/recruteurs_lba/90434764800027/sh-auto-concept
16.9;SNC LIDL;Grande distribution & supermarchés;MCO;Brie-Comte-Robert;77170;2 ALLEE DENIS PAPIN 77170 BRIE-COMTE-ROBERT;Supermarchés;"Employé / Employée de rayon libre-service ; Directeur / Directrice de magasin de grande distribution ; Hôte / Hôtesse de caisse ; Responsable de caisses ; Chef / Cheffe de rayon produits alimentaires";Entreprise susceptible de recruter (candidature spontanée);;;Apprentissage, Professionnalisation;;;34326262222440;5;https://labonnealternance.apprentissage.beta.gouv.fr/emploi/recruteurs_lba/34326262222440/snc-lidl
17.0;Gueudet 1880;Automobile & mobilité;MCO + NDRC;Brie-Comte-Robert;77170;7 rue du General Leclerc 77170 BRIE-COMTE-ROBERT;Commerce de voitures et de véhicules automobiles légers;"Vendeur / Vendeuse automobile ; Conseiller / Conseillère client après-vente des véhicules";Entreprise susceptible de recruter (candidature spontanée);;;Apprentissage, Professionnalisation;;;74695017900083;2;https://labonnealternance.apprentissage.beta.gouv.fr/emploi/recruteurs_lba/74695017900083/gueudet-1880
17.0;QARSON;Automobile & mobilité;MCO + NDRC;Isles-Les-Villenoy;77450;3 rue de Saint Maurice 77450 ISLES-LES-VILLENOY;Commerce de voitures et de véhicules automobiles légers;"Vendeur / Vendeuse automobile ; Conseiller / Conseillère client après-vente des véhicules";Entreprise susceptible de recruter (candidature spontanée);;;Apprentissage, Professionnalisation;;;51461048400024;2;https://labonnealternance.apprentissage.beta.gouv.fr/emploi/recruteurs_lba/51461048400024/qarson
17.0;TOURNAN AUTOMOBILES;Automobile & mobilité;MCO + NDRC;Tournan-En-Brie;77220;79 rue de Paris 77220 TOURNAN-EN-BRIE;Commerce de voitures et de véhicules automobiles légers;"Vendeur / Vendeuse automobile ; Conseiller / Conseillère client après-vente des véhicules";Entreprise susceptible de recruter (candidature spontanée);;;Apprentissage, Professionnalisation;;;34332794600020;2;https://labonnealternance.apprentissage.beta.gouv.fr/emploi/recruteurs_lba/34332794600020/tournan-automobiles
17.1;ERGELEC SERVICE;Commerce de gros / B2B;NDRC;Brie-Comte-Robert;77170;12 rue de l Industrie 77170 BRIE-COMTE-ROBERT;Commerce de gros (commerce interentreprises) de fournitures et équipements divers pour le commerce et les services;"Cadre Technico-commercial / Technico-commerciale ; Technico-commercial / Technico-commerciale ; Assistant commercial / Assistante commerciale";Entreprise susceptible de recruter (candidature spontanée);;;Apprentissage, Professionnalisation;;;40857784900032;3;https://labonnealternance.apprentissage.beta.gouv.fr/emploi/recruteurs_lba/40857784900032/ergelec-service
17.1;La Poste;La Poste & services publics;NDRC;Brie-Comte-Robert;77170;9001 avenue du General De Gaulle 77170 BRIE-COMTE-ROBERT;Activités de poste dans le cadre d'une obligation de service universel;Responsable relation client (CRM);Entreprise susceptible de recruter (candidature spontanée);;;Apprentissage, Professionnalisation;;;35600000037326;1;https://labonnealternance.apprentissage.beta.gouv.fr/emploi/recruteurs_lba/35600000037326/la-poste
17.1;MOREIRA;Boulangerie & métiers de bouche;MCO;Villeneuve-Le-Comte;77174;2 RUE VICTOR HUGO 77174 VILLENEUVE-LE-COMTE;Boulangerie et boulangerie-pâtisserie;Vendeur / Vendeuse en épicerie;Entreprise susceptible de recruter (candidature spontanée);;;Apprentissage, Professionnalisation;;;79915004000027;1;https://labonnealternance.apprentissage.beta.gouv.fr/emploi/recruteurs_lba/79915004000027/moreira
17.2;AURORE & JEREMY;Boulangerie & métiers de bouche;MCO;Tournan-En-Brie;77220;4 rue de Paris 77220 TOURNAN-EN-BRIE;Boulangerie et boulangerie-pâtisserie;Vendeur / Vendeuse en épicerie;Entreprise susceptible de recruter (candidature spontanée);;;Apprentissage, Professionnalisation;;;82269094700020;1;https://labonnealternance.apprentissage.beta.gouv.fr/emploi/recruteurs_lba/82269094700020/aurore-jeremy
17.2;JET DE FLEURS;Maison, bricolage & jardin;MCO;Tournan-En-Brie;77220;16 RUE DE PARIS 77220 TOURNAN-EN-BRIE;Commerce de détail de fleurs, plantes, graines, engrais, animaux de compagnie et aliments pour ces animaux en magasin spécialisé;"Responsable de boutique ; Vendeur / Vendeuse conseil en jardinerie ; Vendeur / Vendeuse en animalerie ; Hôte / Hôtesse de caisse ; Chef / Cheffe de rayon de produits non alimentaires";Entreprise susceptible de recruter (candidature spontanée);;;Apprentissage, Professionnalisation;;;75369727500018;5;https://labonnealternance.apprentissage.beta.gouv.fr/emploi/recruteurs_lba/75369727500018/jet-de-fleurs
17.2;La Poste;La Poste & services publics;NDRC;Brie-Comte-Robert;77170;6 rue Clement Ader 77170 BRIE-COMTE-ROBERT;Activités de poste dans le cadre d'une obligation de service universel;Responsable relation client (CRM);Entreprise susceptible de recruter (candidature spontanée);;;Apprentissage, Professionnalisation;;;35600000069448;1;https://labonnealternance.apprentissage.beta.gouv.fr/emploi/recruteurs_lba/35600000069448/la-poste
17.2;LES SAVEURS DE TOURNAN;Boulangerie & métiers de bouche;MCO;Tournan-En-Brie;77220;30 rue de Paris 77220 TOURNAN-EN-BRIE;Boulangerie et boulangerie-pâtisserie;Vendeur / Vendeuse en épicerie;Entreprise susceptible de recruter (candidature spontanée);;;Apprentissage, Professionnalisation;;;94808599800011;1;https://labonnealternance.apprentissage.beta.gouv.fr/emploi/recruteurs_lba/94808599800011/les-saveurs-de-tournan
17.3;AMBITION AUTOMOBILES;Automobile & mobilité;MCO + NDRC;Brie-Comte-Robert;77170;17 rue du General Leclerc 77170 BRIE-COMTE-ROBERT;Commerce de voitures et de véhicules automobiles légers;"Vendeur / Vendeuse automobile ; Conseiller / Conseillère client après-vente des véhicules";Entreprise susceptible de recruter (candidature spontanée);;;Apprentissage, Professionnalisation;;;78735124600014;2;https://labonnealternance.apprentissage.beta.gouv.fr/emploi/recruteurs_lba/78735124600014/ambition-automobiles
17.3;SOCIETE DES GARAGES ZELUS;Automobile & mobilité;MCO + NDRC;Brie-Comte-Robert;77170;70 RUE DU GENERAL LECLERC 77170 BRIE-COMTE-ROBERT;Commerce de voitures et de véhicules automobiles légers;"Vendeur / Vendeuse automobile ; Conseiller / Conseillère client après-vente des véhicules";Entreprise susceptible de recruter (candidature spontanée);;;Apprentissage, Professionnalisation;;;78555013800016;2;https://labonnealternance.apprentissage.beta.gouv.fr/emploi/recruteurs_lba/78555013800016/societe-des-garages-zelus
17.4;ARRIBAS FRANCE;Maison, bricolage & jardin;MCO + NDRC;Conde-Sainte-Libiaire;77450;1T rue Victor Hugo 77450 CONDE-SAINTE-LIBIAIRE;Commerce de détail d'autres équipements du foyer;"Vendeur / Vendeuse en équipement de la maison ; Employé / Employée de rayon libre-service ; Responsable de boutique ; Hôte / Hôtesse de caisse ; Vendeur / Vendeuse grossiste en équipement du foyer ; Conseiller commercial / Conseillère commerciale auprès des particuliers";Entreprise susceptible de recruter (candidature spontanée);;;Apprentissage, Professionnalisation;;;38365953900043;6;https://labonnealternance.apprentissage.beta.gouv.fr/emploi/recruteurs_lba/38365953900043/arribas-france
17.6;LA BIO'LANGERIE;Boulangerie & métiers de bouche;MCO;Charny;77410;1 RUE DU STADE 77410 CHARNY;Boulangerie et boulangerie-pâtisserie;Vendeur / Vendeuse en épicerie;Entreprise susceptible de recruter (candidature spontanée);;;Apprentissage, Professionnalisation;;;87978498100018;1;https://labonnealternance.apprentissage.beta.gouv.fr/emploi/recruteurs_lba/87978498100018/la-bio-langerie
17.6;SOCIETE AIR FRANCE;Sport, loisirs & culture;NDRC;Le Mesnil-Amelot;77990;La Haute Ronce 77990 Le Mesnil-Amelot;Transports aériens de passagers;Personnel Navigant Commercial - PNC -;Entreprise susceptible de recruter (candidature spontanée);;;Apprentissage, Professionnalisation;;;42049517801434;1;https://labonnealternance.apprentissage.beta.gouv.fr/emploi/recruteurs_lba/42049517801434/societe-air-france
17.7;VILLARONNE LS;Maison, bricolage & jardin;MCO;Brie-Comte-Robert;77170;25 rue Pasteur 77170 BRIE-COMTE-ROBERT;Commerce de détail de fleurs, plantes, graines, engrais, animaux de compagnie et aliments pour ces animaux en magasin spécialisé;"Responsable de boutique ; Vendeur / Vendeuse conseil en jardinerie ; Vendeur / Vendeuse en animalerie ; Hôte / Hôtesse de caisse ; Chef / Cheffe de rayon de produits non alimentaires";Entreprise susceptible de recruter (candidature spontanée);;;Apprentissage, Professionnalisation;;;89949093200014;5;https://labonnealternance.apprentissage.beta.gouv.fr/emploi/recruteurs_lba/89949093200014/villaronne-ls
17.8;AMBIANCE DES ORCHIDEES;Maison, bricolage & jardin;MCO;Tournan-En-Brie;77220;rue de la Liberation 77220 TOURNAN-EN-BRIE;Commerce de détail de fleurs, plantes, graines, engrais, animaux de compagnie et aliments pour ces animaux en magasin spécialisé;"Responsable de boutique ; Vendeur / Vendeuse conseil en jardinerie ; Vendeur / Vendeuse en animalerie ; Hôte / Hôtesse de caisse ; Chef / Cheffe de rayon de produits non alimentaires";Entreprise susceptible de recruter (candidature spontanée);;;Apprentissage, Professionnalisation;;;89278880300013;5;https://labonnealternance.apprentissage.beta.gouv.fr/emploi/recruteurs_lba/89278880300013/ambiance-des-orchidees
17.8;CAISSE EPARGNE PREVOYANCE IDF;Banque, crédit & assurance;NDRC;Brie-Comte-Robert;77170;1 RUE DE LA MADELEINE 77170 BRIE-COMTE-ROBERT;Autres intermédiations monétaires;"Conseiller / Conseillère de clientèle bancaire ; Chargé / Chargée d'accueil en banque ; Conseiller / Conseillère en gestion de patrimoine";Entreprise susceptible de recruter (candidature spontanée);;;Apprentissage, Professionnalisation;;;38290094203968;3;https://labonnealternance.apprentissage.beta.gouv.fr/emploi/recruteurs_lba/38290094203968/caisse-epargne-prevoyance-idf
17.8;La Poste;La Poste & services publics;NDRC;Brie-Comte-Robert;77170;4 boulevard Jean Jaures 77170 BRIE-COMTE-ROBERT;Activités de poste dans le cadre d'une obligation de service universel;Responsable relation client (CRM);Entreprise susceptible de recruter (candidature spontanée);;;Apprentissage, Professionnalisation;;;35600000037312;1;https://labonnealternance.apprentissage.beta.gouv.fr/emploi/recruteurs_lba/35600000037312/la-poste
17.8;SDTJMARKET;Grande distribution & supermarchés;MCO;Tournan-En-Brie;77220;RUE DE LA LIBERATION 77220 TOURNAN-EN-BRIE;Supermarchés;"Employé / Employée de rayon libre-service ; Directeur / Directrice de magasin de grande distribution ; Responsable de caisses ; Hôte / Hôtesse de caisse ; Chef / Cheffe de rayon produits alimentaires";Entreprise susceptible de recruter (candidature spontanée);;;Apprentissage, Professionnalisation;;;81975823600031;5;https://labonnealternance.apprentissage.beta.gouv.fr/emploi/recruteurs_lba/81975823600031/sdtjmarket
17.8;WELDOM;Maison, bricolage & jardin;MCO + NDRC;Tournan-En-Brie;77220;rue de la Liberation 77220 TOURNAN-EN-BRIE;Commerce de détail de quincaillerie, peintures et verres en grandes surfaces (400 m2et plus);"Hôte / Hôtesse de caisse ; Vendeur / Vendeuse en équipement de la maison ; Vendeur / Vendeuse conseil en jardinerie ; Vendeur / Vendeuse grossiste en équipement du foyer ; Chef / Cheffe de secteur magasin ; Chef / Cheffe de rayon de produits non alimentaires";Entreprise susceptible de recruter (candidature spontanée);;;Apprentissage, Professionnalisation;;;90923096300011;6;https://labonnealternance.apprentissage.beta.gouv.fr/emploi/recruteurs_lba/90923096300011/weldom
17.9;BRED BRIE COMTE ROBERT;Banque, crédit & assurance;NDRC;Brie-Comte-Robert;77170;9 RUE GAMBETTA 77170 BRIE-COMTE-ROBERT;Autres intermédiations monétaires;"Conseiller / Conseillère de clientèle bancaire ; Chargé / Chargée d'accueil en banque ; Conseiller / Conseillère en gestion de patrimoine";Entreprise susceptible de recruter (candidature spontanée);;;Apprentissage, Professionnalisation;;;55209179502076;3;https://labonnealternance.apprentissage.beta.gouv.fr/emploi/recruteurs_lba/55209179502076/bred-brie-comte-robert
17.9;GESTION MEDIACO NORD;Services aux entreprises, conseil & communication;NDRC;Thieux;77230;46 Rue des 3 Villes 77230 Thieux;Services administratifs combinés de bureau;Conseiller / Conseillère immobilier;Entreprise susceptible de recruter (candidature spontanée);;;Apprentissage, Professionnalisation;;;41067941900037;1;https://labonnealternance.apprentissage.beta.gouv.fr/emploi/recruteurs_lba/41067941900037/gestion-mediaco-nord
17.9;SARL MANE;Automobile & mobilité;MCO;Saint-Germain-Sur-Morin;77860;62 RUE DE PARIS 77860 SAINT-GERMAIN-SUR-MORIN;Commerce de détail de carburants en magasin spécialisé;"Hôte / Hôtesse de caisse ; Employé / Employée de rayon libre-service";Entreprise susceptible de recruter (candidature spontanée);;;Apprentissage, Professionnalisation;;;87949009200019;2;https://labonnealternance.apprentissage.beta.gouv.fr/emploi/recruteurs_lba/87949009200019/sarl-mane
17.9;SOCIETE A FOY;Commerce de gros / B2B;NDRC;Thieux;77230;4 RUE DES FOURS 77230 THIEUX;Commerce de gros (commerce interentreprises) de fournitures et équipements industriels divers;"Technico-commercial / Technico-commerciale ; Attaché commercial / Attachée commerciale";Entreprise susceptible de recruter (candidature spontanée);;;Apprentissage, Professionnalisation;;;41850934500017;2;https://labonnealternance.apprentissage.beta.gouv.fr/emploi/recruteurs_lba/41850934500017/societe-a-foy
17.9;SOCIETE GENERALE;Banque, crédit & assurance;NDRC;Brie-Comte-Robert;77170;6B RUE GAMBETTA 77170 BRIE-COMTE-ROBERT;Autres intermédiations monétaires;"Conseiller / Conseillère de clientèle bancaire ; Chargé / Chargée d'accueil en banque ; Conseiller / Conseillère en gestion de patrimoine";Entreprise susceptible de recruter (candidature spontanée);;;Apprentissage, Professionnalisation;;;55212022221274;3;https://labonnealternance.apprentissage.beta.gouv.fr/emploi/recruteurs_lba/55212022221274/societe-generale
18.0;BOULANGERIE LEPOIRE;Boulangerie & métiers de bouche;MCO;Brie-Comte-Robert;77170;17 rue Gambetta 77170 BRIE-COMTE-ROBERT;Boulangerie et boulangerie-pâtisserie;Vendeur / Vendeuse en épicerie;Entreprise susceptible de recruter (candidature spontanée);;;Apprentissage, Professionnalisation;;;48961650800011;1;https://labonnealternance.apprentissage.beta.gouv.fr/emploi/recruteurs_lba/48961650800011/boulangerie-lepoire
18.0;CIC;Banque, crédit & assurance;NDRC;Brie-Comte-Robert;77170;23 BOULEVARD JEAN JAURES 77170 BRIE-COMTE-ROBERT;Autres intermédiations monétaires;"Conseiller / Conseillère de clientèle bancaire ; Chargé / Chargée d'accueil en banque ; Conseiller / Conseillère en gestion de patrimoine";Entreprise susceptible de recruter (candidature spontanée);;;Apprentissage, Professionnalisation;;;75480071205243;3;https://labonnealternance.apprentissage.beta.gouv.fr/emploi/recruteurs_lba/75480071205243/cic
18.0;CONCEPT IMMOBILIER;Immobilier;NDRC;Brie-Comte-Robert;77170;7 place du Marche 77170 BRIE-COMTE-ROBERT;Agences immobilières;Conseiller / Conseillère immobilier;Entreprise susceptible de recruter (candidature spontanée);;;Apprentissage, Professionnalisation;;;39367572300026;1;https://labonnealternance.apprentissage.beta.gouv.fr/emploi/recruteurs_lba/39367572300026/concept-immobilier
18.0;CREDIT LYONNAIS;Banque, crédit & assurance;NDRC;Brie-Comte-Robert;77170;11 place du Marche 77170 BRIE-COMTE-ROBERT;Autres intermédiations monétaires;"Conseiller / Conseillère de clientèle bancaire ; Chargé / Chargée d'accueil en banque ; Conseiller / Conseillère en gestion de patrimoine";Entreprise susceptible de recruter (candidature spontanée);;;Apprentissage, Professionnalisation;;;95450974106083;3;https://labonnealternance.apprentissage.beta.gouv.fr/emploi/recruteurs_lba/95450974106083/credit-lyonnais
18.0;MMA;Banque, crédit & assurance;NDRC;Brie-Comte-Robert;77170;142 rue du General Leclerc 77170 BRIE-COMTE-ROBERT;Activités des agents et courtiers d'assurances;"Conseiller / Conseillère en assurances ; Conseiller / Conseillère en gestion de patrimoine";Entreprise susceptible de recruter (candidature spontanée);;;Apprentissage, Professionnalisation;;;43284988300025;2;https://labonnealternance.apprentissage.beta.gouv.fr/emploi/recruteurs_lba/43284988300025/mma
18.0;SKYTEAM;Sport, loisirs & culture;NDRC;Le Mesnil-Amelot;77990;RUE PERICHET 77990 LE MESNIL-AMELOT;Transports aériens de passagers;Personnel Navigant Commercial - PNC -;Entreprise susceptible de recruter (candidature spontanée);;;Apprentissage, Professionnalisation;;;42049517801566;1;https://labonnealternance.apprentissage.beta.gouv.fr/emploi/recruteurs_lba/42049517801566/skyteam
18.1;MAISON JEHENNE;Boulangerie & métiers de bouche;MCO;Presles-En-Brie;77220;3 RUE DE LA PLAINE 77220 PRESLES-EN-BRIE;Boulangerie et boulangerie-pâtisserie;Vendeur / Vendeuse en épicerie;Entreprise susceptible de recruter (candidature spontanée);;;Apprentissage, Professionnalisation;;;89796408600010;1;https://labonnealternance.apprentissage.beta.gouv.fr/emploi/recruteurs_lba/89796408600010/maison-jehenne
18.2;ELECTRO DEPOT FRANCE;High-tech, électroménager & télécoms;MCO + NDRC;Brie-Comte-Robert;77170;77170 Brie-Comte-Robert;Commerce de détail d'appareils électroménagers en magasin spécialisé;"Vendeur / Vendeuse en équipement de la maison ; Conseiller commercial / Conseillère commerciale auprès des particuliers ; Responsable relation client (CRM)";Entreprise susceptible de recruter (candidature spontanée);;;Apprentissage, Professionnalisation;;;43374453900373;3;https://labonnealternance.apprentissage.beta.gouv.fr/emploi/recruteurs_lba/43374453900373/electro-depot-france
18.2;ID ACIER;Commerce de gros / B2B;NDRC;Le Mesnil-Amelot;77990;73 RUE DE CLAYE 77990 LE MESNIL-AMELOT;Commerce de gros (commerce interentreprises) de minerais et métaux;"Commercial itinérant / Commerciale itinérante en entreprise de commerce de gros ; Attaché commercial / Attachée commerciale";Entreprise susceptible de recruter (candidature spontanée);;;Apprentissage, Professionnalisation;;;37979813500057;2;https://labonnealternance.apprentissage.beta.gouv.fr/emploi/recruteurs_lba/37979813500057/id-acier
18.2;NORAUTO;Automobile & mobilité;MCO + NDRC;Brie-Comte-Robert;77170;77170 Brie-Comte-Robert;Commerce de détail d'équipements automobiles;"Conseiller / Conseillère de vente en pièces de rechange et accessoires de véhicules ; Conseiller / Conseillère client après-vente des véhicules";Entreprise susceptible de recruter (candidature spontanée);;;Apprentissage, Professionnalisation;;;48047015201507;2;https://labonnealternance.apprentissage.beta.gouv.fr/emploi/recruteurs_lba/48047015201507/norauto
18.3;INTERSAV;Commerce de gros / B2B;NDRC;Tournan-En-Brie;77220;4 RUE AUGUSTE PERDONNET 77220 TOURNAN-EN-BRIE;Commerce de gros (commerce interentreprises) d'appareils électroménagers;"Assistant commercial / Assistante commerciale ; Technico-commercial / Technico-commerciale";Entreprise susceptible de recruter (candidature spontanée);;;Apprentissage, Professionnalisation;;;34191179000085;2;https://labonnealternance.apprentissage.beta.gouv.fr/emploi/recruteurs_lba/34191179000085/intersav
18.4;Europcar France;Automobile & mobilité;NDRC;Mauregard;77990;750 AEROGARE 1 77990 MAUREGARD;Location de courte durée de voitures et de véhicules automobiles légers;"Agent technico-commercial / Agente technico-commerciale en location de véhicules ; Conseiller / Conseillère client après-vente des véhicules";Entreprise susceptible de recruter (candidature spontanée);;;Apprentissage, Professionnalisation;;;30365684700207;2;https://labonnealternance.apprentissage.beta.gouv.fr/emploi/recruteurs_lba/30365684700207/europcar-france
18.4;FRANCA FADDA;Sport, loisirs & culture;MCO;Le Mesnil-Amelot;77990;77990 Le Mesnil-Amelot;Commerce de détail de journaux et papeterie en magasin spécialisé;"Employé / Employée de rayon libre-service ; Chef / Cheffe de rayon de produits non alimentaires ; Vendeur / Vendeuse de produits culturels et ludiques";Entreprise susceptible de recruter (candidature spontanée);;;Apprentissage, Professionnalisation;;;51211756500063;3;https://labonnealternance.apprentissage.beta.gouv.fr/emploi/recruteurs_lba/51211756500063/franca-fadda
18.4;HERMES;Mode, chaussures & accessoires;MCO;Mauregard;77990;AEROPORT CHARLES DE GAULLE 77990 MAUREGARD;Commerce de détail de maroquinerie et d'articles de voyage;"Vendeur / Vendeuse en prêt-à-porter ; Gérant / Gérante de magasin d'alimentation générale";Entreprise susceptible de recruter (candidature spontanée);;;Apprentissage, Professionnalisation;;;44845797800055;2;https://labonnealternance.apprentissage.beta.gouv.fr/emploi/recruteurs_lba/44845797800055/hermes
18.4;JENNYFER;Mode, chaussures & accessoires;MCO;Le Mesnil-Amelot;77990;RUE DE GUIVRY 77990 LE MESNIL-AMELOT;Commerce de détail d'habillement en magasin spécialisé;"Vendeur / Vendeuse en prêt-à-porter ; Responsable de boutique ; Hôte / Hôtesse de caisse ; Directeur / Directrice de magasin de grande distribution";Entreprise susceptible de recruter (candidature spontanée);;;Apprentissage, Professionnalisation;;;33888018000918;4;https://labonnealternance.apprentissage.beta.gouv.fr/emploi/recruteurs_lba/33888018000918/jennyfer
18.4;LA MIE.NILOISE;Boulangerie & métiers de bouche;MCO;Le Mesnil-Amelot;77990;42 rue de Claye 77990 LE MESNIL-AMELOT;Boulangerie et boulangerie-pâtisserie;Vendeur / Vendeuse en épicerie;Entreprise susceptible de recruter (candidature spontanée);;;Apprentissage, Professionnalisation;;;92076445300014;1;https://labonnealternance.apprentissage.beta.gouv.fr/emploi/recruteurs_lba/92076445300014/la-mie-niloise
18.4;LAGARDERE LS TRAVEL RETAIL;Autres commerces de détail;NDRC;Le Mesnil-Amelot;77990;77990 Le Mesnil-Amelot;Autres commerces de détail spécialisés divers;Responsable relation client (CRM);Entreprise susceptible de recruter (candidature spontanée);;;Apprentissage, Professionnalisation;;;44845797800030;1;https://labonnealternance.apprentissage.beta.gouv.fr/emploi/recruteurs_lba/44845797800030/lagardere-ls-travel-retail
18.4;LOUIS VUITTON;Mode, chaussures & accessoires;MCO;Le Mesnil-Amelot;77990;77990 Le Mesnil-Amelot;Commerce de détail de maroquinerie et d'articles de voyage;"Vendeur / Vendeuse en prêt-à-porter ; Gérant / Gérante de magasin d'alimentation générale";Entreprise susceptible de recruter (candidature spontanée);;;Apprentissage, Professionnalisation;;;33188899000511;2;https://labonnealternance.apprentissage.beta.gouv.fr/emploi/recruteurs_lba/33188899000511/louis-vuitton
18.4;M&S CDG 2E ZP;Boulangerie & métiers de bouche;MCO;Le Mesnil-Amelot;77990;77990 Le Mesnil-Amelot;Commerce de détail de fruits et légumes en magasin spécialisé;"Vendeur / Vendeuse en épicerie ; Employé / Employée de rayon libre-service ; Hôte / Hôtesse de caisse ; Chef / Cheffe de rayon produits alimentaires ; Responsable de caisses";Entreprise susceptible de recruter (candidature spontanée);;;Apprentissage, Professionnalisation;;;80029366400069;5;https://labonnealternance.apprentissage.beta.gouv.fr/emploi/recruteurs_lba/80029366400069/m-s-cdg-2e-zp
18.4;M&S CDG 2F ZP;Boulangerie & métiers de bouche;MCO;Le Mesnil-Amelot;77990;77990 Le Mesnil-Amelot;Commerce de détail de fruits et légumes en magasin spécialisé;"Vendeur / Vendeuse en épicerie ; Employé / Employée de rayon libre-service ; Hôte / Hôtesse de caisse ; Chef / Cheffe de rayon produits alimentaires ; Responsable de caisses";Entreprise susceptible de recruter (candidature spontanée);;;Apprentissage, Professionnalisation;;;80029366400085;5;https://labonnealternance.apprentissage.beta.gouv.fr/emploi/recruteurs_lba/80029366400085/m-s-cdg-2f-zp
18.5;BRENNTAG SA;Commerce de gros / B2B;MCO + NDRC;Tournan-En-Brie;77220;impasse Lavoisier 77220 TOURNAN-EN-BRIE;Commerce de gros (commerce interentreprises) de produits chimiques;"Responsable e-commerce ; Technico-commercial / Technico-commerciale ; Cadre Technico-commercial / Technico-commerciale ; Attaché commercial / Attachée commerciale ; Commercial itinérant / Commerciale itinérante en entreprise de commerce de gros";Entreprise susceptible de recruter (candidature spontanée);;;Apprentissage, Professionnalisation;;;70980178100317;5;https://labonnealternance.apprentissage.beta.gouv.fr/emploi/recruteurs_lba/70980178100317/brenntag-sa
18.5;CENTRAL'MAT;Commerce de gros / B2B;NDRC;Trilbardou;77450;3 route de la Conge 77450 TRILBARDOU;Commerce de gros (commerce interentreprises) de bois et de matériaux de construction;"Technico-commercial / Technico-commerciale ; Commercial itinérant / Commerciale itinérante en entreprise de commerce de gros";Entreprise susceptible de recruter (candidature spontanée);;;Apprentissage, Professionnalisation;;;44785756600031;2;https://labonnealternance.apprentissage.beta.gouv.fr/emploi/recruteurs_lba/44785756600031/central-mat
18.5;HEMERA;Immobilier;NDRC;Saint-Germain-Sur-Morin;77860;23 RUE DE PARIS 77860 SAINT-GERMAIN-SUR-MORIN;Agences immobilières;Conseiller / Conseillère immobilier;Entreprise susceptible de recruter (candidature spontanée);;;Apprentissage, Professionnalisation;;;33578338700079;1;https://labonnealternance.apprentissage.beta.gouv.fr/emploi/recruteurs_lba/33578338700079/hemera
18.5;SAS DELPHINE ET JOSE;Boulangerie & métiers de bouche;MCO;Saint-Germain-Sur-Morin;77860;31 RUE DE PARIS 77860 SAINT-GERMAIN-SUR-MORIN;Boulangerie et boulangerie-pâtisserie;Vendeur / Vendeuse en épicerie;Entreprise susceptible de recruter (candidature spontanée);;;Apprentissage, Professionnalisation;;;83109601100018;1;https://labonnealternance.apprentissage.beta.gouv.fr/emploi/recruteurs_lba/83109601100018/sas-delphine-et-jose
18.5;TECHTRONIC INDUSTRIES FRANCE SAS;Commerce de gros / B2B;MCO + NDRC;Le Mesnil-Amelot;77990;35 rue de Guivry 77990 LE MESNIL-AMELOT;Commerce de gros (commerce interentreprises) de quincaillerie;"Vendeur / Vendeuse grossiste en équipement du foyer ; Technico-commercial / Technico-commerciale ; Commercial itinérant / Commerciale itinérante en entreprise de commerce de gros ; Attaché commercial / Attachée commerciale";Entreprise susceptible de recruter (candidature spontanée);;;Apprentissage, Professionnalisation;;;34928277200038;4;https://labonnealternance.apprentissage.beta.gouv.fr/emploi/recruteurs_lba/34928277200038/techtronic-industries-france-sas
18.6;ETS HORTICOLES GEORGES TRUFFAUT;Maison, bricolage & jardin;MCO;Coutevroult;77580;77580 Coutevroult;Commerce de détail de fleurs, plantes, graines, engrais, animaux de compagnie et aliments pour ces animaux en magasin spécialisé;"Responsable de boutique ; Vendeur / Vendeuse conseil en jardinerie ; Vendeur / Vendeuse en animalerie ; Hôte / Hôtesse de caisse ; Chef / Cheffe de rayon de produits non alimentaires";Entreprise susceptible de recruter (candidature spontanée);;;Apprentissage, Professionnalisation;;;73980623000705;5;https://labonnealternance.apprentissage.beta.gouv.fr/emploi/recruteurs_lba/73980623000705/ets-horticoles-georges-truffaut
18.6;KYNTHOS;Services aux entreprises, conseil & communication;NDRC;Tournan-En-Brie;77220;RUE DE LINDUSTRIE 77220 TOURNAN-EN-BRIE;Services administratifs combinés de bureau;Conseiller / Conseillère immobilier;Entreprise susceptible de recruter (candidature spontanée);;;Apprentissage, Professionnalisation;;;94941576400024;1;https://labonnealternance.apprentissage.beta.gouv.fr/emploi/recruteurs_lba/94941576400024/kynthos
18.6;LOUIS VUITTON;Mode, chaussures & accessoires;MCO;Le Mesnil-Amelot;77990;77990 Le Mesnil-Amelot;Commerce de détail de maroquinerie et d'articles de voyage;"Vendeur / Vendeuse en prêt-à-porter ; Gérant / Gérante de magasin d'alimentation générale";Entreprise susceptible de recruter (candidature spontanée);;;Apprentissage, Professionnalisation;;;33188899000453;2;https://labonnealternance.apprentissage.beta.gouv.fr/emploi/recruteurs_lba/33188899000453/louis-vuitton
19.0;GROUPEMENT D'EMPLOYEURS METEORE;Services aux entreprises, conseil & communication;MCO;Villeneuve-Sous-Dammartin;77230;Rue de Stains 77230 Villeneuve-sous-Dammartin;Autre mise à disposition de ressources humaines;Chef / Cheffe de rayon produits alimentaires;Entreprise susceptible de recruter (candidature spontanée);;;Apprentissage, Professionnalisation;;;48124321000020;1;https://labonnealternance.apprentissage.beta.gouv.fr/emploi/recruteurs_lba/48124321000020/groupement-d-employeurs-meteore
19.3;GESTION GROUPE LEVILLAIN;Immobilier;NDRC;Couilly-Pont-Aux-Dames;77860;AVENUE CONSTANT COQUELIN 77860 COUILLY-PONT-AUX-DAMES;Agences immobilières;Conseiller / Conseillère immobilier;Entreprise susceptible de recruter (candidature spontanée);;;Apprentissage, Professionnalisation;;;31824809300037;1;https://labonnealternance.apprentissage.beta.gouv.fr/emploi/recruteurs_lba/31824809300037/gestion-groupe-levillain
19.3;METROPLEX INVESTISSEMENT;Commerce de gros / B2B;NDRC;Quincy-Voisins;77860;16 RUE DU PAVE DES ROIZES 77860 QUINCY-VOISINS;Commerce de gros (commerce interentreprises) non spécialisé;"Technico-commercial / Technico-commerciale ; Assistant commercial / Assistante commerciale ; Conseiller / Conseillère en gestion de patrimoine";Entreprise susceptible de recruter (candidature spontanée);;;Apprentissage, Professionnalisation;;;48235613600036;3;https://labonnealternance.apprentissage.beta.gouv.fr/emploi/recruteurs_lba/48235613600036/metroplex-investissement
19.5;LIFE MOTORS;Automobile & mobilité;MCO + NDRC;Mareuil-Lès-Meaux;77100;1273 route de Conde 77100 MAREUIL-LES-MEAUX;Commerce de voitures et de véhicules automobiles légers;"Vendeur / Vendeuse automobile ; Conseiller / Conseillère client après-vente des véhicules";Entreprise susceptible de recruter (candidature spontanée);;;Apprentissage, Professionnalisation;;;91418101100018;2;https://labonnealternance.apprentissage.beta.gouv.fr/emploi/recruteurs_lba/91418101100018/life-motors
19.6;LE FOURNIL DE LA SOURCE;Boulangerie & métiers de bouche;MCO;Juilly;77230;4 rue de la Source 77230 JUILLY;Boulangerie et boulangerie-pâtisserie;Vendeur / Vendeuse en épicerie;Entreprise susceptible de recruter (candidature spontanée);;;Apprentissage, Professionnalisation;;;90528958300015;1;https://labonnealternance.apprentissage.beta.gouv.fr/emploi/recruteurs_lba/90528958300015/le-fournil-de-la-source
19.7;COUDYS;Grande distribution & supermarchés;MCO;Couilly-Pont-Aux-Dames;77860;61 AVENUE DE LENSOLEILLEE 77860 COUILLY-PONT-AUX-DAMES;Hypermarchés;"Employé / Employée de rayon libre-service ; Hôte / Hôtesse de caisse ; Chef / Cheffe de rayon produits alimentaires ; Vendeur / Vendeuse en épicerie";Entreprise susceptible de recruter (candidature spontanée);;;Apprentissage, Professionnalisation;;;52288795900024;4;https://labonnealternance.apprentissage.beta.gouv.fr/emploi/recruteurs_lba/52288795900024/coudys
19.7;INTER CAVES;Boulangerie & métiers de bouche;MCO;Couilly-Pont-Aux-Dames;77860;73 AV DE L'ENSOLEILLEE 77860 COUILLY-PONT-AUX-DAMES;Commerce de détail de boissons en magasin spécialisé;Vendeur / Vendeuse en épicerie;Entreprise susceptible de recruter (candidature spontanée);;;Apprentissage, Professionnalisation;;;83909157600018;1;https://labonnealternance.apprentissage.beta.gouv.fr/emploi/recruteurs_lba/83909157600018/inter-caves
20.2;AUX DELICES DU MORIN;Boulangerie & métiers de bouche;MCO;Villiers-Sur-Morin;77580;4 GRANDE RUE 77580 VILLIERS-SUR-MORIN;Boulangerie et boulangerie-pâtisserie;Vendeur / Vendeuse en épicerie;Entreprise susceptible de recruter (candidature spontanée);;;Apprentissage, Professionnalisation;;;78938137300016;1;https://labonnealternance.apprentissage.beta.gouv.fr/emploi/recruteurs_lba/78938137300016/aux-delices-du-morin
20.2;SKYTEAM;Sport, loisirs & culture;NDRC;Mauregard;77990;77990 Mauregard;Transports aériens de passagers;Personnel Navigant Commercial - PNC -;Entreprise susceptible de recruter (candidature spontanée);;;Apprentissage, Professionnalisation;;;42049517801392;1;https://labonnealternance.apprentissage.beta.gouv.fr/emploi/recruteurs_lba/42049517801392/skyteam
20.4;L'EPI D'OR;Boulangerie & métiers de bouche;MCO;Villeneuve-Sous-Dammartin;77230;37 rue de Paris 77230 VILLENEUVE-SOUS-DAMMARTIN;Boulangerie et boulangerie-pâtisserie;Vendeur / Vendeuse en épicerie;Entreprise susceptible de recruter (candidature spontanée);;;Apprentissage, Professionnalisation;;;52408376300010;1;https://labonnealternance.apprentissage.beta.gouv.fr/emploi/recruteurs_lba/52408376300010/l-epi-d-or
20.5;LE FOURNIL DE QUINCY;Boulangerie & métiers de bouche;MCO;Quincy-Voisins;77860;11 RUE CARNOT 77860 QUINCY-VOISINS;Boulangerie et boulangerie-pâtisserie;Vendeur / Vendeuse en épicerie;Entreprise susceptible de recruter (candidature spontanée);;;Apprentissage, Professionnalisation;;;90831932000028;1;https://labonnealternance.apprentissage.beta.gouv.fr/emploi/recruteurs_lba/90831932000028/le-fournil-de-quincy
20.7;LUDOTECH;Sport, loisirs & culture;MCO + NDRC;Mareuil-Lès-Meaux;77100;1 SENTE SAINT ETIENNE 77100 MAREUIL-LES-MEAUX;Fabrication de jeux et jouets;"Chef / Cheffe de secteur magasin ; Assistant / Assistante administration des ventes ; Assistant commercial / Assistante commerciale";Entreprise susceptible de recruter (candidature spontanée);;;Apprentissage, Professionnalisation;;;87914698300017;3;https://labonnealternance.apprentissage.beta.gouv.fr/emploi/recruteurs_lba/87914698300017/ludotech
20.7;VINNY PROD;Services aux entreprises, conseil & communication;NDRC;Quincy-Voisins;77860;12 RUE FELIX MASLE 77860 QUINCY-VOISINS;Production de films institutionnels et publicitaires;Directeur commercial / Directrice commerciale;Entreprise susceptible de recruter (candidature spontanée);;;Apprentissage, Professionnalisation;;;90053233400027;1;https://labonnealternance.apprentissage.beta.gouv.fr/emploi/recruteurs_lba/90053233400027/vinny-prod
20.9;COOPERATIVE AGRICOLE VALFRANCE;Commerce de gros / B2B;MCO + NDRC;Saint-Mard;77230;72 AVENUE DE LA GARE 77230 SAINT-MARD;Commerce de gros (commerce interentreprises) de céréales, de tabac non manufacturé, de semences et d'aliments pour le bétail;"Vendeur / Vendeuse conseil en jardinerie ; Chef / Cheffe de rayon de produits non alimentaires ; Commercial / Commerciale grands comptes et entreprises";Entreprise susceptible de recruter (candidature spontanée);;;Apprentissage, Professionnalisation;;;77562903300116;3;https://labonnealternance.apprentissage.beta.gouv.fr/emploi/recruteurs_lba/77562903300116/cooperative-agricole-valfrance
21.0;GIFI;Grande distribution & supermarchés;MCO;Saint-Mard;77230;62 avenue de la Fontaine du Berger 77230 Saint-Mard;Autres commerces de détail en magasin non spécialisé;"Employé / Employée de rayon libre-service ; Responsable de boutique ; Hôte / Hôtesse de caisse ; Directeur / Directrice de magasin de grande distribution ; Chef / Cheffe de rayon de produits non alimentaires ; Chef / Cheffe de rayon produits alimentaires";Entreprise susceptible de recruter (candidature spontanée);;;Apprentissage, Professionnalisation;;;47872562505195;6;https://labonnealternance.apprentissage.beta.gouv.fr/emploi/recruteurs_lba/47872562505195/gifi
21.1;AKSHY;Boulangerie & métiers de bouche;MCO;Combs-La-Ville;77380;21 avenue de la Republique 77380 COMBS-LA-VILLE;Commerce de détail de poissons, crustacés et mollusques en magasin spécialisé;Vendeur / Vendeuse en épicerie;Entreprise susceptible de recruter (candidature spontanée);;;Apprentissage, Professionnalisation;;;82068105400020;1;https://labonnealternance.apprentissage.beta.gouv.fr/emploi/recruteurs_lba/82068105400020/akshy
21.1;ARTHURIMMO;Immobilier;NDRC;Combs-La-Ville;77380;27 avenue de la Republique 77380 COMBS-LA-VILLE;Agences immobilières;Conseiller / Conseillère immobilier;Entreprise susceptible de recruter (candidature spontanée);;;Apprentissage, Professionnalisation;;;50269384900031;1;https://labonnealternance.apprentissage.beta.gouv.fr/emploi/recruteurs_lba/50269384900031/arthurimmo
21.1;Boulangerie ANGE;Boulangerie & métiers de bouche;MCO;Mareuil-Lès-Meaux;77100;77100 Mareuil-lès-Meaux;;CAP Vente en Apprentissage H/F;Offre partenaire (France Travail…);CAP Vente en Apprentissage H/F;CAP, BEP (Infrabac);Apprentissage, Professionnalisation;2026-09-08;;;1;https://labonnealternance.apprentissage.beta.gouv.fr/emploi/offres_emploi_partenaires/6a5569836a281b681b463994/cap-vente-en-apprentissage-h-f
21.1;Boulangerie ANGE;Boulangerie & métiers de bouche;MCO;Mareuil-Lès-Meaux;77100;77100 Mareuil-lès-Meaux;;Alternance Vente H/F;Offre partenaire (France Travail…);Alternance Vente H/F;;Apprentissage, Professionnalisation;2026-09-08;;;1;https://labonnealternance.apprentissage.beta.gouv.fr/emploi/offres_emploi_partenaires/6a5569836a281b681b463990/alternance-vente-h-f
21.1;Carrefour;Grande distribution & supermarchés;MCO;Saint-Mard;77230;20 AVENUE DE LA FONTAINE DU BERGER 77230 SAINT-MARD;Hypermarchés;"Employé / Employée de rayon libre-service ; Hôte / Hôtesse de caisse ; Chef / Cheffe de rayon produits alimentaires ; Vendeur / Vendeuse en épicerie";Entreprise susceptible de recruter (candidature spontanée);;;Apprentissage, Professionnalisation;;;80509260800035;4;https://labonnealternance.apprentissage.beta.gouv.fr/emploi/recruteurs_lba/80509260800035/carrefour
21.1;CREDIT LYONNAIS;Banque, crédit & assurance;NDRC;Combs-La-Ville;77380;77 rue Sommeville 77380 COMBS-LA-VILLE;Autres intermédiations monétaires;"Conseiller / Conseillère de clientèle bancaire ; Chargé / Chargée d'accueil en banque ; Conseiller / Conseillère en gestion de patrimoine";Entreprise susceptible de recruter (candidature spontanée);;;Apprentissage, Professionnalisation;;;95450974133160;3;https://labonnealternance.apprentissage.beta.gouv.fr/emploi/recruteurs_lba/95450974133160/credit-lyonnais
21.1;PAIN SUCRE;Boulangerie & métiers de bouche;MCO;Combs-La-Ville;77380;79 RUE SOMMEVILLE 77380 COMBS-LA-VILLE;Boulangerie et boulangerie-pâtisserie;Vendeur / Vendeuse en épicerie;Entreprise susceptible de recruter (candidature spontanée);;;Apprentissage, Professionnalisation;;;91394886500013;1;https://labonnealternance.apprentissage.beta.gouv.fr/emploi/recruteurs_lba/91394886500013/pain-sucre
21.2;CARREFOUR CONTACT;Grande distribution & supermarchés;MCO;Combs-La-Ville;77380;13 AVENUE DE QUINCY 77380 COMBS-LA-VILLE;Supermarchés;"Employé / Employée de rayon libre-service ; Directeur / Directrice de magasin de grande distribution ; Hôte / Hôtesse de caisse ; Responsable de caisses ; Chef / Cheffe de rayon produits alimentaires";Entreprise susceptible de recruter (candidature spontanée);;;Apprentissage, Professionnalisation;;;91392017900011;5;https://labonnealternance.apprentissage.beta.gouv.fr/emploi/recruteurs_lba/91392017900011/carrefour-contact
21.2;NCOLAS CHAIBI;Banque, crédit & assurance;NDRC;Combs-La-Ville;77380;49 avenue de la Republique 77380 COMBS-LA-VILLE;Activités des agents et courtiers d'assurances;"Conseiller / Conseillère en assurances ; Conseiller / Conseillère en gestion de patrimoine";Entreprise susceptible de recruter (candidature spontanée);;;Apprentissage, Professionnalisation;;;85129984200019;2;https://labonnealternance.apprentissage.beta.gouv.fr/emploi/recruteurs_lba/85129984200019/ncolas-chaibi
21.2;TRESTON FRANCE;Commerce de gros / B2B;NDRC;Quincy-Voisins;77860;1 rue de la voie gallo romaine 77860 QUINCY-VOISINS;Commerce de gros (commerce interentreprises) de fournitures et équipements industriels divers;"Technico-commercial / Technico-commerciale ; Attaché commercial / Attachée commerciale";Entreprise susceptible de recruter (candidature spontanée);;;Apprentissage, Professionnalisation;;;78418143000074;2;https://labonnealternance.apprentissage.beta.gouv.fr/emploi/recruteurs_lba/78418143000074/treston-france
21.3;NATHEO ENERGIE;Services aux entreprises, conseil & communication;MCO + NDRC;Combs-La-Ville;77380;7 allee des Violettes 77380 COMBS-LA-VILLE;Activités de centres d'appels;"Directeur / Directrice de magasin de grande distribution ; Conseiller / Conseillère clientèle à distance ; Responsable relation client (CRM)";Entreprise susceptible de recruter (candidature spontanée);;;Apprentissage, Professionnalisation;;;98143178600012;3;https://labonnealternance.apprentissage.beta.gouv.fr/emploi/recruteurs_lba/98143178600012/natheo-energie
21.4;ACS AUTOMOTIVE 77;Automobile & mobilité;MCO + NDRC;Villenoy;77124;204 rue Henri de France 77124 VILLENOY;Commerce de voitures et de véhicules automobiles légers;"Vendeur / Vendeuse automobile ; Conseiller / Conseillère client après-vente des véhicules";Entreprise susceptible de recruter (candidature spontanée);;;Apprentissage, Professionnalisation;;;94914881100027;2;https://labonnealternance.apprentissage.beta.gouv.fr/emploi/recruteurs_lba/94914881100027/acs-automotive-77
21.4;LA BAMBOUSERAIE DE PARIS - LES PLANTES ILE DE FRANCE - OLEA PARIS;Maison, bricolage & jardin;MCO;Chauconin-Neufmontiers;77124;chemin du Pont de Planche 77124 CHAUCONIN-NEUFMONTIERS;Reproduction de plantes;Vendeur / Vendeuse conseil en jardinerie;Entreprise susceptible de recruter (candidature spontanée);;;Apprentissage, Professionnalisation;;;97847023500018;1;https://labonnealternance.apprentissage.beta.gouv.fr/emploi/recruteurs_lba/97847023500018/la-bambouseraie-de-paris-les-plantes-ile-de-france-olea-paris
21.4;PHIL AUTO PRESTIGE;Automobile & mobilité;MCO + NDRC;Crecy-La-Chapelle;77580;18 rue des Abbesses 77580 CRECY-LA-CHAPELLE;Commerce de voitures et de véhicules automobiles légers;"Vendeur / Vendeuse automobile ; Conseiller / Conseillère client après-vente des véhicules";Entreprise susceptible de recruter (candidature spontanée);;;Apprentissage, Professionnalisation;;;79815351600017;2;https://labonnealternance.apprentissage.beta.gouv.fr/emploi/recruteurs_lba/79815351600017/phil-auto-prestige
21.5;BOULANGERIE LOUISE;Boulangerie & métiers de bouche;MCO;Saint-Mard;77230;77230 Saint-Mard;Boulangerie et boulangerie-pâtisserie;Vendeur / Vendeuse en épicerie;Entreprise susceptible de recruter (candidature spontanée);;;Apprentissage, Professionnalisation;;;81539393900021;1;https://labonnealternance.apprentissage.beta.gouv.fr/emploi/recruteurs_lba/81539393900021/boulangerie-louise
21.5;COUBERT IMMO CONSEILS;Immobilier;NDRC;Coubert;77170;2 allee du Cygne 77170 COUBERT;Agences immobilières;Conseiller / Conseillère immobilier;Entreprise susceptible de recruter (candidature spontanée);;;Apprentissage, Professionnalisation;;;53927455500017;1;https://labonnealternance.apprentissage.beta.gouv.fr/emploi/recruteurs_lba/53927455500017/coubert-immo-conseils
21.5;LE FOURNIL DE VILLENOY;Boulangerie & métiers de bouche;MCO;Villenoy;77124;14 RUE THIERS 77124 VILLENOY;Boulangerie et boulangerie-pâtisserie;Vendeur / Vendeuse en épicerie;Entreprise susceptible de recruter (candidature spontanée);;;Apprentissage, Professionnalisation;;;90202573300012;1;https://labonnealternance.apprentissage.beta.gouv.fr/emploi/recruteurs_lba/90202573300012/le-fournil-de-villenoy
21.5;Leroy Merlin;Maison, bricolage & jardin;MCO + NDRC;Chauconin-Neufmontiers;77124;Route de Meaux 77124 Chauconin-Neufmontiers;Commerce de détail de quincaillerie, peintures et verres en grandes surfaces (400 m2et plus);"Hôte / Hôtesse de caisse ; Vendeur / Vendeuse en équipement de la maison ; Vendeur / Vendeuse conseil en jardinerie ; Vendeur / Vendeuse grossiste en équipement du foyer ; Chef / Cheffe de secteur magasin ; Chef / Cheffe de rayon de produits non alimentaires";Entreprise susceptible de recruter (candidature spontanée);;;Apprentissage, Professionnalisation;;;38456094201662;6;https://labonnealternance.apprentissage.beta.gouv.fr/emploi/recruteurs_lba/38456094201662/leroy-merlin
21.5;SOCIETE NOUVELLE CAROLAUX;Automobile & mobilité;NDRC;Crecy-La-Chapelle;77580;5 rue des Abbesses 77580 CRECY-LA-CHAPELLE;Entretien et réparation d'autres véhicules automobiles;Conseiller / Conseillère client après-vente des véhicules;Entreprise susceptible de recruter (candidature spontanée);;;Apprentissage, Professionnalisation;;;63820046900036;1;https://labonnealternance.apprentissage.beta.gouv.fr/emploi/recruteurs_lba/63820046900036/societe-nouvelle-carolaux
21.5;TIPMAT;Commerce de gros / B2B;NDRC;Chauconin-Neufmontiers;77124;5B ROUTE DE MEAUX 77124 CHAUCONIN-NEUFMONTIERS;Commerce de gros (commerce interentreprises) de machines pour l'extraction, la construction et le génie civil;Technico-commercial / Technico-commerciale;Entreprise susceptible de recruter (candidature spontanée);;;Apprentissage, Professionnalisation;;;43299939900061;1;https://labonnealternance.apprentissage.beta.gouv.fr/emploi/recruteurs_lba/43299939900061/tipmat
21.6;LA RENOMMEE;Boulangerie & métiers de bouche;MCO + NDRC;Saint-Mard;77230;26 RUE DE LA MAIRIE 77230 SAINT-MARD;Commerce de détail de viandes et de produits à base de viande en magasin spécialisé;"Vendeur / Vendeuse en épicerie ; Vendeur / Vendeuse grossiste en produits frais";Entreprise susceptible de recruter (candidature spontanée);;;Apprentissage, Professionnalisation;;;80221228200015;2;https://labonnealternance.apprentissage.beta.gouv.fr/emploi/recruteurs_lba/80221228200015/la-renommee
21.7;MOREL;Automobile & mobilité;NDRC;Crecy-La-Chapelle;77580;57 avenue de Villiers 77580 CRECY-LA-CHAPELLE;Commerce d'autres véhicules automobiles;Conseiller / Conseillère client après-vente des véhicules;Entreprise susceptible de recruter (candidature spontanée);;;Apprentissage, Professionnalisation;;;30125357100022;1;https://labonnealternance.apprentissage.beta.gouv.fr/emploi/recruteurs_lba/30125357100022/morel
21.7;TABAC PABLO PICASSO;Sport, loisirs & culture;MCO;Combs-La-Ville;77380;7 passage des Artistes 77380 COMBS-LA-VILLE;Commerce de détail de journaux et papeterie en magasin spécialisé;"Employé / Employée de rayon libre-service ; Chef / Cheffe de rayon de produits non alimentaires ; Vendeur / Vendeuse de produits culturels et ludiques";Entreprise susceptible de recruter (candidature spontanée);;;Apprentissage, Professionnalisation;;;95148920200014;3;https://labonnealternance.apprentissage.beta.gouv.fr/emploi/recruteurs_lba/95148920200014/tabac-pablo-picasso
21.7;YMAZ;Services aux entreprises, conseil & communication;NDRC;Saint-Mard;77230;6 RUE MONTAUBERT 77230 SAINT-MARD;Activités des sociétés holding;Conseiller / Conseillère immobilier;Entreprise susceptible de recruter (candidature spontanée);;;Apprentissage, Professionnalisation;;;80047844800031;1;https://labonnealternance.apprentissage.beta.gouv.fr/emploi/recruteurs_lba/80047844800031/ymaz
21.8;BRIE & CHAMPAGNE EST;Automobile & mobilité;MCO + NDRC;Mareuil-Lès-Meaux;77100;AVENUE DES FORTES TERRES 77100 MAREUIL-LES-MEAUX;Commerce de voitures et de véhicules automobiles légers;"Vendeur / Vendeuse automobile ; Conseiller / Conseillère client après-vente des véhicules";Entreprise susceptible de recruter (candidature spontanée);;;Apprentissage, Professionnalisation;;;84759973500044;2;https://labonnealternance.apprentissage.beta.gouv.fr/emploi/recruteurs_lba/84759973500044/brie-champagne-est
21.8;CENPAC;Commerce de gros / B2B;NDRC;Châtres;77610;Avenue Louis Renault 1877 1944 77610 Châtres;Commerce de gros (commerce interentreprises) d'autres produits intermédiaires;"Assistant commercial / Assistante commerciale ; Commercial / Commerciale auprès d'une clientèle d'entreprises";Entreprise susceptible de recruter (candidature spontanée);;;Apprentissage, Professionnalisation;;;65205183001004;2;https://labonnealternance.apprentissage.beta.gouv.fr/emploi/recruteurs_lba/65205183001004/cenpac
21.8;JURIGEST;Maison, bricolage & jardin;NDRC;Saint-Mard;77230;Boulevard de la République 77230 Saint-Mard;Administration d'immeubles et autres biens immobiliers;Conseiller / Conseillère immobilier;Entreprise susceptible de recruter (candidature spontanée);;;Apprentissage, Professionnalisation;;;51298711600013;1;https://labonnealternance.apprentissage.beta.gouv.fr/emploi/recruteurs_lba/51298711600013/jurigest
21.9;FAB'RIK & CO;Boulangerie & métiers de bouche;MCO;Longperrier;77230;rue de La Belle Etoile 77230 LONGPERRIER;Boulangerie et boulangerie-pâtisserie;Vendeur / Vendeuse en épicerie;Entreprise susceptible de recruter (candidature spontanée);;;Apprentissage, Professionnalisation;;;89863150200017;1;https://labonnealternance.apprentissage.beta.gouv.fr/emploi/recruteurs_lba/89863150200017/fab-rik-co
22.0;ABADIB;Grande distribution & supermarchés;MCO;Mareuil-Lès-Meaux;77100;140 AVENUE DE LA GRANDE HAIE 77100 MAREUIL-LES-MEAUX;Autres commerces de détail en magasin non spécialisé;"Employé / Employée de rayon libre-service ; Responsable de boutique ; Hôte / Hôtesse de caisse ; Directeur / Directrice de magasin de grande distribution ; Chef / Cheffe de rayon de produits non alimentaires ; Chef / Cheffe de rayon produits alimentaires";Entreprise susceptible de recruter (candidature spontanée);;;Apprentissage, Professionnalisation;;;82383894100024;6;https://labonnealternance.apprentissage.beta.gouv.fr/emploi/recruteurs_lba/82383894100024/abadib
22.0;BRICORAMA;Maison, bricolage & jardin;MCO + NDRC;Mareuil-Lès-Meaux;77100;10 avenue de la Haute Borne 77100 MAREUIL-LES-MEAUX;Commerce de détail de quincaillerie, peintures et verres en grandes surfaces (400 m2et plus);"Hôte / Hôtesse de caisse ; Vendeur / Vendeuse en équipement de la maison ; Vendeur / Vendeuse conseil en jardinerie ; Vendeur / Vendeuse grossiste en équipement du foyer ; Chef / Cheffe de secteur magasin ; Chef / Cheffe de rayon de produits non alimentaires";Entreprise susceptible de recruter (candidature spontanée);;;Apprentissage, Professionnalisation;;;87851306800022;6;https://labonnealternance.apprentissage.beta.gouv.fr/emploi/recruteurs_lba/87851306800022/bricorama
22.0;CUISINES ELITE;Maison, bricolage & jardin;MCO;Mareuil-Lès-Meaux;77100;AVENUE DE LA GRANDE HAIE 77100 MAREUIL-LES-MEAUX;Commerce de détail de meubles;"Vendeur / Vendeuse en équipement de la maison ; Hôte / Hôtesse de caisse";Entreprise susceptible de recruter (candidature spontanée);;;Apprentissage, Professionnalisation;;;82472863800019;2;https://labonnealternance.apprentissage.beta.gouv.fr/emploi/recruteurs_lba/82472863800019/cuisines-elite
22.0;GARAGE CENTRAL;Automobile & mobilité;NDRC;Mareuil-Lès-Meaux;77100;Rue des Madeleines 77100 Mareuil-lès-Meaux;Commerce d'autres véhicules automobiles;Conseiller / Conseillère client après-vente des véhicules;Entreprise susceptible de recruter (candidature spontanée);;;Apprentissage, Professionnalisation;;;77570393700059;1;https://labonnealternance.apprentissage.beta.gouv.fr/emploi/recruteurs_lba/77570393700059/garage-central
22.0;GIFI;Maison, bricolage & jardin;MCO + NDRC;Mareuil-Lès-Meaux;77100;100 AVENUE DE LA GRANDE HAIE 77100 MAREUIL-LES-MEAUX;Commerce de détail d'autres équipements du foyer;"Vendeur / Vendeuse en équipement de la maison ; Employé / Employée de rayon libre-service ; Responsable de boutique ; Hôte / Hôtesse de caisse ; Vendeur / Vendeuse grossiste en équipement du foyer ; Conseiller commercial / Conseillère commerciale auprès des particuliers";Entreprise susceptible de recruter (candidature spontanée);;;Apprentissage, Professionnalisation;;;47872562503489;6;https://labonnealternance.apprentissage.beta.gouv.fr/emploi/recruteurs_lba/47872562503489/gifi
22.0;Gueudet 1880;Automobile & mobilité;MCO + NDRC;Mareuil-Lès-Meaux;77100;300 AVENUE DES FORTES TERRES 77100 MAREUIL-LES-MEAUX;Commerce de voitures et de véhicules automobiles légers;"Vendeur / Vendeuse automobile ; Conseiller / Conseillère client après-vente des véhicules";Entreprise susceptible de recruter (candidature spontanée);;;Apprentissage, Professionnalisation;;;57215131400083;2;https://labonnealternance.apprentissage.beta.gouv.fr/emploi/recruteurs_lba/57215131400083/gueudet-1880
22.0;Gueudet 1880;Automobile & mobilité;MCO + NDRC;Mareuil-Lès-Meaux;77100;255 avenue de la Grande Haie 77100 MAREUIL-LES-MEAUX;Commerce de voitures et de véhicules automobiles légers;"Vendeur / Vendeuse automobile ; Conseiller / Conseillère client après-vente des véhicules";Entreprise susceptible de recruter (candidature spontanée);;;Apprentissage, Professionnalisation;;;38458034600102;2;https://labonnealternance.apprentissage.beta.gouv.fr/emploi/recruteurs_lba/38458034600102/gueudet-1880
22.0;INTERMARCHE;Grande distribution & supermarchés;MCO;Crecy-La-Chapelle;77580;avenue de Villiers 77580 CRECY-LA-CHAPELLE;Hypermarchés;"Employé / Employée de rayon libre-service ; Hôte / Hôtesse de caisse ; Chef / Cheffe de rayon produits alimentaires ; Vendeur / Vendeuse en épicerie";Entreprise susceptible de recruter (candidature spontanée);;;Apprentissage, Professionnalisation;;;38216687400034;4;https://labonnealternance.apprentissage.beta.gouv.fr/emploi/recruteurs_lba/38216687400034/intermarche
22.0;JL LAPREVOTTE;Boulangerie & métiers de bouche;MCO;Chauconin-Neufmontiers;77124;24 GRANDE RUE 77124 CHAUCONIN-NEUFMONTIERS;Boulangerie et boulangerie-pâtisserie;Vendeur / Vendeuse en épicerie;Entreprise susceptible de recruter (candidature spontanée);;;Apprentissage, Professionnalisation;;;82789367800017;1;https://labonnealternance.apprentissage.beta.gouv.fr/emploi/recruteurs_lba/82789367800017/jl-laprevotte
22.0;LA TROCANTE;Autres commerces de détail;MCO;Mareuil-Lès-Meaux;77100;Rue des Madeleines 77100 Mareuil-lès-Meaux;Commerce de détail de biens d'occasion en magasin;"Vendeur / Vendeuse en équipement de la maison ; Vendeur / Vendeuse en prêt-à-porter";Entreprise susceptible de recruter (candidature spontanée);;;Apprentissage, Professionnalisation;;;42221910500026;2;https://labonnealternance.apprentissage.beta.gouv.fr/emploi/recruteurs_lba/42221910500026/la-trocante
22.0;MOREL;Services aux entreprises, conseil & communication;MCO;Moussy-Le-Vieux;77230;CHEMIN DES VIGNETTES 77230 MOUSSY-LE-VIEUX;Autre mise à disposition de ressources humaines;Chef / Cheffe de rayon produits alimentaires;Entreprise susceptible de recruter (candidature spontanée);;;Apprentissage, Professionnalisation;;;82024443200010;1;https://labonnealternance.apprentissage.beta.gouv.fr/emploi/recruteurs_lba/82024443200010/morel
22.1;CAHD CONSEIL AMENAGEMENT HABITAT DISTRIBUTION;Maison, bricolage & jardin;MCO + NDRC;Mareuil-Lès-Meaux;77100;AVENUE DE LA HAUTE BORNE 77100 MAREUIL-LES-MEAUX;Commerce de détail de quincaillerie, peintures et verres en grandes surfaces (400 m2et plus);"Hôte / Hôtesse de caisse ; Vendeur / Vendeuse en équipement de la maison ; Vendeur / Vendeuse conseil en jardinerie ; Vendeur / Vendeuse grossiste en équipement du foyer ; Chef / Cheffe de secteur magasin ; Chef / Cheffe de rayon de produits non alimentaires";Entreprise susceptible de recruter (candidature spontanée);;;Apprentissage, Professionnalisation;;;80863777100011;6;https://labonnealternance.apprentissage.beta.gouv.fr/emploi/recruteurs_lba/80863777100011/cahd-conseil-amenagement-habitat-distribution
22.1;DB 77;Automobile & mobilité;MCO + NDRC;Mareuil-Lès-Meaux;77100;245 avenue des Fortes Terres 77100 MAREUIL-LES-MEAUX;Commerce de voitures et de véhicules automobiles légers;"Vendeur / Vendeuse automobile ; Conseiller / Conseillère client après-vente des véhicules";Entreprise susceptible de recruter (candidature spontanée);;;Apprentissage, Professionnalisation;;;47981793400033;2;https://labonnealternance.apprentissage.beta.gouv.fr/emploi/recruteurs_lba/47981793400033/db-77
22.1;ENVERGURE MEAUX;Automobile & mobilité;MCO + NDRC;Mareuil-Lès-Meaux;77100;840 COTE DE LA JUSTICE 77100 MAREUIL-LES-MEAUX;Commerce de voitures et de véhicules automobiles légers;"Vendeur / Vendeuse automobile ; Conseiller / Conseillère client après-vente des véhicules";Entreprise susceptible de recruter (candidature spontanée);;;Apprentissage, Professionnalisation;;;33011782100034;2;https://labonnealternance.apprentissage.beta.gouv.fr/emploi/recruteurs_lba/33011782100034/envergure-meaux
22.1;GARAGE VILLENOY;Automobile & mobilité;MCO + NDRC;Villenoy;77124;71 RUE ARISTIDE BRIAND 77124 VILLENOY;Commerce de voitures et de véhicules automobiles légers;"Vendeur / Vendeuse automobile ; Conseiller / Conseillère client après-vente des véhicules";Entreprise susceptible de recruter (candidature spontanée);;;Apprentissage, Professionnalisation;;;52126123000010;2;https://labonnealternance.apprentissage.beta.gouv.fr/emploi/recruteurs_lba/52126123000010/garage-villenoy
22.1;La Poste;La Poste & services publics;NDRC;Mareuil-Lès-Meaux;77100;rue des Madeleines 77100 MAREUIL-LES-MEAUX;Activités de poste dans le cadre d'une obligation de service universel;Responsable relation client (CRM);Entreprise susceptible de recruter (candidature spontanée);;;Apprentissage, Professionnalisation;;;35600000040197;1;https://labonnealternance.apprentissage.beta.gouv.fr/emploi/recruteurs_lba/35600000040197/la-poste
22.1;LITT DIFFUSION SA;Commerce de gros / B2B;NDRC;Combs-La-Ville;77380;RUE DE LA BORNE BLANCHE 77380 COMBS-LA-VILLE;Commerce de gros (commerce interentreprises) de bois et de matériaux de construction;"Technico-commercial / Technico-commerciale ; Commercial itinérant / Commerciale itinérante en entreprise de commerce de gros";Entreprise susceptible de recruter (candidature spontanée);;;Apprentissage, Professionnalisation;;;31952778400395;2;https://labonnealternance.apprentissage.beta.gouv.fr/emploi/recruteurs_lba/31952778400395/litt-diffusion-sa
22.1;MAREUILDIS;Grande distribution & supermarchés;MCO;Mareuil-Lès-Meaux;77100;30 Mail de la Grande Haie 77100 MAREUIL-LES-MEAUX;Hypermarchés;"Employé / Employée de rayon libre-service ; Hôte / Hôtesse de caisse ; Chef / Cheffe de rayon produits alimentaires ; Vendeur / Vendeuse en épicerie";Entreprise susceptible de recruter (candidature spontanée);;;Apprentissage, Professionnalisation;;;49882082800024;4;https://labonnealternance.apprentissage.beta.gouv.fr/emploi/recruteurs_lba/49882082800024/mareuildis
22.1;POULLAIN;Maison, bricolage & jardin;MCO;Mareuil-Lès-Meaux;77100;450 CHEMIN DE CRECY 77100 MAREUIL-LES-MEAUX;Commerce de détail de fleurs, plantes, graines, engrais, animaux de compagnie et aliments pour ces animaux en magasin spécialisé;"Responsable de boutique ; Vendeur / Vendeuse conseil en jardinerie ; Vendeur / Vendeuse en animalerie ; Hôte / Hôtesse de caisse ; Chef / Cheffe de rayon de produits non alimentaires";Entreprise susceptible de recruter (candidature spontanée);;;Apprentissage, Professionnalisation;;;40166649000040;5;https://labonnealternance.apprentissage.beta.gouv.fr/emploi/recruteurs_lba/40166649000040/poullain
22.2;CABINET IMMOBILIER LACAZE HENRY - CILH GESTION;Maison, bricolage & jardin;NDRC;Combs-La-Ville;77380;3 RUE REAUMUR 77380 COMBS-LA-VILLE;Administration d'immeubles et autres biens immobiliers;Conseiller / Conseillère immobilier;Entreprise susceptible de recruter (candidature spontanée);;;Apprentissage, Professionnalisation;;;83191193800031;1;https://labonnealternance.apprentissage.beta.gouv.fr/emploi/recruteurs_lba/83191193800031/cabinet-immobilier-lacaze-henry-cilh-gestion
22.2;DEVRED;Mode, chaussures & accessoires;MCO;Chauconin-Neufmontiers;77124;3 Avenue Roland Moreno 77124 Chauconin-Neufmontiers;Commerce de détail d'habillement en magasin spécialisé;"Vendeur / Vendeuse en prêt-à-porter ; Responsable de boutique ; Hôte / Hôtesse de caisse ; Directeur / Directrice de magasin de grande distribution";Entreprise susceptible de recruter (candidature spontanée);;;Apprentissage, Professionnalisation;;;34294896502639;4;https://labonnealternance.apprentissage.beta.gouv.fr/emploi/recruteurs_lba/34294896502639/devred
22.2;DUSOH;Boulangerie & métiers de bouche;MCO;Villenoy;77124;67 rue Aristide Briand 77124 VILLENOY;Boulangerie et boulangerie-pâtisserie;Vendeur / Vendeuse en épicerie;Entreprise susceptible de recruter (candidature spontanée);;;Apprentissage, Professionnalisation;;;79331708200014;1;https://labonnealternance.apprentissage.beta.gouv.fr/emploi/recruteurs_lba/79331708200014/dusoh
22.2;SANIA MULTISERVICES;Services aux entreprises, conseil & communication;MCO;Combs-La-Ville;77380;1 RUE HECTOR BERLIOZ 77380 COMBS-LA-VILLE;Autres activités de soutien aux entreprises n.c.a.;Animateur / Animatrice des ventes;Entreprise susceptible de recruter (candidature spontanée);;;Apprentissage, Professionnalisation;;;50144238800028;1;https://labonnealternance.apprentissage.beta.gouv.fr/emploi/recruteurs_lba/50144238800028/sania-multiservices
22.2;TEAM 83;Automobile & mobilité;NDRC;Mareuil-Lès-Meaux;77100;57 RUE JEAN SERVA 77100 MAREUIL-LES-MEAUX;Commerce et réparation de motocycles;"Conseiller commercial / Conseillère commerciale motocycles ; Conseiller / Conseillère client après-vente des véhicules";Entreprise susceptible de recruter (candidature spontanée);;;Apprentissage, Professionnalisation;;;50761238000018;2;https://labonnealternance.apprentissage.beta.gouv.fr/emploi/recruteurs_lba/50761238000018/team-83
22.2;UNE HISTOIRE DE FAMILLE;Boulangerie & métiers de bouche;MCO;Crecy-La-Chapelle;77580;3 RUE DE BOULEURS 77580 CRECY-LA-CHAPELLE;Boulangerie et boulangerie-pâtisserie;Vendeur / Vendeuse en épicerie;Entreprise susceptible de recruter (candidature spontanée);;;Apprentissage, Professionnalisation;;;91241342400017;1;https://labonnealternance.apprentissage.beta.gouv.fr/emploi/recruteurs_lba/91241342400017/une-histoire-de-famille
22.3;ACTION FRANCE;Grande distribution & supermarchés;MCO;Nanteuil-Les-Meaux;77100;AVENUE DE LA FOULEE 77100 NANTEUIL-LES-MEAUX;Autres commerces de détail en magasin non spécialisé;"Employé / Employée de rayon libre-service ; Responsable de boutique ; Hôte / Hôtesse de caisse ; Directeur / Directrice de magasin de grande distribution ; Chef / Cheffe de rayon de produits non alimentaires ; Chef / Cheffe de rayon produits alimentaires";Entreprise susceptible de recruter (candidature spontanée);;;Apprentissage, Professionnalisation;;;75330823800645;6;https://labonnealternance.apprentissage.beta.gouv.fr/emploi/recruteurs_lba/75330823800645/action-france
22.3;AK NUTRITION;Commerce de gros / B2B;MCO;Chauconin-Neufmontiers;77124;3 avenue Roland Moreno 77124 CHAUCONIN-NEUFMONTIERS;Commerce de gros (commerce interentreprises) alimentaire spécialisé divers;"Chef / Cheffe de secteur magasin ; Chef / Cheffe de promotion des ventes";Entreprise susceptible de recruter (candidature spontanée);;;Apprentissage, Professionnalisation;;;89140989800014;2;https://labonnealternance.apprentissage.beta.gouv.fr/emploi/recruteurs_lba/89140989800014/ak-nutrition
22.3;ARMAND THIERY SAS;Mode, chaussures & accessoires;MCO;;;CHAUCONIN-NEUFMONTIERS;Commerce de détail d'habillement en magasin spécialisé;"Vendeur / Vendeuse en prêt-à-porter ; Responsable de boutique ; Hôte / Hôtesse de caisse ; Directeur / Directrice de magasin de grande distribution";Entreprise susceptible de recruter (candidature spontanée);;;Apprentissage, Professionnalisation;;;38062233206057;4;https://labonnealternance.apprentissage.beta.gouv.fr/emploi/recruteurs_lba/38062233206057/armand-thiery-sas
22.3;CARREFOUR CITY;Grande distribution & supermarchés;MCO;Crecy-La-Chapelle;77580;2 RUE DU GENERAL LECLERC 77580 CRECY-LA-CHAPELLE;Supermarchés;"Employé / Employée de rayon libre-service ; Directeur / Directrice de magasin de grande distribution ; Hôte / Hôtesse de caisse ; Responsable de caisses ; Chef / Cheffe de rayon produits alimentaires";Entreprise susceptible de recruter (candidature spontanée);;;Apprentissage, Professionnalisation;;;82290486800038;5;https://labonnealternance.apprentissage.beta.gouv.fr/emploi/recruteurs_lba/82290486800038/carrefour-city
22.3;CARREFOUR MARKET;Grande distribution & supermarchés;MCO;Nanteuil-Les-Meaux;77100;AVENUE DE LA FOULEE 77100 NANTEUIL-LES-MEAUX;Supermarchés;"Employé / Employée de rayon libre-service ; Directeur / Directrice de magasin de grande distribution ; Hôte / Hôtesse de caisse ; Responsable de caisses ; Chef / Cheffe de rayon produits alimentaires";Entreprise susceptible de recruter (candidature spontanée);;;Apprentissage, Professionnalisation;;;44028375207205;5;https://labonnealternance.apprentissage.beta.gouv.fr/emploi/recruteurs_lba/44028375207205/carrefour-market
22.3;CLAIRE'S;Autres commerces de détail;NDRC;Chauconin-Neufmontiers;77124;3 AVENUE ROLAND MORENO 77124 CHAUCONIN-NEUFMONTIERS;Autres commerces de détail spécialisés divers;Responsable relation client (CRM);Entreprise susceptible de recruter (candidature spontanée);;;Apprentissage, Professionnalisation;;;34283741602884;1;https://labonnealternance.apprentissage.beta.gouv.fr/emploi/recruteurs_lba/34283741602884/claire-s
22.3;CONFORAMA FRANCE;Maison, bricolage & jardin;MCO;Nanteuil-Les-Meaux;77100;AVENUE DE LA FOULEE 77100 NANTEUIL-LES-MEAUX;Commerce de détail de meubles;"Vendeur / Vendeuse en équipement de la maison ; Hôte / Hôtesse de caisse";Entreprise susceptible de recruter (candidature spontanée);;;Apprentissage, Professionnalisation;;;41481940900668;2;https://labonnealternance.apprentissage.beta.gouv.fr/emploi/recruteurs_lba/41481940900668/conforama-france
22.3;DECATHLON;Sport, loisirs & culture;MCO + NDRC;Chauconin-Neufmontiers;77124;5 avenue Roland Moreno 77124 CHAUCONIN-NEUFMONTIERS;Commerce de détail d'articles de sport en magasin spécialisé;"Vendeur / Vendeuse d'articles de sport et loisirs ; Hôte / Hôtesse de caisse ; Chef / Cheffe de rayon de produits non alimentaires ; Vendeur / Vendeuse en prêt-à-porter ; Vendeur / Vendeuse grossiste en équipement du foyer";Entreprise susceptible de recruter (candidature spontanée);;;Apprentissage, Professionnalisation;;;50056940503304;5;https://labonnealternance.apprentissage.beta.gouv.fr/emploi/recruteurs_lba/50056940503304/decathlon
22.3;Groupe Autosphere;Automobile & mobilité;MCO + NDRC;Nanteuil-Les-Meaux;77100;19 AVENUE CHARLES DE GAULLE 77100 NANTEUIL-LES-MEAUX;Commerce de voitures et de véhicules automobiles légers;"Vendeur / Vendeuse automobile ; Conseiller / Conseillère client après-vente des véhicules";Entreprise susceptible de recruter (candidature spontanée);;;Apprentissage, Professionnalisation;;;43393958400127;2;https://labonnealternance.apprentissage.beta.gouv.fr/emploi/recruteurs_lba/43393958400127/groupe-autosphere
22.3;KEOS;Automobile & mobilité;MCO + NDRC;Nanteuil-Les-Meaux;77100;19 avenue Charles De Gaulle 77100 NANTEUIL-LES-MEAUX;Commerce de voitures et de véhicules automobiles légers;"Vendeur / Vendeuse automobile ; Conseiller / Conseillère client après-vente des véhicules";Entreprise susceptible de recruter (candidature spontanée);;;Apprentissage, Professionnalisation;;;74545009800074;2;https://labonnealternance.apprentissage.beta.gouv.fr/emploi/recruteurs_lba/74545009800074/keos
22.3;MAISON COUSIN;Boulangerie & métiers de bouche;MCO;Évry-Grégy-Sur-Yerre;77166;1 rue des Perriers 77166 EVRY-GREGY-SUR-YERRE;Boulangerie et boulangerie-pâtisserie;Vendeur / Vendeuse en épicerie;Entreprise susceptible de recruter (candidature spontanée);;;Apprentissage, Professionnalisation;;;89455346000011;1;https://labonnealternance.apprentissage.beta.gouv.fr/emploi/recruteurs_lba/89455346000011/maison-cousin
22.3;NATURE;Commerce de gros / B2B;MCO;Combs-La-Ville;77380;20 BOULEVARD DE L'EUROPE 77380 COMBS-LA-VILLE;Commerce de gros (commerce interentreprises) alimentaire spécialisé divers;"Chef / Cheffe de secteur magasin ; Chef / Cheffe de promotion des ventes";Entreprise susceptible de recruter (candidature spontanée);;;Apprentissage, Professionnalisation;;;32178451400051;2;https://labonnealternance.apprentissage.beta.gouv.fr/emploi/recruteurs_lba/32178451400051/nature
22.3;Okaidi;Mode, chaussures & accessoires;MCO;Chauconin-Neufmontiers;77124;3 avenue Roland Moreno 77124 CHAUCONIN-NEUFMONTIERS;Commerce de détail d'habillement en magasin spécialisé;"Vendeur / Vendeuse en prêt-à-porter ; Responsable de boutique ; Hôte / Hôtesse de caisse ; Directeur / Directrice de magasin de grande distribution";Entreprise susceptible de recruter (candidature spontanée);;;Apprentissage, Professionnalisation;;;39811044503873;4;https://labonnealternance.apprentissage.beta.gouv.fr/emploi/recruteurs_lba/39811044503873/okaidi
22.3;ORCHESTRA PREMAMAN;Mode, chaussures & accessoires;MCO;Chauconin-Neufmontiers;77124;3 AVENUE ROLAND MORENO 77124 CHAUCONIN-NEUFMONTIERS;Commerce de détail d'habillement en magasin spécialisé;"Vendeur / Vendeuse en prêt-à-porter ; Responsable de boutique ; Hôte / Hôtesse de caisse ; Directeur / Directrice de magasin de grande distribution";Entreprise susceptible de recruter (candidature spontanée);;;Apprentissage, Professionnalisation;;;88280858701314;4;https://labonnealternance.apprentissage.beta.gouv.fr/emploi/recruteurs_lba/88280858701314/orchestra-premaman
22.3;TISSUS DES URSULES;Mode, chaussures & accessoires;MCO;Nanteuil-Les-Meaux;77100;9006 AVENUE DE LA FOULEE 77100 NANTEUIL-LES-MEAUX;Commerce de détail de textiles en magasin spécialisé;"Vendeur / Vendeuse en équipement de la maison ; Responsable de boutique ; Vendeur / Vendeuse en prêt-à-porter";Entreprise susceptible de recruter (candidature spontanée);;;Apprentissage, Professionnalisation;;;33994926500617;3;https://labonnealternance.apprentissage.beta.gouv.fr/emploi/recruteurs_lba/33994926500617/tissus-des-ursules
22.3;UNYK SHOES;Mode, chaussures & accessoires;MCO;Chauconin-Neufmontiers;77124;3 AVENUE ROLAND MORENO 77124 CHAUCONIN-NEUFMONTIERS;Commerce de détail de la chaussure;"Responsable de boutique ; Vendeur / Vendeuse en prêt-à-porter ; Vendeur / Vendeuse d'articles de sport et loisirs ; Gérant / Gérante de magasin d'alimentation générale ; Directeur / Directrice de magasin de grande distribution";Entreprise susceptible de recruter (candidature spontanée);;;Apprentissage, Professionnalisation;;;33026769107554;5;https://labonnealternance.apprentissage.beta.gouv.fr/emploi/recruteurs_lba/33026769107554/unyk-shoes
22.4;ANGELINE;Maison, bricolage & jardin;MCO;Crecy-La-Chapelle;77580;21 place du Marche 77580 CRECY-LA-CHAPELLE;Commerce de détail de fleurs, plantes, graines, engrais, animaux de compagnie et aliments pour ces animaux en magasin spécialisé;"Responsable de boutique ; Vendeur / Vendeuse conseil en jardinerie ; Vendeur / Vendeuse en animalerie ; Hôte / Hôtesse de caisse ; Chef / Cheffe de rayon de produits non alimentaires";Entreprise susceptible de recruter (candidature spontanée);;;Apprentissage, Professionnalisation;;;91087972500018;5;https://labonnealternance.apprentissage.beta.gouv.fr/emploi/recruteurs_lba/91087972500018/angeline
22.4;BOUCHERIE DU MARCHE;Boulangerie & métiers de bouche;MCO + NDRC;Crecy-La-Chapelle;77580;5 RUE DU MARCHE 77580 CRECY-LA-CHAPELLE;Commerce de détail de viandes et de produits à base de viande en magasin spécialisé;"Vendeur / Vendeuse en épicerie ; Vendeur / Vendeuse grossiste en produits frais";Entreprise susceptible de recruter (candidature spontanée);;;Apprentissage, Professionnalisation;;;88252717900015;2;https://labonnealternance.apprentissage.beta.gouv.fr/emploi/recruteurs_lba/88252717900015/boucherie-du-marche
22.4;Boulangerie ANGE;Boulangerie & métiers de bouche;MCO;Mareuil-Lès-Meaux;77100;150 ROUTE COTE DE LA JUSTICE 77100 MAREUIL-LES-MEAUX;Boulangerie et boulangerie-pâtisserie;Vendeur / Vendeuse en épicerie;Entreprise susceptible de recruter (candidature spontanée);;;Apprentissage, Professionnalisation;;;79812551400017;1;https://labonnealternance.apprentissage.beta.gouv.fr/emploi/recruteurs_lba/79812551400017/boulangerie-ange
22.4;EVIDENTIEL;Services aux entreprises, conseil & communication;MCO;Bouleurs;77580;5 rue des Roches 77580 BOULEURS;Autre mise à disposition de ressources humaines;Chef / Cheffe de rayon produits alimentaires;Entreprise susceptible de recruter (candidature spontanée);;;Apprentissage, Professionnalisation;;;48500681100072;1;https://labonnealternance.apprentissage.beta.gouv.fr/emploi/recruteurs_lba/48500681100072/evidentiel
22.4;POINT P CIMA;Commerce de gros / B2B;NDRC;Nanteuil-Les-Meaux;77100;13 AVENUE DE LA FOULEE 77100 NANTEUIL-LES-MEAUX;Commerce de gros (commerce interentreprises) de bois et de matériaux de construction;"Technico-commercial / Technico-commerciale ; Commercial itinérant / Commerciale itinérante en entreprise de commerce de gros";Entreprise susceptible de recruter (candidature spontanée);;;Apprentissage, Professionnalisation;;;69568010800948;2;https://labonnealternance.apprentissage.beta.gouv.fr/emploi/recruteurs_lba/69568010800948/point-p-cima
22.5;AUCHAN;Grande distribution & supermarchés;MCO;Chauconin-Neufmontiers;77124;Rue du Lycee 77124 Chauconin-Neufmontiers;Hypermarchés;"Employé / Employée de rayon libre-service ; Hôte / Hôtesse de caisse ; Chef / Cheffe de rayon produits alimentaires ; Vendeur / Vendeuse en épicerie";Entreprise susceptible de recruter (candidature spontanée);;;Apprentissage, Professionnalisation;;;41040946002554;4;https://labonnealternance.apprentissage.beta.gouv.fr/emploi/recruteurs_lba/41040946002554/auchan
22.5;C.I.B. CORINNE INSTITUT BEAUTE;Beauté, santé & parfumerie;MCO;Chauconin-Neufmontiers;77124;Rue du Lycee 77124 Chauconin-Neufmontiers;Commerce de détail de parfumerie et de produits de beauté en magasin spécialisé;"Responsable de boutique ; Employé / Employée de rayon libre-service";Entreprise susceptible de recruter (candidature spontanée);;;Apprentissage, Professionnalisation;;;81409903200017;2;https://labonnealternance.apprentissage.beta.gouv.fr/emploi/recruteurs_lba/81409903200017/c-i-b-corinne-institut-beaute
22.5;CHAUSSEA;Mode, chaussures & accessoires;MCO;Nanteuil-Les-Meaux;77100;75 AVENUE DE LA FOULEE 77100 NANTEUIL-LES-MEAUX;Commerce de détail de la chaussure;"Responsable de boutique ; Vendeur / Vendeuse en prêt-à-porter ; Vendeur / Vendeuse d'articles de sport et loisirs ; Gérant / Gérante de magasin d'alimentation générale ; Directeur / Directrice de magasin de grande distribution";Entreprise susceptible de recruter (candidature spontanée);;;Apprentissage, Professionnalisation;;;33026769104148;5;https://labonnealternance.apprentissage.beta.gouv.fr/emploi/recruteurs_lba/33026769104148/chaussea
22.5;COLOMBIS;Boulangerie & métiers de bouche;MCO;Combs-La-Ville;77380;rue Pierre et Marie Curie 77380 COMBS-LA-VILLE;Commerce de détail de fruits et légumes en magasin spécialisé;"Vendeur / Vendeuse en épicerie ; Employé / Employée de rayon libre-service ; Hôte / Hôtesse de caisse ; Chef / Cheffe de rayon produits alimentaires ; Responsable de caisses";Entreprise susceptible de recruter (candidature spontanée);;;Apprentissage, Professionnalisation;;;48327949300017;5;https://labonnealternance.apprentissage.beta.gouv.fr/emploi/recruteurs_lba/48327949300017/colombis
22.5;COMBS VIANDE;Boulangerie & métiers de bouche;MCO + NDRC;Combs-La-Ville;77380;rue Pierre et Marie Curie 77380 COMBS-LA-VILLE;Commerce de détail de viandes et de produits à base de viande en magasin spécialisé;"Vendeur / Vendeuse en épicerie ; Vendeur / Vendeuse grossiste en produits frais";Entreprise susceptible de recruter (candidature spontanée);;;Apprentissage, Professionnalisation;;;35334037500016;2;https://labonnealternance.apprentissage.beta.gouv.fr/emploi/recruteurs_lba/35334037500016/combs-viande
22.5;HAVIVIANDES;Boulangerie & métiers de bouche;MCO + NDRC;Nanteuil-Les-Meaux;77100;9 avenue de Fridingen 77100 NANTEUIL-LES-MEAUX;Commerce de détail de viandes et de produits à base de viande en magasin spécialisé;"Vendeur / Vendeuse en épicerie ; Vendeur / Vendeuse grossiste en produits frais";Entreprise susceptible de recruter (candidature spontanée);;;Apprentissage, Professionnalisation;;;91442565700022;2;https://labonnealternance.apprentissage.beta.gouv.fr/emploi/recruteurs_lba/91442565700022/haviviandes
22.5;LA FOIR FOUILLE;Maison, bricolage & jardin;MCO;Nanteuil-Les-Meaux;77100;53 AVENUE DE MELUN 77100 NANTEUIL-LES-MEAUX;Commerce de détail de meubles;"Vendeur / Vendeuse en équipement de la maison ; Hôte / Hôtesse de caisse";Entreprise susceptible de recruter (candidature spontanée);;;Apprentissage, Professionnalisation;;;52397023400010;2;https://labonnealternance.apprentissage.beta.gouv.fr/emploi/recruteurs_lba/52397023400010/la-foir-fouille
22.5;LM GARAGE;Automobile & mobilité;MCO + NDRC;Nanteuil-Les-Meaux;77100;10 avenue de Fridingen 77100 NANTEUIL-LES-MEAUX;Commerce de détail d'équipements automobiles;"Conseiller / Conseillère de vente en pièces de rechange et accessoires de véhicules ; Conseiller / Conseillère client après-vente des véhicules";Entreprise susceptible de recruter (candidature spontanée);;;Apprentissage, Professionnalisation;;;94920312900018;2;https://labonnealternance.apprentissage.beta.gouv.fr/emploi/recruteurs_lba/94920312900018/lm-garage
22.5;MAT COIF;Commerce de gros / B2B;NDRC;Combs-La-Ville;77380;rue Pierre et Marie Curie 77380 COMBS-LA-VILLE;Commerce de gros (commerce interentreprises) de fournitures et équipements divers pour le commerce et les services;"Cadre Technico-commercial / Technico-commerciale ; Technico-commercial / Technico-commerciale ; Assistant commercial / Assistante commerciale";Entreprise susceptible de recruter (candidature spontanée);;;Apprentissage, Professionnalisation;;;34290161800054;3;https://labonnealternance.apprentissage.beta.gouv.fr/emploi/recruteurs_lba/34290161800054/mat-coif
22.5;REAUTE CHOCOLATS;Boulangerie & métiers de bouche;MCO + NDRC;Nanteuil-Les-Meaux;77100;75 avenue de la Foulee 77100 NANTEUIL-LES-MEAUX;Commerce de détail de pain, pâtisserie et confiserie en magasin spécialisé;"Vendeur / Vendeuse en épicerie ; Conseiller / Conseillère clientèle à distance";Entreprise susceptible de recruter (candidature spontanée);;;Apprentissage, Professionnalisation;;;80270932900014;2;https://labonnealternance.apprentissage.beta.gouv.fr/emploi/recruteurs_lba/80270932900014/reaute-chocolats
22.5;SERGE PINGUET;Boulangerie & métiers de bouche;MCO;Crecy-La-Chapelle;77580;6 place du Marche 77580 CRECY-LA-CHAPELLE;Boulangerie et boulangerie-pâtisserie;Vendeur / Vendeuse en épicerie;Entreprise susceptible de recruter (candidature spontanée);;;Apprentissage, Professionnalisation;;;34506939700031;1;https://labonnealternance.apprentissage.beta.gouv.fr/emploi/recruteurs_lba/34506939700031/serge-pinguet
22.5;SOCIETE PRIEM;Boulangerie & métiers de bouche;MCO;Bouleurs;77580;1 RUE DU MONT 77580 BOULEURS;Boulangerie et boulangerie-pâtisserie;Vendeur / Vendeuse en épicerie;Entreprise susceptible de recruter (candidature spontanée);;;Apprentissage, Professionnalisation;;;44910525300032;1;https://labonnealternance.apprentissage.beta.gouv.fr/emploi/recruteurs_lba/44910525300032/societe-priem
22.6;KIPFUL;Vente à distance & e-commerce;MCO + NDRC;Combs-La-Ville;77380;17 RUE PIERRE ET MARIE CURIE 77380 COMBS-LA-VILLE;Vente à distance sur catalogue spécialisé;"Conseiller vendeur / Conseillère vendeuse à domicile ; Vendeur / Vendeuse en prêt-à-porter ; Responsable de boutique ; Délégué médical hospitalier / Déléguée médicale hospitalière ; Chargé / Chargée de relation client";Entreprise susceptible de recruter (candidature spontanée);;;Apprentissage, Professionnalisation;;;90410781000023;5;https://labonnealternance.apprentissage.beta.gouv.fr/emploi/recruteurs_lba/90410781000023/kipful
22.7;HPA LOCATIONS;Automobile & mobilité;NDRC;Meaux;77100;64 rue Francois de Tessan 77100 MEAUX;Location de courte durée de voitures et de véhicules automobiles légers;"Agent technico-commercial / Agente technico-commerciale en location de véhicules ; Conseiller / Conseillère client après-vente des véhicules";Entreprise susceptible de recruter (candidature spontanée);;;Apprentissage, Professionnalisation;;;78968775300028;2;https://labonnealternance.apprentissage.beta.gouv.fr/emploi/recruteurs_lba/78968775300028/hpa-locations
22.7;LA COOPERATIVE BIO D'ILE DE FRANCE;Commerce de gros / B2B;NDRC;Combs-La-Ville;77380;2 rue Rene Dumont 77380 COMBS-LA-VILLE;Commerce de gros (commerce interentreprises) de fruits et légumes;Commercial itinérant / Commerciale itinérante en entreprise de commerce de gros;Entreprise susceptible de recruter (candidature spontanée);;;Apprentissage, Professionnalisation;;;80484888500021;1;https://labonnealternance.apprentissage.beta.gouv.fr/emploi/recruteurs_lba/80484888500021/la-cooperative-bio-d-ile-de-france
22.7;SAS INSTITUTE;High-tech, électroménager & télécoms;NDRC;Évry-Grégy-Sur-Yerre;77166;77166 Évry-Grégy-sur-Yerre;EDITION DE LOGICIELS APPLICATIFS;"Responsable Commercial / Commerciale ; Chargé / Chargée de relation client";Entreprise susceptible de recruter (candidature spontanée);;;Apprentissage, Professionnalisation;;;32795710600039;2;https://labonnealternance.apprentissage.beta.gouv.fr/emploi/recruteurs_lba/32795710600039/sas-institute
22.8;ALRICK;Grande distribution & supermarchés;MCO;Combs-La-Ville;77380;2 rue Charles Fabry 77380 COMBS-LA-VILLE;Hypermarchés;"Employé / Employée de rayon libre-service ; Hôte / Hôtesse de caisse ; Chef / Cheffe de rayon produits alimentaires ; Vendeur / Vendeuse en épicerie";Entreprise susceptible de recruter (candidature spontanée);;;Apprentissage, Professionnalisation;;;40318436900029;4;https://labonnealternance.apprentissage.beta.gouv.fr/emploi/recruteurs_lba/40318436900029/alrick
22.9;AGENCE ROUSSEAU;Maison, bricolage & jardin;NDRC;Dammartin-En-Goele;77230;44 RUE DU GENERAL DE GAULLE 77230 DAMMARTIN-EN-GOELE;Administration d'immeubles et autres biens immobiliers;Conseiller / Conseillère immobilier;Entreprise susceptible de recruter (candidature spontanée);;;Apprentissage, Professionnalisation;;;42822869600012;1;https://labonnealternance.apprentissage.beta.gouv.fr/emploi/recruteurs_lba/42822869600012/agence-rousseau
22.9;CLEF JOB 4;Services aux entreprises, conseil & communication;MCO;Meaux;77100;place de la Gare 77100 MEAUX;Autre mise à disposition de ressources humaines;Chef / Cheffe de rayon produits alimentaires;Entreprise susceptible de recruter (candidature spontanée);;;Apprentissage, Professionnalisation;;;83999446400023;1;https://labonnealternance.apprentissage.beta.gouv.fr/emploi/recruteurs_lba/83999446400023/clef-job-4
22.9;HI-TECH DESIGN;Automobile & mobilité;MCO + NDRC;Meaux;77100;23 AVENUE GALLIENI 77100 MEAUX;Commerce de voitures et de véhicules automobiles légers;"Vendeur / Vendeuse automobile ; Conseiller / Conseillère client après-vente des véhicules";Entreprise susceptible de recruter (candidature spontanée);;;Apprentissage, Professionnalisation;;;48957851800016;2;https://labonnealternance.apprentissage.beta.gouv.fr/emploi/recruteurs_lba/48957851800016/hi-tech-design
22.9;MONAGENCEIMMO;Immobilier;NDRC;Dammartin-En-Goele;77230;15 rue du General De Gaulle 77230 DAMMARTIN-EN-GOELE;Agences immobilières;Conseiller / Conseillère immobilier;Entreprise susceptible de recruter (candidature spontanée);;;Apprentissage, Professionnalisation;;;83402297200014;1;https://labonnealternance.apprentissage.beta.gouv.fr/emploi/recruteurs_lba/83402297200014/monagenceimmo
23.0;BH77;Services aux entreprises, conseil & communication;MCO;Meaux;77100;10 rue de Senlis 77100 MEAUX;Autres activités de soutien aux entreprises n.c.a.;Animateur / Animatrice des ventes;Entreprise susceptible de recruter (candidature spontanée);;;Apprentissage, Professionnalisation;;;92001397600013;1;https://labonnealternance.apprentissage.beta.gouv.fr/emploi/recruteurs_lba/92001397600013/bh77
23.0;BNP Paribas;Banque, crédit & assurance;NDRC;Dammartin-En-Goele;77230;80 rue du General De Gaulle 77230 DAMMARTIN-EN-GOELE;Autres intermédiations monétaires;"Conseiller / Conseillère de clientèle bancaire ; Chargé / Chargée d'accueil en banque ; Conseiller / Conseillère en gestion de patrimoine";Entreprise susceptible de recruter (candidature spontanée);;;Apprentissage, Professionnalisation;;;66204244914981;3;https://labonnealternance.apprentissage.beta.gouv.fr/emploi/recruteurs_lba/66204244914981/bnp-paribas
23.0;DES FLEURS A TOUT PRIX;Maison, bricolage & jardin;MCO;Meaux;77100;5 RUE FRANCOIS DE TESSAN 77100 MEAUX;Commerce de détail de fleurs, plantes, graines, engrais, animaux de compagnie et aliments pour ces animaux en magasin spécialisé;"Responsable de boutique ; Vendeur / Vendeuse conseil en jardinerie ; Vendeur / Vendeuse en animalerie ; Hôte / Hôtesse de caisse ; Chef / Cheffe de rayon de produits non alimentaires";Entreprise susceptible de recruter (candidature spontanée);;;Apprentissage, Professionnalisation;;;42957778600016;5;https://labonnealternance.apprentissage.beta.gouv.fr/emploi/recruteurs_lba/42957778600016/des-fleurs-a-tout-prix
23.0;PRESTACARE;Beauté, santé & parfumerie;MCO + NDRC;Dammartin-En-Goele;77230;77 rue du General De Gaulle 77230 DAMMARTIN-EN-GOELE;Commerce de détail d'articles médicaux et orthopédiques en magasin spécialisé;Délégué médical hospitalier / Déléguée médicale hospitalière;Entreprise susceptible de recruter (candidature spontanée);;;Apprentissage, Professionnalisation;;;92045492300029;2;https://labonnealternance.apprentissage.beta.gouv.fr/emploi/recruteurs_lba/92045492300029/prestacare
23.0;YOHANN MOTO SPORT;Automobile & mobilité;NDRC;Meaux;77100;2 RUE DE SENLIS 77100 MEAUX;Commerce et réparation de motocycles;"Conseiller commercial / Conseillère commerciale motocycles ; Conseiller / Conseillère client après-vente des véhicules";Entreprise susceptible de recruter (candidature spontanée);;;Apprentissage, Professionnalisation;;;39439640200015;2;https://labonnealternance.apprentissage.beta.gouv.fr/emploi/recruteurs_lba/39439640200015/yohann-moto-sport
23.1;CARREFOUR CITY;Grande distribution & supermarchés;MCO;Dammartin-En-Goele;77230;23 RUE DE MEAUX 77230 DAMMARTIN-EN-GOELE;Supermarchés;"Employé / Employée de rayon libre-service ; Directeur / Directrice de magasin de grande distribution ; Hôte / Hôtesse de caisse ; Responsable de caisses ; Chef / Cheffe de rayon produits alimentaires";Entreprise susceptible de recruter (candidature spontanée);;;Apprentissage, Professionnalisation;;;81173036500012;5;https://labonnealternance.apprentissage.beta.gouv.fr/emploi/recruteurs_lba/81173036500012/carrefour-city
23.1;La Poste;La Poste & services publics;NDRC;Dammartin-En-Goele;77230;2 avenue du Marechal Leclerc 77230 DAMMARTIN-EN-GOELE;Activités de poste dans le cadre d'une obligation de service universel;Responsable relation client (CRM);Entreprise susceptible de recruter (candidature spontanée);;;Apprentissage, Professionnalisation;;;35600000039018;1;https://labonnealternance.apprentissage.beta.gouv.fr/emploi/recruteurs_lba/35600000039018/la-poste
23.1;SEVESTRE, BOREL ET ASSOCIES;Banque, crédit & assurance;NDRC;Meaux;77100;1 rue de la Grande Ile 77100 MEAUX;Activités des agents et courtiers d'assurances;"Conseiller / Conseillère en assurances ; Conseiller / Conseillère en gestion de patrimoine";Entreprise susceptible de recruter (candidature spontanée);;;Apprentissage, Professionnalisation;;;77570399400043;2;https://labonnealternance.apprentissage.beta.gouv.fr/emploi/recruteurs_lba/77570399400043/sevestre-borel-et-associes
23.1;SOCIETE GENERALE;Banque, crédit & assurance;NDRC;Dammartin-En-Goele;77230;119 RUE DU GENERAL DE GAULLE 77230 DAMMARTIN-EN-GOELE;Autres intermédiations monétaires;"Conseiller / Conseillère de clientèle bancaire ; Chargé / Chargée d'accueil en banque ; Conseiller / Conseillère en gestion de patrimoine";Entreprise susceptible de recruter (candidature spontanée);;;Apprentissage, Professionnalisation;;;55212022207505;3;https://labonnealternance.apprentissage.beta.gouv.fr/emploi/recruteurs_lba/55212022207505/societe-generale
23.2;BOULANGERIE EUGENE;Boulangerie & métiers de bouche;MCO;Soignolles-En-Brie;77111;12 RUE DE CORBEIL 77111 SOIGNOLLES-EN-BRIE;Boulangerie et boulangerie-pâtisserie;Vendeur / Vendeuse en épicerie;Entreprise susceptible de recruter (candidature spontanée);;;Apprentissage, Professionnalisation;;;85279346200015;1;https://labonnealternance.apprentissage.beta.gouv.fr/emploi/recruteurs_lba/85279346200015/boulangerie-eugene
23.2;MATERIEL MEDICAL 77;Beauté, santé & parfumerie;MCO + NDRC;Meaux;77100;65 rue du Commandant Berge 77100 MEAUX;Commerce de détail d'articles médicaux et orthopédiques en magasin spécialisé;Délégué médical hospitalier / Déléguée médicale hospitalière;Entreprise susceptible de recruter (candidature spontanée);;;Apprentissage, Professionnalisation;;;39479509000080;2;https://labonnealternance.apprentissage.beta.gouv.fr/emploi/recruteurs_lba/39479509000080/materiel-medical-77
23.2;TAM GROUPE;Commerce de gros / B2B;NDRC;Lieusaint;77127;2 rue de l Espace Schengen 77127 LIEUSAINT;Commerce de gros (commerce interentreprises) de bois et de matériaux de construction;"Technico-commercial / Technico-commerciale ; Commercial itinérant / Commerciale itinérante en entreprise de commerce de gros";Entreprise susceptible de recruter (candidature spontanée);;;Apprentissage, Professionnalisation;;;31365967400219;2;https://labonnealternance.apprentissage.beta.gouv.fr/emploi/recruteurs_lba/31365967400219/tam-groupe
23.3;AFR FINANCEMENT;Banque, crédit & assurance;NDRC;Meaux;77100;6 rue DES TEINTURIERS 77100 MEAUX;Autres activités auxiliaires de services financiers, hors assurance et caisses de retraite, n.c.a.;"Courtier / Courtière en banque ; Conseiller / Conseillère en gestion de patrimoine";Entreprise susceptible de recruter (candidature spontanée);;;Apprentissage, Professionnalisation;;;83759554500018;2;https://labonnealternance.apprentissage.beta.gouv.fr/emploi/recruteurs_lba/83759554500018/afr-financement
23.3;BITO SYSTEMES;Commerce de gros / B2B;NDRC;Moussy-Le-Neuf;77230;1 avenue des 22 Arpents 77230 MOUSSY-LE-NEUF;Commerce de gros (commerce interentreprises) de fournitures et équipements industriels divers;"Technico-commercial / Technico-commerciale ; Attaché commercial / Attachée commerciale";Entreprise susceptible de recruter (candidature spontanée);;;Apprentissage, Professionnalisation;;;38203504600046;2;https://labonnealternance.apprentissage.beta.gouv.fr/emploi/recruteurs_lba/38203504600046/bito-systemes
23.3;BOUCHERIE DU MARCHE;Boulangerie & métiers de bouche;MCO + NDRC;Meaux;77100;51 rue du Commandant Berge 77100 MEAUX;Commerce de détail de viandes et de produits à base de viande en magasin spécialisé;"Vendeur / Vendeuse en épicerie ; Vendeur / Vendeuse grossiste en produits frais";Entreprise susceptible de recruter (candidature spontanée);;;Apprentissage, Professionnalisation;;;91786588300024;2;https://labonnealternance.apprentissage.beta.gouv.fr/emploi/recruteurs_lba/91786588300024/boucherie-du-marche
23.3;CENTRE SPECIALITES PHARMACEUTIQUES;Commerce de gros / B2B;NDRC;Moussy-Le-Neuf;77230;3 AVENUE DES 22 ARPENTS 77230 MOUSSY-LE-NEUF;Intermédiaires spécialisés dans le commerce d'autres produits spécifiques;"Cadre Technico-commercial / Technico-commerciale ; Technico-commercial / Technico-commerciale ; Attaché commercial / Attachée commerciale";Entreprise susceptible de recruter (candidature spontanée);;;Apprentissage, Professionnalisation;;;85720052100089;3;https://labonnealternance.apprentissage.beta.gouv.fr/emploi/recruteurs_lba/85720052100089/centre-specialites-pharmaceutiques
23.3;KRYS AUDITION;Beauté, santé & parfumerie;MCO + NDRC;Meaux;77100;1 RUE DU COMMANDANT BERGE 77100 MEAUX;Commerce de détail d'articles médicaux et orthopédiques en magasin spécialisé;Délégué médical hospitalier / Déléguée médicale hospitalière;Entreprise susceptible de recruter (candidature spontanée);;;Apprentissage, Professionnalisation;;;85379075600029;2;https://labonnealternance.apprentissage.beta.gouv.fr/emploi/recruteurs_lba/85379075600029/krys-audition
23.3;MONCHAUSSE PASSION ET TRADITION;Boulangerie & métiers de bouche;MCO;Meaux;77100;43 RUE DU COMMANDANT BERGE 77100 MEAUX;Boulangerie et boulangerie-pâtisserie;Vendeur / Vendeuse en épicerie;Entreprise susceptible de recruter (candidature spontanée);;;Apprentissage, Professionnalisation;;;48432584000029;1;https://labonnealternance.apprentissage.beta.gouv.fr/emploi/recruteurs_lba/48432584000029/monchausse-passion-et-tradition
23.3;SOCIETE GENERALE;Banque, crédit & assurance;NDRC;Meaux;77100;16 QUAI VICTOR HUGO 77100 MEAUX;Autres intermédiations monétaires;"Conseiller / Conseillère de clientèle bancaire ; Chargé / Chargée d'accueil en banque ; Conseiller / Conseillère en gestion de patrimoine";Entreprise susceptible de recruter (candidature spontanée);;;Apprentissage, Professionnalisation;;;55212022207463;3;https://labonnealternance.apprentissage.beta.gouv.fr/emploi/recruteurs_lba/55212022207463/societe-generale
23.3;WALDEN DIGITAL FRANCE;High-tech, électroménager & télécoms;NDRC;Moussy-Le-Neuf;77230;3 avenue des 22 Arpents 77230 MOUSSY-LE-NEUF;PROGRAMMATION INFORMATIQUE;Commercial / Commerciale export;Entreprise susceptible de recruter (candidature spontanée);;;Apprentissage, Professionnalisation;;;89242241100033;1;https://labonnealternance.apprentissage.beta.gouv.fr/emploi/recruteurs_lba/89242241100033/walden-digital-france
23.3;XENA CREATION;Maison, bricolage & jardin;MCO;Meaux;77100;5 rue de Martimprey 77100 MEAUX;Commerce de détail de fleurs, plantes, graines, engrais, animaux de compagnie et aliments pour ces animaux en magasin spécialisé;"Responsable de boutique ; Vendeur / Vendeuse conseil en jardinerie ; Vendeur / Vendeuse en animalerie ; Hôte / Hôtesse de caisse ; Chef / Cheffe de rayon de produits non alimentaires";Entreprise susceptible de recruter (candidature spontanée);;;Apprentissage, Professionnalisation;;;52282704700039;5;https://labonnealternance.apprentissage.beta.gouv.fr/emploi/recruteurs_lba/52282704700039/xena-creation
23.4;ACTIF GESTION IMMOBILIER;Maison, bricolage & jardin;NDRC;Meaux;77100;9B AVENUE CLEMENCEAU 77100 MEAUX;Administration d'immeubles et autres biens immobiliers;Conseiller / Conseillère immobilier;Entreprise susceptible de recruter (candidature spontanée);;;Apprentissage, Professionnalisation;;;79344203900012;1;https://labonnealternance.apprentissage.beta.gouv.fr/emploi/recruteurs_lba/79344203900012/actif-gestion-immobilier
23.4;BAMBOU FLEURS;Maison, bricolage & jardin;MCO;Meaux;77100;4 RUE NOTRE DAME 77100 MEAUX;Commerce de détail de fleurs, plantes, graines, engrais, animaux de compagnie et aliments pour ces animaux en magasin spécialisé;"Responsable de boutique ; Vendeur / Vendeuse conseil en jardinerie ; Vendeur / Vendeuse en animalerie ; Hôte / Hôtesse de caisse ; Chef / Cheffe de rayon de produits non alimentaires";Entreprise susceptible de recruter (candidature spontanée);;;Apprentissage, Professionnalisation;;;75386864500023;5;https://labonnealternance.apprentissage.beta.gouv.fr/emploi/recruteurs_lba/75386864500023/bambou-fleurs
23.4;BAO HOLDING;Services aux entreprises, conseil & communication;NDRC;Meaux;77100;11 avenue de la Marne 77100 MEAUX;Activités des sociétés holding;Conseiller / Conseillère immobilier;Entreprise susceptible de recruter (candidature spontanée);;;Apprentissage, Professionnalisation;;;81755446200017;1;https://labonnealternance.apprentissage.beta.gouv.fr/emploi/recruteurs_lba/81755446200017/bao-holding
23.4;BIDA;Boulangerie & métiers de bouche;MCO;Meaux;77100;25 RUE LOUIS BRAILLE 77100 MEAUX;Boulangerie et boulangerie-pâtisserie;Vendeur / Vendeuse en épicerie;Entreprise susceptible de recruter (candidature spontanée);;;Apprentissage, Professionnalisation;;;75243188200014;1;https://labonnealternance.apprentissage.beta.gouv.fr/emploi/recruteurs_lba/75243188200014/bida
23.4;BRED Banque Populaire;Banque, crédit & assurance;NDRC;Meaux;77100;6 QUAI VICTOR HUGO 77100 MEAUX;Autres intermédiations monétaires;"Conseiller / Conseillère de clientèle bancaire ; Chargé / Chargée d'accueil en banque ; Conseiller / Conseillère en gestion de patrimoine";Entreprise susceptible de recruter (candidature spontanée);;;Apprentissage, Professionnalisation;;;55209179501854;3;https://labonnealternance.apprentissage.beta.gouv.fr/emploi/recruteurs_lba/55209179501854/bred-banque-populaire
23.4;CREDIT LYONNAIS;Banque, crédit & assurance;NDRC;Meaux;77100;41 rue du Grand Cerf 77100 MEAUX;Autres intermédiations monétaires;"Conseiller / Conseillère de clientèle bancaire ; Chargé / Chargée d'accueil en banque ; Conseiller / Conseillère en gestion de patrimoine";Entreprise susceptible de recruter (candidature spontanée);;;Apprentissage, Professionnalisation;;;95450974115399;3;https://labonnealternance.apprentissage.beta.gouv.fr/emploi/recruteurs_lba/95450974115399/credit-lyonnais
23.4;DALISSIER;Boulangerie & métiers de bouche;MCO;Meaux;77100;24 rue du Grand Cerf 77100 MEAUX;Pâtisserie;Vendeur / Vendeuse en épicerie;Entreprise susceptible de recruter (candidature spontanée);;;Apprentissage, Professionnalisation;;;95399246800017;1;https://labonnealternance.apprentissage.beta.gouv.fr/emploi/recruteurs_lba/95399246800017/dalissier
23.4;LA MELDOISE;Boulangerie & métiers de bouche;MCO;Meaux;77100;7 rue Darnetal 77100 MEAUX;Boulangerie et boulangerie-pâtisserie;Vendeur / Vendeuse en épicerie;Entreprise susceptible de recruter (candidature spontanée);;;Apprentissage, Professionnalisation;;;85044578400018;1;https://labonnealternance.apprentissage.beta.gouv.fr/emploi/recruteurs_lba/85044578400018/la-meldoise
23.4;LAFORET IMMOBILIER;Immobilier;NDRC;Meaux;77100;2 rue Aristide Briand 77100 MEAUX;Agences immobilières;Conseiller / Conseillère immobilier;Entreprise susceptible de recruter (candidature spontanée);;;Apprentissage, Professionnalisation;;;89879538000010;1;https://labonnealternance.apprentissage.beta.gouv.fr/emploi/recruteurs_lba/89879538000010/laforet-immobilier
23.4;PROSTO Z POLSKI;Boulangerie & métiers de bouche;MCO;Meaux;77100;29 RUE SAINT ETIENNE 77100 MEAUX;Autres commerces de détail alimentaires en magasin spécialisé;"Vendeur / Vendeuse en épicerie ; Employé / Employée de rayon libre-service ; Chef / Cheffe de rayon produits alimentaires ; Responsable de boutique";Entreprise susceptible de recruter (candidature spontanée);;;Apprentissage, Professionnalisation;;;85107654700013;4;https://labonnealternance.apprentissage.beta.gouv.fr/emploi/recruteurs_lba/85107654700013/prosto-z-polski
23.4;SAIME;Maison, bricolage & jardin;MCO;Meaux;77100;12 rue Sauve Delanoue 77100 MEAUX;Commerce de détail de fleurs, plantes, graines, engrais, animaux de compagnie et aliments pour ces animaux en magasin spécialisé;"Responsable de boutique ; Vendeur / Vendeuse conseil en jardinerie ; Vendeur / Vendeuse en animalerie ; Hôte / Hôtesse de caisse ; Chef / Cheffe de rayon de produits non alimentaires";Entreprise susceptible de recruter (candidature spontanée);;;Apprentissage, Professionnalisation;;;83413871100025;5;https://labonnealternance.apprentissage.beta.gouv.fr/emploi/recruteurs_lba/83413871100025/saime
23.5;ADLER SAS;Commerce de gros / B2B;MCO + NDRC;Moussy-Le-Neuf;77230;AVENUE DES 22 ARPENTS 77230 MOUSSY-LE-NEUF;COMMERCE DE GROS (COMMERCE INTERENTREPRISES) DE FOURNITURES POUR LA PLOMBERIE ET LE CHAUFFAGE;"Vendeur / Vendeuse grossiste en équipement du foyer ; Technico-commercial / Technico-commerciale ; Commercial itinérant / Commerciale itinérante en entreprise de commerce de gros";Entreprise susceptible de recruter (candidature spontanée);;;Apprentissage, Professionnalisation;;;56205495700054;3;https://labonnealternance.apprentissage.beta.gouv.fr/emploi/recruteurs_lba/56205495700054/adler-sas
23.5;AU BON PAIN;Boulangerie & métiers de bouche;MCO;Meaux;77100;1 place Paul Emile Victor 77100 MEAUX;Boulangerie et boulangerie-pâtisserie;Vendeur / Vendeuse en épicerie;Entreprise susceptible de recruter (candidature spontanée);;;Apprentissage, Professionnalisation;;;79289053500026;1;https://labonnealternance.apprentissage.beta.gouv.fr/emploi/recruteurs_lba/79289053500026/au-bon-pain
23.5;AUDEBI;High-tech, électroménager & télécoms;MCO;Meaux;77100;19 RUE DU GENERAL LECLERC 77100 MEAUX;Commerce de détail de matériels de télécommunication en magasin spécialisé;"Vendeur / Vendeuse en équipement de la maison ; Conseiller vendeur / Conseillère vendeuse à domicile ; Chef / Cheffe de rayon de produits non alimentaires";Entreprise susceptible de recruter (candidature spontanée);;;Apprentissage, Professionnalisation;;;47890982300062;3;https://labonnealternance.apprentissage.beta.gouv.fr/emploi/recruteurs_lba/47890982300062/audebi
23.5;E.Leclerc;Grande distribution & supermarchés;MCO;Meaux;77100;31 rue du Tan 77100 MEAUX;Commerce d'alimentation générale;"Employé / Employée de rayon libre-service ; Vendeur / Vendeuse en épicerie ; Hôte / Hôtesse de caisse ; Chef / Cheffe de rayon produits alimentaires ; Directeur / Directrice de magasin de grande distribution ; Gérant / Gérante de magasin d'alimentation générale";Entreprise susceptible de recruter (candidature spontanée);;;Apprentissage, Professionnalisation;;;33842168800072;6;https://labonnealternance.apprentissage.beta.gouv.fr/emploi/recruteurs_lba/33842168800072/e-leclerc
23.5;FRANCE TIERS PAYANT;Services aux entreprises, conseil & communication;MCO;Meaux;77100;3 QUAI JACQUES PREVERT 77100 MEAUX;Autres activités de soutien aux entreprises n.c.a.;Animateur / Animatrice des ventes;Entreprise susceptible de recruter (candidature spontanée);;;Apprentissage, Professionnalisation;;;44505019800024;1;https://labonnealternance.apprentissage.beta.gouv.fr/emploi/recruteurs_lba/44505019800024/france-tiers-payant
23.5;FRED. P CHOCOLATIER;Boulangerie & métiers de bouche;MCO + NDRC;Meaux;77100;57 rue du General Leclerc 77100 MEAUX;Commerce de détail de pain, pâtisserie et confiserie en magasin spécialisé;"Vendeur / Vendeuse en épicerie ; Conseiller / Conseillère clientèle à distance";Entreprise susceptible de recruter (candidature spontanée);;;Apprentissage, Professionnalisation;;;79528567500018;2;https://labonnealternance.apprentissage.beta.gouv.fr/emploi/recruteurs_lba/79528567500018/fred-p-chocolatier
23.5;HORLOGERIE JOAILLERIE CANTALOUBE;Mode, chaussures & accessoires;MCO;Meaux;77100;1 rue du Grand Cerf 77100 MEAUX;Commerce de détail d'articles d'horlogerie et de bijouterie en magasin spécialisé;"Vendeur / Vendeuse en prêt-à-porter ; Conseiller vendeur / Conseillère vendeuse à domicile ; Responsable de boutique";Entreprise susceptible de recruter (candidature spontanée);;;Apprentissage, Professionnalisation;;;33105715800015;3;https://labonnealternance.apprentissage.beta.gouv.fr/emploi/recruteurs_lba/33105715800015/horlogerie-joaillerie-cantaloube
23.5;Jeff de Bruges;Boulangerie & métiers de bouche;MCO + NDRC;Meaux;77100;27 rue du General Leclerc 77100 MEAUX;Commerce de détail de pain, pâtisserie et confiserie en magasin spécialisé;"Vendeur / Vendeuse en épicerie ; Conseiller / Conseillère clientèle à distance";Entreprise susceptible de recruter (candidature spontanée);;;Apprentissage, Professionnalisation;;;81846715100028;2;https://labonnealternance.apprentissage.beta.gouv.fr/emploi/recruteurs_lba/81846715100028/jeff-de-bruges
23.5;La Poste;La Poste & services publics;NDRC;Meaux;77100;5 quai Jacques Prevert 77100 MEAUX;Activités de poste dans le cadre d'une obligation de service universel;Responsable relation client (CRM);Entreprise susceptible de recruter (candidature spontanée);;;Apprentissage, Professionnalisation;;;35600000040791;1;https://labonnealternance.apprentissage.beta.gouv.fr/emploi/recruteurs_lba/35600000040791/la-poste
23.5;Orpi;Immobilier;NDRC;Meaux;77100;48 rue de La Creche 77100 MEAUX;Agences immobilières;Conseiller / Conseillère immobilier;Entreprise susceptible de recruter (candidature spontanée);;;Apprentissage, Professionnalisation;;;51885920200021;1;https://labonnealternance.apprentissage.beta.gouv.fr/emploi/recruteurs_lba/51885920200021/orpi
23.5;POMPADOUR;Mode, chaussures & accessoires;MCO;Meaux;77100;38 RUE DU GENERAL LECLERC 77100 MEAUX;Commerce de détail de la chaussure;"Responsable de boutique ; Vendeur / Vendeuse en prêt-à-porter ; Vendeur / Vendeuse d'articles de sport et loisirs ; Gérant / Gérante de magasin d'alimentation générale ; Directeur / Directrice de magasin de grande distribution";Entreprise susceptible de recruter (candidature spontanée);;;Apprentissage, Professionnalisation;;;35303665000011;5;https://labonnealternance.apprentissage.beta.gouv.fr/emploi/recruteurs_lba/35303665000011/pompadour
23.6;ALLIANCE IMMOBILIER;Immobilier;NDRC;Meaux;77100;22 RUE DE LA CRECHE 77100 MEAUX;Agences immobilières;Conseiller / Conseillère immobilier;Entreprise susceptible de recruter (candidature spontanée);;;Apprentissage, Professionnalisation;;;75027457300013;1;https://labonnealternance.apprentissage.beta.gouv.fr/emploi/recruteurs_lba/75027457300013/alliance-immobilier
23.6;BANQUE CIC EST;Banque, crédit & assurance;NDRC;Meaux;77100;2 PLACE HENRI IV 77100 MEAUX;Autres intermédiations monétaires;"Conseiller / Conseillère de clientèle bancaire ; Chargé / Chargée d'accueil en banque ; Conseiller / Conseillère en gestion de patrimoine";Entreprise susceptible de recruter (candidature spontanée);;;Apprentissage, Professionnalisation;;;75480071200350;3;https://labonnealternance.apprentissage.beta.gouv.fr/emploi/recruteurs_lba/75480071200350/banque-cic-est
23.6;BNP Paribas;Banque, crédit & assurance;NDRC;Meaux;77100;1 rue du General Leclerc 77100 MEAUX;Autres intermédiations monétaires;"Conseiller / Conseillère de clientèle bancaire ; Chargé / Chargée d'accueil en banque ; Conseiller / Conseillère en gestion de patrimoine";Entreprise susceptible de recruter (candidature spontanée);;;Apprentissage, Professionnalisation;;;66204244941992;3;https://labonnealternance.apprentissage.beta.gouv.fr/emploi/recruteurs_lba/66204244941992/bnp-paribas
23.6;CERRO- LEVASSEUR;Banque, crédit & assurance;NDRC;Meaux;77100;12 COURS RAOULT 77100 MEAUX;Activités des agents et courtiers d'assurances;"Conseiller / Conseillère en assurances ; Conseiller / Conseillère en gestion de patrimoine";Entreprise susceptible de recruter (candidature spontanée);;;Apprentissage, Professionnalisation;;;84822967000015;2;https://labonnealternance.apprentissage.beta.gouv.fr/emploi/recruteurs_lba/84822967000015/cerro-levasseur
23.6;CITYA PROXIMMONET;Maison, bricolage & jardin;NDRC;Meaux;77100;9 cours Raoult 77100 MEAUX;Administration d'immeubles et autres biens immobiliers;Conseiller / Conseillère immobilier;Entreprise susceptible de recruter (candidature spontanée);;;Apprentissage, Professionnalisation;;;50992851100070;1;https://labonnealternance.apprentissage.beta.gouv.fr/emploi/recruteurs_lba/50992851100070/citya-proximmonet
23.6;DEPREYTERE;Boulangerie & métiers de bouche;MCO;Meaux;77100;3 RUE DU GENERAL LECLERC 77100 MEAUX;Boulangerie et boulangerie-pâtisserie;Vendeur / Vendeuse en épicerie;Entreprise susceptible de recruter (candidature spontanée);;;Apprentissage, Professionnalisation;;;90405729600017;1;https://labonnealternance.apprentissage.beta.gouv.fr/emploi/recruteurs_lba/90405729600017/depreytere
23.6;LA MARNE;Sport, loisirs & culture;NDRC;Meaux;77100;8 PLACE HENRI IV 77100 MEAUX;Édition de revues et périodiques;Commercial / Commerciale grands comptes et entreprises;Entreprise susceptible de recruter (candidature spontanée);;;Apprentissage, Professionnalisation;;;48728001801117;1;https://labonnealternance.apprentissage.beta.gouv.fr/emploi/recruteurs_lba/48728001801117/la-marne
23.6;LE PAVOT;Boulangerie & métiers de bouche;MCO;Meaux;77100;6 place Henri IV 77100 MEAUX;Boulangerie et boulangerie-pâtisserie;Vendeur / Vendeuse en épicerie;Entreprise susceptible de recruter (candidature spontanée);;;Apprentissage, Professionnalisation;;;90320207500011;1;https://labonnealternance.apprentissage.beta.gouv.fr/emploi/recruteurs_lba/90320207500011/le-pavot
23.6;ORAPI HYGIENE;Commerce de gros / B2B;MCO + NDRC;Lieusaint;77127;101 BOULEVARD D ITALIE 77127 LIEUSAINT;Commerce de gros (commerce interentreprises) de vaisselle, verrerie et produits d'entretien;"Chef / Cheffe des ventes ; Commercial / Commerciale grands comptes et entreprises ; Commercial / Commerciale export";Entreprise susceptible de recruter (candidature spontanée);;;Apprentissage, Professionnalisation;;;44031947300458;3;https://labonnealternance.apprentissage.beta.gouv.fr/emploi/recruteurs_lba/44031947300458/orapi-hygiene
23.6;THE STORE;Grande distribution & supermarchés;MCO;Meaux;77100;12 rue du General Leclerc 77100 MEAUX;Autres commerces de détail en magasin non spécialisé;"Employé / Employée de rayon libre-service ; Responsable de boutique ; Hôte / Hôtesse de caisse ; Directeur / Directrice de magasin de grande distribution ; Chef / Cheffe de rayon de produits non alimentaires ; Chef / Cheffe de rayon produits alimentaires";Entreprise susceptible de recruter (candidature spontanée);;;Apprentissage, Professionnalisation;;;85122379200033;6;https://labonnealternance.apprentissage.beta.gouv.fr/emploi/recruteurs_lba/85122379200033/the-store
23.7;F-DGS I;Commerce de gros / B2B;NDRC;Lieusaint;77127;365 avenue de Rio 77127 LIEUSAINT;Commerce de gros (commerce interentreprises) de fournitures et équipements industriels divers;"Technico-commercial / Technico-commerciale ; Attaché commercial / Attachée commerciale";Entreprise susceptible de recruter (candidature spontanée);;;Apprentissage, Professionnalisation;;;49039903700038;2;https://labonnealternance.apprentissage.beta.gouv.fr/emploi/recruteurs_lba/49039903700038/f-dgs-i
23.7;SEPMG HEROS;Banque, crédit & assurance;NDRC;Meaux;77100;43 boulevard Jean Rose 77100 MEAUX;Activités des agents et courtiers d'assurances;"Conseiller / Conseillère en assurances ; Conseiller / Conseillère en gestion de patrimoine";Entreprise susceptible de recruter (candidature spontanée);;;Apprentissage, Professionnalisation;;;88014773100017;2;https://labonnealternance.apprentissage.beta.gouv.fr/emploi/recruteurs_lba/88014773100017/sepmg-heros
23.8;ARES SERVICES;Services aux entreprises, conseil & communication;MCO;Moissy-Cramayel;77550;42 RUE DE L INNOVATION 77550 MOISSY-CRAMAYEL;Autres activités de soutien aux entreprises n.c.a.;Animateur / Animatrice des ventes;Entreprise susceptible de recruter (candidature spontanée);;;Apprentissage, Professionnalisation;;;38768261000226;1;https://labonnealternance.apprentissage.beta.gouv.fr/emploi/recruteurs_lba/38768261000226/ares-services
23.8;BOUCHERIE CHARCUTERIE LES DEUX AMIS;Boulangerie & métiers de bouche;MCO + NDRC;Meaux;77100;64 avenue Henri Dunant 77100 MEAUX;Commerce de détail de viandes et de produits à base de viande en magasin spécialisé;"Vendeur / Vendeuse en épicerie ; Vendeur / Vendeuse grossiste en produits frais";Entreprise susceptible de recruter (candidature spontanée);;;Apprentissage, Professionnalisation;;;91970352000016;2;https://labonnealternance.apprentissage.beta.gouv.fr/emploi/recruteurs_lba/91970352000016/boucherie-charcuterie-les-deux-amis
23.8;CARREFOUR MARKET;Grande distribution & supermarchés;MCO;Cregy-Les-Meaux;77124;RUE EMILE ZOLA 77124 CREGY-LES-MEAUX;Supermarchés;"Employé / Employée de rayon libre-service ; Directeur / Directrice de magasin de grande distribution ; Hôte / Hôtesse de caisse ; Responsable de caisses ; Chef / Cheffe de rayon produits alimentaires";Entreprise susceptible de recruter (candidature spontanée);;;Apprentissage, Professionnalisation;;;84146502400013;5;https://labonnealternance.apprentissage.beta.gouv.fr/emploi/recruteurs_lba/84146502400013/carrefour-market
23.8;WATT EARTH;High-tech, électroménager & télécoms;NDRC;Moissy-Cramayel;77550;42 rue de l Innovation 77550 MOISSY-CRAMAYEL;EDITION DE LOGICIELS APPLICATIFS;"Responsable Commercial / Commerciale ; Chargé / Chargée de relation client";Entreprise susceptible de recruter (candidature spontanée);;;Apprentissage, Professionnalisation;;;83507778500029;2;https://labonnealternance.apprentissage.beta.gouv.fr/emploi/recruteurs_lba/83507778500029/watt-earth
23.9;ADVEO FRANCE;Commerce de gros / B2B;NDRC;Dammartin-En-Goele;77230;route d Eve 77230 DAMMARTIN-EN-GOELE;Commerce de gros (commerce interentreprises) d'ordinateurs, d'équipements informatiques périphériques et de logiciels;Technico-commercial / Technico-commerciale;Entreprise susceptible de recruter (candidature spontanée);;;Apprentissage, Professionnalisation;;;53885120500079;1;https://labonnealternance.apprentissage.beta.gouv.fr/emploi/recruteurs_lba/53885120500079/adveo-france
23.9;CAISSE D'ALLOCATIONS FAMILIALES DE SEINE-ET-MARNE;Grande distribution & supermarchés;NDRC;Meaux;77100;1 AVENUE DE LA REPUBLIQUE 77100 MEAUX;DISTRIBUTION SOCIALE DE REVENUS;Conseiller / Conseillère clientèle à distance;Entreprise susceptible de recruter (candidature spontanée);;;Apprentissage, Professionnalisation;;;78497134300032;1;https://labonnealternance.apprentissage.beta.gouv.fr/emploi/recruteurs_lba/78497134300032/caisse-d-allocations-familiales-de-seine-et-marne
23.9;GTH;Services aux entreprises, conseil & communication;NDRC;Boutigny;77470;1 chemin des Champs Forts 77470 BOUTIGNY;Activités des sociétés holding;Conseiller / Conseillère immobilier;Entreprise susceptible de recruter (candidature spontanée);;;Apprentissage, Professionnalisation;;;90127820000026;1;https://labonnealternance.apprentissage.beta.gouv.fr/emploi/recruteurs_lba/90127820000026/gth
24.0;AGENCE DU PALAIS;Immobilier;NDRC;Meaux;77100;65 RUE ARISTIDE BRIAND 77100 MEAUX;Agences immobilières;Conseiller / Conseillère immobilier;Entreprise susceptible de recruter (candidature spontanée);;;Apprentissage, Professionnalisation;;;83209839600019;1;https://labonnealternance.apprentissage.beta.gouv.fr/emploi/recruteurs_lba/83209839600019/agence-du-palais
24.0;LEVINQUEJAIME;Boulangerie & métiers de bouche;MCO;Meaux;77100;102 RUE DU FAUBOURG SAINT NICOLAS 77100 MEAUX;Commerce de détail de boissons en magasin spécialisé;Vendeur / Vendeuse en épicerie;Entreprise susceptible de recruter (candidature spontanée);;;Apprentissage, Professionnalisation;;;50906479600022;1;https://labonnealternance.apprentissage.beta.gouv.fr/emploi/recruteurs_lba/50906479600022/levinquejaime
24.1;AUTO FRANCE;Automobile & mobilité;MCO + NDRC;Meaux;77100;28 rue Paul Barennes 77100 MEAUX;Commerce de voitures et de véhicules automobiles légers;"Vendeur / Vendeuse automobile ; Conseiller / Conseillère client après-vente des véhicules";Entreprise susceptible de recruter (candidature spontanée);;;Apprentissage, Professionnalisation;;;84269900100017;2;https://labonnealternance.apprentissage.beta.gouv.fr/emploi/recruteurs_lba/84269900100017/auto-france
24.1;IMPORT TOOLS SAILING;Commerce de gros / B2B;NDRC;Dammartin-En-Goele;77230;12 rue des Pres Bouchers 77230 DAMMARTIN-EN-GOELE;Commerce de gros (commerce interentreprises) de bois et de matériaux de construction;"Technico-commercial / Technico-commerciale ; Commercial itinérant / Commerciale itinérante en entreprise de commerce de gros";Entreprise susceptible de recruter (candidature spontanée);;;Apprentissage, Professionnalisation;;;88784792900049;2;https://labonnealternance.apprentissage.beta.gouv.fr/emploi/recruteurs_lba/88784792900049/import-tools-sailing
24.2;KIA;Automobile & mobilité;MCO + NDRC;Meaux;77100;121 avenue du Marechal Foch 77100 MEAUX;Commerce de voitures et de véhicules automobiles légers;"Vendeur / Vendeuse automobile ; Conseiller / Conseillère client après-vente des véhicules";Entreprise susceptible de recruter (candidature spontanée);;;Apprentissage, Professionnalisation;;;50881960400069;2;https://labonnealternance.apprentissage.beta.gouv.fr/emploi/recruteurs_lba/50881960400069/kia
24.3;ALDI MARCHE;Grande distribution & supermarchés;MCO;Dammartin-En-Goele;77230;527 rue Clement Ader 77230 DAMMARTIN-EN-GOELE;Supermarchés;"Employé / Employée de rayon libre-service ; Directeur / Directrice de magasin de grande distribution ; Hôte / Hôtesse de caisse ; Responsable de caisses ; Chef / Cheffe de rayon produits alimentaires";Entreprise susceptible de recruter (candidature spontanée);;;Apprentissage, Professionnalisation;;;41459903500014;5;https://labonnealternance.apprentissage.beta.gouv.fr/emploi/recruteurs_lba/41459903500014/aldi-marche
24.5;ATF GAIA;Commerce de gros / B2B;NDRC;Moissy-Cramayel;77550;564 rue de la Motte 77550 MOISSY-CRAMAYEL;Commerce de gros (commerce interentreprises) d'ordinateurs, d'équipements informatiques périphériques et de logiciels;Technico-commercial / Technico-commerciale;Entreprise susceptible de recruter (candidature spontanée);;;Apprentissage, Professionnalisation;;;50491500000013;1;https://labonnealternance.apprentissage.beta.gouv.fr/emploi/recruteurs_lba/50491500000013/atf-gaia
24.5;La Poste;La Poste & services publics;NDRC;Moissy-Cramayel;77550;2000 route Departementale 57 77550 MOISSY-CRAMAYEL;Activités de poste dans le cadre d'une obligation de service universel;Responsable relation client (CRM);Entreprise susceptible de recruter (candidature spontanée);;;Apprentissage, Professionnalisation;;;35600000040881;1;https://labonnealternance.apprentissage.beta.gouv.fr/emploi/recruteurs_lba/35600000040881/la-poste
24.5;SELECTOURAFAT;Tourisme & transport;MCO;Meaux;77100;30 AVENUE DU PRESIDENT ROOSEVELT 77100 MEAUX;Activités des agences de voyage;"Employé / Employée de rayon libre-service ; Hôte / Hôtesse de caisse";Entreprise susceptible de recruter (candidature spontanée);;;Apprentissage, Professionnalisation;;;79509004200024;2;https://labonnealternance.apprentissage.beta.gouv.fr/emploi/recruteurs_lba/79509004200024/selectourafat
24.6;LES ROIS DU PNEU;Commerce de gros / B2B;MCO + NDRC;Saint-Soupplets;77165;13 avenue du Montboulon 77165 SAINT-SOUPPLETS;Commerce de gros d'équipements automobiles;Vendeur / Vendeuse grossiste en équipement du foyer;Entreprise susceptible de recruter (candidature spontanée);;;Apprentissage, Professionnalisation;;;83905493900021;1;https://labonnealternance.apprentissage.beta.gouv.fr/emploi/recruteurs_lba/83905493900021/les-rois-du-pneu
24.6;SOLC SOCIETE LOGISTIQUE CULTURELLE;Sport, loisirs & culture;MCO;Moissy-Cramayel;77550;avenue Paul Delouvrier 77550 MOISSY-CRAMAYEL;Commerce de détail de livres en magasin spécialisé;"Vendeur / Vendeuse de produits culturels et ludiques ; Hôte / Hôtesse de caisse ; Chef / Cheffe de rayon de produits non alimentaires";Entreprise susceptible de recruter (candidature spontanée);;;Apprentissage, Professionnalisation;;;98229184100012;3;https://labonnealternance.apprentissage.beta.gouv.fr/emploi/recruteurs_lba/98229184100012/solc-societe-logistique-culturelle
24.7;DISTRIPATES GESTION ET PARTICIPATIONS;Commerce de gros / B2B;MCO;Saint-Soupplets;77165;2 Rue de la Clochette 77165 Saint-Soupplets;Commerce de gros (commerce interentreprises) de produits surgelés;Chef / Cheffe de secteur magasin;Entreprise susceptible de recruter (candidature spontanée);;;Apprentissage, Professionnalisation;;;38411294200048;1;https://labonnealternance.apprentissage.beta.gouv.fr/emploi/recruteurs_lba/38411294200048/distripates-gestion-et-participations
24.7;La Poste;La Poste & services publics;NDRC;Moissy-Cramayel;77550;9001 rue de la Motte 77550 MOISSY-CRAMAYEL;Activités de poste dans le cadre d'une obligation de service universel;Responsable relation client (CRM);Entreprise susceptible de recruter (candidature spontanée);;;Apprentissage, Professionnalisation;;;35600000041470;1;https://labonnealternance.apprentissage.beta.gouv.fr/emploi/recruteurs_lba/35600000041470/la-poste
24.8;Gueudet 1880;Automobile & mobilité;MCO + NDRC;Meaux;77100;81 avenue du President Roosevelt 77100 MEAUX;Commerce de voitures et de véhicules automobiles légers;"Vendeur / Vendeuse automobile ; Conseiller / Conseillère client après-vente des véhicules";Entreprise susceptible de recruter (candidature spontanée);;;Apprentissage, Professionnalisation;;;74695017900059;2;https://labonnealternance.apprentissage.beta.gouv.fr/emploi/recruteurs_lba/74695017900059/gueudet-1880
24.9;LA SQUADRA;Commerce de gros / B2B;NDRC;Saint-Soupplets;77165;9 RUE DU MARECHAL GALLIENI 77165 SAINT-SOUPPLETS;Commerce de gros (commerce interentreprises) de fruits et légumes;Commercial itinérant / Commerciale itinérante en entreprise de commerce de gros;Entreprise susceptible de recruter (candidature spontanée);;;Apprentissage, Professionnalisation;;;80252252400015;1;https://labonnealternance.apprentissage.beta.gouv.fr/emploi/recruteurs_lba/80252252400015/la-squadra
24.9;SEET;Commerce de gros / B2B;NDRC;Meaux;77100;42 avenue des Sablons Bouillants 77100 MEAUX;Commerce de gros (commerce interentreprises) de fournitures et équipements industriels divers;"Technico-commercial / Technico-commerciale ; Attaché commercial / Attachée commerciale";Entreprise susceptible de recruter (candidature spontanée);;;Apprentissage, Professionnalisation;;;34308874600064;2;https://labonnealternance.apprentissage.beta.gouv.fr/emploi/recruteurs_lba/34308874600064/seet
25.0;BOUCHERIE DU CENTRE;Boulangerie & métiers de bouche;MCO + NDRC;Moissy-Cramayel;77550;46 place du 14 Juillet 1789 77550 MOISSY-CRAMAYEL;Commerce de détail de viandes et de produits à base de viande en magasin spécialisé;"Vendeur / Vendeuse en épicerie ; Vendeur / Vendeuse grossiste en produits frais";Entreprise susceptible de recruter (candidature spontanée);;;Apprentissage, Professionnalisation;;;49103431000012;2;https://labonnealternance.apprentissage.beta.gouv.fr/emploi/recruteurs_lba/49103431000012/boucherie-du-centre
25.0;BOULANGERIE DE LA PLACE;Boulangerie & métiers de bouche;MCO;Moissy-Cramayel;77550;62 place du 14 Juillet 1789 77550 MOISSY-CRAMAYEL;Boulangerie et boulangerie-pâtisserie;Vendeur / Vendeuse en épicerie;Entreprise susceptible de recruter (candidature spontanée);;;Apprentissage, Professionnalisation;;;83053467300017;1;https://labonnealternance.apprentissage.beta.gouv.fr/emploi/recruteurs_lba/83053467300017/boulangerie-de-la-place
25.0;CEDEO;Commerce de gros / B2B;MCO + NDRC;Meaux;77100;11 AVENUE DE L'EPINETTE 77100 MEAUX;COMMERCE DE GROS (COMMERCE INTERENTREPRISES) DE FOURNITURES POUR LA PLOMBERIE ET LE CHAUFFAGE;"Vendeur / Vendeuse grossiste en équipement du foyer ; Technico-commercial / Technico-commerciale ; Commercial itinérant / Commerciale itinérante en entreprise de commerce de gros";Entreprise susceptible de recruter (candidature spontanée);;;Apprentissage, Professionnalisation;;;57214188507247;3;https://labonnealternance.apprentissage.beta.gouv.fr/emploi/recruteurs_lba/57214188507247/cedeo
25.0;EKMEK 1;Boulangerie & métiers de bouche;MCO;Meaux;77100;7 avenue de la Victoire 77100 MEAUX;Boulangerie et boulangerie-pâtisserie;Vendeur / Vendeuse en épicerie;Entreprise susceptible de recruter (candidature spontanée);;;Apprentissage, Professionnalisation;;;82956503500013;1;https://labonnealternance.apprentissage.beta.gouv.fr/emploi/recruteurs_lba/82956503500013/ekmek-1
25.0;G20;Grande distribution & supermarchés;MCO;Moissy-Cramayel;77550;65 rue de la Liberte 77550 MOISSY-CRAMAYEL;Supermarchés;"Employé / Employée de rayon libre-service ; Directeur / Directrice de magasin de grande distribution ; Hôte / Hôtesse de caisse ; Responsable de caisses ; Chef / Cheffe de rayon produits alimentaires";Entreprise susceptible de recruter (candidature spontanée);;;Apprentissage, Professionnalisation;;;87862948400014;5;https://labonnealternance.apprentissage.beta.gouv.fr/emploi/recruteurs_lba/87862948400014/g20
25.0;J&J BOULANGERIE;Boulangerie & métiers de bouche;MCO;Fontenay-Trésigny;77610;39 RUE BERTAUX 77610 FONTENAY-TRESIGNY;Boulangerie et boulangerie-pâtisserie;Vendeur / Vendeuse en épicerie;Entreprise susceptible de recruter (candidature spontanée);;;Apprentissage, Professionnalisation;;;87939091200019;1;https://labonnealternance.apprentissage.beta.gouv.fr/emploi/recruteurs_lba/87939091200019/j-j-boulangerie
25.0;MAOLIC;Services aux entreprises, conseil & communication;MCO + NDRC;Lieusaint;77127;23 avenue Rene Cassin 77127 LIEUSAINT;CONSEIL EN RELATIONS PUBLIQUES ET COMMUNICATION;"Animateur / Animatrice des ventes ; Commercial / Commerciale auprès d'une clientèle d'entreprises";Entreprise susceptible de recruter (candidature spontanée);;;Apprentissage, Professionnalisation;;;84977756000020;2;https://labonnealternance.apprentissage.beta.gouv.fr/emploi/recruteurs_lba/84977756000020/maolic
25.0;MAVI MARKET;Grande distribution & supermarchés;MCO;Meaux;77100;7 avenue de la Victoire 77100 MEAUX;Commerce d'alimentation générale;"Employé / Employée de rayon libre-service ; Vendeur / Vendeuse en épicerie ; Hôte / Hôtesse de caisse ; Chef / Cheffe de rayon produits alimentaires ; Directeur / Directrice de magasin de grande distribution ; Gérant / Gérante de magasin d'alimentation générale";Entreprise susceptible de recruter (candidature spontanée);;;Apprentissage, Professionnalisation;;;82015216300037;6;https://labonnealternance.apprentissage.beta.gouv.fr/emploi/recruteurs_lba/82015216300037/mavi-market
25.1;AGENCE DES SOURCES;Immobilier;NDRC;Fontenay-Trésigny;77610;20 RUE BERTAUX 77610 FONTENAY-TRESIGNY;Agences immobilières;Conseiller / Conseillère immobilier;Entreprise susceptible de recruter (candidature spontanée);;;Apprentissage, Professionnalisation;;;44532414800011;1;https://labonnealternance.apprentissage.beta.gouv.fr/emploi/recruteurs_lba/44532414800011/agence-des-sources
25.1;BOULANGERIE BEAUVAL;Boulangerie & métiers de bouche;MCO;Meaux;77100;Chemin de Beauval 77100 Meaux;Boulangerie et boulangerie-pâtisserie;Vendeur / Vendeuse en épicerie;Entreprise susceptible de recruter (candidature spontanée);;;Apprentissage, Professionnalisation;;;82184858700019;1;https://labonnealternance.apprentissage.beta.gouv.fr/emploi/recruteurs_lba/82184858700019/boulangerie-beauval
25.1;COUTIS;Grande distribution & supermarchés;MCO;Othis;77280;Avenue du 8 Mai 1945 77280 Othis;Hypermarchés;"Employé / Employée de rayon libre-service ; Hôte / Hôtesse de caisse ; Chef / Cheffe de rayon produits alimentaires ; Vendeur / Vendeuse en épicerie";Entreprise susceptible de recruter (candidature spontanée);;;Apprentissage, Professionnalisation;;;39095284400012;4;https://labonnealternance.apprentissage.beta.gouv.fr/emploi/recruteurs_lba/39095284400012/coutis
25.1;CTRE REGIONAL INFORMATION IMMOBILIERE;Immobilier;NDRC;Moissy-Cramayel;77550;134 AVENUE PHILIPPE BUR 77550 MOISSY-CRAMAYEL;Agences immobilières;Conseiller / Conseillère immobilier;Entreprise susceptible de recruter (candidature spontanée);;;Apprentissage, Professionnalisation;;;78725137000120;1;https://labonnealternance.apprentissage.beta.gouv.fr/emploi/recruteurs_lba/78725137000120/ctre-regional-information-immobiliere
25.1;DFLEURS AU NATUREL;Maison, bricolage & jardin;MCO;Moissy-Cramayel;77550;1 place du Souvenir 77550 MOISSY-CRAMAYEL;Commerce de détail de fleurs, plantes, graines, engrais, animaux de compagnie et aliments pour ces animaux en magasin spécialisé;"Responsable de boutique ; Vendeur / Vendeuse conseil en jardinerie ; Vendeur / Vendeuse en animalerie ; Hôte / Hôtesse de caisse ; Chef / Cheffe de rayon de produits non alimentaires";Entreprise susceptible de recruter (candidature spontanée);;;Apprentissage, Professionnalisation;;;90416925700022;5;https://labonnealternance.apprentissage.beta.gouv.fr/emploi/recruteurs_lba/90416925700022/dfleurs-au-naturel
25.1;KORIMMO;Immobilier;NDRC;Fontenay-Trésigny;77610;25 RUE BERTAUX 77610 FONTENAY-TRESIGNY;Agences immobilières;Conseiller / Conseillère immobilier;Entreprise susceptible de recruter (candidature spontanée);;;Apprentissage, Professionnalisation;;;48311016900032;1;https://labonnealternance.apprentissage.beta.gouv.fr/emploi/recruteurs_lba/48311016900032/korimmo
25.1;La Poste;La Poste & services publics;NDRC;Moissy-Cramayel;77550;321 avenue Philippe Bur 77550 MOISSY-CRAMAYEL;Activités de poste dans le cadre d'une obligation de service universel;Responsable relation client (CRM);Entreprise susceptible de recruter (candidature spontanée);;;Apprentissage, Professionnalisation;;;35600000041466;1;https://labonnealternance.apprentissage.beta.gouv.fr/emploi/recruteurs_lba/35600000041466/la-poste
25.1;SOCIETE GENERALE;Banque, crédit & assurance;NDRC;Moissy-Cramayel;77550;34 AVENUE PHILIPPE BUR 77550 MOISSY-CRAMAYEL;Autres intermédiations monétaires;"Conseiller / Conseillère de clientèle bancaire ; Chargé / Chargée d'accueil en banque ; Conseiller / Conseillère en gestion de patrimoine";Entreprise susceptible de recruter (candidature spontanée);;;Apprentissage, Professionnalisation;;;55212022222785;3;https://labonnealternance.apprentissage.beta.gouv.fr/emploi/recruteurs_lba/55212022222785/societe-generale
25.1;ZZ AUTOS;Automobile & mobilité;MCO + NDRC;Meaux;77100;28 AVENUE DE LA VICTOIRE 77100 MEAUX;Commerce de voitures et de véhicules automobiles légers;"Vendeur / Vendeuse automobile ; Conseiller / Conseillère client après-vente des véhicules";Entreprise susceptible de recruter (candidature spontanée);;;Apprentissage, Professionnalisation;;;91532405700016;2;https://labonnealternance.apprentissage.beta.gouv.fr/emploi/recruteurs_lba/91532405700016/zz-autos
25.2;APPLE RETAIL FRANCE EURL;High-tech, électroménager & télécoms;MCO + NDRC;Lieusaint;77127;77127 Lieusaint;Commerce de détail d'ordinateurs, d'unités périphériques et de logiciels en magasin spécialisé;"Vendeur / Vendeuse en équipement de la maison ; Consultant / Consultante avant-vente ; Technico-commercial / Technico-commerciale";Entreprise susceptible de recruter (candidature spontanée);;;Apprentissage, Professionnalisation;;;48320938300130;3;https://labonnealternance.apprentissage.beta.gouv.fr/emploi/recruteurs_lba/48320938300130/apple-retail-france-eurl
25.2;AUREIS FORMATION;Mode, chaussures & accessoires;MCO;Paris;75020;322 RUE DES PYRENEES 75020 PARIS;Commerce de détail de textiles, d'habillement et de chaussures sur éventaires et marchés;Vendeur / Vendeuse en accessoires de la personne;Offre publiée sur La bonne alternance;Vendeur / Vendeuse en accessoires de la personne;BTS, DEUST (Bac+2);Apprentissage;2026-05-21;Oui;;1;https://labonnealternance.apprentissage.beta.gouv.fr/emploi/offres_emploi_lba/6a0eedef72c43f5f4dd8d099/vendeur-vendeuse-en-accessoires-de-la-personne
25.2;CALZEDONIA;Mode, chaussures & accessoires;MCO;Lieusaint;77127;77127 Lieusaint;Commerce de détail d'habillement en magasin spécialisé;"Vendeur / Vendeuse en prêt-à-porter ; Responsable de boutique ; Hôte / Hôtesse de caisse ; Directeur / Directrice de magasin de grande distribution";Entreprise susceptible de recruter (candidature spontanée);;;Apprentissage, Professionnalisation;;;51509956200347;4;https://labonnealternance.apprentissage.beta.gouv.fr/emploi/recruteurs_lba/51509956200347/calzedonia
25.2;CELIO - CELIO CLUB;Mode, chaussures & accessoires;MCO;Lieusaint;77127;77127 Lieusaint;Commerce de détail d'habillement en magasin spécialisé;"Vendeur / Vendeuse en prêt-à-porter ; Responsable de boutique ; Hôte / Hôtesse de caisse ; Directeur / Directrice de magasin de grande distribution";Entreprise susceptible de recruter (candidature spontanée);;;Apprentissage, Professionnalisation;;;31333485605958;4;https://labonnealternance.apprentissage.beta.gouv.fr/emploi/recruteurs_lba/31333485605958/celio-celio-club
25.2;CLAIRE'S ACCESSOIRES;Autres commerces de détail;NDRC;Lieusaint;77127;77127 Lieusaint;Autres commerces de détail spécialisés divers;Responsable relation client (CRM);Entreprise susceptible de recruter (candidature spontanée);;;Apprentissage, Professionnalisation;;;34283741601027;1;https://labonnealternance.apprentissage.beta.gouv.fr/emploi/recruteurs_lba/34283741601027/claire-s-accessoires
25.2;CREDIT LYONNAIS;Banque, crédit & assurance;NDRC;Lieusaint;77127;77127 Lieusaint;Autres intermédiations monétaires;"Conseiller / Conseillère de clientèle bancaire ; Chargé / Chargée d'accueil en banque ; Conseiller / Conseillère en gestion de patrimoine";Entreprise susceptible de recruter (candidature spontanée);;;Apprentissage, Professionnalisation;;;95450974133012;3;https://labonnealternance.apprentissage.beta.gouv.fr/emploi/recruteurs_lba/95450974133012/credit-lyonnais
25.2;Cultura;Sport, loisirs & culture;MCO;Lieusaint;77127;77127 Lieusaint;Commerce de détail de livres en magasin spécialisé;"Vendeur / Vendeuse de produits culturels et ludiques ; Hôte / Hôtesse de caisse ; Chef / Cheffe de rayon de produits non alimentaires";Entreprise susceptible de recruter (candidature spontanée);;;Apprentissage, Professionnalisation;;;51978079500315;3;https://labonnealternance.apprentissage.beta.gouv.fr/emploi/recruteurs_lba/51978079500315/cultura
25.2;DARTY CARRE SENART;High-tech, électroménager & télécoms;MCO + NDRC;Lieusaint;77127;77127 Lieusaint;Commerce de détail d'appareils électroménagers en magasin spécialisé;"Vendeur / Vendeuse en équipement de la maison ; Conseiller commercial / Conseillère commerciale auprès des particuliers ; Responsable relation client (CRM)";Entreprise susceptible de recruter (candidature spontanée);;;Apprentissage, Professionnalisation;;;54208661600977;3;https://labonnealternance.apprentissage.beta.gouv.fr/emploi/recruteurs_lba/54208661600977/darty-carre-senart
25.2;DEVRED;Mode, chaussures & accessoires;MCO;Lieusaint;77127;77127 Lieusaint;Commerce de détail d'habillement en magasin spécialisé;"Vendeur / Vendeuse en prêt-à-porter ; Responsable de boutique ; Hôte / Hôtesse de caisse ; Directeur / Directrice de magasin de grande distribution";Entreprise susceptible de recruter (candidature spontanée);;;Apprentissage, Professionnalisation;;;34294896501862;4;https://labonnealternance.apprentissage.beta.gouv.fr/emploi/recruteurs_lba/34294896501862/devred
25.2;DM IMMO;Services aux entreprises, conseil & communication;NDRC;Lieusaint;77127;11 AVENUE PIERRE POINT 77127 LIEUSAINT;Supports juridiques de programmes;Assistant commercial / Assistante commerciale;Entreprise susceptible de recruter (candidature spontanée);;;Apprentissage, Professionnalisation;;;47768823800039;1;https://labonnealternance.apprentissage.beta.gouv.fr/emploi/recruteurs_lba/47768823800039/dm-immo
25.2;DOCKERS;Mode, chaussures & accessoires;MCO;Lieusaint;77127;77127 Lieusaint;Commerce de détail d'habillement en magasin spécialisé;"Vendeur / Vendeuse en prêt-à-porter ; Responsable de boutique ; Hôte / Hôtesse de caisse ; Directeur / Directrice de magasin de grande distribution";Entreprise susceptible de recruter (candidature spontanée);;;Apprentissage, Professionnalisation;;;41076690100285;4;https://labonnealternance.apprentissage.beta.gouv.fr/emploi/recruteurs_lba/41076690100285/dockers
25.2;H&M HENNES & MAURITZ;Mode, chaussures & accessoires;MCO;Lieusaint;77127;77127 Lieusaint;Commerce de détail d'habillement en magasin spécialisé;"Vendeur / Vendeuse en prêt-à-porter ; Responsable de boutique ; Hôte / Hôtesse de caisse ; Directeur / Directrice de magasin de grande distribution";Entreprise susceptible de recruter (candidature spontanée);;;Apprentissage, Professionnalisation;;;39897931000453;4;https://labonnealternance.apprentissage.beta.gouv.fr/emploi/recruteurs_lba/39897931000453/h-m-hennes-mauritz
25.2;HISTOIRE D OR LA BOUTIQUE;Mode, chaussures & accessoires;MCO;Lieusaint;77127;77127 Lieusaint;Commerce de détail d'articles d'horlogerie et de bijouterie en magasin spécialisé;"Vendeur / Vendeuse en prêt-à-porter ; Conseiller vendeur / Conseillère vendeuse à domicile ; Responsable de boutique";Entreprise susceptible de recruter (candidature spontanée);;;Apprentissage, Professionnalisation;;;37958790000968;3;https://labonnealternance.apprentissage.beta.gouv.fr/emploi/recruteurs_lba/37958790000968/histoire-d-or-la-boutique
25.2;JACADI;Mode, chaussures & accessoires;MCO;Lieusaint;77127;77127 Lieusaint;Commerce de détail d'habillement en magasin spécialisé;"Vendeur / Vendeuse en prêt-à-porter ; Responsable de boutique ; Hôte / Hôtesse de caisse ; Directeur / Directrice de magasin de grande distribution";Entreprise susceptible de recruter (candidature spontanée);;;Apprentissage, Professionnalisation;;;83097947200024;4;https://labonnealternance.apprentissage.beta.gouv.fr/emploi/recruteurs_lba/83097947200024/jacadi
25.2;JD SPORT;Sport, loisirs & culture;MCO + NDRC;Lieusaint;77127;77127 Lieusaint;Commerce de détail d'articles de sport en magasin spécialisé;"Vendeur / Vendeuse d'articles de sport et loisirs ; Hôte / Hôtesse de caisse ; Chef / Cheffe de rayon de produits non alimentaires ; Vendeur / Vendeuse en prêt-à-porter ; Vendeur / Vendeuse grossiste en équipement du foyer";Entreprise susceptible de recruter (candidature spontanée);;;Apprentissage, Professionnalisation;;;35116448801392;5;https://labonnealternance.apprentissage.beta.gouv.fr/emploi/recruteurs_lba/35116448801392/jd-sport
25.2;JENNYFER;Mode, chaussures & accessoires;MCO;Lieusaint;77127;77127 Lieusaint;Commerce de détail d'habillement en magasin spécialisé;"Vendeur / Vendeuse en prêt-à-porter ; Responsable de boutique ; Hôte / Hôtesse de caisse ; Directeur / Directrice de magasin de grande distribution";Entreprise susceptible de recruter (candidature spontanée);;;Apprentissage, Professionnalisation;;;33888018001387;4;https://labonnealternance.apprentissage.beta.gouv.fr/emploi/recruteurs_lba/33888018001387/jennyfer
25.2;KIABI;Mode, chaussures & accessoires;MCO;Lieusaint;77127;77127 Lieusaint;Commerce de détail d'habillement en magasin spécialisé;"Vendeur / Vendeuse en prêt-à-porter ; Responsable de boutique ; Hôte / Hôtesse de caisse ; Directeur / Directrice de magasin de grande distribution";Entreprise susceptible de recruter (candidature spontanée);;;Apprentissage, Professionnalisation;;;34410327001666;4;https://labonnealternance.apprentissage.beta.gouv.fr/emploi/recruteurs_lba/34410327001666/kiabi
25.2;LA GRANDE RECRE;Sport, loisirs & culture;MCO + NDRC;Lieusaint;77127;77127 Lieusaint;Commerce de détail de jeux et jouets en magasin spécialisé;"Vendeur / Vendeuse de produits culturels et ludiques ; Hôte / Hôtesse de caisse ; Responsable de boutique ; Employé / Employée de rayon libre-service ; Directeur / Directrice des ventes ; Conseiller commercial / Conseillère commerciale auprès des particuliers";Entreprise susceptible de recruter (candidature spontanée);;;Apprentissage, Professionnalisation;;;95290846500117;6;https://labonnealternance.apprentissage.beta.gouv.fr/emploi/recruteurs_lba/95290846500117/la-grande-recre
25.2;NATURE DECOUVERTES;Autres commerces de détail;NDRC;Lieusaint;77127;77127 Lieusaint;Autres commerces de détail spécialisés divers;Responsable relation client (CRM);Entreprise susceptible de recruter (candidature spontanée);;;Apprentissage, Professionnalisation;;;37870267400573;1;https://labonnealternance.apprentissage.beta.gouv.fr/emploi/recruteurs_lba/37870267400573/nature-decouvertes
25.2;ORCHESTRA PREMAMAN;Mode, chaussures & accessoires;MCO;Lieusaint;77127;77127 Lieusaint;Commerce de détail d'habillement en magasin spécialisé;"Vendeur / Vendeuse en prêt-à-porter ; Responsable de boutique ; Hôte / Hôtesse de caisse ; Directeur / Directrice de magasin de grande distribution";Entreprise susceptible de recruter (candidature spontanée);;;Apprentissage, Professionnalisation;;;88280858700811;4;https://labonnealternance.apprentissage.beta.gouv.fr/emploi/recruteurs_lba/88280858700811/orchestra-premaman
25.2;PIERRE DE CHINE;Commerce de gros / B2B;NDRC;Meaux;77100;30 avenue de l Epinette 77100 MEAUX;Commerce de gros (commerce interentreprises) non spécialisé;"Technico-commercial / Technico-commerciale ; Assistant commercial / Assistante commerciale ; Conseiller / Conseillère en gestion de patrimoine";Entreprise susceptible de recruter (candidature spontanée);;;Apprentissage, Professionnalisation;;;44404461400048;3;https://labonnealternance.apprentissage.beta.gouv.fr/emploi/recruteurs_lba/44404461400048/pierre-de-chine
25.2;PULL & BEAR;Mode, chaussures & accessoires;MCO;Lieusaint;77127;77127 Lieusaint;Commerce de détail d'habillement en magasin spécialisé;"Vendeur / Vendeuse en prêt-à-porter ; Responsable de boutique ; Hôte / Hôtesse de caisse ; Directeur / Directrice de magasin de grande distribution";Entreprise susceptible de recruter (candidature spontanée);;;Apprentissage, Professionnalisation;;;48055714900329;4;https://labonnealternance.apprentissage.beta.gouv.fr/emploi/recruteurs_lba/48055714900329/pull-bear
25.2;REGAL MEAUX;Boulangerie & métiers de bouche;MCO;Meaux;77100;42 allee Jean Louis Barrault 77100 MEAUX;Pâtisserie;Vendeur / Vendeuse en épicerie;Entreprise susceptible de recruter (candidature spontanée);;;Apprentissage, Professionnalisation;;;50396309200021;1;https://labonnealternance.apprentissage.beta.gouv.fr/emploi/recruteurs_lba/50396309200021/regal-meaux
25.2;RITUALS;Beauté, santé & parfumerie;MCO;Lieusaint;77127;77127 Lieusaint;Commerce de détail de parfumerie et de produits de beauté en magasin spécialisé;"Responsable de boutique ; Employé / Employée de rayon libre-service";Entreprise susceptible de recruter (candidature spontanée);;;Apprentissage, Professionnalisation;;;80454467400133;2;https://labonnealternance.apprentissage.beta.gouv.fr/emploi/recruteurs_lba/80454467400133/rituals
25.2;SMYTHS TOYS SUPERSTORES;Sport, loisirs & culture;MCO + NDRC;Lieusaint;77127;77127 Lieusaint;Commerce de détail de jeux et jouets en magasin spécialisé;"Vendeur / Vendeuse de produits culturels et ludiques ; Hôte / Hôtesse de caisse ; Responsable de boutique ; Employé / Employée de rayon libre-service ; Directeur / Directrice des ventes ; Conseiller commercial / Conseillère commerciale auprès des particuliers";Entreprise susceptible de recruter (candidature spontanée);;;Apprentissage, Professionnalisation;;;91289292400131;6;https://labonnealternance.apprentissage.beta.gouv.fr/emploi/recruteurs_lba/91289292400131/smyths-toys-superstores
25.2;THE BODY SHOP CENTRE COMMERCIAL;Beauté, santé & parfumerie;MCO;Lieusaint;77127;77127 Lieusaint;Commerce de détail de parfumerie et de produits de beauté en magasin spécialisé;"Responsable de boutique ; Employé / Employée de rayon libre-service";Entreprise susceptible de recruter (candidature spontanée);;;Apprentissage, Professionnalisation;;;41408388100329;2;https://labonnealternance.apprentissage.beta.gouv.fr/emploi/recruteurs_lba/41408388100329/the-body-shop-centre-commercial
25.2;UNION STAR COMPANY;Mode, chaussures & accessoires;MCO;Lieusaint;77127;77127 Lieusaint;Commerce de détail d'habillement en magasin spécialisé;"Vendeur / Vendeuse en prêt-à-porter ; Responsable de boutique ; Hôte / Hôtesse de caisse ; Directeur / Directrice de magasin de grande distribution";Entreprise susceptible de recruter (candidature spontanée);;;Apprentissage, Professionnalisation;;;44234260600013;4;https://labonnealternance.apprentissage.beta.gouv.fr/emploi/recruteurs_lba/44234260600013/union-star-company
25.2;VIESSMANN FRANCE;Commerce de gros / B2B;MCO + NDRC;Lieusaint;77127;77127 Lieusaint;COMMERCE DE GROS (COMMERCE INTERENTREPRISES) DE FOURNITURES POUR LA PLOMBERIE ET LE CHAUFFAGE;"Vendeur / Vendeuse grossiste en équipement du foyer ; Technico-commercial / Technico-commerciale ; Commercial itinérant / Commerciale itinérante en entreprise de commerce de gros";Entreprise susceptible de recruter (candidature spontanée);;;Apprentissage, Professionnalisation;;;49339111400136;3;https://labonnealternance.apprentissage.beta.gouv.fr/emploi/recruteurs_lba/49339111400136/viessmann-france
25.3;AJ BAKERY;Boulangerie & métiers de bouche;MCO;Fontenay-Trésigny;77610;18 avenue du General De Gaulle 77610 FONTENAY-TRESIGNY;Boulangerie et boulangerie-pâtisserie;Vendeur / Vendeuse en épicerie;Entreprise susceptible de recruter (candidature spontanée);;;Apprentissage, Professionnalisation;;;98420915500014;1;https://labonnealternance.apprentissage.beta.gouv.fr/emploi/recruteurs_lba/98420915500014/aj-bakery
25.3;BANQUE CIC EST;Banque, crédit & assurance;NDRC;Fontenay-Trésigny;77610;AVENUE DU GENERAL DE GAULLE 77610 FONTENAY-TRESIGNY;Autres intermédiations monétaires;"Conseiller / Conseillère de clientèle bancaire ; Chargé / Chargée d'accueil en banque ; Conseiller / Conseillère en gestion de patrimoine";Entreprise susceptible de recruter (candidature spontanée);;;Apprentissage, Professionnalisation;;;75480071203172;3;https://labonnealternance.apprentissage.beta.gouv.fr/emploi/recruteurs_lba/75480071203172/banque-cic-est
25.3;CARREFOUR CITY;Grande distribution & supermarchés;MCO;Othis;77280;77280 Othis;Supermarchés;"Employé / Employée de rayon libre-service ; Directeur / Directrice de magasin de grande distribution ; Responsable de caisses ; Hôte / Hôtesse de caisse ; Chef / Cheffe de rayon produits alimentaires";Entreprise susceptible de recruter (candidature spontanée);;;Apprentissage, Professionnalisation;;;80926267800034;5;https://labonnealternance.apprentissage.beta.gouv.fr/emploi/recruteurs_lba/80926267800034/carrefour-city
25.3;LA TRADITION DE SAINT-SOUPPLETS;Boulangerie & métiers de bouche;MCO;Saint-Soupplets;77165;70 RUE DU GENERAL MAUNOURY 77165 SAINT-SOUPPLETS;Boulangerie et boulangerie-pâtisserie;Vendeur / Vendeuse en épicerie;Entreprise susceptible de recruter (candidature spontanée);;;Apprentissage, Professionnalisation;;;91137243100013;1;https://labonnealternance.apprentissage.beta.gouv.fr/emploi/recruteurs_lba/91137243100013/la-tradition-de-saint-soupplets
25.3;LOCAKASE MEAUX;Immobilier;NDRC;Meaux;77100;26 RUE PASCAL 77100 MEAUX;LOCATION DE TERRAINS ET D'AUTRES BIENS IMMOBILIERS;"Conseiller / Conseillère immobilier ; Conseiller commercial / Conseillère commerciale auprès des particuliers";Entreprise susceptible de recruter (candidature spontanée);;;Apprentissage, Professionnalisation;;;80282159500021;2;https://labonnealternance.apprentissage.beta.gouv.fr/emploi/recruteurs_lba/80282159500021/locakase-meaux
25.3;MAXIMO 20;Autres;MCO + NDRC;Saint-Soupplets;77165;77165 Saint-Soupplets;Vente à domicile;"Conseiller vendeur / Conseillère vendeuse à domicile ; Conseiller commercial / Conseillère commerciale auprès des particuliers";Entreprise susceptible de recruter (candidature spontanée);;;Apprentissage, Professionnalisation;;;40320696400260;2;https://labonnealternance.apprentissage.beta.gouv.fr/emploi/recruteurs_lba/40320696400260/maximo-20
25.4;ALEX DIFFUSION;Services aux entreprises, conseil & communication;MCO;Meaux;77100;22 BOULEVARD DU CHEVALIER BAYARD 77100 MEAUX;Autres activités de soutien aux entreprises n.c.a.;Animateur / Animatrice des ventes;Entreprise susceptible de recruter (candidature spontanée);;;Apprentissage, Professionnalisation;;;83176462600022;1;https://labonnealternance.apprentissage.beta.gouv.fr/emploi/recruteurs_lba/83176462600022/alex-diffusion
25.4;Gueudet 1880;Automobile & mobilité;MCO + NDRC;Meaux;77100;19 Rue Edouard Branly 77100 Meaux;Commerce de voitures et de véhicules automobiles légers;"Vendeur / Vendeuse automobile ; Conseiller / Conseillère client après-vente des véhicules";Entreprise susceptible de recruter (candidature spontanée);;;Apprentissage, Professionnalisation;;;74695017900125;2;https://labonnealternance.apprentissage.beta.gouv.fr/emploi/recruteurs_lba/74695017900125/gueudet-1880
25.4;HOWDENS CUISINES;Commerce de gros / B2B;NDRC;Meaux;77100;1 rue Jehan de Brie 77100 MEAUX;Commerce de gros (commerce interentreprises) non spécialisé;"Technico-commercial / Technico-commerciale ; Assistant commercial / Assistante commerciale ; Conseiller / Conseillère en gestion de patrimoine";Entreprise susceptible de recruter (candidature spontanée);;;Apprentissage, Professionnalisation;;;47758896600788;3;https://labonnealternance.apprentissage.beta.gouv.fr/emploi/recruteurs_lba/47758896600788/howdens-cuisines
25.4;MAISON CLEMENT;Boulangerie & métiers de bouche;MCO;Othis;77280;centre Commercial la Jalaise 77280 OTHIS;Boulangerie et boulangerie-pâtisserie;Vendeur / Vendeuse en épicerie;Entreprise susceptible de recruter (candidature spontanée);;;Apprentissage, Professionnalisation;;;87818794700014;1;https://labonnealternance.apprentissage.beta.gouv.fr/emploi/recruteurs_lba/87818794700014/maison-clement
25.4;REYNAERS ALUMINIUM;Commerce de gros / B2B;NDRC;Lieusaint;77127;rue Victor Cousin 77127 LIEUSAINT;Commerce de gros (commerce interentreprises) de bois et de matériaux de construction;"Technico-commercial / Technico-commerciale ; Commercial itinérant / Commerciale itinérante en entreprise de commerce de gros";Entreprise susceptible de recruter (candidature spontanée);;;Apprentissage, Professionnalisation;;;39922726300155;2;https://labonnealternance.apprentissage.beta.gouv.fr/emploi/recruteurs_lba/39922726300155/reynaers-aluminium
25.5;Action;Grande distribution & supermarchés;MCO;Meaux;77100;avenue des Comtes de Champagne 77100 MEAUX;Autres commerces de détail en magasin non spécialisé;"Employé / Employée de rayon libre-service ; Responsable de boutique ; Hôte / Hôtesse de caisse ; Directeur / Directrice de magasin de grande distribution ; Chef / Cheffe de rayon de produits non alimentaires ; Chef / Cheffe de rayon produits alimentaires";Entreprise susceptible de recruter (candidature spontanée);;;Apprentissage, Professionnalisation;;;75330823801452;6;https://labonnealternance.apprentissage.beta.gouv.fr/emploi/recruteurs_lba/75330823801452/action
25.5;ALLIANCE AUTOMOTIVE PARIS NORD CENTRE;Commerce de gros / B2B;MCO + NDRC;Meaux;77100;9bis Rue Ampère 77100 Meaux;Commerce de gros d'équipements automobiles;Vendeur / Vendeuse grossiste en équipement du foyer;Entreprise susceptible de recruter (candidature spontanée);;;Apprentissage, Professionnalisation;;;31651298700579;1;https://labonnealternance.apprentissage.beta.gouv.fr/emploi/recruteurs_lba/31651298700579/alliance-automotive-paris-nord-centre
25.5;DARTY;High-tech, électroménager & télécoms;MCO + NDRC;Meaux;77100;71 AVENUE DE LA VICTOIRE 77100 MEAUX;Commerce de détail d'appareils électroménagers en magasin spécialisé;"Vendeur / Vendeuse en équipement de la maison ; Conseiller commercial / Conseillère commerciale auprès des particuliers ; Responsable relation client (CRM)";Entreprise susceptible de recruter (candidature spontanée);;;Apprentissage, Professionnalisation;;;91746100600020;3;https://labonnealternance.apprentissage.beta.gouv.fr/emploi/recruteurs_lba/91746100600020/darty
25.5;ETABLISSEMENTS COLORINE;Commerce de gros / B2B;MCO + NDRC;Meaux;77100;RUE AMPERE 77100 MEAUX;Commerce de gros (commerce interentreprises) d'appareils sanitaires et de produits de décoration;"Vendeur / Vendeuse grossiste en équipement du foyer ; Technico-commercial / Technico-commerciale ; Commercial / Commerciale auprès d'une clientèle d'entreprises ; Attaché commercial / Attachée commerciale";Entreprise susceptible de recruter (candidature spontanée);;;Apprentissage, Professionnalisation;;;77569293200202;4;https://labonnealternance.apprentissage.beta.gouv.fr/emploi/recruteurs_lba/77569293200202/etablissements-colorine
25.5;FL PROTECTION INCENDIE;Commerce de gros / B2B;MCO + NDRC;Meaux;77100;4 Rue de la Bauve 77100 Meaux;Commerce de gros (commerce interentreprises) de matériel électrique;"Vendeur / Vendeuse grossiste en équipement du foyer ; Technico-commercial / Technico-commerciale";Entreprise susceptible de recruter (candidature spontanée);;;Apprentissage, Professionnalisation;;;84188714400027;2;https://labonnealternance.apprentissage.beta.gouv.fr/emploi/recruteurs_lba/84188714400027/fl-protection-incendie
25.5;FPR AUTOMOBILES;Automobile & mobilité;MCO + NDRC;Meaux;77100;7 RUE AMPERE 77100 MEAUX;Commerce de voitures et de véhicules automobiles légers;"Vendeur / Vendeuse automobile ; Conseiller / Conseillère client après-vente des véhicules";Entreprise susceptible de recruter (candidature spontanée);;;Apprentissage, Professionnalisation;;;53873924400027;2;https://labonnealternance.apprentissage.beta.gouv.fr/emploi/recruteurs_lba/53873924400027/fpr-automobiles
25.5;GE ILE-DE-FRANCE;Services aux entreprises, conseil & communication;MCO;Lieusaint;77127;9 GEORGES CHARPARK 77127 LIEUSAINT;Autre mise à disposition de ressources humaines;Chef / Cheffe de rayon produits alimentaires;Entreprise susceptible de recruter (candidature spontanée);;;Apprentissage, Professionnalisation;;;82166659100036;1;https://labonnealternance.apprentissage.beta.gouv.fr/emploi/recruteurs_lba/82166659100036/ge-ile-de-france
25.5;PADD;Sport, loisirs & culture;MCO + NDRC;Meaux;77100;71 AVENUE DE LA VICTOIRE 77100 MEAUX;Commerce de détail d'articles de sport en magasin spécialisé;"Vendeur / Vendeuse d'articles de sport et loisirs ; Hôte / Hôtesse de caisse ; Chef / Cheffe de rayon de produits non alimentaires ; Vendeur / Vendeuse en prêt-à-porter ; Vendeur / Vendeuse grossiste en équipement du foyer";Entreprise susceptible de recruter (candidature spontanée);;;Apprentissage, Professionnalisation;;;50786422100027;5;https://labonnealternance.apprentissage.beta.gouv.fr/emploi/recruteurs_lba/50786422100027/padd
25.5;SNC LIDEL;Grande distribution & supermarchés;MCO;Meaux;77100;63 avenue de la Victoire 77100 MEAUX;Supermarchés;"Employé / Employée de rayon libre-service ; Directeur / Directrice de magasin de grande distribution ; Responsable de caisses ; Hôte / Hôtesse de caisse ; Chef / Cheffe de rayon produits alimentaires";Entreprise susceptible de recruter (candidature spontanée);;;Apprentissage, Professionnalisation;;;34326262220170;5;https://labonnealternance.apprentissage.beta.gouv.fr/emploi/recruteurs_lba/34326262220170/snc-lidel
25.5;START PEOPLE;Immobilier;NDRC;Lieusaint;77127;11 rue Georges Charpak 77127 LIEUSAINT;LOCATION DE TERRAINS ET D'AUTRES BIENS IMMOBILIERS;"Conseiller / Conseillère immobilier ; Conseiller commercial / Conseillère commerciale auprès des particuliers";Entreprise susceptible de recruter (candidature spontanée);;;Apprentissage, Professionnalisation;;;33999316405954;2;https://labonnealternance.apprentissage.beta.gouv.fr/emploi/recruteurs_lba/33999316405954/start-people
25.6;AD AUMERLE VL;Commerce de gros / B2B;MCO + NDRC;Meaux;77100;AVENUE DE L EPINETTE 77100 MEAUX;Commerce de gros d'équipements automobiles;Vendeur / Vendeuse grossiste en équipement du foyer;Entreprise susceptible de recruter (candidature spontanée);;;Apprentissage, Professionnalisation;;;31549327000252;1;https://labonnealternance.apprentissage.beta.gouv.fr/emploi/recruteurs_lba/31549327000252/ad-aumerle-vl
25.6;HORN;Commerce de gros / B2B;NDRC;Lieusaint;77127;665 AVENUE BLAISE PASCAL 77127 LIEUSAINT;Commerce de gros (commerce interentreprises) de fournitures et équipements industriels divers;"Technico-commercial / Technico-commerciale ; Attaché commercial / Attachée commerciale";Entreprise susceptible de recruter (candidature spontanée);;;Apprentissage, Professionnalisation;;;50254243400035;2;https://labonnealternance.apprentissage.beta.gouv.fr/emploi/recruteurs_lba/50254243400035/horn
25.7;BUROLIKE;Commerce de gros / B2B;MCO + NDRC;Moissy-Cramayel;77550;601 avenue Blaise Pascal 77550 MOISSY-CRAMAYEL;COMMERCE DE GROS (COMMERCE INTERENTREPRISES) D'AUTRES BIENS DOMESTIQUES;"Assistant / Assistante administration des ventes ; Assistant commercial / Assistante commerciale";Entreprise susceptible de recruter (candidature spontanée);;;Apprentissage, Professionnalisation;;;79178702100033;2;https://labonnealternance.apprentissage.beta.gouv.fr/emploi/recruteurs_lba/79178702100033/burolike
25.7;TAM GROUPE (SIEGE);Commerce de gros / B2B;NDRC;Moissy-Cramayel;77550;357 avenue Albert Einstein 77550 MOISSY-CRAMAYEL;Commerce de gros (commerce interentreprises) de bois et de matériaux de construction;"Technico-commercial / Technico-commerciale ; Commercial itinérant / Commerciale itinérante en entreprise de commerce de gros";Entreprise susceptible de recruter (candidature spontanée);;;Apprentissage, Professionnalisation;;;31365967400029;2;https://labonnealternance.apprentissage.beta.gouv.fr/emploi/recruteurs_lba/31365967400029/tam-groupe-siege
25.8;ECOKLIMA;Commerce de gros / B2B;NDRC;Moissy-Cramayel;77550;450 AVENUE BLAISE PASCAL 77550 MOISSY-CRAMAYEL;Commerce de gros (commerce interentreprises) de fournitures et équipements divers pour le commerce et les services;"Cadre Technico-commercial / Technico-commerciale ; Technico-commercial / Technico-commerciale ; Assistant commercial / Assistante commerciale";Entreprise susceptible de recruter (candidature spontanée);;;Apprentissage, Professionnalisation;;;45159029300036;3;https://labonnealternance.apprentissage.beta.gouv.fr/emploi/recruteurs_lba/45159029300036/ecoklima
25.8;MR.POELE;Maison, bricolage & jardin;MCO + NDRC;Meaux;77100;32 Rue Alexandre Volta 77100 Meaux;Commerce de détail d'autres équipements du foyer;"Vendeur / Vendeuse en équipement de la maison ; Employé / Employée de rayon libre-service ; Responsable de boutique ; Hôte / Hôtesse de caisse ; Vendeur / Vendeuse grossiste en équipement du foyer ; Conseiller commercial / Conseillère commerciale auprès des particuliers";Entreprise susceptible de recruter (candidature spontanée);;;Apprentissage, Professionnalisation;;;91771013900010;6;https://labonnealternance.apprentissage.beta.gouv.fr/emploi/recruteurs_lba/91771013900010/mr-poele
25.8;NORAUTO;Automobile & mobilité;MCO + NDRC;Meaux;77100;RUE GEORGES CLAUDE 77100 MEAUX;Commerce de détail d'équipements automobiles;"Conseiller / Conseillère de vente en pièces de rechange et accessoires de véhicules ; Conseiller / Conseillère client après-vente des véhicules";Entreprise susceptible de recruter (candidature spontanée);;;Apprentissage, Professionnalisation;;;48047015201218;2;https://labonnealternance.apprentissage.beta.gouv.fr/emploi/recruteurs_lba/48047015201218/norauto
25.8;PUM;Commerce de gros / B2B;NDRC;Moissy-Cramayel;77550;231 AVENUE ALBERT EINSTEIN 77550 MOISSY-CRAMAYEL;Commerce de gros (commerce interentreprises) de fournitures et équipements industriels divers;"Technico-commercial / Technico-commerciale ; Attaché commercial / Attachée commerciale";Entreprise susceptible de recruter (candidature spontanée);;;Apprentissage, Professionnalisation;;;32044110800430;2;https://labonnealternance.apprentissage.beta.gouv.fr/emploi/recruteurs_lba/32044110800430/pum
25.8;SODIMEAUX;Grande distribution & supermarchés;MCO;Meaux;77100;3 rue Georges Claude 77100 MEAUX;Hypermarchés;"Employé / Employée de rayon libre-service ; Hôte / Hôtesse de caisse ; Chef / Cheffe de rayon produits alimentaires ; Vendeur / Vendeuse en épicerie";Entreprise susceptible de recruter (candidature spontanée);;;Apprentissage, Professionnalisation;;;33842168800015;4;https://labonnealternance.apprentissage.beta.gouv.fr/emploi/recruteurs_lba/33842168800015/sodimeaux
25.8;YOOLIZ IDF;Banque, crédit & assurance;NDRC;Othis;77280;13 rue du Poteau Rouge 77280 OTHIS;Autres activités auxiliaires de services financiers, hors assurance et caisses de retraite, n.c.a.;"Courtier / Courtière en banque ; Conseiller / Conseillère en gestion de patrimoine";Entreprise susceptible de recruter (candidature spontanée);;;Apprentissage, Professionnalisation;;;91024703000018;2;https://labonnealternance.apprentissage.beta.gouv.fr/emploi/recruteurs_lba/91024703000018/yooliz-idf
25.9;DAYTON PROGRESS SA;Commerce de gros / B2B;NDRC;Meaux;77100;105 AVENUE DE L'EPINETTE 77100 MEAUX;Commerce de gros (commerce interentreprises) de fournitures et équipements industriels divers;"Technico-commercial / Technico-commerciale ; Attaché commercial / Attachée commerciale";Entreprise susceptible de recruter (candidature spontanée);;;Apprentissage, Professionnalisation;;;77570377000021;2;https://labonnealternance.apprentissage.beta.gouv.fr/emploi/recruteurs_lba/77570377000021/dayton-progress-sa
25.9;FULL'STREET;High-tech, électroménager & télécoms;NDRC;Meaux;77100;30 RUE PIERRE BRASSEUR 77100 MEAUX;PROGRAMMATION INFORMATIQUE;Commercial / Commerciale export;Entreprise susceptible de recruter (candidature spontanée);;;Apprentissage, Professionnalisation;;;84910480700029;1;https://labonnealternance.apprentissage.beta.gouv.fr/emploi/recruteurs_lba/84910480700029/full-street
25.9;IHMO;Grande distribution & supermarchés;MCO;Saint-Soupplets;77165;17 rue de la Chevee 77165 SAINT-SOUPPLETS;Autres commerces de détail en magasin non spécialisé;"Employé / Employée de rayon libre-service ; Responsable de boutique ; Hôte / Hôtesse de caisse ; Directeur / Directrice de magasin de grande distribution ; Chef / Cheffe de rayon de produits non alimentaires ; Chef / Cheffe de rayon produits alimentaires";Entreprise susceptible de recruter (candidature spontanée);;;Apprentissage, Professionnalisation;;;98226584500015;6;https://labonnealternance.apprentissage.beta.gouv.fr/emploi/recruteurs_lba/98226584500015/ihmo
25.9;LE COMPTOIR;Commerce de gros / B2B;MCO + NDRC;Meaux;77100;10 rue des Clos 77100 MEAUX;COMMERCE DE GROS (COMMERCE INTERENTREPRISES) DE FOURNITURES POUR LA PLOMBERIE ET LE CHAUFFAGE;"Vendeur / Vendeuse grossiste en équipement du foyer ; Technico-commercial / Technico-commerciale ; Commercial itinérant / Commerciale itinérante en entreprise de commerce de gros";Entreprise susceptible de recruter (candidature spontanée);;;Apprentissage, Professionnalisation;;;31886877500038;3;https://labonnealternance.apprentissage.beta.gouv.fr/emploi/recruteurs_lba/31886877500038/le-comptoir
25.9;OOPTIMUS;High-tech, électroménager & télécoms;NDRC;Meaux;77100;10 RUE DES CLOS 77100 MEAUX;PROGRAMMATION INFORMATIQUE;Commercial / Commerciale export;Entreprise susceptible de recruter (candidature spontanée);;;Apprentissage, Professionnalisation;;;87851873700019;1;https://labonnealternance.apprentissage.beta.gouv.fr/emploi/recruteurs_lba/87851873700019/ooptimus
25.9;TECHSTAR MEAUX BY AUTOSPHERE;Automobile & mobilité;MCO + NDRC;Meaux;77100;137 AVENUE DE LA VICTOIRE 77100 MEAUX;Commerce de voitures et de véhicules automobiles légers;"Vendeur / Vendeuse automobile ; Conseiller / Conseillère client après-vente des véhicules";Entreprise susceptible de recruter (candidature spontanée);;;Apprentissage, Professionnalisation;;;41459356600014;2;https://labonnealternance.apprentissage.beta.gouv.fr/emploi/recruteurs_lba/41459356600014/techstar-meaux-by-autosphere
25.9;WEECARS;Automobile & mobilité;MCO + NDRC;Meaux;77100;45 rue Gutenberg 77100 MEAUX;Commerce de voitures et de véhicules automobiles légers;"Vendeur / Vendeuse automobile ; Conseiller / Conseillère client après-vente des véhicules";Entreprise susceptible de recruter (candidature spontanée);;;Apprentissage, Professionnalisation;;;91082124800028;2;https://labonnealternance.apprentissage.beta.gouv.fr/emploi/recruteurs_lba/91082124800028/weecars
26.0;CASH MARKET;Grande distribution & supermarchés;MCO;Moissy-Cramayel;77550;213 AVENUE BLAISE PASCAL 77550 MOISSY-CRAMAYEL;Supermarchés;"Employé / Employée de rayon libre-service ; Directeur / Directrice de magasin de grande distribution ; Hôte / Hôtesse de caisse ; Responsable de caisses ; Chef / Cheffe de rayon produits alimentaires";Entreprise susceptible de recruter (candidature spontanée);;;Apprentissage, Professionnalisation;;;88861383300019;5;https://labonnealternance.apprentissage.beta.gouv.fr/emploi/recruteurs_lba/88861383300019/cash-market
26.0;DESAUTEL;Commerce de gros / B2B;NDRC;Lieusaint;77127;333 avenue Marguerite Perey 77127 LIEUSAINT;Commerce de gros (commerce interentreprises) de fournitures et équipements industriels divers;"Technico-commercial / Technico-commerciale ; Attaché commercial / Attachée commerciale";Entreprise susceptible de recruter (candidature spontanée);;;Apprentissage, Professionnalisation;;;95550398200584;2;https://labonnealternance.apprentissage.beta.gouv.fr/emploi/recruteurs_lba/95550398200584/desautel
26.0;ELIKYA BEAUTY;Beauté, santé & parfumerie;MCO;Fontenay-Trésigny;77610;9 ROUTE DE CHAUBUISSON 77610 FONTENAY-TRESIGNY;Commerce de détail de parfumerie et de produits de beauté en magasin spécialisé;"Responsable de boutique ; Employé / Employée de rayon libre-service";Entreprise susceptible de recruter (candidature spontanée);;;Apprentissage, Professionnalisation;;;87853458500020;2;https://labonnealternance.apprentissage.beta.gouv.fr/emploi/recruteurs_lba/87853458500020/elikya-beauty
26.0;EXPERLIFT;Commerce de gros / B2B;NDRC;Lieusaint;77127;333 AVENUE MARGUERITE PEREY 77127 LIEUSAINT;Commerce de gros (commerce interentreprises) de fournitures et équipements industriels divers;"Technico-commercial / Technico-commerciale ; Attaché commercial / Attachée commerciale";Entreprise susceptible de recruter (candidature spontanée);;;Apprentissage, Professionnalisation;;;48062795900038;2;https://labonnealternance.apprentissage.beta.gouv.fr/emploi/recruteurs_lba/48062795900038/experlift
26.0;FOURNIL 77;Commerce de gros / B2B;NDRC;Fontenay-Trésigny;77610;9 RUE DU BOIS DU ROY 77610 FONTENAY-TRESIGNY;Commerce de gros (commerce interentreprises) de fournitures et équipements divers pour le commerce et les services;"Cadre Technico-commercial / Technico-commerciale ; Technico-commercial / Technico-commerciale ; Assistant commercial / Assistante commerciale";Entreprise susceptible de recruter (candidature spontanée);;;Apprentissage, Professionnalisation;;;34061331400038;3;https://labonnealternance.apprentissage.beta.gouv.fr/emploi/recruteurs_lba/34061331400038/fournil-77
26.0;GARDNER DENVER FRANCE;Commerce de gros / B2B;NDRC;Moissy-Cramayel;77550;70 avenue Albert Einstein 77550 MOISSY-CRAMAYEL;Commerce de gros (commerce interentreprises) de fournitures et équipements industriels divers;"Technico-commercial / Technico-commerciale ; Attaché commercial / Attachée commerciale";Entreprise susceptible de recruter (candidature spontanée);;;Apprentissage, Professionnalisation;;;78590599300081;2;https://labonnealternance.apprentissage.beta.gouv.fr/emploi/recruteurs_lba/78590599300081/gardner-denver-france
26.0;MACOREST, LIGNE VAUZELLE, AIRMOBILIER;Commerce de gros / B2B;MCO + NDRC;Meaux;77100;26 rue des Freres Lumiere 77100 MEAUX;Commerce de gros (commerce interentreprises) de meubles, de tapis et d'appareils d'éclairage;"Vendeur / Vendeuse en équipement de la maison ; Attaché commercial / Attachée commerciale";Entreprise susceptible de recruter (candidature spontanée);;;Apprentissage, Professionnalisation;;;51828918600026;2;https://labonnealternance.apprentissage.beta.gouv.fr/emploi/recruteurs_lba/51828918600026/macorest-ligne-vauzelle-airmobilier
26.0;Yesss Electrique;Commerce de gros / B2B;MCO + NDRC;Lieusaint;77127;333 avenue Marguerite Perey 77127 LIEUSAINT;Commerce de gros (commerce interentreprises) de matériel électrique;"Vendeur / Vendeuse grossiste en équipement du foyer ; Technico-commercial / Technico-commerciale";Entreprise susceptible de recruter (candidature spontanée);;;Apprentissage, Professionnalisation;;;31988334404216;2;https://labonnealternance.apprentissage.beta.gouv.fr/emploi/recruteurs_lba/31988334404216/yesss-electrique
26.1;S2O IMPRESSIONS;Commerce de gros / B2B;MCO + NDRC;Lieusaint;77127;4 Trait d’Union 77127 Lieusaint;Commerce de gros (commerce interentreprises) d'autres machines et équipements de bureau;"Directeur / Directrice des ventes ; Attaché commercial / Attachée commerciale";Entreprise susceptible de recruter (candidature spontanée);;;Apprentissage, Professionnalisation;;;53330479600022;2;https://labonnealternance.apprentissage.beta.gouv.fr/emploi/recruteurs_lba/53330479600022/s2o-impressions
26.1;SCC SA;Commerce de gros / B2B;NDRC;Lieusaint;77127;AVENUE MARGUERITE PEREY 77127 LIEUSAINT;Commerce de gros (commerce interentreprises) d'ordinateurs, d'équipements informatiques périphériques et de logiciels;Technico-commercial / Technico-commerciale;Entreprise susceptible de recruter (candidature spontanée);;;Apprentissage, Professionnalisation;;;42498265000329;1;https://labonnealternance.apprentissage.beta.gouv.fr/emploi/recruteurs_lba/42498265000329/scc-sa
26.1;TRANSAKAUTO DEVELOPPEMENT;Automobile & mobilité;MCO + NDRC;Lieusaint;77127;555 AVENUE MARGUERITE PEREY 77127 LIEUSAINT;Commerce de voitures et de véhicules automobiles légers;"Vendeur / Vendeuse automobile ; Conseiller / Conseillère client après-vente des véhicules";Entreprise susceptible de recruter (candidature spontanée);;;Apprentissage, Professionnalisation;;;75394316600045;2;https://labonnealternance.apprentissage.beta.gouv.fr/emploi/recruteurs_lba/75394316600045/transakauto-developpement
26.2;ASSA ABLOY ENTRANCE SYSTEMS FRANCE;Commerce de gros / B2B;NDRC;Lieusaint;77127;560 avenue Marguerite Perey 77127 LIEUSAINT;Commerce de gros (commerce interentreprises) de fournitures et équipements industriels divers;"Technico-commercial / Technico-commerciale ; Attaché commercial / Attachée commerciale";Entreprise susceptible de recruter (candidature spontanée);;;Apprentissage, Professionnalisation;;;72201973400341;2;https://labonnealternance.apprentissage.beta.gouv.fr/emploi/recruteurs_lba/72201973400341/assa-abloy-entrance-systems-france
26.2;CONFORT RENOVATION;Commerce de gros / B2B;NDRC;Fontenay-Trésigny;77610;45 rue Emile Zola 77610 FONTENAY-TRESIGNY;Commerce de gros (commerce interentreprises) de fournitures et équipements industriels divers;"Technico-commercial / Technico-commerciale ; Attaché commercial / Attachée commerciale";Entreprise susceptible de recruter (candidature spontanée);;;Apprentissage, Professionnalisation;;;88201486300022;2;https://labonnealternance.apprentissage.beta.gouv.fr/emploi/recruteurs_lba/88201486300022/confort-renovation
26.2;HYLA EVOLUTION;Autres;MCO + NDRC;Meaux;77100;12 rue Thomas Edison 77100 MEAUX;Vente à domicile;"Conseiller vendeur / Conseillère vendeuse à domicile ; Conseiller commercial / Conseillère commerciale auprès des particuliers";Entreprise susceptible de recruter (candidature spontanée);;;Apprentissage, Professionnalisation;;;82337574600018;2;https://labonnealternance.apprentissage.beta.gouv.fr/emploi/recruteurs_lba/82337574600018/hyla-evolution
26.2;PLASSON FRANCE;Commerce de gros / B2B;NDRC;Lieusaint;77127;150 impasse Anita Conti 77127 LIEUSAINT;Commerce de gros (commerce interentreprises) de fournitures et équipements industriels divers;"Technico-commercial / Technico-commerciale ; Attaché commercial / Attachée commerciale";Entreprise susceptible de recruter (candidature spontanée);;;Apprentissage, Professionnalisation;;;34908508400052;2;https://labonnealternance.apprentissage.beta.gouv.fr/emploi/recruteurs_lba/34908508400052/plasson-france
26.2;SYNNEO;Commerce de gros / B2B;NDRC;Lieusaint;77127;40 impasse Madeleine Bres 77127 LIEUSAINT;Commerce de gros (commerce interentreprises) non spécialisé;"Technico-commercial / Technico-commerciale ; Assistant commercial / Assistante commerciale ; Conseiller / Conseillère en gestion de patrimoine";Entreprise susceptible de recruter (candidature spontanée);;;Apprentissage, Professionnalisation;;;91501223100014;3;https://labonnealternance.apprentissage.beta.gouv.fr/emploi/recruteurs_lba/91501223100014/synneo
26.3;CHAUMALTRANS;Services aux entreprises, conseil & communication;NDRC;Poincy;77470;40B AVENUE DE MEAUX 77470 POINCY;Activités des sociétés holding;Conseiller / Conseillère immobilier;Entreprise susceptible de recruter (candidature spontanée);;;Apprentissage, Professionnalisation;;;79290443500023;1;https://labonnealternance.apprentissage.beta.gouv.fr/emploi/recruteurs_lba/79290443500023/chaumaltrans
26.3;ELGEA;Immobilier;NDRC;Lieusaint;77127;1 Allée de la Ferme de Varâtre 77127 Lieusaint;Promotion immobilière de logements;Chargé / Chargée d'affaires immobilières;Entreprise susceptible de recruter (candidature spontanée);;;Apprentissage, Professionnalisation;;;51085463100049;1;https://labonnealternance.apprentissage.beta.gouv.fr/emploi/recruteurs_lba/51085463100049/elgea
26.3;GO SPORT;Sport, loisirs & culture;MCO + NDRC;Lieusaint;77127;3 TRAIT DUNION 77127 LIEUSAINT;Commerce de détail d'articles de sport en magasin spécialisé;"Vendeur / Vendeuse d'articles de sport et loisirs ; Hôte / Hôtesse de caisse ; Chef / Cheffe de rayon de produits non alimentaires ; Vendeur / Vendeuse en prêt-à-porter ; Vendeur / Vendeuse grossiste en équipement du foyer";Entreprise susceptible de recruter (candidature spontanée);;;Apprentissage, Professionnalisation;;;95254061500020;5;https://labonnealternance.apprentissage.beta.gouv.fr/emploi/recruteurs_lba/95254061500020/go-sport
26.3;IAD BUSINESS FACTORY;High-tech, électroménager & télécoms;NDRC;Lieusaint;77127;1 allee de la ferme de Varatre 77127 LIEUSAINT;PROGRAMMATION INFORMATIQUE;Commercial / Commerciale export;Entreprise susceptible de recruter (candidature spontanée);;;Apprentissage, Professionnalisation;;;82092312600024;1;https://labonnealternance.apprentissage.beta.gouv.fr/emploi/recruteurs_lba/82092312600024/iad-business-factory
26.3;J DIFFUSION;Commerce de gros / B2B;MCO + NDRC;;;MOISSY-CRAMAYEL;Commerce de gros (commerce interentreprises) d'ordinateurs, d'équipements informatiques périphériques et de logiciels;"Consultant / Consultante avant-vente ; Cadre Technico-commercial / Technico-commerciale";Entreprise susceptible de recruter (candidature spontanée);;;Apprentissage, Professionnalisation;;;40953081300057;2;https://labonnealternance.apprentissage.beta.gouv.fr/emploi/recruteurs_lba/40953081300057/j-diffusion
26.3;POELE & CO;Maison, bricolage & jardin;MCO + NDRC;Meaux;77100;35 allee des Platanes 77100 MEAUX;Commerce de détail de quincaillerie, peintures et verres en petites surfaces (moins de 400 m2);"Hôte / Hôtesse de caisse ; Vendeur / Vendeuse grossiste en équipement du foyer ; Conseiller commercial / Conseillère commerciale auprès des particuliers";Entreprise susceptible de recruter (candidature spontanée);;;Apprentissage, Professionnalisation;;;98144223900019;3;https://labonnealternance.apprentissage.beta.gouv.fr/emploi/recruteurs_lba/98144223900019/poele-co
26.3;ZANZIBAR;Commerce de gros / B2B;NDRC;Lieusaint;77127;42 impasse Marthe Condat 77127 LIEUSAINT;Commerce de gros (commerce interentreprises) d'autres produits intermédiaires;"Assistant commercial / Assistante commerciale ; Commercial / Commerciale auprès d'une clientèle d'entreprises";Entreprise susceptible de recruter (candidature spontanée);;;Apprentissage, Professionnalisation;;;75022499000051;2;https://labonnealternance.apprentissage.beta.gouv.fr/emploi/recruteurs_lba/75022499000051/zanzibar
26.4;Action;Grande distribution & supermarchés;MCO;Lieusaint;77127;ALLEE DE L AVANT SCENE 77127 LIEUSAINT;Autres commerces de détail en magasin non spécialisé;"Employé / Employée de rayon libre-service ; Responsable de boutique ; Hôte / Hôtesse de caisse ; Directeur / Directrice de magasin de grande distribution ; Chef / Cheffe de rayon de produits non alimentaires ; Chef / Cheffe de rayon produits alimentaires";Entreprise susceptible de recruter (candidature spontanée);;;Apprentissage, Professionnalisation;;;75330823803888;6;https://labonnealternance.apprentissage.beta.gouv.fr/emploi/recruteurs_lba/75330823803888/action
26.4;"GALAXIE E-COMMERCE ; MYSHOP ; GALAXIE GREEN";Commerce de gros / B2B;NDRC;Moissy-Cramayel;77550;297C avenue Paul Langevin 77550 MOISSY-CRAMAYEL;Commerce de gros (commerce interentreprises) de fournitures et équipements divers pour le commerce et les services;"Cadre Technico-commercial / Technico-commerciale ; Technico-commercial / Technico-commerciale ; Assistant commercial / Assistante commerciale";Entreprise susceptible de recruter (candidature spontanée);;;Apprentissage, Professionnalisation;;;80358172700044;3;https://labonnealternance.apprentissage.beta.gouv.fr/emploi/recruteurs_lba/80358172700044/galaxie-e-commerce-myshop-galaxie-green
26.4;MYMAX;Commerce de gros / B2B;NDRC;Meaux;77100;11 RUE LOUIS FOURNIER 77100 MEAUX;Commerce de gros (commerce interentreprises) de composants et d'équipements électroniques et de télécommunication;"Technico-commercial / Technico-commerciale ; Assistant commercial / Assistante commerciale";Entreprise susceptible de recruter (candidature spontanée);;;Apprentissage, Professionnalisation;;;81957312200010;2;https://labonnealternance.apprentissage.beta.gouv.fr/emploi/recruteurs_lba/81957312200010/mymax
26.4;NOEL OCCASION;Commerce de gros / B2B;NDRC;Meaux;77100;5 rue Louis Fournier 77100 MEAUX;Commerce de gros (commerce interentreprises) non spécialisé;"Technico-commercial / Technico-commerciale ; Assistant commercial / Assistante commerciale ; Conseiller / Conseillère en gestion de patrimoine";Entreprise susceptible de recruter (candidature spontanée);;;Apprentissage, Professionnalisation;;;52072047500042;3;https://labonnealternance.apprentissage.beta.gouv.fr/emploi/recruteurs_lba/52072047500042/noel-occasion
26.5;CENTRE DES JARDINS DUVAL;Maison, bricolage & jardin;MCO;Lieusaint;77127;1 ALLEE DE LAIR DU TEMPS 77127 LIEUSAINT;Commerce de détail de fleurs, plantes, graines, engrais, animaux de compagnie et aliments pour ces animaux en magasin spécialisé;"Responsable de boutique ; Vendeur / Vendeuse conseil en jardinerie ; Vendeur / Vendeuse en animalerie ; Hôte / Hôtesse de caisse ; Chef / Cheffe de rayon de produits non alimentaires";Entreprise susceptible de recruter (candidature spontanée);;;Apprentissage, Professionnalisation;;;30176227400035;5;https://labonnealternance.apprentissage.beta.gouv.fr/emploi/recruteurs_lba/30176227400035/centre-des-jardins-duval
26.5;EDF;Industrie & énergie;MCO + NDRC;Lieusaint;77127;8 Points de Vue 77127 Lieusaint;Commerce d'électricité;"Directeur / Directrice des ventes ; Conseiller vendeur / Conseillère vendeuse à domicile ; Commercial / Commerciale auprès d'une clientèle d'entreprises ; Conseiller commercial / Conseillère commerciale auprès des particuliers ; Chargé / Chargée d'études commerciales";Entreprise susceptible de recruter (candidature spontanée);;;Apprentissage, Professionnalisation;;;55208131789904;5;https://labonnealternance.apprentissage.beta.gouv.fr/emploi/recruteurs_lba/55208131789904/edf
26.6;BUSINESS CONCEPTION;Services aux entreprises, conseil & communication;NDRC;Fontenay-Trésigny;77610;3 PLACE DE L'EUROPE 77610 FONTENAY-TRESIGNY;Activités des sociétés holding;Conseiller / Conseillère immobilier;Entreprise susceptible de recruter (candidature spontanée);;;Apprentissage, Professionnalisation;;;83267496400024;1;https://labonnealternance.apprentissage.beta.gouv.fr/emploi/recruteurs_lba/83267496400024/business-conception
26.6;Leroy Merlin;Maison, bricolage & jardin;MCO + NDRC;Reau;77550;2448 RUE DENIS PAPIN 77550 REAU;Commerce de détail de quincaillerie, peintures et verres en grandes surfaces (400 m2et plus);"Hôte / Hôtesse de caisse ; Vendeur / Vendeuse en équipement de la maison ; Vendeur / Vendeuse conseil en jardinerie ; Vendeur / Vendeuse grossiste en équipement du foyer ; Chef / Cheffe de secteur magasin ; Chef / Cheffe de rayon de produits non alimentaires";Entreprise susceptible de recruter (candidature spontanée);;;Apprentissage, Professionnalisation;;;38456094201795;6;https://labonnealternance.apprentissage.beta.gouv.fr/emploi/recruteurs_lba/38456094201795/leroy-merlin
26.6;SOCIETE COOPERATIVE D'APPROVISIONNEMENT DE L'ILE DE FRANCE;Commerce de gros / B2B;MCO;Reau;77550;2103 rue Denis Papin 77550 REAU;Centrales d'achat alimentaires;"Chef / Cheffe de rayon produits alimentaires ; Responsable de département en grande distribution ; Hôte / Hôtesse de caisse ; Chef / Cheffe de rayon de produits non alimentaires";Entreprise susceptible de recruter (candidature spontanée);;;Apprentissage, Professionnalisation;;;30921464100032;4;https://labonnealternance.apprentissage.beta.gouv.fr/emploi/recruteurs_lba/30921464100032/societe-cooperative-d-approvisionnement-de-l-ile-de-france
26.7;ALTERMAT;Grande distribution & supermarchés;MCO;Montereau-Sur-Le-Jard;77950;4 route du Camp 77950 MONTEREAU-SUR-LE-JARD;Autres commerces de détail en magasin non spécialisé;"Employé / Employée de rayon libre-service ; Responsable de boutique ; Hôte / Hôtesse de caisse ; Directeur / Directrice de magasin de grande distribution ; Chef / Cheffe de rayon de produits non alimentaires ; Chef / Cheffe de rayon produits alimentaires";Entreprise susceptible de recruter (candidature spontanée);;;Apprentissage, Professionnalisation;;;87910557500036;6;https://labonnealternance.apprentissage.beta.gouv.fr/emploi/recruteurs_lba/87910557500036/altermat
26.7;ATELIER DE SELLERIE TAUD CAPOTE;Commerce de gros / B2B;MCO + NDRC;Fontenay-Trésigny;77610;18 rue de Fregy 77610 FONTENAY-TRESIGNY;COMMERCE DE GROS (COMMERCE INTERENTREPRISES) D'AUTRES BIENS DOMESTIQUES;"Assistant / Assistante administration des ventes ; Assistant commercial / Assistante commerciale";Entreprise susceptible de recruter (candidature spontanée);;;Apprentissage, Professionnalisation;;;39317572400029;2;https://labonnealternance.apprentissage.beta.gouv.fr/emploi/recruteurs_lba/39317572400029/atelier-de-sellerie-taud-capote
26.7;E2B RENOV;Immobilier;NDRC;Chambry;77910;4B rue des Pres 77910 CHAMBRY;Activités des marchands de biens immobiliers;Conseiller / Conseillère immobilier;Entreprise susceptible de recruter (candidature spontanée);;;Apprentissage, Professionnalisation;;;81489063800038;1;https://labonnealternance.apprentissage.beta.gouv.fr/emploi/recruteurs_lba/81489063800038/e2b-renov
26.7;LEGEND BIKE;Automobile & mobilité;NDRC;Meaux;77100;272 avenue de la Victoire 77100 MEAUX;Commerce et réparation de motocycles;"Conseiller commercial / Conseillère commerciale motocycles ; Conseiller / Conseillère client après-vente des véhicules";Entreprise susceptible de recruter (candidature spontanée);;;Apprentissage, Professionnalisation;;;88784779600018;2;https://labonnealternance.apprentissage.beta.gouv.fr/emploi/recruteurs_lba/88784779600018/legend-bike
26.7;TESA;Commerce de gros / B2B;MCO + NDRC;Lieusaint;77127;2 ALLEE DE LA MIXITE 77127 LIEUSAINT;Commerce de gros (commerce interentreprises) de produits chimiques;"Responsable e-commerce ; Technico-commercial / Technico-commerciale ; Cadre Technico-commercial / Technico-commerciale ; Attaché commercial / Attachée commerciale ; Commercial itinérant / Commerciale itinérante en entreprise de commerce de gros";Entreprise susceptible de recruter (candidature spontanée);;;Apprentissage, Professionnalisation;;;43996089900037;5;https://labonnealternance.apprentissage.beta.gouv.fr/emploi/recruteurs_lba/43996089900037/tesa
26.8;Carrefour;Grande distribution & supermarchés;MCO;Lieusaint;77127;77127 Lieusaint;Hypermarchés;"Employé / Employée de rayon libre-service ; Hôte / Hôtesse de caisse ; Chef / Cheffe de rayon produits alimentaires ; Vendeur / Vendeuse en épicerie";Entreprise susceptible de recruter (candidature spontanée);;;Apprentissage, Professionnalisation;;;45132133500981;4;https://labonnealternance.apprentissage.beta.gouv.fr/emploi/recruteurs_lba/45132133500981/carrefour
26.8;COURIR;Mode, chaussures & accessoires;MCO;Lieusaint;77127;77127 Lieusaint;Commerce de détail de la chaussure;"Responsable de boutique ; Vendeur / Vendeuse en prêt-à-porter ; Vendeur / Vendeuse d'articles de sport et loisirs ; Gérant / Gérante de magasin d'alimentation générale ; Directeur / Directrice de magasin de grande distribution";Entreprise susceptible de recruter (candidature spontanée);;;Apprentissage, Professionnalisation;;;42855996701873;5;https://labonnealternance.apprentissage.beta.gouv.fr/emploi/recruteurs_lba/42855996701873/courir
26.8;FEU VERT;Automobile & mobilité;MCO + NDRC;Lieusaint;77127;77127 Lieusaint;Commerce de détail d'équipements automobiles;"Conseiller / Conseillère de vente en pièces de rechange et accessoires de véhicules ; Conseiller / Conseillère client après-vente des véhicules";Entreprise susceptible de recruter (candidature spontanée);;;Apprentissage, Professionnalisation;;;32735998001310;2;https://labonnealternance.apprentissage.beta.gouv.fr/emploi/recruteurs_lba/32735998001310/feu-vert
26.8;MOTOBRIE;Commerce de gros / B2B;MCO + NDRC;Poincy;77470;17 avenue de Meaux 77470 POINCY;Commerce de gros (commerce interentreprises) de matériel agricole;Vendeur / Vendeuse grossiste en équipement du foyer;Entreprise susceptible de recruter (candidature spontanée);;;Apprentissage, Professionnalisation;;;38815071600024;1;https://labonnealternance.apprentissage.beta.gouv.fr/emploi/recruteurs_lba/38815071600024/motobrie
26.8;SOC MELDOISE VEHICULES INDUSTRIELS;Automobile & mobilité;NDRC;Poincy;77470;RUE DE L'ANCIEN BOIS 77470 POINCY;Entretien et réparation d'autres véhicules automobiles;Conseiller / Conseillère client après-vente des véhicules;Entreprise susceptible de recruter (candidature spontanée);;;Apprentissage, Professionnalisation;;;30968666500014;1;https://labonnealternance.apprentissage.beta.gouv.fr/emploi/recruteurs_lba/30968666500014/soc-meldoise-vehicules-industriels
26.8;VACANCES CARREFOUR;Tourisme & transport;MCO;Lieusaint;77127;77127 Lieusaint;Activités des agences de voyage;"Employé / Employée de rayon libre-service ; Hôte / Hôtesse de caisse";Entreprise susceptible de recruter (candidature spontanée);;;Apprentissage, Professionnalisation;;;37960197400965;2;https://labonnealternance.apprentissage.beta.gouv.fr/emploi/recruteurs_lba/37960197400965/vacances-carrefour
26.9;ADI CC;Mode, chaussures & accessoires;MCO;Lieusaint;77127;3 allee du Preambule 77127 LIEUSAINT;Commerce de détail d'habillement en magasin spécialisé;"Vendeur / Vendeuse en prêt-à-porter ; Responsable de boutique ; Hôte / Hôtesse de caisse ; Directeur / Directrice de magasin de grande distribution";Entreprise susceptible de recruter (candidature spontanée);;;Apprentissage, Professionnalisation;;;88473191000037;4;https://labonnealternance.apprentissage.beta.gouv.fr/emploi/recruteurs_lba/88473191000037/adi-cc
26.9;AGENCE DISTRIBUTION IFE;High-tech, électroménager & télécoms;MCO;Lieusaint;77127;3 allee du Preambule 77127 LIEUSAINT;Commerce de détail de matériels de télécommunication en magasin spécialisé;"Vendeur / Vendeuse en équipement de la maison ; Conseiller vendeur / Conseillère vendeuse à domicile ; Chef / Cheffe de rayon de produits non alimentaires";Entreprise susceptible de recruter (candidature spontanée);;;Apprentissage, Professionnalisation;;;38012986640333;3;https://labonnealternance.apprentissage.beta.gouv.fr/emploi/recruteurs_lba/38012986640333/agence-distribution-ife
26.9;ATELIER BEAUTE DU CARRE;Beauté, santé & parfumerie;MCO;Lieusaint;77127;3 Allée du Préambule 77127 Lieusaint;Commerce de détail de parfumerie et de produits de beauté en magasin spécialisé;"Responsable de boutique ; Employé / Employée de rayon libre-service";Entreprise susceptible de recruter (candidature spontanée);;;Apprentissage, Professionnalisation;;;82308844800035;2;https://labonnealternance.apprentissage.beta.gouv.fr/emploi/recruteurs_lba/82308844800035/atelier-beaute-du-carre
26.9;Bergerat Monnoyeur;Commerce de gros / B2B;NDRC;Moissy-Cramayel;77550;1226 RUE DENIS PAPIN 77550 MOISSY-CRAMAYEL;Commerce de gros (commerce interentreprises) de machines pour l'extraction, la construction et le génie civil;Technico-commercial / Technico-commerciale;Entreprise susceptible de recruter (candidature spontanée);;;Apprentissage, Professionnalisation;;;38023131600858;1;https://labonnealternance.apprentissage.beta.gouv.fr/emploi/recruteurs_lba/38023131600858/bergerat-monnoyeur
26.9;BEXLEY;Mode, chaussures & accessoires;MCO;Lieusaint;77127;3 ALLEE DU PREAMBULE 77127 LIEUSAINT;Commerce de détail d'habillement en magasin spécialisé;"Vendeur / Vendeuse en prêt-à-porter ; Responsable de boutique ; Hôte / Hôtesse de caisse ; Directeur / Directrice de magasin de grande distribution";Entreprise susceptible de recruter (candidature spontanée);;;Apprentissage, Professionnalisation;;;34443425300292;4;https://labonnealternance.apprentissage.beta.gouv.fr/emploi/recruteurs_lba/34443425300292/bexley
26.9;CARREFOUR BANQUE;Banque, crédit & assurance;NDRC;Lieusaint;77127;ALLEE DU PREAMBULE 77127 LIEUSAINT;Autre distribution de crédit;"Conseiller / Conseillère de clientèle bancaire ; Courtier / Courtière en banque ; Conseiller commercial / Conseillère commerciale auprès des particuliers";Entreprise susceptible de recruter (candidature spontanée);;;Apprentissage, Professionnalisation;;;31381151500706;3;https://labonnealternance.apprentissage.beta.gouv.fr/emploi/recruteurs_lba/31381151500706/carrefour-banque
26.9;CODIREP SNC;High-tech, électroménager & télécoms;MCO + NDRC;Lieusaint;77127;3 ALLEE DU PREAMBULE 77127 LIEUSAINT;Commerce de détail d'appareils électroménagers en magasin spécialisé;"Vendeur / Vendeuse en équipement de la maison ; Conseiller commercial / Conseillère commerciale auprès des particuliers ; Responsable relation client (CRM)";Entreprise susceptible de recruter (candidature spontanée);;;Apprentissage, Professionnalisation;;;34328238000306;3;https://labonnealternance.apprentissage.beta.gouv.fr/emploi/recruteurs_lba/34328238000306/codirep-snc
26.9;Etam;Mode, chaussures & accessoires;MCO;Lieusaint;77127;3 Allée du Préambule 77127 Lieusaint;Commerce de détail d'habillement en magasin spécialisé;"Vendeur / Vendeuse en prêt-à-porter ; Responsable de boutique ; Hôte / Hôtesse de caisse ; Directeur / Directrice de magasin de grande distribution";Entreprise susceptible de recruter (candidature spontanée);;;Apprentissage, Professionnalisation;;;47835575303338;4;https://labonnealternance.apprentissage.beta.gouv.fr/emploi/recruteurs_lba/47835575303338/etam
26.9;F DISTRIBUTION;High-tech, électroménager & télécoms;MCO;Lieusaint;77127;3 ALLEE DU PREAMBULE 77127 LIEUSAINT;Commerce de détail de matériels de télécommunication en magasin spécialisé;"Vendeur / Vendeuse en équipement de la maison ; Conseiller vendeur / Conseillère vendeuse à domicile ; Chef / Cheffe de rayon de produits non alimentaires";Entreprise susceptible de recruter (candidature spontanée);;;Apprentissage, Professionnalisation;;;52881537600157;3;https://labonnealternance.apprentissage.beta.gouv.fr/emploi/recruteurs_lba/52881537600157/f-distribution
26.9;F. CASSEL - CARRE 77;Boulangerie & métiers de bouche;MCO + NDRC;Lieusaint;77127;3 ALLEE DU PREAMBULE 77127 LIEUSAINT;Commerce de détail de pain, pâtisserie et confiserie en magasin spécialisé;"Vendeur / Vendeuse en épicerie ; Conseiller / Conseillère clientèle à distance";Entreprise susceptible de recruter (candidature spontanée);;;Apprentissage, Professionnalisation;;;83057336600010;2;https://labonnealternance.apprentissage.beta.gouv.fr/emploi/recruteurs_lba/83057336600010/f-cassel-carre-77
26.9;FitnessBoutique;Sport, loisirs & culture;MCO + NDRC;Lieusaint;77127;3 allee du Preambule 77127 LIEUSAINT;Commerce de détail d'articles de sport en magasin spécialisé;"Vendeur / Vendeuse d'articles de sport et loisirs ; Hôte / Hôtesse de caisse ; Chef / Cheffe de rayon de produits non alimentaires ; Vendeur / Vendeuse en prêt-à-porter ; Vendeur / Vendeuse grossiste en équipement du foyer";Entreprise susceptible de recruter (candidature spontanée);;;Apprentissage, Professionnalisation;;;45245444000531;5;https://labonnealternance.apprentissage.beta.gouv.fr/emploi/recruteurs_lba/45245444000531/fitnessboutique
26.9;FOOT LOCKER;Mode, chaussures & accessoires;MCO;Lieusaint;77127;3 ALLEE DU PREAMBULE 77127 LIEUSAINT;Commerce de détail de la chaussure;"Responsable de boutique ; Vendeur / Vendeuse en prêt-à-porter ; Vendeur / Vendeuse d'articles de sport et loisirs ; Gérant / Gérante de magasin d'alimentation générale ; Directeur / Directrice de magasin de grande distribution";Entreprise susceptible de recruter (candidature spontanée);;;Apprentissage, Professionnalisation;;;38240186701692;5;https://labonnealternance.apprentissage.beta.gouv.fr/emploi/recruteurs_lba/38240186701692/foot-locker
26.9;G-STAR CARRE SENART;Mode, chaussures & accessoires;MCO;Lieusaint;77127;3 Allée du Préambule 77127 Lieusaint;Commerce de détail d'habillement en magasin spécialisé;"Vendeur / Vendeuse en prêt-à-porter ; Responsable de boutique ; Hôte / Hôtesse de caisse ; Directeur / Directrice de magasin de grande distribution";Entreprise susceptible de recruter (candidature spontanée);;;Apprentissage, Professionnalisation;;;52238184700139;4;https://labonnealternance.apprentissage.beta.gouv.fr/emploi/recruteurs_lba/52238184700139/g-star-carre-senart
26.9;GALERIES LAFAYETTE;Mode, chaussures & accessoires;MCO;Lieusaint;77127;3 allee du Preambule 77127 LIEUSAINT;GRANDS MAGASINS;"Responsable de boutique ; Employé / Employée de rayon libre-service ; Vendeur / Vendeuse en prêt-à-porter ; Directeur / Directrice des ventes";Entreprise susceptible de recruter (candidature spontanée);;;Apprentissage, Professionnalisation;;;95750393100983;4;https://labonnealternance.apprentissage.beta.gouv.fr/emploi/recruteurs_lba/95750393100983/galeries-lafayette
26.9;HEMA;Grande distribution & supermarchés;MCO;Lieusaint;77127;3 allee du Preambule 77127 LIEUSAINT;Autres commerces de détail en magasin non spécialisé;"Employé / Employée de rayon libre-service ; Responsable de boutique ; Hôte / Hôtesse de caisse ; Directeur / Directrice de magasin de grande distribution ; Chef / Cheffe de rayon de produits non alimentaires ; Chef / Cheffe de rayon produits alimentaires";Entreprise susceptible de recruter (candidature spontanée);;;Apprentissage, Professionnalisation;;;50539394200675;6;https://labonnealternance.apprentissage.beta.gouv.fr/emploi/recruteurs_lba/50539394200675/hema
26.9;HUBSIDE.STORE.IDF PERIPHERIES;High-tech, électroménager & télécoms;MCO;Lieusaint;77127;3 allee du Preambule 77127 LIEUSAINT;Commerce de détail de matériels de télécommunication en magasin spécialisé;"Vendeur / Vendeuse en équipement de la maison ; Conseiller vendeur / Conseillère vendeuse à domicile ; Chef / Cheffe de rayon de produits non alimentaires";Entreprise susceptible de recruter (candidature spontanée);;;Apprentissage, Professionnalisation;;;88008201100110;3;https://labonnealternance.apprentissage.beta.gouv.fr/emploi/recruteurs_lba/88008201100110/hubside-store-idf-peripheries
26.9;INDUSTRIAL LASER SYSTEMS (I.L.S.);Commerce de gros / B2B;NDRC;Fontenay-Trésigny;77610;2 rue Sophie Germain 77610 FONTENAY-TRESIGNY;Commerce de gros (commerce interentreprises) de fournitures et équipements industriels divers;"Technico-commercial / Technico-commerciale ; Attaché commercial / Attachée commerciale";Entreprise susceptible de recruter (candidature spontanée);;;Apprentissage, Professionnalisation;;;44906727100030;2;https://labonnealternance.apprentissage.beta.gouv.fr/emploi/recruteurs_lba/44906727100030/industrial-laser-systems-i-l-s
26.9;JULES BRICE;Mode, chaussures & accessoires;MCO;Lieusaint;77127;3 ALLEE DU PREAMBULE 77127 LIEUSAINT;Commerce de détail d'habillement en magasin spécialisé;"Vendeur / Vendeuse en prêt-à-porter ; Responsable de boutique ; Hôte / Hôtesse de caisse ; Directeur / Directrice de magasin de grande distribution";Entreprise susceptible de recruter (candidature spontanée);;;Apprentissage, Professionnalisation;;;30515426205796;4;https://labonnealternance.apprentissage.beta.gouv.fr/emploi/recruteurs_lba/30515426205796/jules-brice
26.9;LACOSTE FRANCE;Mode, chaussures & accessoires;MCO;Lieusaint;77127;3 ALLEE DU PREAMBULE 77127 LIEUSAINT;Commerce de détail de textiles en magasin spécialisé;"Vendeur / Vendeuse en équipement de la maison ; Responsable de boutique ; Vendeur / Vendeuse en prêt-à-porter";Entreprise susceptible de recruter (candidature spontanée);;;Apprentissage, Professionnalisation;;;30725830100877;3;https://labonnealternance.apprentissage.beta.gouv.fr/emploi/recruteurs_lba/30725830100877/lacoste-france
26.9;NESPRESSO FRANCE;Boulangerie & métiers de bouche;MCO;Lieusaint;77127;3 allee du Preambule 77127 LIEUSAINT;Autres commerces de détail alimentaires en magasin spécialisé;"Vendeur / Vendeuse en épicerie ; Employé / Employée de rayon libre-service ; Chef / Cheffe de rayon produits alimentaires ; Responsable de boutique";Entreprise susceptible de recruter (candidature spontanée);;;Apprentissage, Professionnalisation;;;38259782100679;4;https://labonnealternance.apprentissage.beta.gouv.fr/emploi/recruteurs_lba/38259782100679/nespresso-france
26.9;OH MY CHOU;Boulangerie & métiers de bouche;MCO;Lieusaint;77127;3 allee du Preambule 77127 LIEUSAINT;Pâtisserie;Vendeur / Vendeuse en épicerie;Entreprise susceptible de recruter (candidature spontanée);;;Apprentissage, Professionnalisation;;;88131995800016;1;https://labonnealternance.apprentissage.beta.gouv.fr/emploi/recruteurs_lba/88131995800016/oh-my-chou
26.9;SARL LCG 77;Boulangerie & métiers de bouche;MCO + NDRC;Lieusaint;77127;3 ALLEE DU PREAMBULE 77127 LIEUSAINT;Commerce de détail de pain, pâtisserie et confiserie en magasin spécialisé;"Vendeur / Vendeuse en épicerie ; Conseiller / Conseillère clientèle à distance";Entreprise susceptible de recruter (candidature spontanée);;;Apprentissage, Professionnalisation;;;90783730600014;2;https://labonnealternance.apprentissage.beta.gouv.fr/emploi/recruteurs_lba/90783730600014/sarl-lcg-77
26.9;Sephora;Beauté, santé & parfumerie;MCO;Lieusaint;77127;77127 LIEUSAINT;Commerce de détail de parfumerie et de produits de beauté en magasin spécialisé;"Responsable de boutique ; Employé / Employée de rayon libre-service";Entreprise susceptible de recruter (candidature spontanée);;;Apprentissage, Professionnalisation;;;39371228600300;2;https://labonnealternance.apprentissage.beta.gouv.fr/emploi/recruteurs_lba/39371228600300/sephora
26.9;SNIPES;Mode, chaussures & accessoires;MCO;Lieusaint;77127;3 ALLEE DU PREAMBULE 77127 LIEUSAINT;Commerce de détail de la chaussure;"Responsable de boutique ; Vendeur / Vendeuse en prêt-à-porter ; Vendeur / Vendeuse d'articles de sport et loisirs ; Gérant / Gérante de magasin d'alimentation générale ; Directeur / Directrice de magasin de grande distribution";Entreprise susceptible de recruter (candidature spontanée);;;Apprentissage, Professionnalisation;;;83789476500036;5;https://labonnealternance.apprentissage.beta.gouv.fr/emploi/recruteurs_lba/83789476500036/snipes
26.9;STRADIVARIUS FRANCE;Mode, chaussures & accessoires;MCO;Lieusaint;77127;3 ALLEE DU PREAMBULE 77127 LIEUSAINT;Commerce de détail d'habillement en magasin spécialisé;"Vendeur / Vendeuse en prêt-à-porter ; Responsable de boutique ; Hôte / Hôtesse de caisse ; Directeur / Directrice de magasin de grande distribution";Entreprise susceptible de recruter (candidature spontanée);;;Apprentissage, Professionnalisation;;;48997216600289;4;https://labonnealternance.apprentissage.beta.gouv.fr/emploi/recruteurs_lba/48997216600289/stradivarius-france
26.9;SUD EXPRESS;Mode, chaussures & accessoires;MCO;Lieusaint;77127;ALLEE DU PREAMBULE 77127 LIEUSAINT;Commerce de détail d'habillement en magasin spécialisé;"Vendeur / Vendeuse en prêt-à-porter ; Responsable de boutique ; Hôte / Hôtesse de caisse ; Directeur / Directrice de magasin de grande distribution";Entreprise susceptible de recruter (candidature spontanée);;;Apprentissage, Professionnalisation;;;30970699200752;4;https://labonnealternance.apprentissage.beta.gouv.fr/emploi/recruteurs_lba/30970699200752/sud-express
27.0;CHRISLIGNE;Commerce de gros / B2B;MCO + NDRC;Fontenay-Trésigny;77610;2 RUE MARGUERITE PEREY 77610 FONTENAY-TRESIGNY;Commerce de gros (commerce interentreprises) de quincaillerie;"Vendeur / Vendeuse grossiste en équipement du foyer ; Technico-commercial / Technico-commerciale ; Commercial itinérant / Commerciale itinérante en entreprise de commerce de gros ; Attaché commercial / Attachée commerciale";Entreprise susceptible de recruter (candidature spontanée);;;Apprentissage, Professionnalisation;;;32307791700041;4;https://labonnealternance.apprentissage.beta.gouv.fr/emploi/recruteurs_lba/32307791700041/chrisligne
27.0;TIMBERLAND;Mode, chaussures & accessoires;MCO;Lieusaint;77127;1 ALLEE DU PREAMBULE 77127 LIEUSAINT;Commerce de détail de la chaussure;"Responsable de boutique ; Vendeur / Vendeuse en prêt-à-porter ; Vendeur / Vendeuse d'articles de sport et loisirs ; Gérant / Gérante de magasin d'alimentation générale ; Directeur / Directrice de magasin de grande distribution";Entreprise susceptible de recruter (candidature spontanée);;;Apprentissage, Professionnalisation;;;44225066800039;5;https://labonnealternance.apprentissage.beta.gouv.fr/emploi/recruteurs_lba/44225066800039/timberland
27.1;LUC SIGNOLLE BIC;Boulangerie & métiers de bouche;MCO;Lieusaint;77127;77127 Lieusaint;Autres commerces de détail alimentaires en magasin spécialisé;"Vendeur / Vendeuse en épicerie ; Employé / Employée de rayon libre-service ; Chef / Cheffe de rayon produits alimentaires ; Responsable de boutique";Entreprise susceptible de recruter (candidature spontanée);;;Apprentissage, Professionnalisation;;;40995039100022;4;https://labonnealternance.apprentissage.beta.gouv.fr/emploi/recruteurs_lba/40995039100022/luc-signolle-bic
27.1;TRESIGNY DISTRIBUTION;Grande distribution & supermarchés;MCO;Fontenay-Trésigny;77610;7 Rue Marguerite Perey 77610 Fontenay-Trésigny;Hypermarchés;"Employé / Employée de rayon libre-service ; Hôte / Hôtesse de caisse ; Chef / Cheffe de rayon produits alimentaires ; Vendeur / Vendeuse en épicerie";Entreprise susceptible de recruter (candidature spontanée);;;Apprentissage, Professionnalisation;;;80362764500028;4;https://labonnealternance.apprentissage.beta.gouv.fr/emploi/recruteurs_lba/80362764500028/tresigny-distribution
27.3;BOUCHERIE JJ SAUSSINE;Boulangerie & métiers de bouche;MCO + NDRC;Chaumes-En-Brie;77390;25 RUE FOIX 77390 CHAUMES-EN-BRIE;Commerce de détail de viandes et de produits à base de viande en magasin spécialisé;"Vendeur / Vendeuse en épicerie ; Vendeur / Vendeuse grossiste en produits frais";Entreprise susceptible de recruter (candidature spontanée);;;Apprentissage, Professionnalisation;;;80439698400010;2;https://labonnealternance.apprentissage.beta.gouv.fr/emploi/recruteurs_lba/80439698400010/boucherie-jj-saussine
27.6;OJ AUTO 77;Automobile & mobilité;MCO + NDRC;Savigny-Le-Temple;77176;23 RUE ELSA TRIOLET 77176 SAVIGNY-LE-TEMPLE;Commerce de détail d'équipements automobiles;"Conseiller / Conseillère de vente en pièces de rechange et accessoires de véhicules ; Conseiller / Conseillère client après-vente des véhicules";Entreprise susceptible de recruter (candidature spontanée);;;Apprentissage, Professionnalisation;;;95187247200018;2;https://labonnealternance.apprentissage.beta.gouv.fr/emploi/recruteurs_lba/95187247200018/oj-auto-77
27.7;COM LM KIDS AND FAMILY;Services aux entreprises, conseil & communication;MCO + NDRC;Savigny-Le-Temple;77176;43 rue des Provinces 77176 SAVIGNY-LE-TEMPLE;CONSEIL EN RELATIONS PUBLIQUES ET COMMUNICATION;"Animateur / Animatrice des ventes ; Commercial / Commerciale auprès d'une clientèle d'entreprises";Entreprise susceptible de recruter (candidature spontanée);;;Apprentissage, Professionnalisation;;;82834322800015;2;https://labonnealternance.apprentissage.beta.gouv.fr/emploi/recruteurs_lba/82834322800015/com-lm-kids-and-family
27.7;GOLOOKALL;Autres;NDRC;La Celle-Sur-Morin;77515;79 route du Grand Morin 77515 LA CELLE-SUR-MORIN;Autres services d'information n.c.a.;Attaché commercial / Attachée commerciale;Entreprise susceptible de recruter (candidature spontanée);;;Apprentissage, Professionnalisation;;;80341137000023;1;https://labonnealternance.apprentissage.beta.gouv.fr/emploi/recruteurs_lba/80341137000023/golookall
27.7;LAMI QAL;Boulangerie & métiers de bouche;MCO;Trilport;77470;15 RUE DU MARECHAL JOFFRE 77470 TRILPORT;Boulangerie et boulangerie-pâtisserie;Vendeur / Vendeuse en épicerie;Entreprise susceptible de recruter (candidature spontanée);;;Apprentissage, Professionnalisation;;;79139972800017;1;https://labonnealternance.apprentissage.beta.gouv.fr/emploi/recruteurs_lba/79139972800017/lami-qal
27.7;MAISON MANSARD;Boulangerie & métiers de bouche;MCO;Trilport;77470;18 rue du Marechal Joffre 77470 TRILPORT;Boulangerie et boulangerie-pâtisserie;Vendeur / Vendeuse en épicerie;Entreprise susceptible de recruter (candidature spontanée);;;Apprentissage, Professionnalisation;;;80770608000023;1;https://labonnealternance.apprentissage.beta.gouv.fr/emploi/recruteurs_lba/80770608000023/maison-mansard
27.7;Portakabin;Automobile & mobilité;NDRC;Champdeuil;77390;77390 Champdeuil;Location et location-bail d'autres machines, équipements et biens matériels n.c.a.;Assistant commercial / Assistante commerciale;Entreprise susceptible de recruter (candidature spontanée);;;Apprentissage, Professionnalisation;;;30220710500412;1;https://labonnealternance.apprentissage.beta.gouv.fr/emploi/recruteurs_lba/30220710500412/portakabin
27.9;Franprix;Grande distribution & supermarchés;MCO;Savigny-Le-Temple;77176;5 place des Fontaines 77176 SAVIGNY-LE-TEMPLE;Commerce d'alimentation générale;"Employé / Employée de rayon libre-service ; Vendeur / Vendeuse en épicerie ; Hôte / Hôtesse de caisse ; Chef / Cheffe de rayon produits alimentaires ; Directeur / Directrice de magasin de grande distribution ; Gérant / Gérante de magasin d'alimentation générale";Entreprise susceptible de recruter (candidature spontanée);;;Apprentissage, Professionnalisation;;;92260706400016;6;https://labonnealternance.apprentissage.beta.gouv.fr/emploi/recruteurs_lba/92260706400016/franprix
27.9;L'ADRESSE;Immobilier;NDRC;Guignes;77390;2 RUE DE TROYES 77390 GUIGNES;Agences immobilières;Conseiller / Conseillère immobilier;Entreprise susceptible de recruter (candidature spontanée);;;Apprentissage, Professionnalisation;;;48329287600016;1;https://labonnealternance.apprentissage.beta.gouv.fr/emploi/recruteurs_lba/48329287600016/l-adresse
27.9;L'ADRESSE;Immobilier;NDRC;Guignes;77390;2 rue de Troyes 77390 GUIGNES;Agences immobilières;Conseiller / Conseillère immobilier;Entreprise susceptible de recruter (candidature spontanée);;;Apprentissage, Professionnalisation;;;80812700500011;1;https://labonnealternance.apprentissage.beta.gouv.fr/emploi/recruteurs_lba/80812700500011/l-adresse
28.2;BOULANGERIE LES MIMOSAS;Boulangerie & métiers de bouche;MCO;Saint-Pathus;77178;Grande Rue 77178 SAINT-PATHUS;Boulangerie et boulangerie-pâtisserie;Vendeur / Vendeuse en épicerie;Entreprise susceptible de recruter (candidature spontanée);;;Apprentissage, Professionnalisation;;;89855104900015;1;https://labonnealternance.apprentissage.beta.gouv.fr/emploi/recruteurs_lba/89855104900015/boulangerie-les-mimosas
28.2;CSCE;Commerce de gros / B2B;NDRC;Pommeuse;77515;266 rue Etienne de Montgolfier 77515 POMMEUSE;Commerce de gros (commerce interentreprises) d'ordinateurs, d'équipements informatiques périphériques et de logiciels;Technico-commercial / Technico-commerciale;Entreprise susceptible de recruter (candidature spontanée);;;Apprentissage, Professionnalisation;;;39128390000036;1;https://labonnealternance.apprentissage.beta.gouv.fr/emploi/recruteurs_lba/39128390000036/csce
28.2;SOFEMI SARL;Commerce de gros / B2B;NDRC;Trilport;77470;10 rue d Armentieres 77470 TRILPORT;Commerce de gros (commerce interentreprises) de fournitures et équipements industriels divers;"Technico-commercial / Technico-commerciale ; Attaché commercial / Attachée commerciale";Entreprise susceptible de recruter (candidature spontanée);;;Apprentissage, Professionnalisation;;;39013738800026;2;https://labonnealternance.apprentissage.beta.gouv.fr/emploi/recruteurs_lba/39013738800026/sofemi-sarl
28.3;SARL GM PASQUIER AUTOS;Automobile & mobilité;MCO + NDRC;Savigny-Le-Temple;77176;Avenue du 8 Mai 1945 77176 Savigny-le-Temple;Commerce de voitures et de véhicules automobiles légers;"Vendeur / Vendeuse automobile ; Conseiller / Conseillère client après-vente des véhicules";Entreprise susceptible de recruter (candidature spontanée);;;Apprentissage, Professionnalisation;;;44944023900027;2;https://labonnealternance.apprentissage.beta.gouv.fr/emploi/recruteurs_lba/44944023900027/sarl-gm-pasquier-autos
28.4;AGIS ENERGY GROUP;Commerce de gros / B2B;NDRC;Pommeuse;77515;2 rue Favier 77515 POMMEUSE;Intermédiaires spécialisés dans le commerce d'autres produits spécifiques;"Cadre Technico-commercial / Technico-commerciale ; Technico-commercial / Technico-commerciale ; Attaché commercial / Attachée commerciale";Entreprise susceptible de recruter (candidature spontanée);;;Apprentissage, Professionnalisation;;;40275678700030;3;https://labonnealternance.apprentissage.beta.gouv.fr/emploi/recruteurs_lba/40275678700030/agis-energy-group
28.4;AIRKALIA;Commerce de gros / B2B;NDRC;Saint-Pathus;77178;17 RUE DE L'OURCQ 77178 SAINT-PATHUS;Commerce de gros (commerce interentreprises) de fournitures et équipements industriels divers;"Technico-commercial / Technico-commerciale ; Attaché commercial / Attachée commerciale";Entreprise susceptible de recruter (candidature spontanée);;;Apprentissage, Professionnalisation;;;80310069200018;2;https://labonnealternance.apprentissage.beta.gouv.fr/emploi/recruteurs_lba/80310069200018/airkalia
28.4;AKISIWEB;High-tech, électroménager & télécoms;NDRC;Guignes;77390;92 rue de Troyes 77390 GUIGNES;PROGRAMMATION INFORMATIQUE;Commercial / Commerciale export;Entreprise susceptible de recruter (candidature spontanée);;;Apprentissage, Professionnalisation;;;49211959900040;1;https://labonnealternance.apprentissage.beta.gouv.fr/emploi/recruteurs_lba/49211959900040/akisiweb
28.4;WEBKOM;High-tech, électroménager & télécoms;NDRC;Guignes;77390;92 rue de Troyes 77390 GUIGNES;PROGRAMMATION INFORMATIQUE;Commercial / Commerciale export;Entreprise susceptible de recruter (candidature spontanée);;;Apprentissage, Professionnalisation;;;82086510300031;1;https://labonnealternance.apprentissage.beta.gouv.fr/emploi/recruteurs_lba/82086510300031/webkom
28.5;GARAGE BOS AUTOMOBILES;Automobile & mobilité;MCO + NDRC;Varreddes;77910;17 avenue des Americains 77910 VARREDDES;Commerce de voitures et de véhicules automobiles légers;"Vendeur / Vendeuse automobile ; Conseiller / Conseillère client après-vente des véhicules";Entreprise susceptible de recruter (candidature spontanée);;;Apprentissage, Professionnalisation;;;35104803800019;2;https://labonnealternance.apprentissage.beta.gouv.fr/emploi/recruteurs_lba/35104803800019/garage-bos-automobiles
28.5;JARDINERIES D'ICI;Maison, bricolage & jardin;MCO;Trilport;77470;86 AVENUE DE VERDUN 77470 TRILPORT;Commerce de détail de fleurs, plantes, graines, engrais, animaux de compagnie et aliments pour ces animaux en magasin spécialisé;"Vendeur / Vendeuse conseil en jardinerie ; Responsable de boutique ; Vendeur / Vendeuse en animalerie ; Hôte / Hôtesse de caisse ; Chef / Cheffe de rayon de produits non alimentaires";Entreprise susceptible de recruter (candidature spontanée);;;Apprentissage, Professionnalisation;;;83913917700035;5;https://labonnealternance.apprentissage.beta.gouv.fr/emploi/recruteurs_lba/83913917700035/jardineries-d-ici
28.5;La Poste;La Poste & services publics;NDRC;Montereau-Sur-Le-Jard;77950;2 Rue Antoine de Saint-Exupéry 77950 Montereau-sur-le-Jard;Activités de poste dans le cadre d'une obligation de service universel;Responsable relation client (CRM);Entreprise susceptible de recruter (candidature spontanée);;;Apprentissage, Professionnalisation;;;35600000069182;1;https://labonnealternance.apprentissage.beta.gouv.fr/emploi/recruteurs_lba/35600000069182/la-poste
28.6;La Poste;La Poste & services publics;NDRC;Savigny-Le-Temple;77176;43 avenue Louise Michel 77176 SAVIGNY-LE-TEMPLE;Activités de poste dans le cadre d'une obligation de service universel;Responsable relation client (CRM);Entreprise susceptible de recruter (candidature spontanée);;;Apprentissage, Professionnalisation;;;35600000065938;1;https://labonnealternance.apprentissage.beta.gouv.fr/emploi/recruteurs_lba/35600000065938/la-poste
28.7;GRDF;Industrie & énergie;NDRC;Savigny-Le-Temple;77176;166 RUE DE L INDUSTRIE 77176 SAVIGNY-LE-TEMPLE;Distribution de combustibles gazeux par conduites;Assistant commercial / Assistante commerciale;Entreprise susceptible de recruter (candidature spontanée);;;Apprentissage, Professionnalisation;;;44478651106540;1;https://labonnealternance.apprentissage.beta.gouv.fr/emploi/recruteurs_lba/44478651106540/grdf
28.7;QUATICK;Grande distribution & supermarchés;MCO;Faremoutiers;77515;Les Prés du Bourdeau 77515 Faremoutiers;Supermarchés;"Employé / Employée de rayon libre-service ; Directeur / Directrice de magasin de grande distribution ; Hôte / Hôtesse de caisse ; Responsable de caisses ; Chef / Cheffe de rayon produits alimentaires";Entreprise susceptible de recruter (candidature spontanée);;;Apprentissage, Professionnalisation;;;39533298400032;5;https://labonnealternance.apprentissage.beta.gouv.fr/emploi/recruteurs_lba/39533298400032/quatick
28.8;G.I.C.;Commerce de gros / B2B;MCO + NDRC;Faremoutiers;77515;rue du Pre des Bourdeaux 77515 FAREMOUTIERS;Commerce de gros (commerce interentreprises) d'autres machines et équipements de bureau;"Directeur / Directrice des ventes ; Attaché commercial / Attachée commerciale";Entreprise susceptible de recruter (candidature spontanée);;;Apprentissage, Professionnalisation;;;39956956500050;2;https://labonnealternance.apprentissage.beta.gouv.fr/emploi/recruteurs_lba/39956956500050/g-i-c
28.8;GROUPEMENT D'EMPLOYEURS PROFFIT COURTIER;Services aux entreprises, conseil & communication;MCO;Forfry;77165;1 rue d en Haut 77165 FORFRY;Autre mise à disposition de ressources humaines;Chef / Cheffe de rayon produits alimentaires;Entreprise susceptible de recruter (candidature spontanée);;;Apprentissage, Professionnalisation;;;85340285700017;1;https://labonnealternance.apprentissage.beta.gouv.fr/emploi/recruteurs_lba/85340285700017/groupement-d-employeurs-proffit-courtier
28.9;A.S.R EQUIPEMENT;Commerce de gros / B2B;NDRC;Trilport;77470;9 RUE DE LA HALOTTE 77470 TRILPORT;Commerce de gros (commerce interentreprises) de fournitures et équipements divers pour le commerce et les services;"Cadre Technico-commercial / Technico-commerciale ; Technico-commercial / Technico-commerciale ; Assistant commercial / Assistante commerciale";Entreprise susceptible de recruter (candidature spontanée);;;Apprentissage, Professionnalisation;;;40276707300032;3;https://labonnealternance.apprentissage.beta.gouv.fr/emploi/recruteurs_lba/40276707300032/a-s-r-equipement
28.9;ALDI MARCHE;Grande distribution & supermarchés;MCO;Verneuil-L'Etang;77390;rue Marcel Sembat 77390 VERNEUIL-L'ETANG;Supermarchés;"Employé / Employée de rayon libre-service ; Directeur / Directrice de magasin de grande distribution ; Responsable de caisses ; Hôte / Hôtesse de caisse ; Chef / Cheffe de rayon produits alimentaires";Entreprise susceptible de recruter (candidature spontanée);;;Apprentissage, Professionnalisation;;;87918973600611;5;https://labonnealternance.apprentissage.beta.gouv.fr/emploi/recruteurs_lba/87918973600611/aldi-marche
28.9;FORCH;Commerce de gros / B2B;NDRC;Montereau-Sur-Le-Jard;77950;77950 Montereau-sur-le-Jard;Commerce de gros (commerce interentreprises) de fournitures et équipements industriels divers;"Technico-commercial / Technico-commerciale ; Attaché commercial / Attachée commerciale";Entreprise susceptible de recruter (candidature spontanée);;;Apprentissage, Professionnalisation;;;48008874900027;2;https://labonnealternance.apprentissage.beta.gouv.fr/emploi/recruteurs_lba/48008874900027/forch
28.9;IDF DISTRIBUTION;Commerce de gros / B2B;NDRC;Savigny-Le-Temple;77176;10 rue du Platine 77176 SAVIGNY-LE-TEMPLE;Commerce de gros (commerce interentreprises) non spécialisé;"Technico-commercial / Technico-commerciale ; Assistant commercial / Assistante commerciale ; Conseiller / Conseillère en gestion de patrimoine";Entreprise susceptible de recruter (candidature spontanée);;;Apprentissage, Professionnalisation;;;81837188200023;3;https://labonnealternance.apprentissage.beta.gouv.fr/emploi/recruteurs_lba/81837188200023/idf-distribution
28.9;UMHS;Commerce de gros / B2B;MCO + NDRC;Cesson;77240;195 rue de l Industrie 77240 CESSON;Commerce de gros (commerce interentreprises) de quincaillerie;"Vendeur / Vendeuse grossiste en équipement du foyer ; Technico-commercial / Technico-commerciale ; Commercial itinérant / Commerciale itinérante en entreprise de commerce de gros ; Attaché commercial / Attachée commerciale";Entreprise susceptible de recruter (candidature spontanée);;;Apprentissage, Professionnalisation;;;78575058900125;4;https://labonnealternance.apprentissage.beta.gouv.fr/emploi/recruteurs_lba/78575058900125/umhs
29.0;CABINET GREUZAT;Immobilier;NDRC;Varreddes;77910;40 RUE MOREAU-DUCHESNE 77910 VARREDDES;Activité des géomètres;Chargé / Chargée d'études commerciales;Entreprise susceptible de recruter (candidature spontanée);;;Apprentissage, Professionnalisation;;;44523114500019;1;https://labonnealternance.apprentissage.beta.gouv.fr/emploi/recruteurs_lba/44523114500019/cabinet-greuzat
29.0;DECATHLON;Sport, loisirs & culture;MCO + NDRC;Cesson;77240;rue de l Industrie 77240 CESSON;Commerce de détail d'articles de sport en magasin spécialisé;"Vendeur / Vendeuse d'articles de sport et loisirs ; Hôte / Hôtesse de caisse ; Chef / Cheffe de rayon de produits non alimentaires ; Vendeur / Vendeuse en prêt-à-porter ; Vendeur / Vendeuse grossiste en équipement du foyer";Entreprise susceptible de recruter (candidature spontanée);;;Apprentissage, Professionnalisation;;;50056940500946;5;https://labonnealternance.apprentissage.beta.gouv.fr/emploi/recruteurs_lba/50056940500946/decathlon
29.1;CARREFOUR MARKET;Grande distribution & supermarchés;MCO;Guignes;77390;Rue Saint Abdon 77390 Guignes;Supermarchés;"Employé / Employée de rayon libre-service ; Directeur / Directrice de magasin de grande distribution ; Hôte / Hôtesse de caisse ; Responsable de caisses ; Chef / Cheffe de rayon produits alimentaires";Entreprise susceptible de recruter (candidature spontanée);;;Apprentissage, Professionnalisation;;;44028375206827;5;https://labonnealternance.apprentissage.beta.gouv.fr/emploi/recruteurs_lba/44028375206827/carrefour-market
29.1;CONTA CLIP;Commerce de gros / B2B;MCO + NDRC;Savigny-Le-Temple;77176;21 RUE DES SOURCES 77176 SAVIGNY-LE-TEMPLE;Commerce de gros (commerce interentreprises) de matériel électrique;"Vendeur / Vendeuse grossiste en équipement du foyer ; Technico-commercial / Technico-commerciale";Entreprise susceptible de recruter (candidature spontanée);;;Apprentissage, Professionnalisation;;;43323318600017;2;https://labonnealternance.apprentissage.beta.gouv.fr/emploi/recruteurs_lba/43323318600017/conta-clip
29.1;SCEA BENOIST HORTICULTURE;Autres;MCO;Faremoutiers;77515;20 BOULEVARD LOUIS DURAND 77515 FAREMOUTIERS;Autres cultures non permanentes;Vendeur / Vendeuse conseil en jardinerie;Entreprise susceptible de recruter (candidature spontanée);;;Apprentissage, Professionnalisation;;;78493512400015;1;https://labonnealternance.apprentissage.beta.gouv.fr/emploi/recruteurs_lba/78493512400015/scea-benoist-horticulture
29.2;CENTRAGROUP - FAREVA;Services aux entreprises, conseil & communication;MCO;Savigny-Le-Temple;77176;1 RUE DES SOURCES 77176 SAVIGNY-LE-TEMPLE;Autres activités de soutien aux entreprises n.c.a.;Animateur / Animatrice des ventes;Entreprise susceptible de recruter (candidature spontanée);;;Apprentissage, Professionnalisation;;;41976551600085;1;https://labonnealternance.apprentissage.beta.gouv.fr/emploi/recruteurs_lba/41976551600085/centragroup-fareva
29.2;FAREVA SERVICES;Services aux entreprises, conseil & communication;MCO;Savigny-Le-Temple;77176;1 RUE DES SOURCES 77176 SAVIGNY-LE-TEMPLE;Autres activités de soutien aux entreprises n.c.a.;Animateur / Animatrice des ventes;Entreprise susceptible de recruter (candidature spontanée);;;Apprentissage, Professionnalisation;;;79764908400044;1;https://labonnealternance.apprentissage.beta.gouv.fr/emploi/recruteurs_lba/79764908400044/fareva-services
29.2;TEXTILE MOQUETTE INDUSTRIE;Commerce de gros / B2B;MCO + NDRC;Savigny-Le-Temple;77176;15 RUE DES SOURCES 77176 SAVIGNY-LE-TEMPLE;Commerce de gros (commerce interentreprises) d'appareils sanitaires et de produits de décoration;"Vendeur / Vendeuse grossiste en équipement du foyer ; Technico-commercial / Technico-commerciale ; Commercial / Commerciale auprès d'une clientèle d'entreprises ; Attaché commercial / Attachée commerciale";Entreprise susceptible de recruter (candidature spontanée);;;Apprentissage, Professionnalisation;;;82821189600026;4;https://labonnealternance.apprentissage.beta.gouv.fr/emploi/recruteurs_lba/82821189600026/textile-moquette-industrie
29.4;HEATWORLD POUR LLA PARTIE D'ACTIVITE DE NEGOCE DE MATERIEL ET HEATWORLD-RENTALS POUR LA PARTIE D'ACT;Automobile & mobilité;NDRC;Savigny-Le-Temple;77176;29 rue du Cuivre 77176 SAVIGNY-LE-TEMPLE;Location et location-bail d'autres machines, équipements et biens matériels n.c.a.;Assistant commercial / Assistante commerciale;Entreprise susceptible de recruter (candidature spontanée);;;Apprentissage, Professionnalisation;;;53133664200040;1;https://labonnealternance.apprentissage.beta.gouv.fr/emploi/recruteurs_lba/53133664200040/heatworld-pour-lla-partie-d-activite-de-negoce-de-materiel-et-heatworld-rentals-pour-la-partie-d-act
29.5;BOUCHERIE BENOIST;Boulangerie & métiers de bouche;MCO + NDRC;Faremoutiers;77515;5A RUE DES MOUTIERS 77515 FAREMOUTIERS;Commerce de détail de viandes et de produits à base de viande en magasin spécialisé;"Vendeur / Vendeuse en épicerie ; Vendeur / Vendeuse grossiste en produits frais";Entreprise susceptible de recruter (candidature spontanée);;;Apprentissage, Professionnalisation;;;89525542000013;2;https://labonnealternance.apprentissage.beta.gouv.fr/emploi/recruteurs_lba/89525542000013/boucherie-benoist
29.5;ESSINOX INDUSTRIE;Commerce de gros / B2B;NDRC;Savigny-Le-Temple;77176;48 rue du Cuivre 77176 SAVIGNY-LE-TEMPLE;Commerce de gros (commerce interentreprises) de minerais et métaux;"Commercial itinérant / Commerciale itinérante en entreprise de commerce de gros ; Attaché commercial / Attachée commerciale";Entreprise susceptible de recruter (candidature spontanée);;;Apprentissage, Professionnalisation;;;41168983900032;2;https://labonnealternance.apprentissage.beta.gouv.fr/emploi/recruteurs_lba/41168983900032/essinox-industrie
29.6;B&M;Grande distribution & supermarchés;MCO;Savigny-Le-Temple;77176;12 IMPASSE DE LOREE DU BOIS 77176 SAVIGNY-LE-TEMPLE;Autres commerces de détail en magasin non spécialisé;"Employé / Employée de rayon libre-service ; Responsable de boutique ; Hôte / Hôtesse de caisse ; Directeur / Directrice de magasin de grande distribution ; Chef / Cheffe de rayon de produits non alimentaires ; Chef / Cheffe de rayon produits alimentaires";Entreprise susceptible de recruter (candidature spontanée);;;Apprentissage, Professionnalisation;;;31131532901424;6;https://labonnealternance.apprentissage.beta.gouv.fr/emploi/recruteurs_lba/31131532901424/b-m
29.6;Boulangerie ANGE;Boulangerie & métiers de bouche;MCO;Savigny-Le-Temple;77176;22 allee du Cobalt 77176 SAVIGNY-LE-TEMPLE;Boulangerie et boulangerie-pâtisserie;Vendeur / Vendeuse en épicerie;Entreprise susceptible de recruter (candidature spontanée);;;Apprentissage, Professionnalisation;;;81312799000014;1;https://labonnealternance.apprentissage.beta.gouv.fr/emploi/recruteurs_lba/81312799000014/boulangerie-ange
29.6;EXO MARKET;Grande distribution & supermarchés;MCO;Savigny-Le-Temple;77176;8 impasse de l Oree du Bois 77176 SAVIGNY-LE-TEMPLE;Supérettes;"Employé / Employée de rayon libre-service ; Hôte / Hôtesse de caisse ; Directeur / Directrice de magasin de grande distribution ; Vendeur / Vendeuse en épicerie ; Responsable de caisses ; Chef / Cheffe de rayon produits alimentaires";Entreprise susceptible de recruter (candidature spontanée);;;Apprentissage, Professionnalisation;;;90747813500011;6;https://labonnealternance.apprentissage.beta.gouv.fr/emploi/recruteurs_lba/90747813500011/exo-market
29.7;KIABI;Mode, chaussures & accessoires;MCO;Cesson;77240;Rue de La Maison Blanche 77240 Cesson;Commerce de détail d'habillement en magasin spécialisé;"Vendeur / Vendeuse en prêt-à-porter ; Responsable de boutique ; Hôte / Hôtesse de caisse ; Directeur / Directrice de magasin de grande distribution";Entreprise susceptible de recruter (candidature spontanée);;;Apprentissage, Professionnalisation;;;34410327003084;4;https://labonnealternance.apprentissage.beta.gouv.fr/emploi/recruteurs_lba/34410327003084/kiabi
29.8;ACTION FRANCE;Grande distribution & supermarchés;MCO;Savigny-Le-Temple;77176;5 ALLEE DU COBALT 77176 SAVIGNY-LE-TEMPLE;Autres commerces de détail en magasin non spécialisé;"Employé / Employée de rayon libre-service ; Responsable de boutique ; Hôte / Hôtesse de caisse ; Directeur / Directrice de magasin de grande distribution ; Chef / Cheffe de rayon de produits non alimentaires ; Chef / Cheffe de rayon produits alimentaires";Entreprise susceptible de recruter (candidature spontanée);;;Apprentissage, Professionnalisation;;;75330823800652;6;https://labonnealternance.apprentissage.beta.gouv.fr/emploi/recruteurs_lba/75330823800652/action-france
29.8;ACVM METAL;Commerce de gros / B2B;NDRC;Beauvoir;77390;14 Grande Rue 77390 BEAUVOIR;Commerce de gros (commerce interentreprises) de machines pour l'extraction, la construction et le génie civil;Technico-commercial / Technico-commerciale;Entreprise susceptible de recruter (candidature spontanée);;;Apprentissage, Professionnalisation;;;79437136900016;1;https://labonnealternance.apprentissage.beta.gouv.fr/emploi/recruteurs_lba/79437136900016/acvm-metal
29.8;CARTER-CASH;Automobile & mobilité;MCO + NDRC;Savigny-Le-Temple;77176;2 ALLEE DU COBALT 77176 SAVIGNY-LE-TEMPLE;Commerce de détail d'équipements automobiles;"Conseiller / Conseillère de vente en pièces de rechange et accessoires de véhicules ; Conseiller / Conseillère client après-vente des véhicules";Entreprise susceptible de recruter (candidature spontanée);;;Apprentissage, Professionnalisation;;;44094857800487;2;https://labonnealternance.apprentissage.beta.gouv.fr/emploi/recruteurs_lba/44094857800487/carter-cash
29.8;NUANCES UNIKALO ILE DE FRANCE;Commerce de gros / B2B;MCO + NDRC;Savigny-Le-Temple;77176;20 RUE DU FER 77176 SAVIGNY-LE-TEMPLE;Commerce de gros (commerce interentreprises) d'appareils sanitaires et de produits de décoration;"Vendeur / Vendeuse grossiste en équipement du foyer ; Technico-commercial / Technico-commerciale ; Commercial / Commerciale auprès d'une clientèle d'entreprises ; Attaché commercial / Attachée commerciale";Entreprise susceptible de recruter (candidature spontanée);;;Apprentissage, Professionnalisation;;;39822616700094;4;https://labonnealternance.apprentissage.beta.gouv.fr/emploi/recruteurs_lba/39822616700094/nuances-unikalo-ile-de-france
29.9;GDS MATERIAUX;Commerce de gros / B2B;NDRC;Savigny-Le-Temple;77176;10 RUE DU NICKEL 77176 SAVIGNY-LE-TEMPLE;Commerce de gros (commerce interentreprises) de bois et de matériaux de construction;"Technico-commercial / Technico-commerciale ; Commercial itinérant / Commerciale itinérante en entreprise de commerce de gros";Entreprise susceptible de recruter (candidature spontanée);;;Apprentissage, Professionnalisation;;;53089094600029;2;https://labonnealternance.apprentissage.beta.gouv.fr/emploi/recruteurs_lba/53089094600029/gds-materiaux
30.3;AGENCE DU CHATEAU;Immobilier;NDRC;Nandy;77176;40 RUE ROBERT COUSIN 77176 NANDY;Agences immobilières;Conseiller / Conseillère immobilier;Entreprise susceptible de recruter (candidature spontanée);;;Apprentissage, Professionnalisation;;;84800888400019;1;https://labonnealternance.apprentissage.beta.gouv.fr/emploi/recruteurs_lba/84800888400019/agence-du-chateau
30.3;AUCHAN;Grande distribution & supermarchés;MCO;Cesson;77240;rue du Bois des Saints Peres 77240 CESSON;Hypermarchés;"Employé / Employée de rayon libre-service ; Hôte / Hôtesse de caisse ; Chef / Cheffe de rayon produits alimentaires ; Vendeur / Vendeuse en épicerie";Entreprise susceptible de recruter (candidature spontanée);;;Apprentissage, Professionnalisation;;;41040946000178;4;https://labonnealternance.apprentissage.beta.gouv.fr/emploi/recruteurs_lba/41040946000178/auchan
30.3;LDLC;High-tech, électroménager & télécoms;MCO + NDRC;Cesson;77240;rue du Bois des Saints Peres 77240 CESSON;Commerce de détail d'ordinateurs, d'unités périphériques et de logiciels en magasin spécialisé;"Vendeur / Vendeuse en équipement de la maison ; Consultant / Consultante avant-vente ; Technico-commercial / Technico-commerciale";Entreprise susceptible de recruter (candidature spontanée);;;Apprentissage, Professionnalisation;;;81917930000242;3;https://labonnealternance.apprentissage.beta.gouv.fr/emploi/recruteurs_lba/81917930000242/ldlc
30.3;Leroy Merlin;Maison, bricolage & jardin;MCO + NDRC;Cesson;77240;RUE DU BOIS DES SAINTS PERES 77240 CESSON;Commerce de détail de quincaillerie, peintures et verres en grandes surfaces (400 m2et plus);"Hôte / Hôtesse de caisse ; Vendeur / Vendeuse en équipement de la maison ; Vendeur / Vendeuse conseil en jardinerie ; Vendeur / Vendeuse grossiste en équipement du foyer ; Chef / Cheffe de secteur magasin ; Chef / Cheffe de rayon de produits non alimentaires";Entreprise susceptible de recruter (candidature spontanée);;;Apprentissage, Professionnalisation;;;38456094201381;6;https://labonnealternance.apprentissage.beta.gouv.fr/emploi/recruteurs_lba/38456094201381/leroy-merlin
30.5;AMBRE AUTOMOBILES;Automobile & mobilité;MCO + NDRC;Cesson;77240;rue de l arc en ciel 77240 CESSON;Commerce de voitures et de véhicules automobiles légers;"Vendeur / Vendeuse automobile ; Conseiller / Conseillère client après-vente des véhicules";Entreprise susceptible de recruter (candidature spontanée);;;Apprentissage, Professionnalisation;;;38054181300032;2;https://labonnealternance.apprentissage.beta.gouv.fr/emploi/recruteurs_lba/38054181300032/ambre-automobiles
30.5;ZELUS AUTOMOBILES;Automobile & mobilité;MCO + NDRC;Cesson;77240;RUE DE L ARC EN CIEL 77240 CESSON;Commerce de voitures et de véhicules automobiles légers;"Vendeur / Vendeuse automobile ; Conseiller / Conseillère client après-vente des véhicules";Entreprise susceptible de recruter (candidature spontanée);;;Apprentissage, Professionnalisation;;;78575128000054;2;https://labonnealternance.apprentissage.beta.gouv.fr/emploi/recruteurs_lba/78575128000054/zelus-automobiles
30.6;STOKOMANI;Mode, chaussures & accessoires;MCO;Vert-Saint-Denis;77240;LA FONTAINE RONDE 77240 VERT-SAINT-DENIS;Commerce de détail d'habillement en magasin spécialisé;"Vendeur / Vendeuse en prêt-à-porter ; Responsable de boutique ; Hôte / Hôtesse de caisse ; Directeur / Directrice de magasin de grande distribution";Entreprise susceptible de recruter (candidature spontanée);;;Apprentissage, Professionnalisation;;;31778006200491;4;https://labonnealternance.apprentissage.beta.gouv.fr/emploi/recruteurs_lba/31778006200491/stokomani
30.7;KNR;Boulangerie & métiers de bouche;MCO;Vert-Saint-Denis;77240;20 Rue de l'attaque du courrier de Lyon 77240 Vert-Saint-Denis;Boulangerie et boulangerie-pâtisserie;Vendeur / Vendeuse en épicerie;Entreprise susceptible de recruter (candidature spontanée);;;Apprentissage, Professionnalisation;;;90914592200029;1;https://labonnealternance.apprentissage.beta.gouv.fr/emploi/recruteurs_lba/90914592200029/knr
30.7;V AND B;Boulangerie & métiers de bouche;MCO;Vert-Saint-Denis;77240;20 Rue de l'attaque du courrier de Lyon 77240 Vert-Saint-Denis;Commerce de détail de boissons en magasin spécialisé;Vendeur / Vendeuse en épicerie;Entreprise susceptible de recruter (candidature spontanée);;;Apprentissage, Professionnalisation;;;91780318100010;1;https://labonnealternance.apprentissage.beta.gouv.fr/emploi/recruteurs_lba/91780318100010/v-and-b
31.3;Animalis;Maison, bricolage & jardin;MCO;Cesson;77240;Rue du Moulin ├á Vent 77240 Cesson;Commerce de détail de fleurs, plantes, graines, engrais, animaux de compagnie et aliments pour ces animaux en magasin spécialisé;"Responsable de boutique ; Vendeur / Vendeuse conseil en jardinerie ; Vendeur / Vendeuse en animalerie ; Hôte / Hôtesse de caisse ; Chef / Cheffe de rayon de produits non alimentaires";Entreprise susceptible de recruter (candidature spontanée);;;Apprentissage, Professionnalisation;;;41355739800711;5;https://labonnealternance.apprentissage.beta.gouv.fr/emploi/recruteurs_lba/41355739800711/animalis
31.3;CHAUSSEA;Mode, chaussures & accessoires;MCO;Cesson;77240;Rue du Moulin ├á Vent 77240 Cesson;Commerce de détail de la chaussure;"Responsable de boutique ; Vendeur / Vendeuse en prêt-à-porter ; Vendeur / Vendeuse d'articles de sport et loisirs ; Gérant / Gérante de magasin d'alimentation générale ; Directeur / Directrice de magasin de grande distribution";Entreprise susceptible de recruter (candidature spontanée);;;Apprentissage, Professionnalisation;;;33026769105749;5;https://labonnealternance.apprentissage.beta.gouv.fr/emploi/recruteurs_lba/33026769105749/chaussea
31.4;NOVOVIANDE;Boulangerie & métiers de bouche;MCO + NDRC;Vert-Saint-Denis;77240;306 chemin de la Fontaine Ronde 77240 VERT-SAINT-DENIS;Commerce de détail de viandes et de produits à base de viande en magasin spécialisé;"Vendeur / Vendeuse en épicerie ; Vendeur / Vendeuse grossiste en produits frais";Entreprise susceptible de recruter (candidature spontanée);;;Apprentissage, Professionnalisation;;;35215561800031;2;https://labonnealternance.apprentissage.beta.gouv.fr/emploi/recruteurs_lba/35215561800031/novoviande
31.4;SIGLE: R.M.A.T.P.;Commerce de gros / B2B;NDRC;Vert-Saint-Denis;77240;9 rue Paul Henri Spaak 77240 VERT-SAINT-DENIS;Commerce de gros (commerce interentreprises) de machines pour l'extraction, la construction et le génie civil;Technico-commercial / Technico-commerciale;Entreprise susceptible de recruter (candidature spontanée);;;Apprentissage, Professionnalisation;;;32667562600021;1;https://labonnealternance.apprentissage.beta.gouv.fr/emploi/recruteurs_lba/32667562600021/sigle-r-m-a-t-p
31.5;JEANNIN ADVANCED CAR 77;Automobile & mobilité;MCO + NDRC;Vert-Saint-Denis;77240;RUE ARISTIDE BRIAND 77240 VERT-SAINT-DENIS;Commerce de voitures et de véhicules automobiles légers;"Vendeur / Vendeuse automobile ; Conseiller / Conseillère client après-vente des véhicules";Entreprise susceptible de recruter (candidature spontanée);;;Apprentissage, Professionnalisation;;;81746429000011;2;https://labonnealternance.apprentissage.beta.gouv.fr/emploi/recruteurs_lba/81746429000011/jeannin-advanced-car-77
31.5;NORAUTO;Automobile & mobilité;MCO + NDRC;Vert-Saint-Denis;77240;3 RUE ARISTIDE BRIAND 77240 VERT-SAINT-DENIS;Commerce de détail d'équipements automobiles;"Conseiller / Conseillère de vente en pièces de rechange et accessoires de véhicules ; Conseiller / Conseillère client après-vente des véhicules";Entreprise susceptible de recruter (candidature spontanée);;;Apprentissage, Professionnalisation;;;48047015202323;2;https://labonnealternance.apprentissage.beta.gouv.fr/emploi/recruteurs_lba/48047015202323/norauto
31.5;SOGAME;Automobile & mobilité;MCO + NDRC;Vert-Saint-Denis;77240;1 rue Aristide Briand 77240 VERT-SAINT-DENIS;Commerce de voitures et de véhicules automobiles légers;"Vendeur / Vendeuse automobile ; Conseiller / Conseillère client après-vente des véhicules";Entreprise susceptible de recruter (candidature spontanée);;;Apprentissage, Professionnalisation;;;38540633500054;2;https://labonnealternance.apprentissage.beta.gouv.fr/emploi/recruteurs_lba/38540633500054/sogame
31.6;AQUATIUM;Maison, bricolage & jardin;MCO + NDRC;Vert-Saint-Denis;77240;45 AVENUE ANNA LINDH 77240 VERT-SAINT-DENIS;Commerce de détail de quincaillerie, peintures et verres en petites surfaces (moins de 400 m2);"Hôte / Hôtesse de caisse ; Vendeur / Vendeuse grossiste en équipement du foyer ; Conseiller commercial / Conseillère commerciale auprès des particuliers";Entreprise susceptible de recruter (candidature spontanée);;;Apprentissage, Professionnalisation;;;84827905500026;3;https://labonnealternance.apprentissage.beta.gouv.fr/emploi/recruteurs_lba/84827905500026/aquatium
31.6;GLOBAL BUS;Automobile & mobilité;NDRC;Vert-Saint-Denis;77240;520 AVENUE DE L EUROPE 77240 VERT-SAINT-DENIS;Entretien et réparation d'autres véhicules automobiles;Conseiller / Conseillère client après-vente des véhicules;Entreprise susceptible de recruter (candidature spontanée);;;Apprentissage, Professionnalisation;;;43814157400063;1;https://labonnealternance.apprentissage.beta.gouv.fr/emploi/recruteurs_lba/43814157400063/global-bus
31.6;Groupe Autosphere;Automobile & mobilité;MCO + NDRC;Vert-Saint-Denis;77240;140 avenue Anna Lindh 77240 VERT-SAINT-DENIS;Commerce de voitures et de véhicules automobiles légers;"Vendeur / Vendeuse automobile ; Conseiller / Conseillère client après-vente des véhicules";Entreprise susceptible de recruter (candidature spontanée);;;Apprentissage, Professionnalisation;;;30678243400097;2;https://labonnealternance.apprentissage.beta.gouv.fr/emploi/recruteurs_lba/30678243400097/groupe-autosphere
31.6;NOVUS;Automobile & mobilité;MCO + NDRC;Vert-Saint-Denis;77240;45 AVENUE ANNA LINDH 77240 VERT-SAINT-DENIS;Commerce de voitures et de véhicules automobiles légers;"Vendeur / Vendeuse automobile ; Conseiller / Conseillère client après-vente des véhicules";Entreprise susceptible de recruter (candidature spontanée);;;Apprentissage, Professionnalisation;;;81881851000021;2;https://labonnealternance.apprentissage.beta.gouv.fr/emploi/recruteurs_lba/81881851000021/novus
31.7;ACTUAL TALENT;Services aux entreprises, conseil & communication;NDRC;Vert-Saint-Denis;77240;77240 Vert-Saint-Denis;CONSEIL POUR LES AFFAIRES ET AUTRES CONSEILS DE GESTION;Conseiller Client Après-Vente Automobile (RAV) F/H;Offre partenaire (France Travail…);Conseiller Client Après-Vente Automobile (RAV) F/H;;Apprentissage;2026-09-22;;;1;https://labonnealternance.apprentissage.beta.gouv.fr/emploi/offres_emploi_partenaires/6ab2ff277caaafd3f596a548/conseiller-client-apres-vente-automobile-rav-f-h
31.7;Amplitude;Automobile & mobilité;MCO + NDRC;Vert-Saint-Denis;77240;4 RUE PAUL HENRI SPAAK 77240 VERT-SAINT-DENIS;Commerce de voitures et de véhicules automobiles légers;"Vendeur / Vendeuse automobile ; Conseiller / Conseillère client après-vente des véhicules";Entreprise susceptible de recruter (candidature spontanée);;;Apprentissage, Professionnalisation;;;78833908300032;2;https://labonnealternance.apprentissage.beta.gouv.fr/emploi/recruteurs_lba/78833908300032/amplitude
31.7;Groupe Autosphere;Services aux entreprises, conseil & communication;MCO;Vert-Saint-Denis;77240;77240 Vert-Saint-Denis;CONSEIL POUR LES AFFAIRES ET AUTRES CONSEILS DE GESTION;Apprenti Vendeur Smart H/F;Offre partenaire (France Travail…);Apprenti Vendeur Smart H/F;BTS, DEUST (Bac+2);Apprentissage, Professionnalisation;2026-09-18;;;1;https://labonnealternance.apprentissage.beta.gouv.fr/emploi/offres_emploi_partenaires/6aaf0781375ebabde2e13779/apprenti-vendeur-smart-h-f
31.7;JEANNIN AUTOPRESTIGE;Automobile & mobilité;MCO + NDRC;Vert-Saint-Denis;77240;6 rue Paul Henri Spaak 77240 VERT-SAINT-DENIS;Commerce de voitures et de véhicules automobiles légers;"Vendeur / Vendeuse automobile ; Conseiller / Conseillère client après-vente des véhicules";Entreprise susceptible de recruter (candidature spontanée);;;Apprentissage, Professionnalisation;;;53801277400013;2;https://labonnealternance.apprentissage.beta.gouv.fr/emploi/recruteurs_lba/53801277400013/jeannin-autoprestige
31.7;MYCSP;Services aux entreprises, conseil & communication;MCO;Vert-Saint-Denis;77240;1 RUE PAUL HENRI SPAAK 77240 VERT-SAINT-DENIS;Autres activités de soutien aux entreprises n.c.a.;Animateur / Animatrice des ventes;Entreprise susceptible de recruter (candidature spontanée);;;Apprentissage, Professionnalisation;;;95406257600010;1;https://labonnealternance.apprentissage.beta.gouv.fr/emploi/recruteurs_lba/95406257600010/mycsp
31.7;SBA;Automobile & mobilité;MCO + NDRC;Vert-Saint-Denis;77240;4 rue Paul Henri Spaak 77240 VERT-SAINT-DENIS;Commerce de voitures et de véhicules automobiles légers;"Vendeur / Vendeuse automobile ; Conseiller / Conseillère client après-vente des véhicules";Entreprise susceptible de recruter (candidature spontanée);;;Apprentissage, Professionnalisation;;;48799435200044;2;https://labonnealternance.apprentissage.beta.gouv.fr/emploi/recruteurs_lba/48799435200044/sba
31.8;TOUNETT DEVELOPPEMENT;Services aux entreprises, conseil & communication;NDRC;Vert-Saint-Denis;77240;255 AVENUE DE L EUROPE 77240 VERT-SAINT-DENIS;Activités des sociétés holding;Conseiller / Conseillère immobilier;Entreprise susceptible de recruter (candidature spontanée);;;Apprentissage, Professionnalisation;;;51742760500020;1;https://labonnealternance.apprentissage.beta.gouv.fr/emploi/recruteurs_lba/51742760500020/tounett-developpement
31.9;AUX DEUX EPIS;Boulangerie & métiers de bouche;MCO;Saint-Jean-Les-Deux-Jumeaux;77660;54 rue Pasteur 77660 SAINT-JEAN-LES-DEUX-JUMEAUX;Boulangerie et boulangerie-pâtisserie;Vendeur / Vendeuse en épicerie;Entreprise susceptible de recruter (candidature spontanée);;;Apprentissage, Professionnalisation;;;84305678900012;1;https://labonnealternance.apprentissage.beta.gouv.fr/emploi/recruteurs_lba/84305678900012/aux-deux-epis
31.9;JEANNIN AUTOMOBILES;Automobile & mobilité;MCO + NDRC;Vert-Saint-Denis;77240;71 AVENUE DE LEUROPE 77240 VERT-SAINT-DENIS;Commerce de voitures et de véhicules automobiles légers;"Vendeur / Vendeuse automobile ; Conseiller / Conseillère client après-vente des véhicules";Entreprise susceptible de recruter (candidature spontanée);;;Apprentissage, Professionnalisation;;;44930765100017;2;https://labonnealternance.apprentissage.beta.gouv.fr/emploi/recruteurs_lba/44930765100017/jeannin-automobiles
32.0;DBM MELUN AUTO;Automobile & mobilité;MCO + NDRC;Vert-Saint-Denis;77240;600 IMPASSE DE LEPINET 77240 VERT-SAINT-DENIS;Commerce de voitures et de véhicules automobiles légers;"Vendeur / Vendeuse automobile ; Conseiller / Conseillère client après-vente des véhicules";Entreprise susceptible de recruter (candidature spontanée);;;Apprentissage, Professionnalisation;;;49459134000034;2;https://labonnealternance.apprentissage.beta.gouv.fr/emploi/recruteurs_lba/49459134000034/dbm-melun-auto
32.0;JE VENDS VOTRE AUTO.COM;Automobile & mobilité;MCO + NDRC;Rozay-En-Brie;77540;20 avenue de l Epi 77540 ROZAY-EN-BRIE;Commerce de voitures et de véhicules automobiles légers;"Vendeur / Vendeuse automobile ; Conseiller / Conseillère client après-vente des véhicules";Entreprise susceptible de recruter (candidature spontanée);;;Apprentissage, Professionnalisation;;;91110135000013;2;https://labonnealternance.apprentissage.beta.gouv.fr/emploi/recruteurs_lba/91110135000013/je-vends-votre-auto-com
32.0;PASQUIER AUTOS 77;Automobile & mobilité;MCO + NDRC;Vert-Saint-Denis;77240;RUE DE LEPINET 77240 VERT-SAINT-DENIS;Commerce de voitures et de véhicules automobiles légers;"Vendeur / Vendeuse automobile ; Conseiller / Conseillère client après-vente des véhicules";Entreprise susceptible de recruter (candidature spontanée);;;Apprentissage, Professionnalisation;;;49519189200019;2;https://labonnealternance.apprentissage.beta.gouv.fr/emploi/recruteurs_lba/49519189200019/pasquier-autos-77
32.0;SMDA / JEANNIN SMDA;Automobile & mobilité;MCO + NDRC;Vert-Saint-Denis;77240;520 impasse de l Epinet 77240 VERT-SAINT-DENIS;Commerce de voitures et de véhicules automobiles légers;"Vendeur / Vendeuse automobile ; Conseiller / Conseillère client après-vente des véhicules";Entreprise susceptible de recruter (candidature spontanée);;;Apprentissage, Professionnalisation;;;84158082200010;2;https://labonnealternance.apprentissage.beta.gouv.fr/emploi/recruteurs_lba/84158082200010/smda-jeannin-smda
32.0;VOISIN THIERRY;Boulangerie & métiers de bouche;MCO;Rozay-En-Brie;77540;6 PLACE DU MARCHE AU BLE 77540 ROZAY-EN-BRIE;Boulangerie et boulangerie-pâtisserie;Vendeur / Vendeuse en épicerie;Entreprise susceptible de recruter (candidature spontanée);;;Apprentissage, Professionnalisation;;;40158114500034;1;https://labonnealternance.apprentissage.beta.gouv.fr/emploi/recruteurs_lba/40158114500034/voisin-thierry
32.1;ACTION FRANCE;Grande distribution & supermarchés;MCO;Vert-Saint-Denis;77240;avenue du Bois Vert 77240 VERT-SAINT-DENIS;Supermarchés;"Employé / Employée de rayon libre-service ; Directeur / Directrice de magasin de grande distribution ; Hôte / Hôtesse de caisse ; Responsable de caisses ; Chef / Cheffe de rayon produits alimentaires";Entreprise susceptible de recruter (candidature spontanée);;;Apprentissage, Professionnalisation;;;75330823807798;5;https://labonnealternance.apprentissage.beta.gouv.fr/emploi/recruteurs_lba/75330823807798/action-france
32.1;CERVINIA MELUN;Automobile & mobilité;MCO + NDRC;Vert-Saint-Denis;77240;560 impasse de l Epinet 77240 VERT-SAINT-DENIS;Commerce de voitures et de véhicules automobiles légers;"Vendeur / Vendeuse automobile ; Conseiller / Conseillère client après-vente des véhicules";Entreprise susceptible de recruter (candidature spontanée);;;Apprentissage, Professionnalisation;;;84143685000033;2;https://labonnealternance.apprentissage.beta.gouv.fr/emploi/recruteurs_lba/84143685000033/cervinia-melun
32.1;Chez BESSON CHAUSSURES;Mode, chaussures & accessoires;MCO;Vert-Saint-Denis;77240;RN6 77240 VERT-SAINT-DENIS;Commerce de détail de la chaussure;"Responsable de boutique ; Vendeur / Vendeuse en prêt-à-porter ; Vendeur / Vendeuse d'articles de sport et loisirs ; Gérant / Gérante de magasin d'alimentation générale ; Directeur / Directrice de magasin de grande distribution";Entreprise susceptible de recruter (candidature spontanée);;;Apprentissage, Professionnalisation;;;51194112200018;5;https://labonnealternance.apprentissage.beta.gouv.fr/emploi/recruteurs_lba/51194112200018/chez-besson-chaussures
32.1;ESCOFFIER VEHICULES INDUSTRIELS;Automobile & mobilité;NDRC;Vert-Saint-Denis;77240;D306 77240 VERT-SAINT-DENIS;Commerce d'autres véhicules automobiles;Conseiller / Conseillère client après-vente des véhicules;Entreprise susceptible de recruter (candidature spontanée);;;Apprentissage, Professionnalisation;;;32117879000010;1;https://labonnealternance.apprentissage.beta.gouv.fr/emploi/recruteurs_lba/32117879000010/escoffier-vehicules-industriels
32.1;LES JARDINS DE VERT SAINT DENIS;Boulangerie & métiers de bouche;MCO;Vert-Saint-Denis;77240;D’306 77240 Vert-Saint-Denis;Commerce de détail de fruits et légumes en magasin spécialisé;"Vendeur / Vendeuse en épicerie ; Employé / Employée de rayon libre-service ; Hôte / Hôtesse de caisse ; Chef / Cheffe de rayon produits alimentaires ; Responsable de caisses";Entreprise susceptible de recruter (candidature spontanée);;;Apprentissage, Professionnalisation;;;48949175300021;5;https://labonnealternance.apprentissage.beta.gouv.fr/emploi/recruteurs_lba/48949175300021/les-jardins-de-vert-saint-denis
32.1;LIDL;Grande distribution & supermarchés;MCO;Vert-Saint-Denis;77240;D’306 77240 Vert-Saint-Denis;Supermarchés;"Employé / Employée de rayon libre-service ; Directeur / Directrice de magasin de grande distribution ; Hôte / Hôtesse de caisse ; Responsable de caisses ; Chef / Cheffe de rayon produits alimentaires";Entreprise susceptible de recruter (candidature spontanée);;;Apprentissage, Professionnalisation;;;34326262218216;5;https://labonnealternance.apprentissage.beta.gouv.fr/emploi/recruteurs_lba/34326262218216/lidl
32.1;VSDA 77;Boulangerie & métiers de bouche;MCO;Vert-Saint-Denis;77240;D’306 77240 Vert-Saint-Denis;Boulangerie et boulangerie-pâtisserie;Vendeur / Vendeuse en épicerie;Entreprise susceptible de recruter (candidature spontanée);;;Apprentissage, Professionnalisation;;;85395746200023;1;https://labonnealternance.apprentissage.beta.gouv.fr/emploi/recruteurs_lba/85395746200023/vsda-77
32.2;ERVAP;Grande distribution & supermarchés;MCO;Cesson;77240;77240 Cesson;Autres commerces de détail en magasin non spécialisé;"Employé / Employée de rayon libre-service ; Responsable de boutique ; Hôte / Hôtesse de caisse ; Directeur / Directrice de magasin de grande distribution ; Chef / Cheffe de rayon de produits non alimentaires ; Chef / Cheffe de rayon produits alimentaires";Entreprise susceptible de recruter (candidature spontanée);;;Apprentissage, Professionnalisation;;;80360232500018;6;https://labonnealternance.apprentissage.beta.gouv.fr/emploi/recruteurs_lba/80360232500018/ervap
32.2;Gueudet 1880;Automobile & mobilité;MCO + NDRC;Cesson;77240;77240 Cesson;Commerce de voitures et de véhicules automobiles légers;"Vendeur / Vendeuse automobile ; Conseiller / Conseillère client après-vente des véhicules";Entreprise susceptible de recruter (candidature spontanée);;;Apprentissage, Professionnalisation;;;74695017900166;2;https://labonnealternance.apprentissage.beta.gouv.fr/emploi/recruteurs_lba/74695017900166/gueudet-1880
32.2;HISTOIRE D'OR;Mode, chaussures & accessoires;MCO;Cesson;77240;77240 Cesson;Commerce de détail d'articles d'horlogerie et de bijouterie en magasin spécialisé;"Vendeur / Vendeuse en prêt-à-porter ; Conseiller vendeur / Conseillère vendeuse à domicile ; Responsable de boutique";Entreprise susceptible de recruter (candidature spontanée);;;Apprentissage, Professionnalisation;;;37958790004358;3;https://labonnealternance.apprentissage.beta.gouv.fr/emploi/recruteurs_lba/37958790004358/histoire-d-or
32.2;KALI;Beauté, santé & parfumerie;MCO;Cesson;77240;77240 Cesson;Commerce de détail de parfumerie et de produits de beauté en magasin spécialisé;"Responsable de boutique ; Employé / Employée de rayon libre-service";Entreprise susceptible de recruter (candidature spontanée);;;Apprentissage, Professionnalisation;;;48435900500010;2;https://labonnealternance.apprentissage.beta.gouv.fr/emploi/recruteurs_lba/48435900500010/kali
32.2;LA MAISON D'ISIS;Mode, chaussures & accessoires;MCO;Cesson;77240;77240 Cesson;Commerce de détail d'habillement en magasin spécialisé;"Vendeur / Vendeuse en prêt-à-porter ; Responsable de boutique ; Hôte / Hôtesse de caisse ; Directeur / Directrice de magasin de grande distribution";Entreprise susceptible de recruter (candidature spontanée);;;Apprentissage, Professionnalisation;;;84242913600026;4;https://labonnealternance.apprentissage.beta.gouv.fr/emploi/recruteurs_lba/84242913600026/la-maison-d-isis
32.2;SARL PASSIONNEMENT CHOCOLAT;Boulangerie & métiers de bouche;MCO + NDRC;Cesson;77240;77240 Cesson;Commerce de détail de pain, pâtisserie et confiserie en magasin spécialisé;"Vendeur / Vendeuse en épicerie ; Conseiller / Conseillère clientèle à distance";Entreprise susceptible de recruter (candidature spontanée);;;Apprentissage, Professionnalisation;;;53534611800016;2;https://labonnealternance.apprentissage.beta.gouv.fr/emploi/recruteurs_lba/53534611800016/sarl-passionnement-chocolat
32.2;VIB'S;Mode, chaussures & accessoires;MCO;Cesson;77240;77240 Cesson;Commerce de détail d'habillement en magasin spécialisé;"Vendeur / Vendeuse en prêt-à-porter ; Responsable de boutique ; Hôte / Hôtesse de caisse ; Directeur / Directrice de magasin de grande distribution";Entreprise susceptible de recruter (candidature spontanée);;;Apprentissage, Professionnalisation;;;49035610200809;4;https://labonnealternance.apprentissage.beta.gouv.fr/emploi/recruteurs_lba/49035610200809/vib-s
32.3;INTERMARCHE;Grande distribution & supermarchés;MCO;Cesson;77240;route de Saint Leu 77240 CESSON;Supermarchés;"Employé / Employée de rayon libre-service ; Directeur / Directrice de magasin de grande distribution ; Hôte / Hôtesse de caisse ; Responsable de caisses ; Chef / Cheffe de rayon produits alimentaires";Entreprise susceptible de recruter (candidature spontanée);;;Apprentissage, Professionnalisation;;;92798830300040;5;https://labonnealternance.apprentissage.beta.gouv.fr/emploi/recruteurs_lba/92798830300040/intermarche
32.3;LA SAVEUR D'UN BON PAIN;Boulangerie & métiers de bouche;MCO;Cesson;77240;31 AVENUE CHARLES MONIER 77240 CESSON;Boulangerie et boulangerie-pâtisserie;Vendeur / Vendeuse en épicerie;Entreprise susceptible de recruter (candidature spontanée);;;Apprentissage, Professionnalisation;;;80217459900018;1;https://labonnealternance.apprentissage.beta.gouv.fr/emploi/recruteurs_lba/80217459900018/la-saveur-d-un-bon-pain
32.3;PORCELANOSA;Commerce de gros / B2B;NDRC;Vert-Saint-Denis;77240;Route Departementale 306 77240 Vert-Saint-Denis;Commerce de gros (commerce interentreprises) de bois et de matériaux de construction;"Technico-commercial / Technico-commerciale ; Commercial itinérant / Commerciale itinérante en entreprise de commerce de gros";Entreprise susceptible de recruter (candidature spontanée);;;Apprentissage, Professionnalisation;;;40211693300076;2;https://labonnealternance.apprentissage.beta.gouv.fr/emploi/recruteurs_lba/40211693300076/porcelanosa
32.4;JVVA MELUN;Automobile & mobilité;MCO + NDRC;Vert-Saint-Denis;77240;6 rue Altiero Spinelli 77240 VERT-SAINT-DENIS;Commerce de voitures et de véhicules automobiles légers;"Vendeur / Vendeuse automobile ; Conseiller / Conseillère client après-vente des véhicules";Entreprise susceptible de recruter (candidature spontanée);;;Apprentissage, Professionnalisation;;;97891491900011;2;https://labonnealternance.apprentissage.beta.gouv.fr/emploi/recruteurs_lba/97891491900011/jvva-melun
32.5;Groupe Autosphere;Automobile & mobilité;MCO + NDRC;Vert-Saint-Denis;77240;48 route Departementale 306 77240 VERT-SAINT-DENIS;Commerce de voitures et de véhicules automobiles légers;"Vendeur / Vendeuse automobile ; Conseiller / Conseillère client après-vente des véhicules";Entreprise susceptible de recruter (candidature spontanée);;;Apprentissage, Professionnalisation;;;34451608300013;2;https://labonnealternance.apprentissage.beta.gouv.fr/emploi/recruteurs_lba/34451608300013/groupe-autosphere
32.7;CARREFOUR MARKET;Grande distribution & supermarchés;MCO;Rozay-En-Brie;77540;rue de Vilpre 77540 ROZAY-EN-BRIE;Supermarchés;"Employé / Employée de rayon libre-service ; Directeur / Directrice de magasin de grande distribution ; Hôte / Hôtesse de caisse ; Responsable de caisses ; Chef / Cheffe de rayon produits alimentaires";Entreprise susceptible de recruter (candidature spontanée);;;Apprentissage, Professionnalisation;;;91113735400021;5;https://labonnealternance.apprentissage.beta.gouv.fr/emploi/recruteurs_lba/91113735400021/carrefour-market
32.7;PAYEN ET COMPAGNIE;Commerce de gros / B2B;NDRC;Rozay-En-Brie;77540;77540 Rozay-en-Brie;Commerce de gros (commerce interentreprises) de machines pour l'extraction, la construction et le génie civil;Technico-commercial / Technico-commerciale;Entreprise susceptible de recruter (candidature spontanée);;;Apprentissage, Professionnalisation;;;74695051800082;1;https://labonnealternance.apprentissage.beta.gouv.fr/emploi/recruteurs_lba/74695051800082/payen-et-compagnie
32.7;SOFI;Immobilier;NDRC;Vert-Saint-Denis;77240;25 Route Departementale 306 77240 Vert-Saint-Denis;LOCATION DE TERRAINS ET D'AUTRES BIENS IMMOBILIERS;"Conseiller / Conseillère immobilier ; Conseiller commercial / Conseillère commerciale auprès des particuliers";Entreprise susceptible de recruter (candidature spontanée);;;Apprentissage, Professionnalisation;;;80193935600029;2;https://labonnealternance.apprentissage.beta.gouv.fr/emploi/recruteurs_lba/80193935600029/sofi
33.1;Castorama;Maison, bricolage & jardin;MCO + NDRC;Melun;77000;77000 Melun;Commerce de détail de quincaillerie, peintures et verres en grandes surfaces (400 m2et plus);"Hôte / Hôtesse de caisse ; Vendeur / Vendeuse en équipement de la maison ; Vendeur / Vendeuse conseil en jardinerie ; Vendeur / Vendeuse grossiste en équipement du foyer ; Chef / Cheffe de secteur magasin ; Chef / Cheffe de rayon de produits non alimentaires";Entreprise susceptible de recruter (candidature spontanée);;;Apprentissage, Professionnalisation;;;45167897301226;6;https://labonnealternance.apprentissage.beta.gouv.fr/emploi/recruteurs_lba/45167897301226/castorama
33.1;CTI MELUN;Banque, crédit & assurance;NDRC;Rubelles;77950;77950 Rubelles;Activités générales de sécurité sociale;Conseiller / Conseillère clientèle à distance;Entreprise susceptible de recruter (candidature spontanée);;;Apprentissage, Professionnalisation;;;40339285500025;1;https://labonnealternance.apprentissage.beta.gouv.fr/emploi/recruteurs_lba/40339285500025/cti-melun
33.1;ETABLISSEMENTS JACQUES MARINELLI;Maison, bricolage & jardin;MCO;Melun;77000;77000 Melun;Commerce de détail de meubles;"Vendeur / Vendeuse en équipement de la maison ; Hôte / Hôtesse de caisse";Entreprise susceptible de recruter (candidature spontanée);;;Apprentissage, Professionnalisation;;;78555019500107;2;https://labonnealternance.apprentissage.beta.gouv.fr/emploi/recruteurs_lba/78555019500107/etablissements-jacques-marinelli
33.1;GEMO;Mode, chaussures & accessoires;MCO;Melun;77000;77000 Melun;Commerce de détail d'habillement en magasin spécialisé;"Vendeur / Vendeuse en prêt-à-porter ; Responsable de boutique ; Hôte / Hôtesse de caisse ; Directeur / Directrice de magasin de grande distribution";Entreprise susceptible de recruter (candidature spontanée);;;Apprentissage, Professionnalisation;;;32242434204848;4;https://labonnealternance.apprentissage.beta.gouv.fr/emploi/recruteurs_lba/32242434204848/gemo
33.1;GIFI;Maison, bricolage & jardin;MCO + NDRC;Melun;77000;77000 Melun;Commerce de détail d'autres équipements du foyer;"Vendeur / Vendeuse en équipement de la maison ; Employé / Employée de rayon libre-service ; Responsable de boutique ; Hôte / Hôtesse de caisse ; Vendeur / Vendeuse grossiste en équipement du foyer ; Conseiller commercial / Conseillère commerciale auprès des particuliers";Entreprise susceptible de recruter (candidature spontanée);;;Apprentissage, Professionnalisation;;;82988745400348;6;https://labonnealternance.apprentissage.beta.gouv.fr/emploi/recruteurs_lba/82988745400348/gifi
33.1;MELDO;Maison, bricolage & jardin;MCO;Melun;77000;77000 Melun;Commerce de détail de meubles;"Vendeur / Vendeuse en équipement de la maison ; Hôte / Hôtesse de caisse";Entreprise susceptible de recruter (candidature spontanée);;;Apprentissage, Professionnalisation;;;88857677400010;2;https://labonnealternance.apprentissage.beta.gouv.fr/emploi/recruteurs_lba/88857677400010/meldo
33.2;BREAD AND BIO;Boulangerie & métiers de bouche;MCO;Rubelles;77950;Avenue des Trois Noyers 77950 Rubelles;Boulangerie et boulangerie-pâtisserie;Vendeur / Vendeuse en épicerie;Entreprise susceptible de recruter (candidature spontanée);;;Apprentissage, Professionnalisation;;;91848889100014;1;https://labonnealternance.apprentissage.beta.gouv.fr/emploi/recruteurs_lba/91848889100014/bread-and-bio
33.2;LA JALOUSEE;Boulangerie & métiers de bouche;MCO;Mouroux;77120;39 AVENUE DE PARIS 77120 MOUROUX;Boulangerie et boulangerie-pâtisserie;Vendeur / Vendeuse en épicerie;Entreprise susceptible de recruter (candidature spontanée);;;Apprentissage, Professionnalisation;;;98494223500016;1;https://labonnealternance.apprentissage.beta.gouv.fr/emploi/recruteurs_lba/98494223500016/la-jalousee
33.3;AUX DELICES DE CHAMPEAUX;Boulangerie & métiers de bouche;MCO;Champeaux;77720;15 place du Marche 77720 CHAMPEAUX;Boulangerie et boulangerie-pâtisserie;Vendeur / Vendeuse en épicerie;Entreprise susceptible de recruter (candidature spontanée);;;Apprentissage, Professionnalisation;;;90163043400016;1;https://labonnealternance.apprentissage.beta.gouv.fr/emploi/recruteurs_lba/90163043400016/aux-delices-de-champeaux
33.3;SELECT'AUTO;Automobile & mobilité;MCO + NDRC;Mauperthuis;77120;37 RUE DE MONTESQUIOU 77120 MAUPERTHUIS;Commerce de voitures et de véhicules automobiles légers;"Vendeur / Vendeuse automobile ; Conseiller / Conseillère client après-vente des véhicules";Entreprise susceptible de recruter (candidature spontanée);;;Apprentissage, Professionnalisation;;;88939703000020;2;https://labonnealternance.apprentissage.beta.gouv.fr/emploi/recruteurs_lba/88939703000020/select-auto
33.4;IFD;Commerce de gros / B2B;NDRC;Cesson;77240;60 RUE NEWTON 77240 CESSON;Commerce de gros (commerce interentreprises) de bois et de matériaux de construction;"Technico-commercial / Technico-commerciale ; Commercial itinérant / Commerciale itinérante en entreprise de commerce de gros";Entreprise susceptible de recruter (candidature spontanée);;;Apprentissage, Professionnalisation;;;39082370600028;2;https://labonnealternance.apprentissage.beta.gouv.fr/emploi/recruteurs_lba/39082370600028/ifd
33.5;CAISSE PRIMAIRE ASSUR MALADI;Banque, crédit & assurance;NDRC;Rubelles;77950;RUE DES MEUNIERS 77950 RUBELLES;Activités générales de sécurité sociale;Conseiller / Conseillère clientèle à distance;Entreprise susceptible de recruter (candidature spontanée);;;Apprentissage, Professionnalisation;;;78497130100022;1;https://labonnealternance.apprentissage.beta.gouv.fr/emploi/recruteurs_lba/78497130100022/caisse-primaire-assur-maladi
33.5;LOVMOB;Sport, loisirs & culture;MCO + NDRC;Le Mée-Sur-Seine;77350;435 Rue Jean Baptiste Colbert 77350 Le Mée-sur-Seine;Commerce de détail d'articles de sport en magasin spécialisé;"Vendeur / Vendeuse d'articles de sport et loisirs ; Hôte / Hôtesse de caisse ; Chef / Cheffe de rayon de produits non alimentaires ; Vendeur / Vendeuse en prêt-à-porter ; Vendeur / Vendeuse grossiste en équipement du foyer";Entreprise susceptible de recruter (candidature spontanée);;;Apprentissage, Professionnalisation;;;90941905300030;5;https://labonnealternance.apprentissage.beta.gouv.fr/emploi/recruteurs_lba/90941905300030/lovmob
33.6;BRICO CASH;Maison, bricolage & jardin;MCO + NDRC;Mormant;77720;rue Antoine Laurent de Lavoisier 77720 MORMANT;Commerce de détail de quincaillerie, peintures et verres en grandes surfaces (400 m2et plus);"Hôte / Hôtesse de caisse ; Vendeur / Vendeuse en équipement de la maison ; Vendeur / Vendeuse conseil en jardinerie ; Vendeur / Vendeuse grossiste en équipement du foyer ; Chef / Cheffe de secteur magasin ; Chef / Cheffe de rayon de produits non alimentaires";Entreprise susceptible de recruter (candidature spontanée);;;Apprentissage, Professionnalisation;;;43357939800010;6;https://labonnealternance.apprentissage.beta.gouv.fr/emploi/recruteurs_lba/43357939800010/brico-cash
33.6;CAISSE FRANCAIS DE L ETRANGER;Banque, crédit & assurance;NDRC;Rubelles;77950;160 RUE DES MEUNIERS 77950 RUBELLES;Activités générales de sécurité sociale;Conseiller / Conseillère clientèle à distance;Entreprise susceptible de recruter (candidature spontanée);;;Apprentissage, Professionnalisation;;;33212389200017;1;https://labonnealternance.apprentissage.beta.gouv.fr/emploi/recruteurs_lba/33212389200017/caisse-francais-de-l-etranger
33.6;GPT D EMPLOYEUR ROUSSEAU PERE ET FILS;Services aux entreprises, conseil & communication;MCO;Trocy-En-Multien;77440;1 RUE DU CHATEAU 77440 TROCY-EN-MULTIEN;Autre mise à disposition de ressources humaines;Chef / Cheffe de rayon produits alimentaires;Entreprise susceptible de recruter (candidature spontanée);;;Apprentissage, Professionnalisation;;;45108367900014;1;https://labonnealternance.apprentissage.beta.gouv.fr/emploi/recruteurs_lba/45108367900014/gpt-d-employeur-rousseau-pere-et-fils
33.6;HAKATO;Maison, bricolage & jardin;MCO;Mormant;77720;Rue Antoine Laurent de Lavoisier 77720 Mormant;Commerce de détail de fleurs, plantes, graines, engrais, animaux de compagnie et aliments pour ces animaux en magasin spécialisé;"Responsable de boutique ; Vendeur / Vendeuse conseil en jardinerie ; Vendeur / Vendeuse en animalerie ; Hôte / Hôtesse de caisse ; Chef / Cheffe de rayon de produits non alimentaires";Entreprise susceptible de recruter (candidature spontanée);;;Apprentissage, Professionnalisation;;;87969100400011;5;https://labonnealternance.apprentissage.beta.gouv.fr/emploi/recruteurs_lba/87969100400011/hakato
33.6;SARL LE FOURNIL BRIARD DU BOIS POUTY;Boulangerie & métiers de bouche;MCO;Mouroux;77120;42 RUE DU BOIS POUTY 77120 MOUROUX;Boulangerie et boulangerie-pâtisserie;Vendeur / Vendeuse en épicerie;Entreprise susceptible de recruter (candidature spontanée);;;Apprentissage, Professionnalisation;;;50793920500013;1;https://labonnealternance.apprentissage.beta.gouv.fr/emploi/recruteurs_lba/50793920500013/sarl-le-fournil-briard-du-bois-pouty
33.7;COMMERCIAL DEVELOPPEMENT FRANCE;Sport, loisirs & culture;MCO + NDRC;Le Mée-Sur-Seine;77350;avenue de Corbeil 77350 LE MEE-SUR-SEINE;Commerce de détail d'articles de sport en magasin spécialisé;"Vendeur / Vendeuse d'articles de sport et loisirs ; Hôte / Hôtesse de caisse ; Chef / Cheffe de rayon de produits non alimentaires ; Vendeur / Vendeuse en prêt-à-porter ; Vendeur / Vendeuse grossiste en équipement du foyer";Entreprise susceptible de recruter (candidature spontanée);;;Apprentissage, Professionnalisation;;;80288565700022;5;https://labonnealternance.apprentissage.beta.gouv.fr/emploi/recruteurs_lba/80288565700022/commercial-developpement-france
33.7;SARAH;Boulangerie & métiers de bouche;MCO;Le Mée-Sur-Seine;77350;AVENUE DE CORBEIL 77350 LE MEE-SUR-SEINE;Boulangerie et boulangerie-pâtisserie;Vendeur / Vendeuse en épicerie;Entreprise susceptible de recruter (candidature spontanée);;;Apprentissage, Professionnalisation;;;52037278000012;1;https://labonnealternance.apprentissage.beta.gouv.fr/emploi/recruteurs_lba/52037278000012/sarah
33.8;VIASANTE;Banque, crédit & assurance;NDRC;Melun;77000;14 rue Rene Cassin 77000 MELUN;AUTRES ASSURANCES;"Conseiller / Conseillère en assurances ; Conseiller / Conseillère en gestion de patrimoine";Entreprise susceptible de recruter (candidature spontanée);;;Apprentissage, Professionnalisation;;;77792712000835;2;https://labonnealternance.apprentissage.beta.gouv.fr/emploi/recruteurs_lba/77792712000835/viasante
34.1;CASH CONVERTER MELUN;Autres commerces de détail;MCO;Melun;77000;avenue du General Patton 77000 MELUN;Commerce de détail de biens d'occasion en magasin;"Vendeur / Vendeuse en équipement de la maison ; Vendeur / Vendeuse en prêt-à-porter";Entreprise susceptible de recruter (candidature spontanée);;;Apprentissage, Professionnalisation;;;92026377900018;2;https://labonnealternance.apprentissage.beta.gouv.fr/emploi/recruteurs_lba/92026377900018/cash-converter-melun
34.1;LIDL;Grande distribution & supermarchés;MCO;Melun;77000;36 avenue du General Patton 77000 MELUN;Supermarchés;"Employé / Employée de rayon libre-service ; Directeur / Directrice de magasin de grande distribution ; Hôte / Hôtesse de caisse ; Responsable de caisses ; Chef / Cheffe de rayon produits alimentaires";Entreprise susceptible de recruter (candidature spontanée);;;Apprentissage, Professionnalisation;;;34326262224990;5;https://labonnealternance.apprentissage.beta.gouv.fr/emploi/recruteurs_lba/34326262224990/lidl
34.3;ADW IMMO;Immobilier;NDRC;Melun;77000;21 avenue de Meaux 77000 MELUN;Agences immobilières;Conseiller / Conseillère immobilier;Entreprise susceptible de recruter (candidature spontanée);;;Apprentissage, Professionnalisation;;;52800937600021;1;https://labonnealternance.apprentissage.beta.gouv.fr/emploi/recruteurs_lba/52800937600021/adw-immo
34.3;BOUCHARD AGRICULTURE;Commerce de gros / B2B;MCO + NDRC;Aubepierre-Ozouer-Le-Repos;77720;77720 Aubepierre-Ozouer-le-Repos;Commerce de gros (commerce interentreprises) de matériel agricole;Vendeur / Vendeuse grossiste en équipement du foyer;Entreprise susceptible de recruter (candidature spontanée);;;Apprentissage, Professionnalisation;;;42244978500027;1;https://labonnealternance.apprentissage.beta.gouv.fr/emploi/recruteurs_lba/42244978500027/bouchard-agriculture
34.3;BOUCHARD MANUTENTION;Commerce de gros / B2B;NDRC;Aubepierre-Ozouer-Le-Repos;77720;77720 Aubepierre-Ozouer-le-Repos;Commerce de gros (commerce interentreprises) de fournitures et équipements industriels divers;"Technico-commercial / Technico-commerciale ; Attaché commercial / Attachée commerciale";Entreprise susceptible de recruter (candidature spontanée);;;Apprentissage, Professionnalisation;;;42244946200031;2;https://labonnealternance.apprentissage.beta.gouv.fr/emploi/recruteurs_lba/42244946200031/bouchard-manutention
34.4;La Poste;La Poste & services publics;NDRC;Le Mée-Sur-Seine;77350;520 avenue de la Liberation 77350 LE MEE-SUR-SEINE;Activités de poste dans le cadre d'une obligation de service universel;Responsable relation client (CRM);Entreprise susceptible de recruter (candidature spontanée);;;Apprentissage, Professionnalisation;;;35600000040813;1;https://labonnealternance.apprentissage.beta.gouv.fr/emploi/recruteurs_lba/35600000040813/la-poste
34.4;LES GOURMANDISES DU CHATEAU;Boulangerie & métiers de bouche;MCO;Blandy;77115;20 PLACE DES TOURS 77115 BLANDY;Boulangerie et boulangerie-pâtisserie;Vendeur / Vendeuse en épicerie;Entreprise susceptible de recruter (candidature spontanée);;;Apprentissage, Professionnalisation;;;83788897300018;1;https://labonnealternance.apprentissage.beta.gouv.fr/emploi/recruteurs_lba/83788897300018/les-gourmandises-du-chateau
34.4;MOTOBRIE PROVINS;Commerce de gros / B2B;MCO + NDRC;Mormant;77720;77720 Mormant;Commerce de gros (commerce interentreprises) de matériel agricole;Vendeur / Vendeuse grossiste en équipement du foyer;Entreprise susceptible de recruter (candidature spontanée);;;Apprentissage, Professionnalisation;;;47797441400021;1;https://labonnealternance.apprentissage.beta.gouv.fr/emploi/recruteurs_lba/47797441400021/motobrie-provins
34.4;SOFEMA;Grande distribution & supermarchés;MCO;Mormant;77720;77720 Mormant;Supermarchés;"Employé / Employée de rayon libre-service ; Directeur / Directrice de magasin de grande distribution ; Hôte / Hôtesse de caisse ; Responsable de caisses ; Chef / Cheffe de rayon produits alimentaires";Entreprise susceptible de recruter (candidature spontanée);;;Apprentissage, Professionnalisation;;;33973075600014;5;https://labonnealternance.apprentissage.beta.gouv.fr/emploi/recruteurs_lba/33973075600014/sofema
34.5;BOULANGERIE PATISSERIE PLIOT;Boulangerie & métiers de bouche;MCO;Mormant;77720;82 rue Charles De Gaulle 77720 MORMANT;Boulangerie et boulangerie-pâtisserie;Vendeur / Vendeuse en épicerie;Entreprise susceptible de recruter (candidature spontanée);;;Apprentissage, Professionnalisation;;;80744972300012;1;https://labonnealternance.apprentissage.beta.gouv.fr/emploi/recruteurs_lba/80744972300012/boulangerie-patisserie-pliot
34.6;TRAVAIL ENTRAIDE;Services aux entreprises, conseil & communication;MCO;Le Mée-Sur-Seine;77350;50 AVENUE DE LA GARE 77350 LE MEE-SUR-SEINE;Autre mise à disposition de ressources humaines;Chef / Cheffe de rayon produits alimentaires;Entreprise susceptible de recruter (candidature spontanée);;;Apprentissage, Professionnalisation;;;35053792400028;1;https://labonnealternance.apprentissage.beta.gouv.fr/emploi/recruteurs_lba/35053792400028/travail-entraide
34.7;GENY IMMOBILIER;Immobilier;NDRC;Le Mée-Sur-Seine;77350;273 avenue de la Liberation 77350 LE MEE-SUR-SEINE;Agences immobilières;Conseiller / Conseillère immobilier;Entreprise susceptible de recruter (candidature spontanée);;;Apprentissage, Professionnalisation;;;90341752500016;1;https://labonnealternance.apprentissage.beta.gouv.fr/emploi/recruteurs_lba/90341752500016/geny-immobilier
34.8;GRPT EMPLOYEURS RABOURDIN;Services aux entreprises, conseil & communication;MCO;Courpalay;77540;FERME DE GAILLON 77540 COURPALAY;Autre mise à disposition de ressources humaines;Chef / Cheffe de rayon produits alimentaires;Entreprise susceptible de recruter (candidature spontanée);;;Apprentissage, Professionnalisation;;;83750555100015;1;https://labonnealternance.apprentissage.beta.gouv.fr/emploi/recruteurs_lba/83750555100015/grpt-employeurs-rabourdin
34.8;LES PLAISIRS PARISIENS;Boulangerie & métiers de bouche;MCO;Melun;77000;40 boulevard de l Almont 77000 MELUN;Pâtisserie;Vendeur / Vendeuse en épicerie;Entreprise susceptible de recruter (candidature spontanée);;;Apprentissage, Professionnalisation;;;44109297000025;1;https://labonnealternance.apprentissage.beta.gouv.fr/emploi/recruteurs_lba/44109297000025/les-plaisirs-parisiens
34.8;MORMANT AUTO;Automobile & mobilité;MCO + NDRC;Mormant;77720;2 RUE CHARLES DE GAULLE 77720 MORMANT;Commerce de détail d'équipements automobiles;"Conseiller / Conseillère de vente en pièces de rechange et accessoires de véhicules ; Conseiller / Conseillère client après-vente des véhicules";Entreprise susceptible de recruter (candidature spontanée);;;Apprentissage, Professionnalisation;;;84334327800019;2;https://labonnealternance.apprentissage.beta.gouv.fr/emploi/recruteurs_lba/84334327800019/mormant-auto
34.9;Alternance ASSISTANT(E) CHARGÉ(ÉE) D'AFFAIRES 77 - Le Mé(e)-sur-Seine (F/H);Non précisé;NDRC;Le Mée-Sur-Seine;77350;77350 Le Mée-sur-Seine;;Alternance ASSISTANT(E) CHARGÉ(ÉE) D'AFFAIRES 77 - Le Mé(e)-sur-Seine (F/H);Offre partenaire (France Travail…);Alternance ASSISTANT(E) CHARGÉ(ÉE) D'AFFAIRES 77 - Le Mé(e)-sur-Seine (F/H);;Professionnalisation;2026-09-09;;;1;https://labonnealternance.apprentissage.beta.gouv.fr/emploi/offres_emploi_partenaires/6aa1dbe7d4cd2f3dc00fe911/alternance-assistant-e-charge-ee-d-affaires-77-le-me-e-sur-seine-f-h
34.9;MAIHOME;Immobilier;NDRC;Melun;77000;14 RUE DES FOSSES 77000 MELUN;Agences immobilières;Conseiller / Conseillère immobilier;Entreprise susceptible de recruter (candidature spontanée);;;Apprentissage, Professionnalisation;;;75201328400043;1;https://labonnealternance.apprentissage.beta.gouv.fr/emploi/recruteurs_lba/75201328400043/maihome
34.9;Vendeur conseil - Alternance (H/F);Non précisé;MCO;Melun;77000;77000 Melun;;Vendeur conseil - Alternance (H/F);Offre partenaire (France Travail…);Vendeur conseil - Alternance (H/F);;Apprentissage;2026-09-28;;;1;https://labonnealternance.apprentissage.beta.gouv.fr/emploi/offres_emploi_partenaires/6abae7e1f1ddb5796bb3b1fb/vendeur-conseil-alternance-h-f
35.0;VERNIN VOYAGES;Tourisme & transport;MCO;Melun;77000;24B RUE DU GENERAL DE GAULLE 77000 MELUN;Activités des agences de voyage;"Employé / Employée de rayon libre-service ; Hôte / Hôtesse de caisse";Entreprise susceptible de recruter (candidature spontanée);;;Apprentissage, Professionnalisation;;;30714681100012;2;https://labonnealternance.apprentissage.beta.gouv.fr/emploi/recruteurs_lba/30714681100012/vernin-voyages
35.1;BANQUE CIC EST;Banque, crédit & assurance;NDRC;Melun;77000;19 RUE CARNOT 77000 MELUN;Autres intermédiations monétaires;"Conseiller / Conseillère de clientèle bancaire ; Chargé / Chargée d'accueil en banque ; Conseiller / Conseillère en gestion de patrimoine";Entreprise susceptible de recruter (candidature spontanée);;;Apprentissage, Professionnalisation;;;75480071200335;3;https://labonnealternance.apprentissage.beta.gouv.fr/emploi/recruteurs_lba/75480071200335/banque-cic-est
35.1;BRICO DEPOT;Maison, bricolage & jardin;MCO + NDRC;Vaux-Le-Pénil;77000;route de Nangis 77000 VAUX-LE-PENIL;Commerce de détail de quincaillerie, peintures et verres en grandes surfaces (400 m2et plus);"Hôte / Hôtesse de caisse ; Vendeur / Vendeuse en équipement de la maison ; Vendeur / Vendeuse conseil en jardinerie ; Vendeur / Vendeuse grossiste en équipement du foyer ; Chef / Cheffe de secteur magasin ; Chef / Cheffe de rayon de produits non alimentaires";Entreprise susceptible de recruter (candidature spontanée);;;Apprentissage, Professionnalisation;;;45164790300736;6;https://labonnealternance.apprentissage.beta.gouv.fr/emploi/recruteurs_lba/45164790300736/brico-depot
35.1;CAISSE D'EPARGNE ET DE PREVOYANCE ILE-DE-FRANCE;Banque, crédit & assurance;NDRC;Melun;77000;9 RUE DU MIROIR 77000 MELUN;Autres intermédiations monétaires;"Conseiller / Conseillère de clientèle bancaire ; Chargé / Chargée d'accueil en banque ; Conseiller / Conseillère en gestion de patrimoine";Entreprise susceptible de recruter (candidature spontanée);;;Apprentissage, Professionnalisation;;;38290094201244;3;https://labonnealternance.apprentissage.beta.gouv.fr/emploi/recruteurs_lba/38290094201244/caisse-d-epargne-et-de-prevoyance-ile-de-france
35.1;CTRE REGIONAL INFORMATION IMMOBILIERE;Immobilier;NDRC;Melun;77000;5 place Saint Jean 77000 MELUN;Agences immobilières;Conseiller / Conseillère immobilier;Entreprise susceptible de recruter (candidature spontanée);;;Apprentissage, Professionnalisation;;;78725137000138;1;https://labonnealternance.apprentissage.beta.gouv.fr/emploi/recruteurs_lba/78725137000138/ctre-regional-information-immobiliere
35.1;FRANCE ACTIVE SEINE-ET-MARNE ESSONNE;Services aux entreprises, conseil & communication;MCO;Melun;77000;10 RUE CARNOT 77000 MELUN;Autres activités de soutien aux entreprises n.c.a.;Animateur / Animatrice des ventes;Entreprise susceptible de recruter (candidature spontanée);;;Apprentissage, Professionnalisation;;;38470641200036;1;https://labonnealternance.apprentissage.beta.gouv.fr/emploi/recruteurs_lba/38470641200036/france-active-seine-et-marne-essonne
35.1;La Poste;La Poste & services publics;NDRC;Melun;77000;3 place Saint Jean 77000 MELUN;Activités de poste dans le cadre d'une obligation de service universel;Responsable relation client (CRM);Entreprise susceptible de recruter (candidature spontanée);;;Apprentissage, Professionnalisation;;;35600000040840;1;https://labonnealternance.apprentissage.beta.gouv.fr/emploi/recruteurs_lba/35600000040840/la-poste
35.1;LIBRAIRIE PAPETERIE JACQUES AMYOT;Sport, loisirs & culture;MCO;Melun;77000;22 RUE PAUL DOUMER 77000 MELUN;Commerce de détail de journaux et papeterie en magasin spécialisé;"Employé / Employée de rayon libre-service ; Chef / Cheffe de rayon de produits non alimentaires ; Vendeur / Vendeuse de produits culturels et ludiques";Entreprise susceptible de recruter (candidature spontanée);;;Apprentissage, Professionnalisation;;;78575002700019;3;https://labonnealternance.apprentissage.beta.gouv.fr/emploi/recruteurs_lba/78575002700019/librairie-papeterie-jacques-amyot
35.1;MG SERVICES;Services aux entreprises, conseil & communication;MCO;Melun;77000;3 RUE DE L'EPERON 77000 MELUN;Autres activités de soutien aux entreprises n.c.a.;Animateur / Animatrice des ventes;Entreprise susceptible de recruter (candidature spontanée);;;Apprentissage, Professionnalisation;;;39428965600024;1;https://labonnealternance.apprentissage.beta.gouv.fr/emploi/recruteurs_lba/39428965600024/mg-services
35.1;PORTAGE 77;Services aux entreprises, conseil & communication;MCO;Melun;77000;3 RUE DE L'EPERON 77000 MELUN;Autres activités de soutien aux entreprises n.c.a.;Animateur / Animatrice des ventes;Entreprise susceptible de recruter (candidature spontanée);;;Apprentissage, Professionnalisation;;;81265867200033;1;https://labonnealternance.apprentissage.beta.gouv.fr/emploi/recruteurs_lba/81265867200033/portage-77
35.1;SINA;Immobilier;NDRC;Melun;77000;3 rue de l Eperon 77000 MELUN;Agences immobilières;Conseiller / Conseillère immobilier;Entreprise susceptible de recruter (candidature spontanée);;;Apprentissage, Professionnalisation;;;89958615000018;1;https://labonnealternance.apprentissage.beta.gouv.fr/emploi/recruteurs_lba/89958615000018/sina
35.2;CARREFOUR MARKET;Immobilier;NDRC;Melun;77000;6 rue Gaillardon 77000 MELUN;LOCATION DE TERRAINS ET D'AUTRES BIENS IMMOBILIERS;"Conseiller / Conseillère immobilier ; Conseiller commercial / Conseillère commerciale auprès des particuliers";Entreprise susceptible de recruter (candidature spontanée);;;Apprentissage, Professionnalisation;;;44028375200267;2;https://labonnealternance.apprentissage.beta.gouv.fr/emploi/recruteurs_lba/44028375200267/carrefour-market
35.2;DREAMS DONUTS;Grande distribution & supermarchés;MCO;Melun;77000;7 rue Saint Aspais 77000 MELUN;Commerce d'alimentation générale;"Employé / Employée de rayon libre-service ; Vendeur / Vendeuse en épicerie ; Hôte / Hôtesse de caisse ; Chef / Cheffe de rayon produits alimentaires ; Directeur / Directrice de magasin de grande distribution ; Gérant / Gérante de magasin d'alimentation générale";Entreprise susceptible de recruter (candidature spontanée);;;Apprentissage, Professionnalisation;;;91903795200018;6;https://labonnealternance.apprentissage.beta.gouv.fr/emploi/recruteurs_lba/91903795200018/dreams-donuts
35.2;INTERMARCHE;Grande distribution & supermarchés;MCO;Coulommiers;77120;5 rue Abel Prouharam 77120 COULOMMIERS;Supermarchés;"Employé / Employée de rayon libre-service ; Directeur / Directrice de magasin de grande distribution ; Hôte / Hôtesse de caisse ; Responsable de caisses ; Chef / Cheffe de rayon produits alimentaires";Entreprise susceptible de recruter (candidature spontanée);;;Apprentissage, Professionnalisation;;;40308127600012;5;https://labonnealternance.apprentissage.beta.gouv.fr/emploi/recruteurs_lba/40308127600012/intermarche
35.2;Intermarché Vaux le pénil;Grande distribution & supermarchés;MCO;Vaux-Le-Pénil;77000;27 route de Montereau 77000 VAUX-LE-PENIL;Supermarchés;"Employé / Employée de rayon libre-service ; Directeur / Directrice de magasin de grande distribution ; Hôte / Hôtesse de caisse ; Responsable de caisses ; Chef / Cheffe de rayon produits alimentaires";Entreprise susceptible de recruter (candidature spontanée);;;Apprentissage, Professionnalisation;;;31656995300011;5;https://labonnealternance.apprentissage.beta.gouv.fr/emploi/recruteurs_lba/31656995300011/intermarche-vaux-le-penil
35.2;JOJO'S DOUGH;Boulangerie & métiers de bouche;MCO + NDRC;Melun;77000;17 rue Rene Pouteau 77000 MELUN;Commerce de détail de pain, pâtisserie et confiserie en magasin spécialisé;"Vendeur / Vendeuse en épicerie ; Conseiller / Conseillère clientèle à distance";Entreprise susceptible de recruter (candidature spontanée);;;Apprentissage, Professionnalisation;;;98166119200014;2;https://labonnealternance.apprentissage.beta.gouv.fr/emploi/recruteurs_lba/98166119200014/jojo-s-dough
35.2;LA REPUBLIQUE DE SEINE ET MARNE;Sport, loisirs & culture;NDRC;Melun;77000;3 BOULEVARD VICTOR HUGO 77000 MELUN;Édition de revues et périodiques;Commercial / Commerciale grands comptes et entreprises;Entreprise susceptible de recruter (candidature spontanée);;;Apprentissage, Professionnalisation;;;48728001800465;1;https://labonnealternance.apprentissage.beta.gouv.fr/emploi/recruteurs_lba/48728001800465/la-republique-de-seine-et-marne
35.2;METZ DIFFUSION;Automobile & mobilité;MCO + NDRC;Coulommiers;77120;17 AVENUE LEON BLUM 77120 COULOMMIERS;Commerce de voitures et de véhicules automobiles légers;"Vendeur / Vendeuse automobile ; Conseiller / Conseillère client après-vente des véhicules";Entreprise susceptible de recruter (candidature spontanée);;;Apprentissage, Professionnalisation;;;74735086600048;2;https://labonnealternance.apprentissage.beta.gouv.fr/emploi/recruteurs_lba/74735086600048/metz-diffusion
35.2;Yves Rocher;Beauté, santé & parfumerie;MCO;Melun;77000;20 RUE RENE POUTEAU 77000 MELUN;Commerce de détail de parfumerie et de produits de beauté en magasin spécialisé;"Responsable de boutique ; Employé / Employée de rayon libre-service";Entreprise susceptible de recruter (candidature spontanée);;;Apprentissage, Professionnalisation;;;79825906500034;2;https://labonnealternance.apprentissage.beta.gouv.fr/emploi/recruteurs_lba/79825906500034/yves-rocher
35.3;CREDIT LYONNAIS;Banque, crédit & assurance;NDRC;Melun;77000;2 rue Saint Aspais 77000 MELUN;Autres intermédiations monétaires;"Conseiller / Conseillère de clientèle bancaire ; Chargé / Chargée d'accueil en banque ; Conseiller / Conseillère en gestion de patrimoine";Entreprise susceptible de recruter (candidature spontanée);;;Apprentissage, Professionnalisation;;;95450974106026;3;https://labonnealternance.apprentissage.beta.gouv.fr/emploi/recruteurs_lba/95450974106026/credit-lyonnais
35.3;EQUIPEMENT VEHICULE INDUSTRIEL;Automobile & mobilité;NDRC;Vaux-Le-Pénil;77000;365 ROUTE DE MONTEREAU 77000 VAUX-LE-PENIL;Entretien et réparation d'autres véhicules automobiles;Conseiller / Conseillère client après-vente des véhicules;Entreprise susceptible de recruter (candidature spontanée);;;Apprentissage, Professionnalisation;;;78735086700018;1;https://labonnealternance.apprentissage.beta.gouv.fr/emploi/recruteurs_lba/78735086700018/equipement-vehicule-industriel
35.3;FRAMATEQ ILE DE FRANCE;Commerce de gros / B2B;NDRC;Vaux-Le-Pénil;77000;77000 Vaux-le-Pénil;Commerce de gros (commerce interentreprises) de machines pour l'extraction, la construction et le génie civil;Technico-commercial / Technico-commerciale;Entreprise susceptible de recruter (candidature spontanée);;;Apprentissage, Professionnalisation;;;42276278100041;1;https://labonnealternance.apprentissage.beta.gouv.fr/emploi/recruteurs_lba/42276278100041/framateq-ile-de-france
35.3;MELUN POIDS LOURDS;Automobile & mobilité;NDRC;Vaux-Le-Pénil;77000;295 ROUTE DE MONTEREAU 77000 VAUX-LE-PENIL;Commerce d'autres véhicules automobiles;Conseiller / Conseillère client après-vente des véhicules;Entreprise susceptible de recruter (candidature spontanée);;;Apprentissage, Professionnalisation;;;78635039700018;1;https://labonnealternance.apprentissage.beta.gouv.fr/emploi/recruteurs_lba/78635039700018/melun-poids-lourds
35.3;SOCIETE GENERALE;Banque, crédit & assurance;NDRC;Melun;77000;4 QUAI PASTEUR 77000 MELUN;Autres intermédiations monétaires;"Conseiller / Conseillère de clientèle bancaire ; Chargé / Chargée d'accueil en banque ; Conseiller / Conseillère en gestion de patrimoine";Entreprise susceptible de recruter (candidature spontanée);;;Apprentissage, Professionnalisation;;;55212022207455;3;https://labonnealternance.apprentissage.beta.gouv.fr/emploi/recruteurs_lba/55212022207455/societe-generale
35.4;AGENCE DE SEINE ET MARNE;Immobilier;NDRC;Coulommiers;77120;46 RUE BERTRAND FLORNOY 77120 COULOMMIERS;Agences immobilières;Conseiller / Conseillère immobilier;Entreprise susceptible de recruter (candidature spontanée);;;Apprentissage, Professionnalisation;;;35073959500022;1;https://labonnealternance.apprentissage.beta.gouv.fr/emploi/recruteurs_lba/35073959500022/agence-de-seine-et-marne
35.4;BOULANGERIE MAEVA;Boulangerie & métiers de bouche;MCO;Coulommiers;77120;3 rue de La Pecherie 77120 COULOMMIERS;Boulangerie et boulangerie-pâtisserie;Vendeur / Vendeuse en épicerie;Entreprise susceptible de recruter (candidature spontanée);;;Apprentissage, Professionnalisation;;;91763953600015;1;https://labonnealternance.apprentissage.beta.gouv.fr/emploi/recruteurs_lba/91763953600015/boulangerie-maeva
35.4;CAISSE REGIONALE DE CREDIT MUTUEL D'ILE DE FRANCE;Banque, crédit & assurance;NDRC;Melun;77000;5 place Praslin 77000 MELUN;Autres intermédiations monétaires;"Conseiller / Conseillère de clientèle bancaire ; Chargé / Chargée d'accueil en banque ; Conseiller / Conseillère en gestion de patrimoine";Entreprise susceptible de recruter (candidature spontanée);;;Apprentissage, Professionnalisation;;;69204371400280;3;https://labonnealternance.apprentissage.beta.gouv.fr/emploi/recruteurs_lba/69204371400280/caisse-regionale-de-credit-mutuel-d-ile-de-france
35.4;HAPPART IMMOBILIER;Immobilier;NDRC;Melun;77000;26 rue Saint Etienne 77000 MELUN;Agences immobilières;Conseiller / Conseillère immobilier;Entreprise susceptible de recruter (candidature spontanée);;;Apprentissage, Professionnalisation;;;48502823700025;1;https://labonnealternance.apprentissage.beta.gouv.fr/emploi/recruteurs_lba/48502823700025/happart-immobilier
35.4;ID PARE-BRISE;Automobile & mobilité;MCO + NDRC;Signy-Signets;77640;3 chemin du Jeu d Arc 77640 SIGNY-SIGNETS;Commerce de détail d'équipements automobiles;"Conseiller / Conseillère de vente en pièces de rechange et accessoires de véhicules ; Conseiller / Conseillère client après-vente des véhicules";Entreprise susceptible de recruter (candidature spontanée);;;Apprentissage, Professionnalisation;;;83900686300022;2;https://labonnealternance.apprentissage.beta.gouv.fr/emploi/recruteurs_lba/83900686300022/id-pare-brise
35.4;L'ATELIER DE CHRISTOPHE;Maison, bricolage & jardin;MCO;Coulommiers;77120;21 RUE DE LA PECHERIE 77120 COULOMMIERS;Commerce de détail de fleurs, plantes, graines, engrais, animaux de compagnie et aliments pour ces animaux en magasin spécialisé;"Responsable de boutique ; Vendeur / Vendeuse conseil en jardinerie ; Vendeur / Vendeuse en animalerie ; Hôte / Hôtesse de caisse ; Chef / Cheffe de rayon de produits non alimentaires";Entreprise susceptible de recruter (candidature spontanée);;;Apprentissage, Professionnalisation;;;53103978200010;5;https://labonnealternance.apprentissage.beta.gouv.fr/emploi/recruteurs_lba/53103978200010/l-atelier-de-christophe
35.4;LA TROPEZIENNE;Boulangerie & métiers de bouche;MCO;Melun;77000;22 rue Saint Etienne 77000 MELUN;Boulangerie et boulangerie-pâtisserie;Vendeur / Vendeuse en épicerie;Entreprise susceptible de recruter (candidature spontanée);;;Apprentissage, Professionnalisation;;;75052356500018;1;https://labonnealternance.apprentissage.beta.gouv.fr/emploi/recruteurs_lba/75052356500018/la-tropezienne
35.4;LE FLEURISIER;Maison, bricolage & jardin;MCO;Coulommiers;77120;31 AVENUE VICTOR HUGO 77120 COULOMMIERS;Commerce de détail de fleurs, plantes, graines, engrais, animaux de compagnie et aliments pour ces animaux en magasin spécialisé;"Responsable de boutique ; Vendeur / Vendeuse conseil en jardinerie ; Vendeur / Vendeuse en animalerie ; Hôte / Hôtesse de caisse ; Chef / Cheffe de rayon de produits non alimentaires";Entreprise susceptible de recruter (candidature spontanée);;;Apprentissage, Professionnalisation;;;49885339900018;5;https://labonnealternance.apprentissage.beta.gouv.fr/emploi/recruteurs_lba/49885339900018/le-fleurisier
35.4;LE VESTIAIRE DES COPINES CONCEPT STORE;Mode, chaussures & accessoires;MCO;Coulommiers;77120;25 rue de La Pecherie 77120 COULOMMIERS;Commerce de détail d'habillement en magasin spécialisé;"Vendeur / Vendeuse en prêt-à-porter ; Responsable de boutique ; Hôte / Hôtesse de caisse ; Directeur / Directrice de magasin de grande distribution";Entreprise susceptible de recruter (candidature spontanée);;;Apprentissage, Professionnalisation;;;88391938300025;4;https://labonnealternance.apprentissage.beta.gouv.fr/emploi/recruteurs_lba/88391938300025/le-vestiaire-des-copines-concept-store
35.4;MAISON LETURQUE;Boulangerie & métiers de bouche;MCO;Coulommiers;77120;2 rue Bertrand Flornoy 77120 COULOMMIERS;Boulangerie et boulangerie-pâtisserie;Vendeur / Vendeuse en épicerie;Entreprise susceptible de recruter (candidature spontanée);;;Apprentissage, Professionnalisation;;;84166492300015;1;https://labonnealternance.apprentissage.beta.gouv.fr/emploi/recruteurs_lba/84166492300015/maison-leturque
35.4;NEWS;Maison, bricolage & jardin;MCO + NDRC;Coulommiers;77120;21 RUE LEON LAHITTE 77120 COULOMMIERS;Commerce de détail d'autres équipements du foyer;"Vendeur / Vendeuse en équipement de la maison ; Employé / Employée de rayon libre-service ; Responsable de boutique ; Hôte / Hôtesse de caisse ; Vendeur / Vendeuse grossiste en équipement du foyer ; Conseiller commercial / Conseillère commerciale auprès des particuliers";Entreprise susceptible de recruter (candidature spontanée);;;Apprentissage, Professionnalisation;;;75052694900029;6;https://labonnealternance.apprentissage.beta.gouv.fr/emploi/recruteurs_lba/75052694900029/news
35.4;REPAIRE D'HOMME;Mode, chaussures & accessoires;MCO;Coulommiers;77120;9 RUE BEAUREPAIRE 77120 COULOMMIERS;Commerce de détail d'habillement en magasin spécialisé;"Vendeur / Vendeuse en prêt-à-porter ; Responsable de boutique ; Hôte / Hôtesse de caisse ; Directeur / Directrice de magasin de grande distribution";Entreprise susceptible de recruter (candidature spontanée);;;Apprentissage, Professionnalisation;;;95326470200010;4;https://labonnealternance.apprentissage.beta.gouv.fr/emploi/recruteurs_lba/95326470200010/repaire-d-homme
35.4;SEVERINE;Beauté, santé & parfumerie;MCO;Coulommiers;77120;18 RUE BERTRAND FLORNOY 77120 COULOMMIERS;Commerce de détail de parfumerie et de produits de beauté en magasin spécialisé;"Responsable de boutique ; Employé / Employée de rayon libre-service";Entreprise susceptible de recruter (candidature spontanée);;;Apprentissage, Professionnalisation;;;32799939700018;2;https://labonnealternance.apprentissage.beta.gouv.fr/emploi/recruteurs_lba/32799939700018/severine
35.5;ADA;Automobile & mobilité;NDRC;Coulommiers;77120;23 AVENUE DE STRASBOURG 77120 COULOMMIERS;Location de courte durée de voitures et de véhicules automobiles légers;"Agent technico-commercial / Agente technico-commerciale en location de véhicules ; Conseiller / Conseillère client après-vente des véhicules";Entreprise susceptible de recruter (candidature spontanée);;;Apprentissage, Professionnalisation;;;50237609800054;2;https://labonnealternance.apprentissage.beta.gouv.fr/emploi/recruteurs_lba/50237609800054/ada
35.5;ALLIANCE AUTOMOTIVE LOGISTIQUE;Commerce de gros / B2B;MCO + NDRC;Saint-Fargeau-Ponthierry;77310;736 RUE DE STRASBOURG 77310 SAINT-FARGEAU-PONTHIERRY;Commerce de gros d'équipements automobiles;Vendeur / Vendeuse grossiste en équipement du foyer;Entreprise susceptible de recruter (candidature spontanée);;;Apprentissage, Professionnalisation;;;91933799800026;1;https://labonnealternance.apprentissage.beta.gouv.fr/emploi/recruteurs_lba/91933799800026/alliance-automotive-logistique
35.5;BRED Banque Populaire;Banque, crédit & assurance;NDRC;Coulommiers;77120;8 place Saint Denis 77120 COULOMMIERS;Autres intermédiations monétaires;"Conseiller / Conseillère de clientèle bancaire ; Chargé / Chargée d'accueil en banque ; Conseiller / Conseillère en gestion de patrimoine";Entreprise susceptible de recruter (candidature spontanée);;;Apprentissage, Professionnalisation;;;55209179500377;3;https://labonnealternance.apprentissage.beta.gouv.fr/emploi/recruteurs_lba/55209179500377/bred-banque-populaire
35.5;CREDIT LYONNAIS;Banque, crédit & assurance;NDRC;Coulommiers;77120;32 place du Marche 77120 COULOMMIERS;Autres intermédiations monétaires;"Conseiller / Conseillère de clientèle bancaire ; Chargé / Chargée d'accueil en banque ; Conseiller / Conseillère en gestion de patrimoine";Entreprise susceptible de recruter (candidature spontanée);;;Apprentissage, Professionnalisation;;;95450974106075;3;https://labonnealternance.apprentissage.beta.gouv.fr/emploi/recruteurs_lba/95450974106075/credit-lyonnais
35.5;CREDIT MUTUEL;Banque, crédit & assurance;NDRC;Coulommiers;77120;15 cours Gambetta 77120 COULOMMIERS;Autres intermédiations monétaires;"Conseiller / Conseillère de clientèle bancaire ; Chargé / Chargée d'accueil en banque ; Conseiller / Conseillère en gestion de patrimoine ; Chargé / Chargée d'affaires bancaires entreprise";Entreprise susceptible de recruter (candidature spontanée);;;Apprentissage, Professionnalisation;;;69204371402054;4;https://labonnealternance.apprentissage.beta.gouv.fr/emploi/recruteurs_lba/69204371402054/credit-mutuel
35.5;L2H;Mode, chaussures & accessoires;MCO;Coulommiers;77120;17 RUE BEAUREPAIRE 77120 COULOMMIERS;Commerce de détail d'habillement en magasin spécialisé;"Vendeur / Vendeuse en prêt-à-porter ; Responsable de boutique ; Hôte / Hôtesse de caisse ; Directeur / Directrice de magasin de grande distribution";Entreprise susceptible de recruter (candidature spontanée);;;Apprentissage, Professionnalisation;;;91469543200015;4;https://labonnealternance.apprentissage.beta.gouv.fr/emploi/recruteurs_lba/91469543200015/l2h
35.5;La Poste;La Poste & services publics;NDRC;Coulommiers;77120;6 rue du General De Gaulle 77120 COULOMMIERS;Activités de poste dans le cadre d'une obligation de service universel;Responsable relation client (CRM);Entreprise susceptible de recruter (candidature spontanée);;;Apprentissage, Professionnalisation;;;35600000038609;1;https://labonnealternance.apprentissage.beta.gouv.fr/emploi/recruteurs_lba/35600000038609/la-poste
35.5;MAINTENANCE HYDRAULIQUE SYSTEMES;Commerce de gros / B2B;NDRC;Vaux-Le-Pénil;77000;435 rue du Marechal Juin 77000 VAUX-LE-PENIL;Commerce de gros (commerce interentreprises) de fournitures et équipements industriels divers;"Technico-commercial / Technico-commerciale ; Attaché commercial / Attachée commerciale ; Commercial itinérant / Commerciale itinérante en entreprise de commerce de gros";Entreprise susceptible de recruter (candidature spontanée);;;Apprentissage, Professionnalisation;;;34533446000077;3;https://labonnealternance.apprentissage.beta.gouv.fr/emploi/recruteurs_lba/34533446000077/maintenance-hydraulique-systemes
35.5;MAISON DE LA PRESSE LES DEUX MUSES;Sport, loisirs & culture;MCO;Coulommiers;77120;18 PLACE DU MARCHE 77120 COULOMMIERS;Commerce de détail de livres en magasin spécialisé;"Vendeur / Vendeuse de produits culturels et ludiques ; Hôte / Hôtesse de caisse ; Chef / Cheffe de rayon de produits non alimentaires";Entreprise susceptible de recruter (candidature spontanée);;;Apprentissage, Professionnalisation;;;47997594800015;3;https://labonnealternance.apprentissage.beta.gouv.fr/emploi/recruteurs_lba/47997594800015/maison-de-la-presse-les-deux-muses
35.5;MELUN HYDRAULIQUE;Industrie & énergie;NDRC;Vaux-Le-Pénil;77000;435 rue du Marechal Juin 77000 VAUX-LE-PENIL;Fabrication d'équipements hydrauliques et pneumatiques;Cadre Technico-commercial / Technico-commerciale;Entreprise susceptible de recruter (candidature spontanée);;;Apprentissage, Professionnalisation;;;78715080400088;1;https://labonnealternance.apprentissage.beta.gouv.fr/emploi/recruteurs_lba/78715080400088/melun-hydraulique
35.5;NDC;Services aux entreprises, conseil & communication;NDRC;Coulommiers;77120;11 rue du Marche 77120 COULOMMIERS;Activités des sociétés holding;Conseiller / Conseillère immobilier;Entreprise susceptible de recruter (candidature spontanée);;;Apprentissage, Professionnalisation;;;45339482700050;1;https://labonnealternance.apprentissage.beta.gouv.fr/emploi/recruteurs_lba/45339482700050/ndc
35.5;SYLVAIN MOUILLERON;Boulangerie & métiers de bouche;MCO;Coulommiers;77120;3 RUE BEAUREPAIRE 77120 COULOMMIERS;Boulangerie et boulangerie-pâtisserie;Vendeur / Vendeuse en épicerie;Entreprise susceptible de recruter (candidature spontanée);;;Apprentissage, Professionnalisation;;;39975954700066;1;https://labonnealternance.apprentissage.beta.gouv.fr/emploi/recruteurs_lba/39975954700066/sylvain-mouilleron
35.5;VIVISOL FRANCE;Beauté, santé & parfumerie;MCO + NDRC;Vaux-Le-Pénil;77000;269 RUE DU MARECHAL JUIN 77000 VAUX-LE-PENIL;Commerce de détail d'articles médicaux et orthopédiques en magasin spécialisé;Délégué médical hospitalier / Déléguée médicale hospitalière;Entreprise susceptible de recruter (candidature spontanée);;;Apprentissage, Professionnalisation;;;39875011700200;2;https://labonnealternance.apprentissage.beta.gouv.fr/emploi/recruteurs_lba/39875011700200/vivisol-france
35.5;YONNELEC SANICHAUD;Commerce de gros / B2B;MCO + NDRC;Vaux-Le-Pénil;77000;292 RUE DU MARECHAL JUIN 77000 VAUX-LE-PENIL;Commerce de gros (commerce interentreprises) de matériel électrique;"Vendeur / Vendeuse grossiste en équipement du foyer ; Technico-commercial / Technico-commerciale";Entreprise susceptible de recruter (candidature spontanée);;;Apprentissage, Professionnalisation;;;70708002400193;2;https://labonnealternance.apprentissage.beta.gouv.fr/emploi/recruteurs_lba/70708002400193/yonnelec-sanichaud
35.5;Yves Rocher;Beauté, santé & parfumerie;MCO;Coulommiers;77120;8 RUE BEAUREPAIRE 77120 COULOMMIERS;Commerce de détail de parfumerie et de produits de beauté en magasin spécialisé;"Responsable de boutique ; Employé / Employée de rayon libre-service";Entreprise susceptible de recruter (candidature spontanée);;;Apprentissage, Professionnalisation;;;50427250100025;2;https://labonnealternance.apprentissage.beta.gouv.fr/emploi/recruteurs_lba/50427250100025/yves-rocher
35.6;BOULANGERIE MARIE BLACHERE;Boulangerie & métiers de bouche;MCO;Saint-Fargeau-Ponthierry;77310;Rue de Luxembourg 77310 Saint-Fargeau-Ponthierry;Boulangerie et boulangerie-pâtisserie;Vendeur / Vendeuse en épicerie;Entreprise susceptible de recruter (candidature spontanée);;;Apprentissage, Professionnalisation;;;47845579301774;1;https://labonnealternance.apprentissage.beta.gouv.fr/emploi/recruteurs_lba/47845579301774/boulangerie-marie-blachere
35.6;BR PERFORMANCE;Automobile & mobilité;MCO + NDRC;Vaux-Le-Pénil;77000;41 rue du General Niox 77000 VAUX-LE-PENIL;Commerce de détail d'équipements automobiles;"Conseiller / Conseillère de vente en pièces de rechange et accessoires de véhicules ; Conseiller / Conseillère client après-vente des véhicules";Entreprise susceptible de recruter (candidature spontanée);;;Apprentissage, Professionnalisation;;;51454671200019;2;https://labonnealternance.apprentissage.beta.gouv.fr/emploi/recruteurs_lba/51454671200019/br-performance
35.6;COULOMMIERS IMMOBILIER;Immobilier;NDRC;Coulommiers;77120;10 COURS GAMBETTA 77120 COULOMMIERS;Agences immobilières;Conseiller / Conseillère immobilier;Entreprise susceptible de recruter (candidature spontanée);;;Apprentissage, Professionnalisation;;;49893654100024;1;https://labonnealternance.apprentissage.beta.gouv.fr/emploi/recruteurs_lba/49893654100024/coulommiers-immobilier
35.6;SC GESTION ET IMMOBILIER;Immobilier;NDRC;Coulommiers;77120;10 COURS GAMBETTA 77120 COULOMMIERS;LOCATION DE TERRAINS ET D'AUTRES BIENS IMMOBILIERS;"Conseiller / Conseillère immobilier ; Conseiller commercial / Conseillère commerciale auprès des particuliers";Entreprise susceptible de recruter (candidature spontanée);;;Apprentissage, Professionnalisation;;;81907299200012;2;https://labonnealternance.apprentissage.beta.gouv.fr/emploi/recruteurs_lba/81907299200012/sc-gestion-et-immobilier
35.6;SITMA FRANCE;Commerce de gros / B2B;NDRC;Vaux-Le-Pénil;77000;603 rue du Marechal Juin 77000 VAUX-LE-PENIL;Commerce de gros (commerce interentreprises) de fournitures et équipements industriels divers;"Technico-commercial / Technico-commerciale ; Attaché commercial / Attachée commerciale ; Commercial itinérant / Commerciale itinérante en entreprise de commerce de gros";Entreprise susceptible de recruter (candidature spontanée);;;Apprentissage, Professionnalisation;;;31547423900029;3;https://labonnealternance.apprentissage.beta.gouv.fr/emploi/recruteurs_lba/31547423900029/sitma-france
35.7;BRED Banque Populaire;Banque, crédit & assurance;NDRC;Melun;77000;33 RUE SAINT AMBROISE 77000 MELUN;Autres intermédiations monétaires;"Conseiller / Conseillère de clientèle bancaire ; Chargé / Chargée d'accueil en banque ; Conseiller / Conseillère en gestion de patrimoine";Entreprise susceptible de recruter (candidature spontanée);;;Apprentissage, Professionnalisation;;;55209179500302;3;https://labonnealternance.apprentissage.beta.gouv.fr/emploi/recruteurs_lba/55209179500302/bred-banque-populaire
35.7;GARAGE BEL AIR - ETS MAJOU;Automobile & mobilité;NDRC;Vaux-Le-Pénil;77000;838 RUE DU MARECHAL JUIN 77000 VAUX-LE-PENIL;Commerce d'autres véhicules automobiles;Conseiller / Conseillère client après-vente des véhicules;Entreprise susceptible de recruter (candidature spontanée);;;Apprentissage, Professionnalisation;;;30934548600026;1;https://labonnealternance.apprentissage.beta.gouv.fr/emploi/recruteurs_lba/30934548600026/garage-bel-air-ets-majou
35.7;LA MAISON DU SALARIE;Services aux entreprises, conseil & communication;MCO;Melun;77000;1B PLACE ARTHUR CHAUSSY 77000 MELUN;Autres activités de soutien aux entreprises n.c.a.;Animateur / Animatrice des ventes;Entreprise susceptible de recruter (candidature spontanée);;;Apprentissage, Professionnalisation;;;83020710600022;1;https://labonnealternance.apprentissage.beta.gouv.fr/emploi/recruteurs_lba/83020710600022/la-maison-du-salarie
35.7;POINT P SA;Commerce de gros / B2B;NDRC;Saint-Fargeau-Ponthierry;77310;26 RUE DE LA SAUSSAIE 77310 SAINT-FARGEAU-PONTHIERRY;Commerce de gros (commerce interentreprises) de bois et de matériaux de construction;"Technico-commercial / Technico-commerciale ; Commercial itinérant / Commerciale itinérante en entreprise de commerce de gros";Entreprise susceptible de recruter (candidature spontanée);;;Apprentissage, Professionnalisation;;;69568010802050;2;https://labonnealternance.apprentissage.beta.gouv.fr/emploi/recruteurs_lba/69568010802050/point-p-sa
35.7;PURE;Commerce de gros / B2B;MCO + NDRC;Saint-Fargeau-Ponthierry;77310;77310 Saint-Fargeau-Ponthierry;Commerce de gros (commerce interentreprises) de meubles, de tapis et d'appareils d'éclairage;"Vendeur / Vendeuse en équipement de la maison ; Attaché commercial / Attachée commerciale";Entreprise susceptible de recruter (candidature spontanée);;;Apprentissage, Professionnalisation;;;43458114600025;2;https://labonnealternance.apprentissage.beta.gouv.fr/emploi/recruteurs_lba/43458114600025/pure
35.7;SAS COTE FJORD;Commerce de gros / B2B;MCO + NDRC;Saint-Fargeau-Ponthierry;77310;77310 Saint-Fargeau-Ponthierry;COMMERCE DE GROS (COMMERCE INTERENTREPRISES) D'AUTRES BIENS DOMESTIQUES;"Assistant / Assistante administration des ventes ; Assistant commercial / Assistante commerciale";Entreprise susceptible de recruter (candidature spontanée);;;Apprentissage, Professionnalisation;;;41964930600075;2;https://labonnealternance.apprentissage.beta.gouv.fr/emploi/recruteurs_lba/41964930600075/sas-cote-fjord
35.7;SUVEO INTERNATIONAL;Commerce de gros / B2B;NDRC;Melun;77000;11B rue Felix Poyez 77000 MELUN;Commerce de gros (commerce interentreprises) non spécialisé;"Technico-commercial / Technico-commerciale ; Assistant commercial / Assistante commerciale ; Conseiller / Conseillère en gestion de patrimoine";Entreprise susceptible de recruter (candidature spontanée);;;Apprentissage, Professionnalisation;;;88955965400013;3;https://labonnealternance.apprentissage.beta.gouv.fr/emploi/recruteurs_lba/88955965400013/suveo-international
35.8;ATEM AUTOS;Automobile & mobilité;NDRC;Vaux-Le-Pénil;77000;93 AVENUE SAINT JUST 77000 VAUX-LE-PENIL;Entretien et réparation d'autres véhicules automobiles;Conseiller / Conseillère client après-vente des véhicules;Entreprise susceptible de recruter (candidature spontanée);;;Apprentissage, Professionnalisation;;;92196936600027;1;https://labonnealternance.apprentissage.beta.gouv.fr/emploi/recruteurs_lba/92196936600027/atem-autos
35.8;PRO EMPLOI ENTREPRISE;Services aux entreprises, conseil & communication;NDRC;Dammarie-Les-Lys;77190;56 RUE EUGENE DELAROUE 77190 DAMMARIE-LES-LYS;Activités des sociétés holding;Conseiller / Conseillère immobilier;Entreprise susceptible de recruter (candidature spontanée);;;Apprentissage, Professionnalisation;;;53457797800024;1;https://labonnealternance.apprentissage.beta.gouv.fr/emploi/recruteurs_lba/53457797800024/pro-emploi-entreprise
35.9;A.B.I.;Commerce de gros / B2B;NDRC;Saint-Fargeau-Ponthierry;77310;331 AVENUE VILA NOVA DE FAMALICAO 77310 SAINT-FARGEAU-PONTHIERRY;Commerce de gros (commerce interentreprises) de fournitures et équipements industriels divers;"Technico-commercial / Technico-commerciale ; Attaché commercial / Attachée commerciale";Entreprise susceptible de recruter (candidature spontanée);;;Apprentissage, Professionnalisation;;;32466767400034;2;https://labonnealternance.apprentissage.beta.gouv.fr/emploi/recruteurs_lba/32466767400034/a-b-i
35.9;CENTURY 21;Immobilier;NDRC;Saint-Fargeau-Ponthierry;77310;29B AVENUE ALBERT BEAUFILS 77310 SAINT-FARGEAU-PONTHIERRY;Agences immobilières;Conseiller / Conseillère immobilier;Entreprise susceptible de recruter (candidature spontanée);;;Apprentissage, Professionnalisation;;;82409965900024;1;https://labonnealternance.apprentissage.beta.gouv.fr/emploi/recruteurs_lba/82409965900024/century-21
35.9;GARDIF;Maison, bricolage & jardin;MCO;Saint-Fargeau-Ponthierry;77310;60 rue de Bruxelles 77310 SAINT-FARGEAU-PONTHIERRY;Commerce de détail de fleurs, plantes, graines, engrais, animaux de compagnie et aliments pour ces animaux en magasin spécialisé;"Responsable de boutique ; Vendeur / Vendeuse conseil en jardinerie ; Vendeur / Vendeuse en animalerie ; Hôte / Hôtesse de caisse ; Chef / Cheffe de rayon de produits non alimentaires";Entreprise susceptible de recruter (candidature spontanée);;;Apprentissage, Professionnalisation;;;84383537200015;5;https://labonnealternance.apprentissage.beta.gouv.fr/emploi/recruteurs_lba/84383537200015/gardif
35.9;SOCIETE MUTUELLE D'ASSURANCE DU BATIMENT ET DES TRAVAUX PUBLICS;Banque, crédit & assurance;NDRC;Dammarie-Les-Lys;77190;45 RUE NOUVELLE 77190 DAMMARIE-LES-LYS;AUTRES ASSURANCES;"Conseiller / Conseillère en assurances ; Conseiller / Conseillère en gestion de patrimoine";Entreprise susceptible de recruter (candidature spontanée);;;Apprentissage, Professionnalisation;;;77568476401587;2;https://labonnealternance.apprentissage.beta.gouv.fr/emploi/recruteurs_lba/77568476401587/societe-mutuelle-d-assurance-du-batiment-et-des-travaux-publics
35.9;TOP INDUSTRIE;Industrie & énergie;NDRC;Vaux-Le-Pénil;77000;79 RUE HIPPOLYTE MARINONI 77000 VAUX-LE-PENIL;Fabrication d'équipements hydrauliques et pneumatiques;Cadre Technico-commercial / Technico-commerciale;Entreprise susceptible de recruter (candidature spontanée);;;Apprentissage, Professionnalisation;;;32882489100043;1;https://labonnealternance.apprentissage.beta.gouv.fr/emploi/recruteurs_lba/32882489100043/top-industrie
35.9;Truffaut;Maison, bricolage & jardin;MCO;Saint-Fargeau-Ponthierry;77310;Avenue Vila Nova de Famalicao 77310 Saint-Fargeau-Ponthierry;Commerce de détail de fleurs, plantes, graines, engrais, animaux de compagnie et aliments pour ces animaux en magasin spécialisé;"Responsable de boutique ; Vendeur / Vendeuse conseil en jardinerie ; Vendeur / Vendeuse en animalerie ; Hôte / Hôtesse de caisse ; Chef / Cheffe de rayon de produits non alimentaires";Entreprise susceptible de recruter (candidature spontanée);;;Apprentissage, Professionnalisation;;;73980623000416;5;https://labonnealternance.apprentissage.beta.gouv.fr/emploi/recruteurs_lba/73980623000416/truffaut
36.0;ALEX HARLE;Boulangerie & métiers de bouche;MCO + NDRC;Sammeron;77260;94 RUE DE METZ 77260 SAMMERON;Commerce de détail de viandes et de produits à base de viande en magasin spécialisé;"Vendeur / Vendeuse en épicerie ; Vendeur / Vendeuse grossiste en produits frais";Entreprise susceptible de recruter (candidature spontanée);;;Apprentissage, Professionnalisation;;;40872885500029;2;https://labonnealternance.apprentissage.beta.gouv.fr/emploi/recruteurs_lba/40872885500029/alex-harle
36.0;BOULANGERIE DE LIZY;Boulangerie & métiers de bouche;MCO;Lizy-Sur-Ourcq;77440;1 place Harouard 77440 LIZY-SUR-OURCQ;Boulangerie et boulangerie-pâtisserie;Vendeur / Vendeuse en épicerie;Entreprise susceptible de recruter (candidature spontanée);;;Apprentissage, Professionnalisation;;;93131556800010;1;https://labonnealternance.apprentissage.beta.gouv.fr/emploi/recruteurs_lba/93131556800010/boulangerie-de-lizy
36.0;EOLIANCE;Services aux entreprises, conseil & communication;NDRC;Vaux-Le-Pénil;77000;949 avenue Saint Just 77000 VAUX-LE-PENIL;Activités des sociétés holding;Conseiller / Conseillère immobilier;Entreprise susceptible de recruter (candidature spontanée);;;Apprentissage, Professionnalisation;;;52782515200038;1;https://labonnealternance.apprentissage.beta.gouv.fr/emploi/recruteurs_lba/52782515200038/eoliance
36.0;GEMO;Mode, chaussures & accessoires;MCO;Coulommiers;77120;77120 Coulommiers;Commerce de détail d'habillement en magasin spécialisé;"Vendeur / Vendeuse en prêt-à-porter ; Responsable de boutique ; Hôte / Hôtesse de caisse ; Directeur / Directrice de magasin de grande distribution";Entreprise susceptible de recruter (candidature spontanée);;;Apprentissage, Professionnalisation;;;32242434205738;4;https://labonnealternance.apprentissage.beta.gouv.fr/emploi/recruteurs_lba/32242434205738/gemo
36.0;RIESTER AUTOMOBILES;Automobile & mobilité;MCO + NDRC;Coulommiers;77120;6 boulevard de la Marne 77120 COULOMMIERS;Commerce de voitures et de véhicules automobiles légers;"Vendeur / Vendeuse automobile ; Conseiller / Conseillère client après-vente des véhicules";Entreprise susceptible de recruter (candidature spontanée);;;Apprentissage, Professionnalisation;;;33259032200068;2;https://labonnealternance.apprentissage.beta.gouv.fr/emploi/recruteurs_lba/33259032200068/riester-automobiles
36.0;RIESTER HOLDING;Services aux entreprises, conseil & communication;MCO;Coulommiers;77120;6 BOULEVARD DE LA MARNE 77120 COULOMMIERS;Autres activités de soutien aux entreprises n.c.a.;Animateur / Animatrice des ventes;Entreprise susceptible de recruter (candidature spontanée);;;Apprentissage, Professionnalisation;;;74615021800020;1;https://labonnealternance.apprentissage.beta.gouv.fr/emploi/recruteurs_lba/74615021800020/riester-holding
36.1;FONCIA SENART-GATINAIS;Maison, bricolage & jardin;NDRC;Melun;77000;39 avenue Thiers 77000 MELUN;Administration d'immeubles et autres biens immobiliers;Conseiller / Conseillère immobilier;Entreprise susceptible de recruter (candidature spontanée);;;Apprentissage, Professionnalisation;;;41342647900163;1;https://labonnealternance.apprentissage.beta.gouv.fr/emploi/recruteurs_lba/41342647900163/foncia-senart-gatinais
36.1;JLM AUTO;Automobile & mobilité;MCO + NDRC;Coulommiers;77120;Rue de la Fontaine Saint Pierre 77120 Coulommiers;Commerce de détail d'équipements automobiles;"Conseiller / Conseillère de vente en pièces de rechange et accessoires de véhicules ; Conseiller / Conseillère client après-vente des véhicules";Entreprise susceptible de recruter (candidature spontanée);;;Apprentissage, Professionnalisation;;;84246907400020;2;https://labonnealternance.apprentissage.beta.gouv.fr/emploi/recruteurs_lba/84246907400020/jlm-auto
36.1;JOUE CLUB;Sport, loisirs & culture;MCO + NDRC;Coulommiers;77120;BOULEVARD DE LA MARNE 77120 COULOMMIERS;Commerce de détail de jeux et jouets en magasin spécialisé;"Vendeur / Vendeuse de produits culturels et ludiques ; Hôte / Hôtesse de caisse ; Responsable de boutique ; Employé / Employée de rayon libre-service ; Directeur / Directrice des ventes ; Conseiller commercial / Conseillère commerciale auprès des particuliers";Entreprise susceptible de recruter (candidature spontanée);;;Apprentissage, Professionnalisation;;;43219506300032;6;https://labonnealternance.apprentissage.beta.gouv.fr/emploi/recruteurs_lba/43219506300032/joue-club
36.1;LE PAIN DU NIL;Boulangerie & métiers de bouche;MCO;Coulommiers;77120;2 RUE DU MONTBILLARD 77120 COULOMMIERS;Boulangerie et boulangerie-pâtisserie;Vendeur / Vendeuse en épicerie;Entreprise susceptible de recruter (candidature spontanée);;;Apprentissage, Professionnalisation;;;83194521700014;1;https://labonnealternance.apprentissage.beta.gouv.fr/emploi/recruteurs_lba/83194521700014/le-pain-du-nil
36.1;PERRIER MAYAKI ASSOCIES;Banque, crédit & assurance;NDRC;Saint-Fargeau-Ponthierry;77310;36 rue Jacques Madelin 77310 SAINT-FARGEAU-PONTHIERRY;Activités des agents et courtiers d'assurances;"Conseiller / Conseillère en assurances ; Conseiller / Conseillère en gestion de patrimoine";Entreprise susceptible de recruter (candidature spontanée);;;Apprentissage, Professionnalisation;;;89828174600013;2;https://labonnealternance.apprentissage.beta.gouv.fr/emploi/recruteurs_lba/89828174600013/perrier-mayaki-associes
36.1;RIESTER NEWCO;Automobile & mobilité;MCO + NDRC;Coulommiers;77120;boulevard de la Marne 77120 COULOMMIERS;Commerce de voitures et de véhicules automobiles légers;"Vendeur / Vendeuse automobile ; Conseiller / Conseillère client après-vente des véhicules";Entreprise susceptible de recruter (candidature spontanée);;;Apprentissage, Professionnalisation;;;89186081900012;2;https://labonnealternance.apprentissage.beta.gouv.fr/emploi/recruteurs_lba/89186081900012/riester-newco
36.1;SMB;Automobile & mobilité;NDRC;Dammarie-Les-Lys;77190;349 rue des Freres Thibault 77190 DAMMARIE-LES-LYS;Commerce et réparation de motocycles;"Conseiller commercial / Conseillère commerciale motocycles ; Conseiller / Conseillère client après-vente des véhicules";Entreprise susceptible de recruter (candidature spontanée);;;Apprentissage, Professionnalisation;;;83357153200021;2;https://labonnealternance.apprentissage.beta.gouv.fr/emploi/recruteurs_lba/83357153200021/smb
36.1;STOKOMANI;Grande distribution & supermarchés;MCO;Coulommiers;77120;Rue de la Fontaine Saint Pierre 77120 Coulommiers;Autres commerces de détail en magasin non spécialisé;"Employé / Employée de rayon libre-service ; Responsable de boutique ; Hôte / Hôtesse de caisse ; Directeur / Directrice de magasin de grande distribution ; Chef / Cheffe de rayon de produits non alimentaires ; Chef / Cheffe de rayon produits alimentaires";Entreprise susceptible de recruter (candidature spontanée);;;Apprentissage, Professionnalisation;;;31778006201515;6;https://labonnealternance.apprentissage.beta.gouv.fr/emploi/recruteurs_lba/31778006201515/stokomani
36.2;AGENCE DE LIZY;Immobilier;NDRC;Lizy-Sur-Ourcq;77440;67 rue Jean Jaures 77440 LIZY-SUR-OURCQ;Agences immobilières;Conseiller / Conseillère immobilier;Entreprise susceptible de recruter (candidature spontanée);;;Apprentissage, Professionnalisation;;;38900401100026;1;https://labonnealternance.apprentissage.beta.gouv.fr/emploi/recruteurs_lba/38900401100026/agence-de-lizy
36.2;ARAMIS;Automobile & mobilité;MCO + NDRC;Dammarie-Les-Lys;77190;108 RUE DES FRERES THIBAULT 77190 DAMMARIE-LES-LYS;Commerce de voitures et de véhicules automobiles légers;"Vendeur / Vendeuse automobile ; Conseiller / Conseillère client après-vente des véhicules";Entreprise susceptible de recruter (candidature spontanée);;;Apprentissage, Professionnalisation;;;43928926500068;2;https://labonnealternance.apprentissage.beta.gouv.fr/emploi/recruteurs_lba/43928926500068/aramis
36.2;AUCHAN SUPERMARCHE;Grande distribution & supermarchés;MCO;Saint-Fargeau-Ponthierry;77310;46 AVENUE DE FONTAINEBLEAU 77310 SAINT-FARGEAU-PONTHIERRY;Supermarchés;"Employé / Employée de rayon libre-service ; Directeur / Directrice de magasin de grande distribution ; Hôte / Hôtesse de caisse ; Responsable de caisses ; Chef / Cheffe de rayon produits alimentaires";Entreprise susceptible de recruter (candidature spontanée);;;Apprentissage, Professionnalisation;;;41040901503612;5;https://labonnealternance.apprentissage.beta.gouv.fr/emploi/recruteurs_lba/41040901503612/auchan-supermarche
36.2;BOUCHE DISTRIBUTION;Grande distribution & supermarchés;MCO;Coulommiers;77120;8 boulevard de la Marne 77120 COULOMMIERS;Hypermarchés;"Employé / Employée de rayon libre-service ; Hôte / Hôtesse de caisse ; Chef / Cheffe de rayon produits alimentaires ; Vendeur / Vendeuse en épicerie";Entreprise susceptible de recruter (candidature spontanée);;;Apprentissage, Professionnalisation;;;32543762200013;4;https://labonnealternance.apprentissage.beta.gouv.fr/emploi/recruteurs_lba/32543762200013/bouche-distribution
36.2;BOULANGERIE MARIE BLACHERE;Boulangerie & métiers de bouche;MCO;Coulommiers;77120;8 BOULEVARD DE LA MARNE 77120 COULOMMIERS;Boulangerie et boulangerie-pâtisserie;Vendeur / Vendeuse en épicerie;Entreprise susceptible de recruter (candidature spontanée);;;Apprentissage, Professionnalisation;;;47845579301733;1;https://labonnealternance.apprentissage.beta.gouv.fr/emploi/recruteurs_lba/47845579301733/boulangerie-marie-blachere
36.2;BRED Banque Populaire;Banque, crédit & assurance;NDRC;Saint-Fargeau-Ponthierry;77310;61 AVENUE DE FONTAINEBLEAU 77310 SAINT-FARGEAU-PONTHIERRY;Autres intermédiations monétaires;"Conseiller / Conseillère de clientèle bancaire ; Chargé / Chargée d'accueil en banque ; Conseiller / Conseillère en gestion de patrimoine";Entreprise susceptible de recruter (candidature spontanée);;;Apprentissage, Professionnalisation;;;55209179501722;3;https://labonnealternance.apprentissage.beta.gouv.fr/emploi/recruteurs_lba/55209179501722/bred-banque-populaire
36.2;CGE D - SONEPAR - SONEPAR CONNECT;Commerce de gros / B2B;MCO + NDRC;Vaux-Le-Pénil;77000;5 Rue de la Plai de la Crx Besnard 77000 Vaux-le-Pénil;Commerce de gros (commerce interentreprises) de matériel électrique;"Vendeur / Vendeuse grossiste en équipement du foyer ; Technico-commercial / Technico-commerciale";Entreprise susceptible de recruter (candidature spontanée);;;Apprentissage, Professionnalisation;;;82448465301069;2;https://labonnealternance.apprentissage.beta.gouv.fr/emploi/recruteurs_lba/82448465301069/cge-d-sonepar-sonepar-connect
36.2;CREDIT LYONNAIS;Banque, crédit & assurance;NDRC;Saint-Fargeau-Ponthierry;77310;26 avenue de Fontainebleau 77310 SAINT-FARGEAU-PONTHIERRY;Autres intermédiations monétaires;"Conseiller / Conseillère de clientèle bancaire ; Chargé / Chargée d'accueil en banque ; Conseiller / Conseillère en gestion de patrimoine";Entreprise susceptible de recruter (candidature spontanée);;;Apprentissage, Professionnalisation;;;95450974134184;3;https://labonnealternance.apprentissage.beta.gouv.fr/emploi/recruteurs_lba/95450974134184/credit-lyonnais
36.2;FREDERIC HAVIN - FH;Boulangerie & métiers de bouche;MCO;Saint-Fargeau-Ponthierry;77310;43 AVENUE DE FONTAINEBLEAU 77310 SAINT-FARGEAU-PONTHIERRY;Boulangerie et boulangerie-pâtisserie;Vendeur / Vendeuse en épicerie;Entreprise susceptible de recruter (candidature spontanée);;;Apprentissage, Professionnalisation;;;87765306300017;1;https://labonnealternance.apprentissage.beta.gouv.fr/emploi/recruteurs_lba/87765306300017/frederic-havin-fh
36.2;INTERMARCHE;Grande distribution & supermarchés;MCO;Lizy-Sur-Ourcq;77440;16 avenue du chemin Noir 77440 LIZY-SUR-OURCQ;Supermarchés;"Employé / Employée de rayon libre-service ; Directeur / Directrice de magasin de grande distribution ; Hôte / Hôtesse de caisse ; Responsable de caisses ; Chef / Cheffe de rayon produits alimentaires";Entreprise susceptible de recruter (candidature spontanée);;;Apprentissage, Professionnalisation;;;39938190400016;5;https://labonnealternance.apprentissage.beta.gouv.fr/emploi/recruteurs_lba/39938190400016/intermarche
36.2;IVAIN;High-tech, électroménager & télécoms;MCO + NDRC;Coulommiers;77120;3 rue des Margats 77120 COULOMMIERS;Commerce de détail d'appareils électroménagers en magasin spécialisé;"Vendeur / Vendeuse en équipement de la maison ; Conseiller commercial / Conseillère commerciale auprès des particuliers ; Responsable relation client (CRM)";Entreprise susceptible de recruter (candidature spontanée);;;Apprentissage, Professionnalisation;;;34499891900056;3;https://labonnealternance.apprentissage.beta.gouv.fr/emploi/recruteurs_lba/34499891900056/ivain
36.2;ORSM;Immobilier;NDRC;Saint-Fargeau-Ponthierry;77310;32 avenue de Fontainebleau 77310 SAINT-FARGEAU-PONTHIERRY;Agences immobilières;Conseiller / Conseillère immobilier;Entreprise susceptible de recruter (candidature spontanée);;;Apprentissage, Professionnalisation;;;95289429300010;1;https://labonnealternance.apprentissage.beta.gouv.fr/emploi/recruteurs_lba/95289429300010/orsm
36.3;ASM;Commerce de gros / B2B;MCO + NDRC;Coulommiers;77120;27 RUE DE L ORGEVAL 77120 COULOMMIERS;Commerce de gros d'équipements automobiles;Vendeur / Vendeuse grossiste en équipement du foyer;Entreprise susceptible de recruter (candidature spontanée);;;Apprentissage, Professionnalisation;;;31549327000526;1;https://labonnealternance.apprentissage.beta.gouv.fr/emploi/recruteurs_lba/31549327000526/asm
36.3;AU BOM... BON PAIN !;Boulangerie & métiers de bouche;MCO;Bombon;77720;49 rue Grande 77720 BOMBON;Boulangerie et boulangerie-pâtisserie;Vendeur / Vendeuse en épicerie;Entreprise susceptible de recruter (candidature spontanée);;;Apprentissage, Professionnalisation;;;89526978500013;1;https://labonnealternance.apprentissage.beta.gouv.fr/emploi/recruteurs_lba/89526978500013/au-bom-bon-pain
36.3;CHAUSSEA;Mode, chaussures & accessoires;MCO;Coulommiers;77120;RUE DE L'ORGEVAL 77120 COULOMMIERS;Commerce de détail de la chaussure;"Responsable de boutique ; Vendeur / Vendeuse en prêt-à-porter ; Vendeur / Vendeuse d'articles de sport et loisirs ; Gérant / Gérante de magasin d'alimentation générale ; Directeur / Directrice de magasin de grande distribution";Entreprise susceptible de recruter (candidature spontanée);;;Apprentissage, Professionnalisation;;;33026769105848;5;https://labonnealternance.apprentissage.beta.gouv.fr/emploi/recruteurs_lba/33026769105848/chaussea
36.3;CHEZ BIG DEAL;Autres commerces de détail;MCO;Lizy-Sur-Ourcq;77440;3 rue des Carreaux 77440 LIZY-SUR-OURCQ;Commerce de détail de biens d'occasion en magasin;"Vendeur / Vendeuse en équipement de la maison ; Vendeur / Vendeuse en prêt-à-porter";Entreprise susceptible de recruter (candidature spontanée);;;Apprentissage, Professionnalisation;;;88884482600014;2;https://labonnealternance.apprentissage.beta.gouv.fr/emploi/recruteurs_lba/88884482600014/chez-big-deal
36.3;EASY CASH;Autres commerces de détail;NDRC;Coulommiers;77120;44 rue de l Orgeval 77120 COULOMMIERS;Autres commerces de détail spécialisés divers;Responsable relation client (CRM);Entreprise susceptible de recruter (candidature spontanée);;;Apprentissage, Professionnalisation;;;82861957700012;1;https://labonnealternance.apprentissage.beta.gouv.fr/emploi/recruteurs_lba/82861957700012/easy-cash
36.3;ELYOTE;High-tech, électroménager & télécoms;NDRC;Coulommiers;77120;13 rue de l Aubetin 77120 COULOMMIERS;PROGRAMMATION INFORMATIQUE;Commercial / Commerciale export;Entreprise susceptible de recruter (candidature spontanée);;;Apprentissage, Professionnalisation;;;83348776200027;1;https://labonnealternance.apprentissage.beta.gouv.fr/emploi/recruteurs_lba/83348776200027/elyote
36.3;FOUSSIER;Commerce de gros / B2B;MCO + NDRC;Vaux-Le-Pénil;77000;77000 Vaux-le-Pénil;Commerce de gros (commerce interentreprises) de quincaillerie;"Vendeur / Vendeuse grossiste en équipement du foyer ; Technico-commercial / Technico-commerciale ; Commercial itinérant / Commerciale itinérante en entreprise de commerce de gros ; Attaché commercial / Attachée commerciale";Entreprise susceptible de recruter (candidature spontanée);;;Apprentissage, Professionnalisation;;;32968134000611;4;https://labonnealternance.apprentissage.beta.gouv.fr/emploi/recruteurs_lba/32968134000611/foussier
36.3;GENERAL MAINTENANCE INDUSTRIELLE;Commerce de gros / B2B;NDRC;Coulommiers;77120;21 RUE DE L ORGEVAL 77120 COULOMMIERS;Commerce de gros (commerce interentreprises) de fournitures et équipements divers pour le commerce et les services;"Cadre Technico-commercial / Technico-commerciale ; Technico-commercial / Technico-commerciale ; Assistant commercial / Assistante commerciale";Entreprise susceptible de recruter (candidature spontanée);;;Apprentissage, Professionnalisation;;;33483466000048;3;https://labonnealternance.apprentissage.beta.gouv.fr/emploi/recruteurs_lba/33483466000048/general-maintenance-industrielle
36.3;LA MAISON H;Boulangerie & métiers de bouche;MCO;Saint-Fargeau-Ponthierry;77310;9 AVENUE DE FONTAINEBLEAU 77310 SAINT-FARGEAU-PONTHIERRY;Boulangerie et boulangerie-pâtisserie;Vendeur / Vendeuse en épicerie;Entreprise susceptible de recruter (candidature spontanée);;;Apprentissage, Professionnalisation;;;88052090300019;1;https://labonnealternance.apprentissage.beta.gouv.fr/emploi/recruteurs_lba/88052090300019/la-maison-h
36.3;NUTRITIONCLES;Vente à distance & e-commerce;MCO + NDRC;Vaux-Le-Pénil;77000;7 Rue de la Plai de la Crx Besnard 77000 Vaux-le-Pénil;Vente à distance sur catalogue spécialisé;"Conseiller vendeur / Conseillère vendeuse à domicile ; Vendeur / Vendeuse en prêt-à-porter ; Responsable de boutique ; Délégué médical hospitalier / Déléguée médicale hospitalière ; Chargé / Chargée de relation client";Entreprise susceptible de recruter (candidature spontanée);;;Apprentissage, Professionnalisation;;;84265115000034;5;https://labonnealternance.apprentissage.beta.gouv.fr/emploi/recruteurs_lba/84265115000034/nutritioncles
36.3;PROTOUR PARIS;Tourisme & transport;MCO;Melun;77000;75 rue Dajot 77000 MELUN;Activités des agences de voyage;"Employé / Employée de rayon libre-service ; Hôte / Hôtesse de caisse";Entreprise susceptible de recruter (candidature spontanée);;;Apprentissage, Professionnalisation;;;95291653400011;2;https://labonnealternance.apprentissage.beta.gouv.fr/emploi/recruteurs_lba/95291653400011/protour-paris
36.3;REXEL;Commerce de gros / B2B;MCO + NDRC;Vaux-Le-Pénil;77000;Rue de la Plai de la Crx Besnard 77000 Vaux-le-Pénil;Commerce de gros (commerce interentreprises) de matériel électrique;"Vendeur / Vendeuse grossiste en équipement du foyer ; Technico-commercial / Technico-commerciale";Entreprise susceptible de recruter (candidature spontanée);;;Apprentissage, Professionnalisation;;;30930461607089;2;https://labonnealternance.apprentissage.beta.gouv.fr/emploi/recruteurs_lba/30930461607089/rexel
36.3;SAS PILLAUD MATERIAUX;Commerce de gros / B2B;NDRC;Lizy-Sur-Ourcq;77440;7 RUE DES CARREAUX 77440 LIZY-SUR-OURCQ;Commerce de gros (commerce interentreprises) de bois et de matériaux de construction;"Technico-commercial / Technico-commerciale ; Commercial itinérant / Commerciale itinérante en entreprise de commerce de gros";Entreprise susceptible de recruter (candidature spontanée);;;Apprentissage, Professionnalisation;;;53811637700150;2;https://labonnealternance.apprentissage.beta.gouv.fr/emploi/recruteurs_lba/53811637700150/sas-pillaud-materiaux
36.3;SMD PATRIMOINE;Immobilier;NDRC;Melun;77000;75 RUE DAJOT 77000 MELUN;Promotion immobilière de logements;Chargé / Chargée d'affaires immobilières;Entreprise susceptible de recruter (candidature spontanée);;;Apprentissage, Professionnalisation;;;88234018500025;1;https://labonnealternance.apprentissage.beta.gouv.fr/emploi/recruteurs_lba/88234018500025/smd-patrimoine
36.4;VIMATHERM SAS;Industrie & énergie;NDRC;Lizy-Sur-Ourcq;77440;rue Gutenberg 77440 LIZY-SUR-OURCQ;Fabrication d'équipements hydrauliques et pneumatiques;Cadre Technico-commercial / Technico-commerciale;Entreprise susceptible de recruter (candidature spontanée);;;Apprentissage, Professionnalisation;;;80061302800011;1;https://labonnealternance.apprentissage.beta.gouv.fr/emploi/recruteurs_lba/80061302800011/vimatherm-sas
36.5;ACDIM;Immobilier;NDRC;Melun;77000;7 PLACE DE L ERMITAGE 77000 MELUN;Agences immobilières;Conseiller / Conseillère immobilier;Entreprise susceptible de recruter (candidature spontanée);;;Apprentissage, Professionnalisation;;;53972591100017;1;https://labonnealternance.apprentissage.beta.gouv.fr/emploi/recruteurs_lba/53972591100017/acdim
36.5;BOULANGERIE MARIE BLACHERE;Boulangerie & métiers de bouche;MCO;Coulommiers;77120;24B RUE DU GRAND MORIN 77120 COULOMMIERS;Boulangerie et boulangerie-pâtisserie;Vendeur / Vendeuse en épicerie;Entreprise susceptible de recruter (candidature spontanée);;;Apprentissage, Professionnalisation;;;48234097301310;1;https://labonnealternance.apprentissage.beta.gouv.fr/emploi/recruteurs_lba/48234097301310/boulangerie-marie-blachere
36.5;E LECLERC DRIVE;Grande distribution & supermarchés;MCO;Coulommiers;77120;RUE DU GRAND MORIN 77120 COULOMMIERS;Autres commerces de détail en magasin non spécialisé;"Employé / Employée de rayon libre-service ; Responsable de boutique ; Hôte / Hôtesse de caisse ; Directeur / Directrice de magasin de grande distribution ; Chef / Cheffe de rayon de produits non alimentaires ; Chef / Cheffe de rayon produits alimentaires";Entreprise susceptible de recruter (candidature spontanée);;;Apprentissage, Professionnalisation;;;32543762200047;6;https://labonnealternance.apprentissage.beta.gouv.fr/emploi/recruteurs_lba/32543762200047/e-leclerc-drive
36.5;LE FROMAGER DE COULOMMIERS;Boulangerie & métiers de bouche;MCO;Coulommiers;77120;24 RUE DU GRAND MORIN 77120 COULOMMIERS;Autres commerces de détail alimentaires en magasin spécialisé;"Vendeur / Vendeuse en épicerie ; Employé / Employée de rayon libre-service ; Chef / Cheffe de rayon produits alimentaires ; Responsable de boutique";Entreprise susceptible de recruter (candidature spontanée);;;Apprentissage, Professionnalisation;;;81908439300027;4;https://labonnealternance.apprentissage.beta.gouv.fr/emploi/recruteurs_lba/81908439300027/le-fromager-de-coulommiers
36.5;MON PANIER DISCOUNT;Grande distribution & supermarchés;MCO;Coulommiers;77120;38 RUE DE L'ORGEVAL 77120 COULOMMIERS;Supérettes;"Employé / Employée de rayon libre-service ; Hôte / Hôtesse de caisse ; Directeur / Directrice de magasin de grande distribution ; Vendeur / Vendeuse en épicerie ; Responsable de caisses ; Chef / Cheffe de rayon produits alimentaires";Entreprise susceptible de recruter (candidature spontanée);;;Apprentissage, Professionnalisation;;;53256667600021;6;https://labonnealternance.apprentissage.beta.gouv.fr/emploi/recruteurs_lba/53256667600021/mon-panier-discount
36.5;SPORT TONIC;Sport, loisirs & culture;MCO + NDRC;Coulommiers;77120;rue du Grand Morin 77120 COULOMMIERS;Commerce de détail d'articles de sport en magasin spécialisé;"Vendeur / Vendeuse d'articles de sport et loisirs ; Hôte / Hôtesse de caisse ; Chef / Cheffe de rayon de produits non alimentaires ; Vendeur / Vendeuse en prêt-à-porter ; Vendeur / Vendeuse grossiste en équipement du foyer";Entreprise susceptible de recruter (candidature spontanée);;;Apprentissage, Professionnalisation;;;47823639100023;5;https://labonnealternance.apprentissage.beta.gouv.fr/emploi/recruteurs_lba/47823639100023/sport-tonic
36.5;TOTEM;Sport, loisirs & culture;MCO;Lizy-Sur-Ourcq;77440;24 AVENUE DE LA GARE 77440 LIZY-SUR-OURCQ;Commerce de détail de journaux et papeterie en magasin spécialisé;"Employé / Employée de rayon libre-service ; Chef / Cheffe de rayon de produits non alimentaires ; Vendeur / Vendeuse de produits culturels et ludiques";Entreprise susceptible de recruter (candidature spontanée);;;Apprentissage, Professionnalisation;;;49237917700024;3;https://labonnealternance.apprentissage.beta.gouv.fr/emploi/recruteurs_lba/49237917700024/totem
36.6;AGRI SANTERRE;Commerce de gros / B2B;MCO + NDRC;Lizy-Sur-Ourcq;77440;12 Route d'Echampeu 77440 Lizy-sur-Ourcq;Commerce de gros (commerce interentreprises) de matériel agricole;Vendeur / Vendeuse grossiste en équipement du foyer;Entreprise susceptible de recruter (candidature spontanée);;;Apprentissage, Professionnalisation;;;61172050900169;1;https://labonnealternance.apprentissage.beta.gouv.fr/emploi/recruteurs_lba/61172050900169/agri-santerre
36.6;CLUB AUTO 77;Automobile & mobilité;MCO + NDRC;Pringy;77310;68 AVENUE DE FONTAINEBLEAU 77310 PRINGY;Commerce de voitures et de véhicules automobiles légers;"Vendeur / Vendeuse automobile ; Conseiller / Conseillère client après-vente des véhicules";Entreprise susceptible de recruter (candidature spontanée);;;Apprentissage, Professionnalisation;;;41966451100039;2;https://labonnealternance.apprentissage.beta.gouv.fr/emploi/recruteurs_lba/41966451100039/club-auto-77
36.6;DAS INTEGRATION;Commerce de gros / B2B;NDRC;Coulommiers;77120;32 RUE DU JARIEL 77120 COULOMMIERS;Commerce de gros (commerce interentreprises) de fournitures et équipements industriels divers;"Technico-commercial / Technico-commerciale ; Attaché commercial / Attachée commerciale";Entreprise susceptible de recruter (candidature spontanée);;;Apprentissage, Professionnalisation;;;44055964900031;2;https://labonnealternance.apprentissage.beta.gouv.fr/emploi/recruteurs_lba/44055964900031/das-integration
36.6;EVASION 77;Tourisme & transport;MCO;Sammeron;77260;13 chemin de La Charbonniere 77260 SAMMERON;Activités des agences de voyage;"Employé / Employée de rayon libre-service ; Hôte / Hôtesse de caisse";Entreprise susceptible de recruter (candidature spontanée);;;Apprentissage, Professionnalisation;;;85387959100016;2;https://labonnealternance.apprentissage.beta.gouv.fr/emploi/recruteurs_lba/85387959100016/evasion-77
36.7;ETABLISSEMENTS MONNERAT;Commerce de gros / B2B;MCO + NDRC;Coulommiers;77120;18 RUE DES MARGATS 77120 COULOMMIERS;Commerce de gros (commerce interentreprises) de matériel agricole;Vendeur / Vendeuse grossiste en équipement du foyer;Entreprise susceptible de recruter (candidature spontanée);;;Apprentissage, Professionnalisation;;;74625085100050;1;https://labonnealternance.apprentissage.beta.gouv.fr/emploi/recruteurs_lba/74625085100050/etablissements-monnerat
36.7;L'AUTO E LECLERC;Grande distribution & supermarchés;MCO;Coulommiers;77120;RUE DU CLOS GUIGNOT 77120 COULOMMIERS;Autres commerces de détail en magasin non spécialisé;"Employé / Employée de rayon libre-service ; Responsable de boutique ; Hôte / Hôtesse de caisse ; Directeur / Directrice de magasin de grande distribution ; Chef / Cheffe de rayon de produits non alimentaires ; Chef / Cheffe de rayon produits alimentaires";Entreprise susceptible de recruter (candidature spontanée);;;Apprentissage, Professionnalisation;;;32543762200054;6;https://labonnealternance.apprentissage.beta.gouv.fr/emploi/recruteurs_lba/32543762200054/l-auto-e-leclerc
36.8;AUREIS FORMATION;Boulangerie & métiers de bouche;MCO;Paris;75020;322 RUE DES PYRENEES 75020 PARIS;Boulangerie et boulangerie-pâtisserie;Vendeur / Vendeuse en alimentation générale;Offre publiée sur La bonne alternance;Vendeur / Vendeuse en alimentation générale;BTS, DEUST (Bac+2);Apprentissage;2026-08-03;Oui;;1;https://labonnealternance.apprentissage.beta.gouv.fr/emploi/offres_emploi_lba/6a70c86cbb092dca9f125a29/vendeur-vendeuse-en-alimentation-generale
36.8;CLJ L'ARTISAN DU CHOIX;Boulangerie & métiers de bouche;MCO + NDRC;Vaux-Le-Pénil;77000;14 RUE DES ORMESSONS 77000 VAUX-LE-PENIL;Commerce de détail de viandes et de produits à base de viande en magasin spécialisé;"Vendeur / Vendeuse en épicerie ; Vendeur / Vendeuse grossiste en produits frais";Entreprise susceptible de recruter (candidature spontanée);;;Apprentissage, Professionnalisation;;;88775800100010;2;https://labonnealternance.apprentissage.beta.gouv.fr/emploi/recruteurs_lba/88775800100010/clj-l-artisan-du-choix
36.8;GARAGE ROLLAND;Automobile & mobilité;MCO + NDRC;Boissise-Le-Roi;77310;ROUTE DE MELUN 77310 BOISSISE-LE-ROI;Commerce de voitures et de véhicules automobiles légers;"Vendeur / Vendeuse automobile ; Conseiller / Conseillère client après-vente des véhicules";Entreprise susceptible de recruter (candidature spontanée);;;Apprentissage, Professionnalisation;;;38079241600014;2;https://labonnealternance.apprentissage.beta.gouv.fr/emploi/recruteurs_lba/38079241600014/garage-rolland
36.8;GRPT EMPLOYEURS PAYS DE L OURCQ;Services aux entreprises, conseil & communication;MCO;Tancrou;77440;59 GRANDE RUE 77440 TANCROU;Autre mise à disposition de ressources humaines;Chef / Cheffe de rayon produits alimentaires;Entreprise susceptible de recruter (candidature spontanée);;;Apprentissage, Professionnalisation;;;42031647300016;1;https://labonnealternance.apprentissage.beta.gouv.fr/emploi/recruteurs_lba/42031647300016/grpt-employeurs-pays-de-l-ourcq
36.8;HOLDAIR;Services aux entreprises, conseil & communication;NDRC;La Rochette;77000;IMPASSE BEL AIR 77000 LA ROCHETTE;Activités des sociétés holding;Conseiller / Conseillère immobilier;Entreprise susceptible de recruter (candidature spontanée);;;Apprentissage, Professionnalisation;;;88297260700023;1;https://labonnealternance.apprentissage.beta.gouv.fr/emploi/recruteurs_lba/88297260700023/holdair
36.8;La Poste;La Poste & services publics;NDRC;Vaux-Le-Pénil;77000;Place Duvauchelle 77000 Vaux-le-Pénil;Activités de poste dans le cadre d'une obligation de service universel;Responsable relation client (CRM);Entreprise susceptible de recruter (candidature spontanée);;;Apprentissage, Professionnalisation;;;35600000044625;1;https://labonnealternance.apprentissage.beta.gouv.fr/emploi/recruteurs_lba/35600000044625/la-poste
36.8;LA TRADI DU CENTRE;Boulangerie & métiers de bouche;MCO;Vaux-Le-Pénil;77000;17 rue des Ormessons 77000 VAUX-LE-PENIL;Boulangerie et boulangerie-pâtisserie;Vendeur / Vendeuse en épicerie;Entreprise susceptible de recruter (candidature spontanée);;;Apprentissage, Professionnalisation;;;80967078900027;1;https://labonnealternance.apprentissage.beta.gouv.fr/emploi/recruteurs_lba/80967078900027/la-tradi-du-centre
36.8;LA VIE CLAIRE;Grande distribution & supermarchés;MCO;Coulommiers;77120;RUE DES LONGS SILLONS 77120 COULOMMIERS;Commerce d'alimentation générale;"Employé / Employée de rayon libre-service ; Vendeur / Vendeuse en épicerie ; Hôte / Hôtesse de caisse ; Chef / Cheffe de rayon produits alimentaires ; Directeur / Directrice de magasin de grande distribution ; Gérant / Gérante de magasin d'alimentation générale";Entreprise susceptible de recruter (candidature spontanée);;;Apprentissage, Professionnalisation;;;83762955900019;6;https://labonnealternance.apprentissage.beta.gouv.fr/emploi/recruteurs_lba/83762955900019/la-vie-claire
36.8;LES DELICES DU GRAND CHAMP;Boulangerie & métiers de bouche;MCO;Coulommiers;77120;7 rue des Longs Sillons 77120 COULOMMIERS;Boulangerie et boulangerie-pâtisserie;Vendeur / Vendeuse en épicerie;Entreprise susceptible de recruter (candidature spontanée);;;Apprentissage, Professionnalisation;;;98274186000018;1;https://labonnealternance.apprentissage.beta.gouv.fr/emploi/recruteurs_lba/98274186000018/les-delices-du-grand-champ
36.8;LIDL;Grande distribution & supermarchés;MCO;Pringy;77310;77310 Pringy;;Alternant Coordinateur Caisse Accueil (H/F);Offre partenaire (France Travail…);Alternant Coordinateur Caisse Accueil (H/F);BTS, DEUST (Bac+2);Apprentissage, Professionnalisation;2026-09-28;;;1;https://labonnealternance.apprentissage.beta.gouv.fr/emploi/offres_emploi_partenaires/6abae8bac6b865ac2948fbff/alternant-coordinateur-caisse-accueil-h-f
36.8;LIDL;Grande distribution & supermarchés;MCO;Pringy;77310;100 AVENUE DE FONTAINEBLEAU 77310 PRINGY;Supermarchés;"Employé / Employée de rayon libre-service ; Directeur / Directrice de magasin de grande distribution ; Hôte / Hôtesse de caisse ; Responsable de caisses ; Chef / Cheffe de rayon produits alimentaires";Entreprise susceptible de recruter (candidature spontanée);;;Apprentissage, Professionnalisation;;;34326262202863;5;https://labonnealternance.apprentissage.beta.gouv.fr/emploi/recruteurs_lba/34326262202863/lidl
36.9;COULO SPORT;Sport, loisirs & culture;MCO + NDRC;Coulommiers;77120;50 RUE DE L'ORGEVAL 77120 COULOMMIERS;Commerce de détail d'articles de sport en magasin spécialisé;"Vendeur / Vendeuse d'articles de sport et loisirs ; Hôte / Hôtesse de caisse ; Chef / Cheffe de rayon de produits non alimentaires ; Vendeur / Vendeuse en prêt-à-porter ; Vendeur / Vendeuse grossiste en équipement du foyer";Entreprise susceptible de recruter (candidature spontanée);;;Apprentissage, Professionnalisation;;;88086918500012;5;https://labonnealternance.apprentissage.beta.gouv.fr/emploi/recruteurs_lba/88086918500012/coulo-sport
36.9;JL EXPANSION;Services aux entreprises, conseil & communication;NDRC;Dammarie-Les-Lys;77190;256 RUE ROUSSEAU VAUDRAN 77190 DAMMARIE-LES-LYS;Activités des sociétés holding;Conseiller / Conseillère immobilier;Entreprise susceptible de recruter (candidature spontanée);;;Apprentissage, Professionnalisation;;;53797827200038;1;https://labonnealternance.apprentissage.beta.gouv.fr/emploi/recruteurs_lba/53797827200038/jl-expansion
36.9;MCZ COULOMMIERS;Maison, bricolage & jardin;MCO + NDRC;Coulommiers;77120;50 RUE DE L ORGEVAL 77120 COULOMMIERS;Commerce de détail d'autres équipements du foyer;"Vendeur / Vendeuse en équipement de la maison ; Employé / Employée de rayon libre-service ; Responsable de boutique ; Hôte / Hôtesse de caisse ; Vendeur / Vendeuse grossiste en équipement du foyer ; Conseiller commercial / Conseillère commerciale auprès des particuliers";Entreprise susceptible de recruter (candidature spontanée);;;Apprentissage, Professionnalisation;;;87842328400024;6;https://labonnealternance.apprentissage.beta.gouv.fr/emploi/recruteurs_lba/87842328400024/mcz-coulommiers
36.9;RELAIS DE LA ROCHETTE MELUN;Automobile & mobilité;MCO;La Rochette;77000;27B avenue du General Leclerc 77000 LA ROCHETTE;Commerce de détail de carburants en magasin spécialisé;"Hôte / Hôtesse de caisse ; Employé / Employée de rayon libre-service";Entreprise susceptible de recruter (candidature spontanée);;;Apprentissage, Professionnalisation;;;89973768800015;2;https://labonnealternance.apprentissage.beta.gouv.fr/emploi/recruteurs_lba/89973768800015/relais-de-la-rochette-melun
36.9;WE AUDITION;Beauté, santé & parfumerie;MCO + NDRC;Dammarie-Les-Lys;77190;544 avenue Andre Ampere 77190 DAMMARIE-LES-LYS;Commerce de détail d'articles médicaux et orthopédiques en magasin spécialisé;Délégué médical hospitalier / Déléguée médicale hospitalière;Entreprise susceptible de recruter (candidature spontanée);;;Apprentissage, Professionnalisation;;;90156355100018;2;https://labonnealternance.apprentissage.beta.gouv.fr/emploi/recruteurs_lba/90156355100018/we-audition
37.0;ANGY;Boulangerie & métiers de bouche;MCO;Pringy;77310;12 Rue de l’Orme Brise 77310 Pringy;Boulangerie et boulangerie-pâtisserie;Vendeur / Vendeuse en boulangerie-pâtisserie;Offre partenaire (France Travail…);Vendeur / Vendeuse en boulangerie-pâtisserie;;Apprentissage;2026-09-23;;;1;https://labonnealternance.apprentissage.beta.gouv.fr/emploi/offres_emploi_partenaires/6ab3d2316f4b8c242215e5da/vendeur-vendeuse-en-boulangerie-patisserie
37.0;ANGY;Boulangerie & métiers de bouche;MCO;Pringy;77310;12 rue de l Orme Brise 77310 PRINGY;Boulangerie et boulangerie-pâtisserie;Vendeur / Vendeuse en épicerie;Entreprise susceptible de recruter (candidature spontanée);;;Apprentissage, Professionnalisation;;;98460643400012;1;https://labonnealternance.apprentissage.beta.gouv.fr/emploi/recruteurs_lba/98460643400012/angy
37.0;GUEUDET AGRI OISE & MARNE;Commerce de gros / B2B;MCO + NDRC;Ocquerre;77440;1 RUE DE BEL AIR 77440 OCQUERRE;Commerce de gros (commerce interentreprises) de matériel agricole;Vendeur / Vendeuse grossiste en équipement du foyer;Entreprise susceptible de recruter (candidature spontanée);;;Apprentissage, Professionnalisation;;;41889983700052;1;https://labonnealternance.apprentissage.beta.gouv.fr/emploi/recruteurs_lba/41889983700052/gueudet-agri-oise-marne
37.1;LA TRADI DU CHATEAUX;Boulangerie & métiers de bouche;MCO;Vaux-Le-Pénil;77000;509 Rue des 3 Rodes 77000 Vaux-le-Pénil;Boulangerie et boulangerie-pâtisserie;Vendeur / Vendeuse en épicerie;Entreprise susceptible de recruter (candidature spontanée);;;Apprentissage, Professionnalisation;;;80967078900019;1;https://labonnealternance.apprentissage.beta.gouv.fr/emploi/recruteurs_lba/80967078900019/la-tradi-du-chateaux
37.4;MOBILIER NORDIQUE MELUN;Maison, bricolage & jardin;MCO;Pringy;77310;Rue des Longues Raies 77310 Pringy;Commerce de détail de meubles;"Vendeur / Vendeuse en équipement de la maison ; Hôte / Hôtesse de caisse";Entreprise susceptible de recruter (candidature spontanée);;;Apprentissage, Professionnalisation;;;82041818400017;2;https://labonnealternance.apprentissage.beta.gouv.fr/emploi/recruteurs_lba/82041818400017/mobilier-nordique-melun
37.5;CARREFOUR MARKET;Grande distribution & supermarchés;MCO;Vaux-Le-Pénil;77000;RUE DU CLOS SAINT-MARTIN 77000 VAUX-LE-PENIL;Supermarchés;"Employé / Employée de rayon libre-service ; Directeur / Directrice de magasin de grande distribution ; Hôte / Hôtesse de caisse ; Responsable de caisses ; Chef / Cheffe de rayon produits alimentaires";Entreprise susceptible de recruter (candidature spontanée);;;Apprentissage, Professionnalisation;;;83010476600027;5;https://labonnealternance.apprentissage.beta.gouv.fr/emploi/recruteurs_lba/83010476600027/carrefour-market
37.6;BOULANGERIE DU LYS;Boulangerie & métiers de bouche;MCO;Dammarie-Les-Lys;77190;77190 Dammarie-les-Lys;Boulangerie et boulangerie-pâtisserie;Vendeur / Vendeuse en épicerie;Entreprise susceptible de recruter (candidature spontanée);;;Apprentissage, Professionnalisation;;;79369980200013;1;https://labonnealternance.apprentissage.beta.gouv.fr/emploi/recruteurs_lba/79369980200013/boulangerie-du-lys
37.6;LA BOULANGERIE DES DRUIDES;Boulangerie & métiers de bouche;MCO;Dammarie-Les-Lys;77190;958 AVENUE DU MARECHAL FOCH 77190 DAMMARIE-LES-LYS;Boulangerie et boulangerie-pâtisserie;Vendeur / Vendeuse en épicerie;Entreprise susceptible de recruter (candidature spontanée);;;Apprentissage, Professionnalisation;;;91128651600016;1;https://labonnealternance.apprentissage.beta.gouv.fr/emploi/recruteurs_lba/91128651600016/la-boulangerie-des-druides
37.6;LC2I;Immobilier;NDRC;Dammarie-Les-Lys;77190;933 avenue du Marechal Foch 77190 DAMMARIE-LES-LYS;Agences immobilières;Conseiller / Conseillère immobilier;Entreprise susceptible de recruter (candidature spontanée);;;Apprentissage, Professionnalisation;;;83926438900017;1;https://labonnealternance.apprentissage.beta.gouv.fr/emploi/recruteurs_lba/83926438900017/lc2i
37.8;IDF BOISSISE;Boulangerie & métiers de bouche;MCO + NDRC;Boissise-Le-Roi;77310;rue de La Croix Blanche 77310 BOISSISE-LE-ROI;Commerce de détail de viandes et de produits à base de viande en magasin spécialisé;"Vendeur / Vendeuse en épicerie ; Vendeur / Vendeuse grossiste en produits frais";Entreprise susceptible de recruter (candidature spontanée);;;Apprentissage, Professionnalisation;;;83423706700022;2;https://labonnealternance.apprentissage.beta.gouv.fr/emploi/recruteurs_lba/83423706700022/idf-boissise
37.9;KOMPAN;Commerce de gros / B2B;MCO + NDRC;Dammarie-Les-Lys;77190;363 rue Marc Seguin 77190 DAMMARIE-LES-LYS;COMMERCE DE GROS (COMMERCE INTERENTREPRISES) D'AUTRES BIENS DOMESTIQUES;"Assistant / Assistante administration des ventes ; Assistant commercial / Assistante commerciale";Entreprise susceptible de recruter (candidature spontanée);;;Apprentissage, Professionnalisation;;;32164332200035;2;https://labonnealternance.apprentissage.beta.gouv.fr/emploi/recruteurs_lba/32164332200035/kompan
38.1;FERTE VEHICULES INDUSTRIELS;Automobile & mobilité;NDRC;Sept-Sorts;77260;77260 Sept-Sorts;Entretien et réparation d'autres véhicules automobiles;Conseiller / Conseillère client après-vente des véhicules;Entreprise susceptible de recruter (candidature spontanée);;;Apprentissage, Professionnalisation;;;31074587200047;1;https://labonnealternance.apprentissage.beta.gouv.fr/emploi/recruteurs_lba/31074587200047/ferte-vehicules-industriels
38.2;JARDILAND;Maison, bricolage & jardin;MCO;Dammarie-Les-Lys;77190;RUE LOUIS CHARLES VERNIN 77190 DAMMARIE-LES-LYS;Commerce de détail de fleurs, plantes, graines, engrais, animaux de compagnie et aliments pour ces animaux en magasin spécialisé;"Responsable de boutique ; Vendeur / Vendeuse conseil en jardinerie ; Vendeur / Vendeuse en animalerie ; Hôte / Hôtesse de caisse ; Chef / Cheffe de rayon de produits non alimentaires";Entreprise susceptible de recruter (candidature spontanée);;;Apprentissage, Professionnalisation;;;30684462200200;5;https://labonnealternance.apprentissage.beta.gouv.fr/emploi/recruteurs_lba/30684462200200/jardiland
38.2;NORAUTO FRANCE;Automobile & mobilité;MCO + NDRC;Dammarie-Les-Lys;77190;RUE LEON FOUCAULT 77190 DAMMARIE-LES-LYS;Commerce de détail d'équipements automobiles;"Conseiller / Conseillère de vente en pièces de rechange et accessoires de véhicules ; Conseiller / Conseillère client après-vente des véhicules";Entreprise susceptible de recruter (candidature spontanée);;;Apprentissage, Professionnalisation;;;48047015202026;2;https://labonnealternance.apprentissage.beta.gouv.fr/emploi/recruteurs_lba/48047015202026/norauto-france
38.2;SO.BIO;Boulangerie & métiers de bouche;MCO;Dammarie-Les-Lys;77190;311 AVENUE ANDRE AMPERE 77190 DAMMARIE-LES-LYS;Autres commerces de détail alimentaires en magasin spécialisé;"Vendeur / Vendeuse en épicerie ; Employé / Employée de rayon libre-service ; Chef / Cheffe de rayon produits alimentaires ; Responsable de boutique";Entreprise susceptible de recruter (candidature spontanée);;;Apprentissage, Professionnalisation;;;49930885600222;4;https://labonnealternance.apprentissage.beta.gouv.fr/emploi/recruteurs_lba/49930885600222/so-bio
38.2;UNIVERS MEDICAL;Beauté, santé & parfumerie;MCO + NDRC;Dammarie-Les-Lys;77190;385 avenue Andre Ampere 77190 DAMMARIE-LES-LYS;Commerce de détail d'articles médicaux et orthopédiques en magasin spécialisé;Délégué médical hospitalier / Déléguée médicale hospitalière;Entreprise susceptible de recruter (candidature spontanée);;;Apprentissage, Professionnalisation;;;44472892700047;2;https://labonnealternance.apprentissage.beta.gouv.fr/emploi/recruteurs_lba/44472892700047/univers-medical
38.3;LABORATOIRES MAYOLY DERMATOLOGIE;Commerce de gros / B2B;MCO + NDRC;Dammarie-Les-Lys;77190;240 rue LOUIS CHARLES VERNIN 77190 DAMMARIE-LES-LYS;Commerce de gros (commerce interentreprises) de parfumerie et de produits de beauté;"Responsable de boutique ; Directeur / Directrice des ventes ; Conseiller vendeur / Conseillère vendeuse à domicile ; Commercial / Commerciale grands comptes et entreprises";Entreprise susceptible de recruter (candidature spontanée);;;Apprentissage, Professionnalisation;;;58207277300044;4;https://labonnealternance.apprentissage.beta.gouv.fr/emploi/recruteurs_lba/58207277300044/laboratoires-mayoly-dermatologie
38.3;PB 77;Sport, loisirs & culture;MCO;Dammarie-Les-Lys;77190;443 AVENUE ANDRE AMPERE 77190 DAMMARIE-LES-LYS;Commerce de détail de journaux et papeterie en magasin spécialisé;"Employé / Employée de rayon libre-service ; Chef / Cheffe de rayon de produits non alimentaires ; Vendeur / Vendeuse de produits culturels et ludiques";Entreprise susceptible de recruter (candidature spontanée);;;Apprentissage, Professionnalisation;;;50475247800025;3;https://labonnealternance.apprentissage.beta.gouv.fr/emploi/recruteurs_lba/50475247800025/pb-77
38.4;Bricoman;Maison, bricolage & jardin;MCO + NDRC;Dammarie-Les-Lys;77190;544 avenue Andre Ampere 77190 DAMMARIE-LES-LYS;Commerce de détail de quincaillerie, peintures et verres en grandes surfaces (400 m2et plus);"Hôte / Hôtesse de caisse ; Vendeur / Vendeuse en équipement de la maison ; Vendeur / Vendeuse conseil en jardinerie ; Vendeur / Vendeuse grossiste en équipement du foyer ; Chef / Cheffe de secteur magasin ; Chef / Cheffe de rayon de produits non alimentaires";Entreprise susceptible de recruter (candidature spontanée);;;Apprentissage, Professionnalisation;;;42080992300345;6;https://labonnealternance.apprentissage.beta.gouv.fr/emploi/recruteurs_lba/42080992300345/bricoman
38.4;CAISSE D'EPARGNE ET DE PREVOYANCE ILE-DE-FRANCE;Banque, crédit & assurance;NDRC;Dammarie-Les-Lys;77190;544 AVENUE ANDRE AMPERE 77190 DAMMARIE-LES-LYS;Autres intermédiations monétaires;"Conseiller / Conseillère de clientèle bancaire ; Chargé / Chargée d'accueil en banque ; Conseiller / Conseillère en gestion de patrimoine";Entreprise susceptible de recruter (candidature spontanée);;;Apprentissage, Professionnalisation;;;38290094204024;3;https://labonnealternance.apprentissage.beta.gouv.fr/emploi/recruteurs_lba/38290094204024/caisse-d-epargne-et-de-prevoyance-ile-de-france
38.4;DAM'DIS;Grande distribution & supermarchés;MCO;Dammarie-Les-Lys;77190;544 AVENUE ANDRE AMPERE 77190 DAMMARIE-LES-LYS;Hypermarchés;"Employé / Employée de rayon libre-service ; Hôte / Hôtesse de caisse ; Chef / Cheffe de rayon produits alimentaires ; Vendeur / Vendeuse en épicerie";Entreprise susceptible de recruter (candidature spontanée);;;Apprentissage, Professionnalisation;;;45185667800011;4;https://labonnealternance.apprentissage.beta.gouv.fr/emploi/recruteurs_lba/45185667800011/dam-dis
38.5;SAS PILLAUD MATERIAUX;Commerce de gros / B2B;NDRC;Sept-Sorts;77260;Rue du Hainault 77260 Sept-Sorts;Commerce de gros (commerce interentreprises) de bois et de matériaux de construction;"Technico-commercial / Technico-commerciale ; Commercial itinérant / Commerciale itinérante en entreprise de commerce de gros";Entreprise susceptible de recruter (candidature spontanée);;;Apprentissage, Professionnalisation;;;53811637700143;2;https://labonnealternance.apprentissage.beta.gouv.fr/emploi/recruteurs_lba/53811637700143/sas-pillaud-materiaux
38.5;TPLC;Commerce de gros / B2B;MCO + NDRC;Sept-Sorts;77260;4 RUE DU HAINAULT 77260 SEPT-SORTS;Commerce de gros (commerce interentreprises) de matériel électrique;"Vendeur / Vendeuse grossiste en équipement du foyer ; Technico-commercial / Technico-commerciale";Entreprise susceptible de recruter (candidature spontanée);;;Apprentissage, Professionnalisation;;;70708002400185;2;https://labonnealternance.apprentissage.beta.gouv.fr/emploi/recruteurs_lba/70708002400185/tplc
38.7;CARREFOUR OCCASION;Autres commerces de détail;MCO;Villiers-En-Bière;77190;route Departementale 607 77190 VILLIERS-EN-BIERE;Commerce de détail de biens d'occasion en magasin;"Vendeur / Vendeuse en équipement de la maison ; Vendeur / Vendeuse en prêt-à-porter";Entreprise susceptible de recruter (candidature spontanée);;;Apprentissage, Professionnalisation;;;92126019600024;2;https://labonnealternance.apprentissage.beta.gouv.fr/emploi/recruteurs_lba/92126019600024/carrefour-occasion
38.7;DECATHLON;Sport, loisirs & culture;MCO + NDRC;Villiers-En-Bière;77190;RTE NATIONALE 77190 VILLIERS-EN-BIERE;Commerce de détail d'articles de sport en magasin spécialisé;"Vendeur / Vendeuse d'articles de sport et loisirs ; Hôte / Hôtesse de caisse ; Chef / Cheffe de rayon de produits non alimentaires ; Vendeur / Vendeuse en prêt-à-porter ; Vendeur / Vendeuse grossiste en équipement du foyer";Entreprise susceptible de recruter (candidature spontanée);;;Apprentissage, Professionnalisation;;;50056940500938;5;https://labonnealternance.apprentissage.beta.gouv.fr/emploi/recruteurs_lba/50056940500938/decathlon
38.8;INTERMARCHE;Grande distribution & supermarchés;MCO;Sept-Sorts;77260;Rue de la Haute Borne 77260 Sept-Sorts;Supermarchés;"Employé / Employée de rayon libre-service ; Directeur / Directrice de magasin de grande distribution ; Hôte / Hôtesse de caisse ; Responsable de caisses ; Chef / Cheffe de rayon produits alimentaires";Entreprise susceptible de recruter (candidature spontanée);;;Apprentissage, Professionnalisation;;;48806908900024;5;https://labonnealternance.apprentissage.beta.gouv.fr/emploi/recruteurs_lba/48806908900024/intermarche
38.9;VALECE;Commerce de gros / B2B;NDRC;Jouarre;77640;18 ruelle de la Grange Gruyer 77640 JOUARRE;Commerce de gros (commerce interentreprises) de machines pour l'extraction, la construction et le génie civil;Technico-commercial / Technico-commerciale;Entreprise susceptible de recruter (candidature spontanée);;;Apprentissage, Professionnalisation;;;91033344200028;1;https://labonnealternance.apprentissage.beta.gouv.fr/emploi/recruteurs_lba/91033344200028/valece
39.1;ETABLISSEMENTS DARTY ET FILS;High-tech, électroménager & télécoms;MCO + NDRC;Villiers-En-Bière;77190;centre Commercial Carrefour 77190 VILLIERS-EN-BIERE;Commerce de détail d'appareils électroménagers en magasin spécialisé;"Vendeur / Vendeuse en équipement de la maison ; Conseiller commercial / Conseillère commerciale auprès des particuliers ; Responsable relation client (CRM)";Entreprise susceptible de recruter (candidature spontanée);;;Apprentissage, Professionnalisation;;;54208661601371;3;https://labonnealternance.apprentissage.beta.gouv.fr/emploi/recruteurs_lba/54208661601371/etablissements-darty-et-fils
39.1;FROMAGERIE GANOT;Boulangerie & métiers de bouche;MCO + NDRC;Jouarre;77640;4 RUE CECILE DUMEZ 77640 JOUARRE;Commerce de détail alimentaire sur éventaires et marchés;"Vendeur / Vendeuse en épicerie ; Vendeur / Vendeuse grossiste en produits frais";Entreprise susceptible de recruter (candidature spontanée);;;Apprentissage, Professionnalisation;;;78494928100017;2;https://labonnealternance.apprentissage.beta.gouv.fr/emploi/recruteurs_lba/78494928100017/fromagerie-ganot
39.1;KIABI;Mode, chaussures & accessoires;MCO;Villiers-En-Bière;77190;CENTRE COMMERCIAL CARREFOUR 77190 VILLIERS-EN-BIERE;Commerce de détail d'habillement en magasin spécialisé;"Vendeur / Vendeuse en prêt-à-porter ; Responsable de boutique ; Hôte / Hôtesse de caisse ; Directeur / Directrice de magasin de grande distribution";Entreprise susceptible de recruter (candidature spontanée);;;Apprentissage, Professionnalisation;;;34410327003043;4;https://labonnealternance.apprentissage.beta.gouv.fr/emploi/recruteurs_lba/34410327003043/kiabi
39.2;MARC ORIAN;Mode, chaussures & accessoires;MCO;Villiers-En-Bière;77190;Galerie Marchande Carrefour 77190 Villiers-en-Bière;Commerce de détail d'articles d'horlogerie et de bijouterie en magasin spécialisé;"Vendeur / Vendeuse en prêt-à-porter ; Conseiller vendeur / Conseillère vendeuse à domicile ; Responsable de boutique";Entreprise susceptible de recruter (candidature spontanée);;;Apprentissage, Professionnalisation;;;37958790004374;3;https://labonnealternance.apprentissage.beta.gouv.fr/emploi/recruteurs_lba/37958790004374/marc-orian
39.2;Speedy;Automobile & mobilité;MCO + NDRC;La Ferté-Sous-Jouarre;77260;40 avenue Franklin Roosevelt 77260 LA FERTE-SOUS-JOUARRE;Commerce de détail d'équipements automobiles;"Conseiller / Conseillère de vente en pièces de rechange et accessoires de véhicules ; Conseiller / Conseillère client après-vente des véhicules";Entreprise susceptible de recruter (candidature spontanée);;;Apprentissage, Professionnalisation;;;40533942500028;2;https://labonnealternance.apprentissage.beta.gouv.fr/emploi/recruteurs_lba/40533942500028/speedy
39.3;LES 2 L;Boulangerie & métiers de bouche;MCO;La Ferté-Sous-Jouarre;77260;36 avenue Franklin Roosevelt 77260 LA FERTE-SOUS-JOUARRE;Boulangerie et boulangerie-pâtisserie;Vendeur / Vendeuse en épicerie;Entreprise susceptible de recruter (candidature spontanée);;;Apprentissage, Professionnalisation;;;85116881500013;1;https://labonnealternance.apprentissage.beta.gouv.fr/emploi/recruteurs_lba/85116881500013/les-2-l
39.5;AUX 4 EPIS;Boulangerie & métiers de bouche;MCO;La Ferté-Sous-Jouarre;77260;13 avenue Franklin Roosevelt 77260 LA FERTE-SOUS-JOUARRE;Boulangerie et boulangerie-pâtisserie;Vendeur / Vendeuse en épicerie;Entreprise susceptible de recruter (candidature spontanée);;;Apprentissage, Professionnalisation;;;93077071400028;1;https://labonnealternance.apprentissage.beta.gouv.fr/emploi/recruteurs_lba/93077071400028/aux-4-epis
39.5;E. LECLERC;Grande distribution & supermarchés;MCO;La Ferté-Sous-Jouarre;77260;15 avenue de Rebais 77260 LA FERTE-SOUS-JOUARRE;Hypermarchés;"Employé / Employée de rayon libre-service ; Hôte / Hôtesse de caisse ; Chef / Cheffe de rayon produits alimentaires ; Vendeur / Vendeuse en épicerie";Entreprise susceptible de recruter (candidature spontanée);;;Apprentissage, Professionnalisation;;;43432710200019;4;https://labonnealternance.apprentissage.beta.gouv.fr/emploi/recruteurs_lba/43432710200019/e-leclerc
39.6;A.F MOTORS;Automobile & mobilité;MCO + NDRC;La Ferté-Sous-Jouarre;77260;10 AVENUE FRANKLIN ROOSEVELT 77260 LA FERTE-SOUS-JOUARRE;Commerce de voitures et de véhicules automobiles légers;"Vendeur / Vendeuse automobile ; Conseiller / Conseillère client après-vente des véhicules";Entreprise susceptible de recruter (candidature spontanée);;;Apprentissage, Professionnalisation;;;90030808100026;2;https://labonnealternance.apprentissage.beta.gouv.fr/emploi/recruteurs_lba/90030808100026/a-f-motors
39.6;ACTIF TRANSACTION;Immobilier;NDRC;La Ferté-Sous-Jouarre;77260;1 avenue Franklin Roosevelt 77260 LA FERTE-SOUS-JOUARRE;Agences immobilières;Conseiller / Conseillère immobilier;Entreprise susceptible de recruter (candidature spontanée);;;Apprentissage, Professionnalisation;;;51885920200013;1;https://labonnealternance.apprentissage.beta.gouv.fr/emploi/recruteurs_lba/51885920200013/actif-transaction
39.7;Carrefour;Grande distribution & supermarchés;MCO;Villiers-En-Bière;77190;77190 Villiers-en-Bière;Hypermarchés;"Employé / Employée de rayon libre-service ; Hôte / Hôtesse de caisse ; Chef / Cheffe de rayon produits alimentaires ; Vendeur / Vendeuse en épicerie";Entreprise susceptible de recruter (candidature spontanée);;;Apprentissage, Professionnalisation;;;45132133501039;4;https://labonnealternance.apprentissage.beta.gouv.fr/emploi/recruteurs_lba/45132133501039/carrefour
39.7;CARREFOUR BANQUE;Banque, crédit & assurance;NDRC;Villiers-En-Bière;77190;77190 Villiers-en-Bière;Autre distribution de crédit;"Conseiller / Conseillère de clientèle bancaire ; Courtier / Courtière en banque ; Conseiller commercial / Conseillère commerciale auprès des particuliers";Entreprise susceptible de recruter (candidature spontanée);;;Apprentissage, Professionnalisation;;;31381151500730;3;https://labonnealternance.apprentissage.beta.gouv.fr/emploi/recruteurs_lba/31381151500730/carrefour-banque
39.7;P.G.P.;Automobile & mobilité;MCO + NDRC;La Chapelle-Gauthier;77720;35 RUE VERTE 77720 LA CHAPELLE-GAUTHIER;Commerce de voitures et de véhicules automobiles légers;"Vendeur / Vendeuse automobile ; Conseiller / Conseillère client après-vente des véhicules";Entreprise susceptible de recruter (candidature spontanée);;;Apprentissage, Professionnalisation;;;51271994900012;2;https://labonnealternance.apprentissage.beta.gouv.fr/emploi/recruteurs_lba/51271994900012/p-g-p
39.8;La Poste;La Poste & services publics;NDRC;La Ferté-Sous-Jouarre;77260;4 rue Gambetta 77260 LA FERTE-SOUS-JOUARRE;Activités de poste dans le cadre d'une obligation de service universel;Responsable relation client (CRM);Entreprise susceptible de recruter (candidature spontanée);;;Apprentissage, Professionnalisation;;;35600000039086;1;https://labonnealternance.apprentissage.beta.gouv.fr/emploi/recruteurs_lba/35600000039086/la-poste
39.9;BOULANGERIE TM;Boulangerie & métiers de bouche;MCO;La Ferté-Sous-Jouarre;77260;59 RUE DE CONDE 77260 LA FERTE-SOUS-JOUARRE;Boulangerie et boulangerie-pâtisserie;Vendeur / Vendeuse en épicerie;Entreprise susceptible de recruter (candidature spontanée);;;Apprentissage, Professionnalisation;;;83287729400013;1;https://labonnealternance.apprentissage.beta.gouv.fr/emploi/recruteurs_lba/83287729400013/boulangerie-tm
39.9;LA FOURNEE DE LA PLACE;Boulangerie & métiers de bouche;MCO;La Ferté-Sous-Jouarre;77260;18 PLACE DE L HOTEL DE VILLE 77260 LA FERTE-SOUS-JOUARRE;Boulangerie et boulangerie-pâtisserie;Vendeur / Vendeuse en épicerie;Entreprise susceptible de recruter (candidature spontanée);;;Apprentissage, Professionnalisation;;;82225117900013;1;https://labonnealternance.apprentissage.beta.gouv.fr/emploi/recruteurs_lba/82225117900013/la-fournee-de-la-place
40.0;VERBODIS/CARREFOUR CITY;Grande distribution & supermarchés;MCO;La Ferté-Sous-Jouarre;77260;5 rue des Pelletiers 77260 LA FERTE-SOUS-JOUARRE;Supermarchés;"Employé / Employée de rayon libre-service ; Directeur / Directrice de magasin de grande distribution ; Hôte / Hôtesse de caisse ; Responsable de caisses ; Chef / Cheffe de rayon produits alimentaires";Entreprise susceptible de recruter (candidature spontanée);;;Apprentissage, Professionnalisation;;;35057511400011;5;https://labonnealternance.apprentissage.beta.gouv.fr/emploi/recruteurs_lba/35057511400011/verbodis-carrefour-city
40.1;CIC;Banque, crédit & assurance;NDRC;La Ferté-Sous-Jouarre;77260;4 RUE DES PELLETIERS 77260 LA FERTE-SOUS-JOUARRE;Autres intermédiations monétaires;"Conseiller / Conseillère de clientèle bancaire ; Chargé / Chargée d'accueil en banque ; Conseiller / Conseillère en gestion de patrimoine";Entreprise susceptible de recruter (candidature spontanée);;;Apprentissage, Professionnalisation;;;75480071200392;3;https://labonnealternance.apprentissage.beta.gouv.fr/emploi/recruteurs_lba/75480071200392/cic
40.2;GALLERIA CONTINUA;Autres commerces de détail;NDRC;Boissy-Le-Chatel;77169;46 RUE DE LA FERTE GAUCHER 77169 BOISSY-LE-CHATEL;Autres commerces de détail spécialisés divers;Responsable relation client (CRM);Entreprise susceptible de recruter (candidature spontanée);;;Apprentissage, Professionnalisation;;;53058147900017;1;https://labonnealternance.apprentissage.beta.gouv.fr/emploi/recruteurs_lba/53058147900017/galleria-continua
40.2;WIAME SERVICES;Maison, bricolage & jardin;NDRC;La Ferté-Sous-Jouarre;77260;77260 La Ferté-sous-Jouarre;Administration d'immeubles et autres biens immobiliers;Conseiller / Conseillère immobilier;Entreprise susceptible de recruter (candidature spontanée);;;Apprentissage, Professionnalisation;;;91833140600010;1;https://labonnealternance.apprentissage.beta.gouv.fr/emploi/recruteurs_lba/91833140600010/wiame-services
40.3;DUTHOIT;Autres;MCO;Boissy-Le-Chatel;77169;87 rue de La Ferte Gaucher 77169 BOISSY-LE-CHATEL;Autres cultures non permanentes;Vendeur / Vendeuse conseil en jardinerie;Entreprise susceptible de recruter (candidature spontanée);;;Apprentissage, Professionnalisation;;;39123472100010;1;https://labonnealternance.apprentissage.beta.gouv.fr/emploi/recruteurs_lba/39123472100010/duthoit
41.0;CHEZ BICHON'S;Boulangerie & métiers de bouche;MCO + NDRC;Le Chatelet-En-Brie;77820;37 allee des Pignons Blancs 77820 LE CHATELET-EN-BRIE;Commerce de détail de viandes et de produits à base de viande en magasin spécialisé;"Vendeur / Vendeuse en épicerie ; Vendeur / Vendeuse grossiste en produits frais";Entreprise susceptible de recruter (candidature spontanée);;;Apprentissage, Professionnalisation;;;91801029900017;2;https://labonnealternance.apprentissage.beta.gouv.fr/emploi/recruteurs_lba/91801029900017/chez-bichon-s
41.0;FAIRE SOCIETE;Services aux entreprises, conseil & communication;NDRC;Jouarre;77640;15 rue du Pont 77640 JOUARRE;Production de films institutionnels et publicitaires;Directeur commercial / Directrice commerciale;Entreprise susceptible de recruter (candidature spontanée);;;Apprentissage, Professionnalisation;;;91295563000013;1;https://labonnealternance.apprentissage.beta.gouv.fr/emploi/recruteurs_lba/91295563000013/faire-societe
41.2;BOULANGERIE DE SAINT MICHEL;Boulangerie & métiers de bouche;MCO;Le Chatelet-En-Brie;77820;6 rue de l Hotel de Ville 77820 LE CHATELET-EN-BRIE;Boulangerie et boulangerie-pâtisserie;Vendeur / Vendeuse en épicerie;Entreprise susceptible de recruter (candidature spontanée);;;Apprentissage, Professionnalisation;;;48456725000036;1;https://labonnealternance.apprentissage.beta.gouv.fr/emploi/recruteurs_lba/48456725000036/boulangerie-de-saint-michel
41.2;DU BONHEUR EN PETALES;Maison, bricolage & jardin;MCO;Le Chatelet-En-Brie;77820;21 rue de l Hotel de Ville 77820 LE CHATELET-EN-BRIE;Commerce de détail de fleurs, plantes, graines, engrais, animaux de compagnie et aliments pour ces animaux en magasin spécialisé;"Responsable de boutique ; Vendeur / Vendeuse conseil en jardinerie ; Vendeur / Vendeuse en animalerie ; Hôte / Hôtesse de caisse ; Chef / Cheffe de rayon de produits non alimentaires";Entreprise susceptible de recruter (candidature spontanée);;;Apprentissage, Professionnalisation;;;81994912400013;5;https://labonnealternance.apprentissage.beta.gouv.fr/emploi/recruteurs_lba/81994912400013/du-bonheur-en-petales
41.3;SOS MAC;High-tech, électroménager & télécoms;NDRC;Chamigny;77260;60 AVENUE DES VIGNES 77260 CHAMIGNY;Réparation d'ordinateurs et d'équipements périphériques;Responsable Commercial / Commerciale;Entreprise susceptible de recruter (candidature spontanée);;;Apprentissage, Professionnalisation;;;48277079900021;1;https://labonnealternance.apprentissage.beta.gouv.fr/emploi/recruteurs_lba/48277079900021/sos-mac
41.6;CARREFOUR MARKET;Grande distribution & supermarchés;MCO;Chartrettes;77590;43 AVENUE GALLIENI 77590 CHARTRETTES;Supermarchés;"Employé / Employée de rayon libre-service ; Directeur / Directrice de magasin de grande distribution ; Hôte / Hôtesse de caisse ; Responsable de caisses ; Chef / Cheffe de rayon produits alimentaires";Entreprise susceptible de recruter (candidature spontanée);;;Apprentissage, Professionnalisation;;;44028375206173;5;https://labonnealternance.apprentissage.beta.gouv.fr/emploi/recruteurs_lba/44028375206173/carrefour-market
41.9;MAXIMO;Autres;MCO + NDRC;Le Chatelet-En-Brie;77820;15 RUE DES CHAMPARTS 77820 LE CHATELET-EN-BRIE;Vente à domicile;"Conseiller vendeur / Conseillère vendeuse à domicile ; Conseiller commercial / Conseillère commerciale auprès des particuliers";Entreprise susceptible de recruter (candidature spontanée);;;Apprentissage, Professionnalisation;;;40320696400302;2;https://labonnealternance.apprentissage.beta.gouv.fr/emploi/recruteurs_lba/40320696400302/maximo
42.1;DOMAINE DU MOULIN;Immobilier;NDRC;Fontenailles;77370;Route de Villefermoy 77370 Fontenailles;LOCATION DE TERRAINS ET D'AUTRES BIENS IMMOBILIERS;"Conseiller / Conseillère immobilier ; Conseiller commercial / Conseillère commerciale auprès des particuliers";Entreprise susceptible de recruter (candidature spontanée);;;Apprentissage, Professionnalisation;;;38977914100016;2;https://labonnealternance.apprentissage.beta.gouv.fr/emploi/recruteurs_lba/38977914100016/domaine-du-moulin
42.1;L'ATELIER D'OLIVIER;Maison, bricolage & jardin;MCO;Perthes;77930;1 RUE DE MILLY 77930 PERTHES;Commerce de détail de fleurs, plantes, graines, engrais, animaux de compagnie et aliments pour ces animaux en magasin spécialisé;"Responsable de boutique ; Vendeur / Vendeuse conseil en jardinerie ; Vendeur / Vendeuse en animalerie ; Hôte / Hôtesse de caisse ; Chef / Cheffe de rayon de produits non alimentaires";Entreprise susceptible de recruter (candidature spontanée);;;Apprentissage, Professionnalisation;;;84907183200018;5;https://labonnealternance.apprentissage.beta.gouv.fr/emploi/recruteurs_lba/84907183200018/l-atelier-d-olivier
42.1;SIX TO ONE;Commerce de gros / B2B;NDRC;Perthes;77930;8 rue de Milly 77930 PERTHES;Commerce de gros (commerce interentreprises) de composants et d'équipements électroniques et de télécommunication;"Technico-commercial / Technico-commerciale ; Assistant commercial / Assistante commerciale";Entreprise susceptible de recruter (candidature spontanée);;;Apprentissage, Professionnalisation;;;82525555700050;2;https://labonnealternance.apprentissage.beta.gouv.fr/emploi/recruteurs_lba/82525555700050/six-to-one
42.2;CHATELET DIS;Grande distribution & supermarchés;MCO;Le Chatelet-En-Brie;77820;LES GRANDS CHAMPS 77820 LE CHATELET-EN-BRIE;Hypermarchés;"Employé / Employée de rayon libre-service ; Hôte / Hôtesse de caisse ; Chef / Cheffe de rayon produits alimentaires ; Vendeur / Vendeuse en épicerie";Entreprise susceptible de recruter (candidature spontanée);;;Apprentissage, Professionnalisation;;;53028784600022;4;https://labonnealternance.apprentissage.beta.gouv.fr/emploi/recruteurs_lba/53028784600022/chatelet-dis
42.4;GREENMAT;Commerce de gros / B2B;MCO + NDRC;Chailly-En-Bière;77930;35B route de Paris 77930 CHAILLY-EN-BIERE;Commerce de gros (commerce interentreprises) de matériel agricole;Vendeur / Vendeuse grossiste en équipement du foyer;Entreprise susceptible de recruter (candidature spontanée);;;Apprentissage, Professionnalisation;;;89176190000010;1;https://labonnealternance.apprentissage.beta.gouv.fr/emploi/recruteurs_lba/89176190000010/greenmat
43.3;CHABRIER - LE PANIER DE CAROLINE;Grande distribution & supermarchés;MCO;Chailly-En-Bière;77930;Rue de Forges 77930 Chailly-en-Bière;Supérettes;"Employé / Employée de rayon libre-service ; Hôte / Hôtesse de caisse ; Directeur / Directrice de magasin de grande distribution ; Vendeur / Vendeuse en épicerie ; Responsable de caisses ; Chef / Cheffe de rayon produits alimentaires";Entreprise susceptible de recruter (candidature spontanée);;;Apprentissage, Professionnalisation;;;91527241300013;6;https://labonnealternance.apprentissage.beta.gouv.fr/emploi/recruteurs_lba/91527241300013/chabrier-le-panier-de-caroline
43.5;BRUNO FOUCART;Boulangerie & métiers de bouche;MCO;Crouy-Sur-Ourcq;77840;12 PLACE DU MARCHE 77840 CROUY-SUR-OURCQ;Boulangerie et boulangerie-pâtisserie;Vendeur / Vendeuse en épicerie;Entreprise susceptible de recruter (candidature spontanée);;;Apprentissage, Professionnalisation;;;33088064200013;1;https://labonnealternance.apprentissage.beta.gouv.fr/emploi/recruteurs_lba/33088064200013/bruno-foucart
43.5;SOPHIE ET ROMU;Boulangerie & métiers de bouche;MCO;Bois-Le-Roi;77590;1 rue de la Republique 77590 BOIS-LE-ROI;Pâtisserie;Vendeur / Vendeuse en épicerie;Entreprise susceptible de recruter (candidature spontanée);;;Apprentissage, Professionnalisation;;;91256112300015;1;https://labonnealternance.apprentissage.beta.gouv.fr/emploi/recruteurs_lba/91256112300015/sophie-et-romu
44.1;CURAGES DRAGAGES ET SYSTEMES;Autres;MCO;Luzancy;77138;CHEMIN DE L'USINE 77138 LUZANCY;CONSTRUCTION D'OUVRAGES MARITIMES ET FLUVIAUX;Adjoint / Adjointe au responsable QSE - Qualité Sécurité Environnement BTP;Offre publiée sur La bonne alternance;Adjoint / Adjointe au responsable QSE - Qualité Sécurité Environnement BTP;Licence, BUT, Licence Pro (Bac+3);Apprentissage;2026-09-08;;;1;https://labonnealternance.apprentissage.beta.gouv.fr/emploi/offres_emploi_lba/6aa0151f02392b1ffe0036d6/adjoint-adjointe-au-responsable-qse-qualite-securite-environnement-btp
44.1;EJL DIFFUSION;Commerce de gros / B2B;NDRC;Bois-Le-Roi;77590;5 RUE DES PEUPLIERS 77590 BOIS-LE-ROI;Commerce de gros (commerce interentreprises) de fournitures et équipements divers pour le commerce et les services;"Cadre Technico-commercial / Technico-commerciale ; Technico-commercial / Technico-commerciale ; Assistant commercial / Assistante commerciale";Entreprise susceptible de recruter (candidature spontanée);;;Apprentissage, Professionnalisation;;;74991605200030;3;https://labonnealternance.apprentissage.beta.gouv.fr/emploi/recruteurs_lba/74991605200030/ejl-diffusion
44.3;NAP NANGIS ACCESSOIRES PIECES;Automobile & mobilité;MCO + NDRC;Nangis;77370;31 RUE DES FONTAINES 77370 NANGIS;Commerce de détail d'équipements automobiles;"Conseiller / Conseillère de vente en pièces de rechange et accessoires de véhicules ; Conseiller / Conseillère client après-vente des véhicules";Entreprise susceptible de recruter (candidature spontanée);;;Apprentissage, Professionnalisation;;;33518573200039;2;https://labonnealternance.apprentissage.beta.gouv.fr/emploi/recruteurs_lba/33518573200039/nap-nangis-accessoires-pieces
44.4;RAMBACH;Automobile & mobilité;NDRC;Jouy-Le-Châtel;77970;77970 Jouy-le-Châtel;Entretien et réparation d'autres véhicules automobiles;Conseiller / Conseillère client après-vente des véhicules;Entreprise susceptible de recruter (candidature spontanée);;;Apprentissage, Professionnalisation;;;31183410500018;1;https://labonnealternance.apprentissage.beta.gouv.fr/emploi/recruteurs_lba/31183410500018/rambach
44.5;AUX DELICES;Boulangerie & métiers de bouche;MCO;Barbizon;77630;4 ROUTE NATIONALE 7 77630 BARBIZON;Boulangerie et boulangerie-pâtisserie;Vendeur / Vendeuse en épicerie;Entreprise susceptible de recruter (candidature spontanée);;;Apprentissage, Professionnalisation;;;45190268800030;1;https://labonnealternance.apprentissage.beta.gouv.fr/emploi/recruteurs_lba/45190268800030/aux-delices
44.5;EBC LOCATION;Automobile & mobilité;NDRC;Nangis;77370;66 rue du General Leclerc 77370 NANGIS;Location de courte durée de voitures et de véhicules automobiles légers;"Agent technico-commercial / Agente technico-commerciale en location de véhicules ; Conseiller / Conseillère client après-vente des véhicules";Entreprise susceptible de recruter (candidature spontanée);;;Apprentissage, Professionnalisation;;;91896734000012;2;https://labonnealternance.apprentissage.beta.gouv.fr/emploi/recruteurs_lba/91896734000012/ebc-location
44.5;SAS FRISON-NIVAL;Boulangerie & métiers de bouche;MCO;Nangis;77370;20 PLACE DUPONT PERROT 77370 NANGIS;Boulangerie et boulangerie-pâtisserie;Vendeur / Vendeuse en épicerie;Entreprise susceptible de recruter (candidature spontanée);;;Apprentissage, Professionnalisation;;;84024091500016;1;https://labonnealternance.apprentissage.beta.gouv.fr/emploi/recruteurs_lba/84024091500016/sas-frison-nival
44.5;VALLEE;Boulangerie & métiers de bouche;MCO + NDRC;Nangis;77370;5 rue du Dauphin 77370 NANGIS;Commerce de détail de viandes et de produits à base de viande en magasin spécialisé;"Vendeur / Vendeuse en épicerie ; Vendeur / Vendeuse grossiste en produits frais";Entreprise susceptible de recruter (candidature spontanée);;;Apprentissage, Professionnalisation;;;95300757200019;2;https://labonnealternance.apprentissage.beta.gouv.fr/emploi/recruteurs_lba/95300757200019/vallee
44.6;AGENCE DE LA HALLE;Immobilier;NDRC;Nangis;77370;19 RUE DU GENERAL LECLERC 77370 NANGIS;Agences immobilières;Conseiller / Conseillère immobilier;Entreprise susceptible de recruter (candidature spontanée);;;Apprentissage, Professionnalisation;;;84399130800019;1;https://labonnealternance.apprentissage.beta.gouv.fr/emploi/recruteurs_lba/84399130800019/agence-de-la-halle
44.6;AU FOURNIL DE NANGIS;Boulangerie & métiers de bouche;MCO;Nangis;77370;12 RUE DU DAUPHIN 77370 NANGIS;Boulangerie et boulangerie-pâtisserie;Vendeur / Vendeuse en épicerie;Entreprise susceptible de recruter (candidature spontanée);;;Apprentissage, Professionnalisation;;;87883198100013;1;https://labonnealternance.apprentissage.beta.gouv.fr/emploi/recruteurs_lba/87883198100013/au-fournil-de-nangis
44.6;AXA;Banque, crédit & assurance;NDRC;Nangis;77370;16 RUE DU GENERAL LECLERC 77370 NANGIS;Activités des agents et courtiers d'assurances;"Conseiller / Conseillère en assurances ; Conseiller / Conseillère en gestion de patrimoine";Entreprise susceptible de recruter (candidature spontanée);;;Apprentissage, Professionnalisation;;;90117688300022;2;https://labonnealternance.apprentissage.beta.gouv.fr/emploi/recruteurs_lba/90117688300022/axa
44.6;CARREFOUR EXPRESS;Grande distribution & supermarchés;MCO;Nangis;77370;29 RUE DU GENERAL LECLERC 77370 NANGIS;Supermarchés;"Employé / Employée de rayon libre-service ; Directeur / Directrice de magasin de grande distribution ; Hôte / Hôtesse de caisse ; Responsable de caisses ; Chef / Cheffe de rayon produits alimentaires";Entreprise susceptible de recruter (candidature spontanée);;;Apprentissage, Professionnalisation;;;53176862000068;5;https://labonnealternance.apprentissage.beta.gouv.fr/emploi/recruteurs_lba/53176862000068/carrefour-express
44.6;DENIS DOUCEAU;Boulangerie & métiers de bouche;MCO;Nangis;77370;29 RUE DU GENERAL LECLERC 77370 NANGIS;Boulangerie et boulangerie-pâtisserie;Vendeur / Vendeuse en épicerie;Entreprise susceptible de recruter (candidature spontanée);;;Apprentissage, Professionnalisation;;;53941981200026;1;https://labonnealternance.apprentissage.beta.gouv.fr/emploi/recruteurs_lba/53941981200026/denis-douceau
44.6;GHESTEM AGRI;Commerce de gros / B2B;MCO + NDRC;Nangis;77370;77370 Nangis;Commerce de gros (commerce interentreprises) de matériel agricole;Vendeur / Vendeuse grossiste en équipement du foyer;Entreprise susceptible de recruter (candidature spontanée);;;Apprentissage, Professionnalisation;;;41496101100031;1;https://labonnealternance.apprentissage.beta.gouv.fr/emploi/recruteurs_lba/41496101100031/ghestem-agri
44.6;INTERMARCHE;Grande distribution & supermarchés;MCO;Nangis;77370;77370 Nangis;Supermarchés;"Employé / Employée de rayon libre-service ; Directeur / Directrice de magasin de grande distribution ; Hôte / Hôtesse de caisse ; Responsable de caisses ; Chef / Cheffe de rayon produits alimentaires";Entreprise susceptible de recruter (candidature spontanée);;;Apprentissage, Professionnalisation;;;44098275900027;5;https://labonnealternance.apprentissage.beta.gouv.fr/emploi/recruteurs_lba/44098275900027/intermarche
44.6;PROXY SERVICES ET CONSEILS;Services aux entreprises, conseil & communication;NDRC;Nangis;77370;9 rue du Minage 77370 NANGIS;Services administratifs combinés de bureau;Conseiller / Conseillère immobilier;Entreprise susceptible de recruter (candidature spontanée);;;Apprentissage, Professionnalisation;;;98360210300019;1;https://labonnealternance.apprentissage.beta.gouv.fr/emploi/recruteurs_lba/98360210300019/proxy-services-et-conseils
44.6;SOCIETE GENERALE;Banque, crédit & assurance;NDRC;Nangis;77370;32 RUE DU GENERAL LECLERC 77370 NANGIS;Autres intermédiations monétaires;"Conseiller / Conseillère de clientèle bancaire ; Chargé / Chargée d'accueil en banque ; Conseiller / Conseillère en gestion de patrimoine";Entreprise susceptible de recruter (candidature spontanée);;;Apprentissage, Professionnalisation;;;55212022224559;3;https://labonnealternance.apprentissage.beta.gouv.fr/emploi/recruteurs_lba/55212022224559/societe-generale
44.7;MMA - PATRICE BROGGI;Banque, crédit & assurance;NDRC;Nangis;77370;1 RUE NOAS DAUMESNIL 77370 NANGIS;Activités des agents et courtiers d'assurances;"Conseiller / Conseillère en assurances ; Conseiller / Conseillère en gestion de patrimoine";Entreprise susceptible de recruter (candidature spontanée);;;Apprentissage, Professionnalisation;;;41129617100027;2;https://labonnealternance.apprentissage.beta.gouv.fr/emploi/recruteurs_lba/41129617100027/mma-patrice-broggi
44.8;GROUPEMENT D'EMPLOYEURS DE MONEUSE;Services aux entreprises, conseil & communication;MCO;Dagny;77320;Rue de Moneuse 77320 Dagny;Autre mise à disposition de ressources humaines;Chef / Cheffe de rayon produits alimentaires;Entreprise susceptible de recruter (candidature spontanée);;;Apprentissage, Professionnalisation;;;90099872500015;1;https://labonnealternance.apprentissage.beta.gouv.fr/emploi/recruteurs_lba/90099872500015/groupement-d-employeurs-de-moneuse
45.0;CARREFOUR MARKET;Grande distribution & supermarchés;MCO;Nangis;77370;avenue de Verdun 77370 NANGIS;Supermarchés;"Employé / Employée de rayon libre-service ; Directeur / Directrice de magasin de grande distribution ; Hôte / Hôtesse de caisse ; Responsable de caisses ; Chef / Cheffe de rayon produits alimentaires";Entreprise susceptible de recruter (candidature spontanée);;;Apprentissage, Professionnalisation;;;92827128700015;5;https://labonnealternance.apprentissage.beta.gouv.fr/emploi/recruteurs_lba/92827128700015/carrefour-market
45.0;CARREFOUR MARKET;Immobilier;NDRC;Nangis;77370;avenue de Verdun 77370 NANGIS;LOCATION DE TERRAINS ET D'AUTRES BIENS IMMOBILIERS;"Conseiller / Conseillère immobilier ; Conseiller commercial / Conseillère commerciale auprès des particuliers";Entreprise susceptible de recruter (candidature spontanée);;;Apprentissage, Professionnalisation;;;44028375205175;2;https://labonnealternance.apprentissage.beta.gouv.fr/emploi/recruteurs_lba/44028375205175/carrefour-market
45.0;CONSERVERIE DE LA FORET;High-tech, électroménager & télécoms;MCO;Samois-Sur-Seine;77920;12 CHEMIN DE LA BRUNETTE 77920 SAMOIS-SUR-SEINE;Transformation et conservation de fruits;Chef / Cheffe des ventes;Entreprise susceptible de recruter (candidature spontanée);;;Apprentissage, Professionnalisation;;;89382378100016;1;https://labonnealternance.apprentissage.beta.gouv.fr/emploi/recruteurs_lba/89382378100016/conserverie-de-la-foret
45.3;LA GALERIE DES PAINS;Boulangerie & métiers de bouche;MCO + NDRC;Barbizon;77630;70 GRANDE RUE GDE RUE 77630 BARBIZON;Commerce de détail alimentaire sur éventaires et marchés;"Vendeur / Vendeuse en épicerie ; Vendeur / Vendeuse grossiste en produits frais";Entreprise susceptible de recruter (candidature spontanée);;;Apprentissage, Professionnalisation;;;51189621900017;2;https://labonnealternance.apprentissage.beta.gouv.fr/emploi/recruteurs_lba/51189621900017/la-galerie-des-pains
45.3;VAL ET DES FROMAGES;Boulangerie & métiers de bouche;MCO;Barbizon;77630;52 GRANDE RUE GDE RUE 77630 BARBIZON;Autres commerces de détail alimentaires en magasin spécialisé;"Vendeur / Vendeuse en épicerie ; Employé / Employée de rayon libre-service ; Chef / Cheffe de rayon produits alimentaires ; Responsable de boutique";Entreprise susceptible de recruter (candidature spontanée);;;Apprentissage, Professionnalisation;;;85269265600014;4;https://labonnealternance.apprentissage.beta.gouv.fr/emploi/recruteurs_lba/85269265600014/val-et-des-fromages
45.4;AGRI SANTERRE;Commerce de gros / B2B;MCO + NDRC;Nangis;77370;11 RUE DE LA COMMUNE DE PARIS 77370 NANGIS;Commerce de gros (commerce interentreprises) de matériel agricole;Vendeur / Vendeuse grossiste en équipement du foyer;Entreprise susceptible de recruter (candidature spontanée);;;Apprentissage, Professionnalisation;;;61172050900136;1;https://labonnealternance.apprentissage.beta.gouv.fr/emploi/recruteurs_lba/61172050900136/agri-santerre
45.4;SOCIETE NOUVELLE DEPUSSAY;Commerce de gros / B2B;MCO + NDRC;Nangis;77370;5 RUE DE LA COMMUNE DE PARIS 77370 NANGIS;Commerce de gros (commerce interentreprises) de matériel agricole;Vendeur / Vendeuse grossiste en équipement du foyer;Entreprise susceptible de recruter (candidature spontanée);;;Apprentissage, Professionnalisation;;;31657105800312;1;https://labonnealternance.apprentissage.beta.gouv.fr/emploi/recruteurs_lba/31657105800312/societe-nouvelle-depussay
46.0;AUX SAVEURS GOURMANDES;Boulangerie & métiers de bouche;MCO;Saacy-Sur-Marne;77730;4 RUE DES HAMEAUX 77730 SAACY-SUR-MARNE;Boulangerie et boulangerie-pâtisserie;Vendeur / Vendeuse en épicerie;Entreprise susceptible de recruter (candidature spontanée);;;Apprentissage, Professionnalisation;;;53170041700011;1;https://labonnealternance.apprentissage.beta.gouv.fr/emploi/recruteurs_lba/53170041700011/aux-saveurs-gourmandes
46.0;LES MOULINS DE VERDELOT;Services aux entreprises, conseil & communication;NDRC;Rebais;77510;77510 Rebais;Activités des sociétés holding;Conseiller / Conseillère immobilier;Entreprise susceptible de recruter (candidature spontanée);;;Apprentissage, Professionnalisation;;;39083112100012;1;https://labonnealternance.apprentissage.beta.gouv.fr/emploi/recruteurs_lba/39083112100012/les-moulins-de-verdelot
46.0;SYLVAIN MOUILLERON;Boulangerie & métiers de bouche;MCO;Rebais;77510;24 RUE SALADINE 77510 REBAIS;Boulangerie et boulangerie-pâtisserie;Vendeur / Vendeuse en épicerie;Entreprise susceptible de recruter (candidature spontanée);;;Apprentissage, Professionnalisation;;;39975954700058;1;https://labonnealternance.apprentissage.beta.gouv.fr/emploi/recruteurs_lba/39975954700058/sylvain-mouilleron
46.6;OSMOZ WARE;High-tech, électroménager & télécoms;NDRC;Rebais;77510;3 avenue de l Industrie 77510 REBAIS;Traitement de données, hébergement et activités connexes;Conseiller / Conseillère en gestion de patrimoine;Entreprise susceptible de recruter (candidature spontanée);;;Apprentissage, Professionnalisation;;;53089096100036;1;https://labonnealternance.apprentissage.beta.gouv.fr/emploi/recruteurs_lba/53089096100036/osmoz-ware
47.1;RIVET;Automobile & mobilité;MCO;La Croix-En-Brie;77370;Route Departementale 619 77370 La Croix-en-Brie;Commerce de détail de carburants en magasin spécialisé;"Hôte / Hôtesse de caisse ; Employé / Employée de rayon libre-service";Entreprise susceptible de recruter (candidature spontanée);;;Apprentissage, Professionnalisation;;;81218024800039;2;https://labonnealternance.apprentissage.beta.gouv.fr/emploi/recruteurs_lba/81218024800039/rivet
47.9;ASUPER 5;Grande distribution & supermarchés;MCO;Vulaines-Sur-Seine;77870;44 route d Hericy 77870 VULAINES-SUR-SEINE;Supermarchés;"Employé / Employée de rayon libre-service ; Directeur / Directrice de magasin de grande distribution ; Hôte / Hôtesse de caisse ; Responsable de caisses ; Chef / Cheffe de rayon produits alimentaires";Entreprise susceptible de recruter (candidature spontanée);;;Apprentissage, Professionnalisation;;;92523661400093;5;https://labonnealternance.apprentissage.beta.gouv.fr/emploi/recruteurs_lba/92523661400093/asuper-5
47.9;LEBAL;Maison, bricolage & jardin;MCO + NDRC;Vulaines-Sur-Seine;77870;44 ROUTE D'HERICY 77870 VULAINES-SUR-SEINE;Commerce de détail de quincaillerie, peintures et verres en grandes surfaces (400 m2et plus);"Hôte / Hôtesse de caisse ; Vendeur / Vendeuse en équipement de la maison ; Vendeur / Vendeuse conseil en jardinerie ; Vendeur / Vendeuse grossiste en équipement du foyer ; Chef / Cheffe de secteur magasin ; Chef / Cheffe de rayon de produits non alimentaires";Entreprise susceptible de recruter (candidature spontanée);;;Apprentissage, Professionnalisation;;;33784962400016;6;https://labonnealternance.apprentissage.beta.gouv.fr/emploi/recruteurs_lba/33784962400016/lebal
48.3;EASY CARS';Automobile & mobilité;MCO + NDRC;Samois-Sur-Seine;77920;6 avenue de Valvins 77920 SAMOIS-SUR-SEINE;Commerce de voitures et de véhicules automobiles légers;"Vendeur / Vendeuse automobile ; Conseiller / Conseillère client après-vente des véhicules";Entreprise susceptible de recruter (candidature spontanée);;;Apprentissage, Professionnalisation;;;83386620500028;2;https://labonnealternance.apprentissage.beta.gouv.fr/emploi/recruteurs_lba/83386620500028/easy-cars
48.4;BUREAU VALLEE;Sport, loisirs & culture;MCO;Samoreau;77210;110B VOIE DE LA LIBERTE 77210 SAMOREAU;Commerce de détail de journaux et papeterie en magasin spécialisé;"Employé / Employée de rayon libre-service ; Chef / Cheffe de rayon de produits non alimentaires ; Vendeur / Vendeuse de produits culturels et ludiques";Entreprise susceptible de recruter (candidature spontanée);;;Apprentissage, Professionnalisation;;;82180994400019;3;https://labonnealternance.apprentissage.beta.gouv.fr/emploi/recruteurs_lba/82180994400019/bureau-vallee
48.4;CASH EXPRESS;Autres commerces de détail;MCO;Samoreau;77210;110 voie de la Liberte 77210 SAMOREAU;Commerce de détail de biens d'occasion en magasin;"Vendeur / Vendeuse en équipement de la maison ; Vendeur / Vendeuse en prêt-à-porter";Entreprise susceptible de recruter (candidature spontanée);;;Apprentissage, Professionnalisation;;;88042391800015;2;https://labonnealternance.apprentissage.beta.gouv.fr/emploi/recruteurs_lba/88042391800015/cash-express
48.4;ESPACE AUBADE;Commerce de gros / B2B;MCO + NDRC;Samoreau;77210;VOIE DE LA LIBERTE 77210 SAMOREAU;COMMERCE DE GROS (COMMERCE INTERENTREPRISES) DE FOURNITURES POUR LA PLOMBERIE ET LE CHAUFFAGE;"Vendeur / Vendeuse grossiste en équipement du foyer ; Technico-commercial / Technico-commerciale ; Commercial itinérant / Commerciale itinérante en entreprise de commerce de gros";Entreprise susceptible de recruter (candidature spontanée);;;Apprentissage, Professionnalisation;;;34308659100215;3;https://labonnealternance.apprentissage.beta.gouv.fr/emploi/recruteurs_lba/34308659100215/espace-aubade
48.4;IKNSA;High-tech, électroménager & télécoms;NDRC;Bassevelle;77750;272 RUE DE LA CROIX BLANCHOT 77750 BASSEVELLE;PROGRAMMATION INFORMATIQUE;Commercial / Commerciale export;Entreprise susceptible de recruter (candidature spontanée);;;Apprentissage, Professionnalisation;;;81478931900039;1;https://labonnealternance.apprentissage.beta.gouv.fr/emploi/recruteurs_lba/81478931900039/iknsa
48.6;EDITIONS LVA;Sport, loisirs & culture;NDRC;Avon;77210;70 AVENUE DE VALVINS 77210 AVON;Édition de revues et périodiques;Commercial / Commerciale grands comptes et entreprises;Entreprise susceptible de recruter (candidature spontanée);;;Apprentissage, Professionnalisation;;;30756010200070;1;https://labonnealternance.apprentissage.beta.gouv.fr/emploi/recruteurs_lba/30756010200070/editions-lva
48.6;Groupe Autosphere;Automobile & mobilité;MCO + NDRC;Avon;77210;72 AVENUE DE VALVINS 77210 AVON;Commerce de voitures et de véhicules automobiles légers;"Vendeur / Vendeuse automobile ; Conseiller / Conseillère client après-vente des véhicules";Entreprise susceptible de recruter (candidature spontanée);;;Apprentissage, Professionnalisation;;;30678243400188;2;https://labonnealternance.apprentissage.beta.gouv.fr/emploi/recruteurs_lba/30678243400188/groupe-autosphere
48.7;PEUGEOT;Automobile & mobilité;MCO + NDRC;Avon;77210;66 avenue de Valvins 77210 AVON;Commerce de voitures et de véhicules automobiles légers;"Vendeur / Vendeuse automobile ; Conseiller / Conseillère client après-vente des véhicules";Entreprise susceptible de recruter (candidature spontanée);;;Apprentissage, Professionnalisation;;;74695017900224;2;https://labonnealternance.apprentissage.beta.gouv.fr/emploi/recruteurs_lba/74695017900224/peugeot
48.9;A LA SAVEUR DES PAINS;Boulangerie & métiers de bouche;MCO;Samoreau;77210;4 RUE GRANDE 77210 SAMOREAU;Boulangerie et boulangerie-pâtisserie;Vendeur / Vendeuse en épicerie;Entreprise susceptible de recruter (candidature spontanée);;;Apprentissage, Professionnalisation;;;52870113900016;1;https://labonnealternance.apprentissage.beta.gouv.fr/emploi/recruteurs_lba/52870113900016/a-la-saveur-des-pains
49.0;GEBERIT;Commerce de gros / B2B;MCO + NDRC;Samoreau;77210;RUE DU BOIS GASSEAU 77210 SAMOREAU;Commerce de gros (commerce interentreprises) d'appareils sanitaires et de produits de décoration;"Vendeur / Vendeuse grossiste en équipement du foyer ; Technico-commercial / Technico-commerciale ; Commercial / Commerciale auprès d'une clientèle d'entreprises ; Attaché commercial / Attachée commerciale";Entreprise susceptible de recruter (candidature spontanée);;;Apprentissage, Professionnalisation;;;61203843000064;4;https://labonnealternance.apprentissage.beta.gouv.fr/emploi/recruteurs_lba/61203843000064/geberit
49.0;"PANEL FONTAINEBLEAU ; PANEL MOTOS ; PANEL FONTAINEBLEAU BY MS GROUPE";Automobile & mobilité;MCO + NDRC;Samoreau;77210;4 rue du Bois Gasseau 77210 SAMOREAU;Commerce de voitures et de véhicules automobiles légers;"Vendeur / Vendeuse automobile ; Conseiller / Conseillère client après-vente des véhicules";Entreprise susceptible de recruter (candidature spontanée);;;Apprentissage, Professionnalisation;;;49436345000045;2;https://labonnealternance.apprentissage.beta.gouv.fr/emploi/recruteurs_lba/49436345000045/panel-fontainebleau-panel-motos-panel-fontainebleau-by-ms-groupe
49.0;TESSI ACCES;High-tech, électroménager & télécoms;NDRC;Avon;77210;44 AVENUE DE VALVINS 77210 AVON;Traitement de données, hébergement et activités connexes;Conseiller / Conseillère en gestion de patrimoine;Entreprise susceptible de recruter (candidature spontanée);;;Apprentissage, Professionnalisation;;;33862197200060;1;https://labonnealternance.apprentissage.beta.gouv.fr/emploi/recruteurs_lba/33862197200060/tessi-acces
49.1;AUJARD;Maison, bricolage & jardin;MCO + NDRC;Vulaines-Sur-Seine;77870;12 avenue Paul Seramy 77870 VULAINES-SUR-SEINE;Commerce de détail d'autres équipements du foyer;"Vendeur / Vendeuse en équipement de la maison ; Employé / Employée de rayon libre-service ; Responsable de boutique ; Hôte / Hôtesse de caisse ; Vendeur / Vendeuse grossiste en équipement du foyer ; Conseiller commercial / Conseillère commerciale auprès des particuliers";Entreprise susceptible de recruter (candidature spontanée);;;Apprentissage, Professionnalisation;;;38312813900078;6;https://labonnealternance.apprentissage.beta.gouv.fr/emploi/recruteurs_lba/38312813900078/aujard
49.1;Chausson Materiaux;Commerce de gros / B2B;NDRC;Vulaines-Sur-Seine;77870;17 Avenue Paul Séramy 77870 Vulaines-sur-Seine;Commerce de gros (commerce interentreprises) de bois et de matériaux de construction;"Technico-commercial / Technico-commerciale ; Commercial itinérant / Commerciale itinérante en entreprise de commerce de gros";Entreprise susceptible de recruter (candidature spontanée);;;Apprentissage, Professionnalisation;;;52864889205098;2;https://labonnealternance.apprentissage.beta.gouv.fr/emploi/recruteurs_lba/52864889205098/chausson-materiaux
49.1;EDITIONS LE HERON D'ARGENT;Sport, loisirs & culture;NDRC;Samoreau;77210;27 RUE DE LA GUETTE 77210 SAMOREAU;Édition de livres;"Assistant commercial / Assistante commerciale ; Responsable Commercial / Commerciale";Entreprise susceptible de recruter (candidature spontanée);;;Apprentissage, Professionnalisation;;;80354712400021;2;https://labonnealternance.apprentissage.beta.gouv.fr/emploi/recruteurs_lba/80354712400021/editions-le-heron-d-argent
49.2;DELICES DE PAIN;Boulangerie & métiers de bouche;MCO;Avon;77210;5 avenue du General De Gaulle 77210 AVON;Boulangerie et boulangerie-pâtisserie;Vendeur / Vendeuse en épicerie;Entreprise susceptible de recruter (candidature spontanée);;;Apprentissage, Professionnalisation;;;82933478800017;1;https://labonnealternance.apprentissage.beta.gouv.fr/emploi/recruteurs_lba/82933478800017/delices-de-pain
49.2;EWIGO;Automobile & mobilité;MCO + NDRC;Vulaines-Sur-Seine;77870;20 AVENUE PAUL SERAMY 77870 VULAINES-SUR-SEINE;Commerce de voitures et de véhicules automobiles légers;"Vendeur / Vendeuse automobile ; Conseiller / Conseillère client après-vente des véhicules";Entreprise susceptible de recruter (candidature spontanée);;;Apprentissage, Professionnalisation;;;97810123600021;2;https://labonnealternance.apprentissage.beta.gouv.fr/emploi/recruteurs_lba/97810123600021/ewigo
49.2;Groupe Autosphere;Automobile & mobilité;MCO + NDRC;Avon;77210;4 AVENUE DU GENERAL DE GAULLE 77210 AVON;Commerce de voitures et de véhicules automobiles légers;"Vendeur / Vendeuse automobile ; Conseiller / Conseillère client après-vente des véhicules";Entreprise susceptible de recruter (candidature spontanée);;;Apprentissage, Professionnalisation;;;34451608300021;2;https://labonnealternance.apprentissage.beta.gouv.fr/emploi/recruteurs_lba/34451608300021/groupe-autosphere
49.3;Action;Grande distribution & supermarchés;MCO;Samoreau;77210;Rue de la Bernache 77210 Samoreau;Supermarchés;"Employé / Employée de rayon libre-service ; Directeur / Directrice de magasin de grande distribution ; Hôte / Hôtesse de caisse ; Responsable de caisses ; Chef / Cheffe de rayon produits alimentaires";Entreprise susceptible de recruter (candidature spontanée);;;Apprentissage, Professionnalisation;;;75330823805503;5;https://labonnealternance.apprentissage.beta.gouv.fr/emploi/recruteurs_lba/75330823805503/action
49.3;AUTOS CLEAN;Automobile & mobilité;MCO + NDRC;Samoreau;77210;6 RUE DE LA BERNACHE 77210 SAMOREAU;Commerce de voitures et de véhicules automobiles légers;"Vendeur / Vendeuse automobile ; Conseiller / Conseillère client après-vente des véhicules";Entreprise susceptible de recruter (candidature spontanée);;;Apprentissage, Professionnalisation;;;81042351700020;2;https://labonnealternance.apprentissage.beta.gouv.fr/emploi/recruteurs_lba/81042351700020/autos-clean
49.3;Biocoop;Boulangerie & métiers de bouche;MCO;Avon;77210;2 PARVIS DU GENERAL DE GAULLE 77210 AVON;Autres commerces de détail alimentaires en magasin spécialisé;"Vendeur / Vendeuse en épicerie ; Employé / Employée de rayon libre-service ; Chef / Cheffe de rayon produits alimentaires ; Responsable de boutique";Entreprise susceptible de recruter (candidature spontanée);;;Apprentissage, Professionnalisation;;;49800184100036;4;https://labonnealternance.apprentissage.beta.gouv.fr/emploi/recruteurs_lba/49800184100036/biocoop
49.3;DPL;Automobile & mobilité;MCO + NDRC;Samoreau;77210;6 rue des 20 Arpents 77210 SAMOREAU;Commerce de voitures et de véhicules automobiles légers;"Vendeur / Vendeuse automobile ; Conseiller / Conseillère client après-vente des véhicules";Entreprise susceptible de recruter (candidature spontanée);;;Apprentissage, Professionnalisation;;;38254728900092;2;https://labonnealternance.apprentissage.beta.gouv.fr/emploi/recruteurs_lba/38254728900092/dpl
49.3;JEANNIN ADVANCED CAR 77;Automobile & mobilité;MCO + NDRC;Samoreau;77210;Rue de la Bernache 77210 Samoreau;Commerce de voitures et de véhicules automobiles légers;"Vendeur / Vendeuse automobile ; Conseiller / Conseillère client après-vente des véhicules";Entreprise susceptible de recruter (candidature spontanée);;;Apprentissage, Professionnalisation;;;81746429000029;2;https://labonnealternance.apprentissage.beta.gouv.fr/emploi/recruteurs_lba/81746429000029/jeannin-advanced-car-77
49.3;JEANNIN AUTOMOBILES - JEANNIN AUTOPRESTIGE;Automobile & mobilité;MCO + NDRC;Samoreau;77210;10 rue de la Bernache 77210 SAMOREAU;Commerce de voitures et de véhicules automobiles légers;"Vendeur / Vendeuse automobile ; Conseiller / Conseillère client après-vente des véhicules";Entreprise susceptible de recruter (candidature spontanée);;;Apprentissage, Professionnalisation;;;90262823900011;2;https://labonnealternance.apprentissage.beta.gouv.fr/emploi/recruteurs_lba/90262823900011/jeannin-automobiles-jeannin-autoprestige
49.3;LIDL;Grande distribution & supermarchés;MCO;Samoreau;77210;77210 Samoreau;Supermarchés;"Employé / Employée de rayon libre-service ; Directeur / Directrice de magasin de grande distribution ; Hôte / Hôtesse de caisse ; Responsable de caisses ; Chef / Cheffe de rayon produits alimentaires";Entreprise susceptible de recruter (candidature spontanée);;;Apprentissage, Professionnalisation;;;34326262217762;5;https://labonnealternance.apprentissage.beta.gouv.fr/emploi/recruteurs_lba/34326262217762/lidl
49.4;CARREFOUR MARKET;Grande distribution & supermarchés;MCO;Avon;77210;36 AVENUE FRANKLIN ROOSEVELT 77210 AVON;Supermarchés;"Employé / Employée de rayon libre-service ; Directeur / Directrice de magasin de grande distribution ; Hôte / Hôtesse de caisse ; Responsable de caisses ; Chef / Cheffe de rayon produits alimentaires";Entreprise susceptible de recruter (candidature spontanée);;;Apprentissage, Professionnalisation;;;44028375203337;5;https://labonnealternance.apprentissage.beta.gouv.fr/emploi/recruteurs_lba/44028375203337/carrefour-market
49.4;CIC;Banque, crédit & assurance;NDRC;Avon;77210;32 AVENUE FRANKLIN ROOSEVELT 77210 AVON;Autres intermédiations monétaires;"Conseiller / Conseillère de clientèle bancaire ; Chargé / Chargée d'accueil en banque ; Conseiller / Conseillère en gestion de patrimoine";Entreprise susceptible de recruter (candidature spontanée);;;Apprentissage, Professionnalisation;;;75480071201390;3;https://labonnealternance.apprentissage.beta.gouv.fr/emploi/recruteurs_lba/75480071201390/cic
49.4;CREDIT LYONNAIS;Banque, crédit & assurance;NDRC;Avon;77210;49 avenue Franklin Roosevelt 77210 AVON;Autres intermédiations monétaires;"Conseiller / Conseillère de clientèle bancaire ; Chargé / Chargée d'accueil en banque ; Conseiller / Conseillère en gestion de patrimoine";Entreprise susceptible de recruter (candidature spontanée);;;Apprentissage, Professionnalisation;;;95450974127170;3;https://labonnealternance.apprentissage.beta.gouv.fr/emploi/recruteurs_lba/95450974127170/credit-lyonnais
49.4;SOCIETE NOUVELLE AU ROCHER D'AVON;Boulangerie & métiers de bouche;MCO;Avon;77210;29B avenue Franklin Roosevelt 77210 AVON;Pâtisserie;Vendeur / Vendeuse en épicerie;Entreprise susceptible de recruter (candidature spontanée);;;Apprentissage, Professionnalisation;;;41299363600015;1;https://labonnealternance.apprentissage.beta.gouv.fr/emploi/recruteurs_lba/41299363600015/societe-nouvelle-au-rocher-d-avon
49.5;CORPORATE TRAVEL;Tourisme & transport;MCO;Avon;77210;1B AVENUE DES CARROSSES 77210 AVON;Activités des agences de voyage;"Employé / Employée de rayon libre-service ; Hôte / Hôtesse de caisse";Entreprise susceptible de recruter (candidature spontanée);;;Apprentissage, Professionnalisation;;;78921349300040;2;https://labonnealternance.apprentissage.beta.gouv.fr/emploi/recruteurs_lba/78921349300040/corporate-travel
49.6;JARDINS ET FLEURS;Maison, bricolage & jardin;MCO;Fontainebleau;77300;39B BOULEVARD DU GENERAL LECLERC 77300 FONTAINEBLEAU;Commerce de détail de fleurs, plantes, graines, engrais, animaux de compagnie et aliments pour ces animaux en magasin spécialisé;"Responsable de boutique ; Vendeur / Vendeuse conseil en jardinerie ; Vendeur / Vendeuse en animalerie ; Hôte / Hôtesse de caisse ; Chef / Cheffe de rayon de produits non alimentaires";Entreprise susceptible de recruter (candidature spontanée);;;Apprentissage, Professionnalisation;;;80207058100011;5;https://labonnealternance.apprentissage.beta.gouv.fr/emploi/recruteurs_lba/80207058100011/jardins-et-fleurs
49.7;LE MOULIN DE MATHIL'DE;Boulangerie & métiers de bouche;MCO;Fontainebleau;77300;5 RUE MARCEL LODS 77300 FONTAINEBLEAU;Boulangerie et boulangerie-pâtisserie;Vendeur / Vendeuse en épicerie;Entreprise susceptible de recruter (candidature spontanée);;;Apprentissage, Professionnalisation;;;81258590900029;1;https://labonnealternance.apprentissage.beta.gouv.fr/emploi/recruteurs_lba/81258590900029/le-moulin-de-mathil-de
49.8;GWENOLA DESMARES;Banque, crédit & assurance;NDRC;Fontainebleau;77300;22 RUE DE GRANDE BRETAGNE 77300 FONTAINEBLEAU;Activités des agents et courtiers d'assurances;"Conseiller / Conseillère en assurances ; Conseiller / Conseillère en gestion de patrimoine";Entreprise susceptible de recruter (candidature spontanée);;;Apprentissage, Professionnalisation;;;81516215100022;2;https://labonnealternance.apprentissage.beta.gouv.fr/emploi/recruteurs_lba/81516215100022/gwenola-desmares
50.0;FRAIZY VOYAGES;Tourisme & transport;MCO;Fontainebleau;77300;129 RUE GRANDE 77300 FONTAINEBLEAU;Activités des agences de voyage;"Employé / Employée de rayon libre-service ; Hôte / Hôtesse de caisse";Entreprise susceptible de recruter (candidature spontanée);;;Apprentissage, Professionnalisation;;;43434769600024;2;https://labonnealternance.apprentissage.beta.gouv.fr/emploi/recruteurs_lba/43434769600024/fraizy-voyages
50.1;CIC;Banque, crédit & assurance;NDRC;Fontainebleau;77300;8 PLACE DE LA REPUBLIQUE 77300 FONTAINEBLEAU;Autres intermédiations monétaires;"Conseiller / Conseillère de clientèle bancaire ; Chargé / Chargée d'accueil en banque ; Conseiller / Conseillère en gestion de patrimoine";Entreprise susceptible de recruter (candidature spontanée);;;Apprentissage, Professionnalisation;;;75480071201986;3;https://labonnealternance.apprentissage.beta.gouv.fr/emploi/recruteurs_lba/75480071201986/cic
50.1;GENTLEMEN RIDERS GTPC;Automobile & mobilité;NDRC;Jouy-Sur-Morin;77320;1 RUE DE LA CHAIR-AUX-GENS 77320 JOUY-SUR-MORIN;Commerce et réparation de motocycles;"Conseiller commercial / Conseillère commerciale motocycles ; Conseiller / Conseillère client après-vente des véhicules";Entreprise susceptible de recruter (candidature spontanée);;;Apprentissage, Professionnalisation;;;79443283100012;2;https://labonnealternance.apprentissage.beta.gouv.fr/emploi/recruteurs_lba/79443283100012/gentlemen-riders-gtpc
50.1;JACADI;Mode, chaussures & accessoires;MCO;Fontainebleau;77300;77 rue Grande 77300 FONTAINEBLEAU;Commerce de détail d'habillement en magasin spécialisé;"Vendeur / Vendeuse en prêt-à-porter ; Responsable de boutique ; Hôte / Hôtesse de caisse ; Directeur / Directrice de magasin de grande distribution";Entreprise susceptible de recruter (candidature spontanée);;;Apprentissage, Professionnalisation;;;89459596600025;4;https://labonnealternance.apprentissage.beta.gouv.fr/emploi/recruteurs_lba/89459596600025/jacadi
50.1;KUNVAGO;Boulangerie & métiers de bouche;MCO;Fontainebleau;77300;93 rue Grande 77300 FONTAINEBLEAU;Pâtisserie;Vendeur / Vendeuse en épicerie;Entreprise susceptible de recruter (candidature spontanée);;;Apprentissage, Professionnalisation;;;53839461000033;1;https://labonnealternance.apprentissage.beta.gouv.fr/emploi/recruteurs_lba/53839461000033/kunvago
50.1;LA PANETIERE;Boulangerie & métiers de bouche;MCO;Fontainebleau;77300;83 rue Grande 77300 FONTAINEBLEAU;Boulangerie et boulangerie-pâtisserie;Vendeur / Vendeuse en épicerie;Entreprise susceptible de recruter (candidature spontanée);;;Apprentissage, Professionnalisation;;;47811608000027;1;https://labonnealternance.apprentissage.beta.gouv.fr/emploi/recruteurs_lba/47811608000027/la-panetiere
50.1;SARL FREDERIC CASSEL;Boulangerie & métiers de bouche;MCO;Fontainebleau;77300;71 RUE GRANDE 73 77300 FONTAINEBLEAU;Boulangerie et boulangerie-pâtisserie;Vendeur / Vendeuse en épicerie;Entreprise susceptible de recruter (candidature spontanée);;;Apprentissage, Professionnalisation;;;44206529800022;1;https://labonnealternance.apprentissage.beta.gouv.fr/emploi/recruteurs_lba/44206529800022/sarl-frederic-cassel
50.1;SARL HURO;Mode, chaussures & accessoires;MCO;Fontainebleau;77300;142 RUE GRANDE 77300 FONTAINEBLEAU;Commerce de détail d'habillement en magasin spécialisé;"Vendeur / Vendeuse en prêt-à-porter ; Responsable de boutique ; Hôte / Hôtesse de caisse ; Directeur / Directrice de magasin de grande distribution";Entreprise susceptible de recruter (candidature spontanée);;;Apprentissage, Professionnalisation;;;50311820000024;4;https://labonnealternance.apprentissage.beta.gouv.fr/emploi/recruteurs_lba/50311820000024/sarl-huro
50.1;SUZY ET ARLETTE;Boulangerie & métiers de bouche;MCO;Fontainebleau;77300;95 RUE GRANDE 77300 FONTAINEBLEAU;Boulangerie et boulangerie-pâtisserie;Vendeur / Vendeuse en épicerie;Entreprise susceptible de recruter (candidature spontanée);;;Apprentissage, Professionnalisation;;;49403089300049;1;https://labonnealternance.apprentissage.beta.gouv.fr/emploi/recruteurs_lba/49403089300049/suzy-et-arlette
50.2;BOULANGER PATISS DARDONVILLE;Boulangerie & métiers de bouche;MCO;Fontainebleau;77300;24 RUE DES SABLONS 77300 FONTAINEBLEAU;Boulangerie et boulangerie-pâtisserie;Vendeur / Vendeuse en épicerie;Entreprise susceptible de recruter (candidature spontanée);;;Apprentissage, Professionnalisation;;;90674028700014;1;https://labonnealternance.apprentissage.beta.gouv.fr/emploi/recruteurs_lba/90674028700014/boulanger-patiss-dardonville
50.2;CAISSE EPARGNE PREVOYANCE IDF;Banque, crédit & assurance;NDRC;Fontainebleau;77300;102bis Rue Grande 77300 Fontainebleau;Autres intermédiations monétaires;"Conseiller / Conseillère de clientèle bancaire ; Chargé / Chargée d'accueil en banque ; Conseiller / Conseillère en gestion de patrimoine";Entreprise susceptible de recruter (candidature spontanée);;;Apprentissage, Professionnalisation;;;38290094200964;3;https://labonnealternance.apprentissage.beta.gouv.fr/emploi/recruteurs_lba/38290094200964/caisse-epargne-prevoyance-idf
50.2;CAISSE REGIONALE DE CREDIT MUTUEL D'ILE DE FRANCE;Banque, crédit & assurance;NDRC;Fontainebleau;77300;86 rue Grande 77300 FONTAINEBLEAU;Autres intermédiations monétaires;"Conseiller / Conseillère de clientèle bancaire ; Chargé / Chargée d'accueil en banque ; Conseiller / Conseillère en gestion de patrimoine";Entreprise susceptible de recruter (candidature spontanée);;;Apprentissage, Professionnalisation;;;69204371400272;3;https://labonnealternance.apprentissage.beta.gouv.fr/emploi/recruteurs_lba/69204371400272/caisse-regionale-de-credit-mutuel-d-ile-de-france
50.2;CARRFEOUR CITY;Grande distribution & supermarchés;MCO;Fontainebleau;77300;4 PLACE DE LA REPUBLIQUE 77300 FONTAINEBLEAU;Supermarchés;"Employé / Employée de rayon libre-service ; Directeur / Directrice de magasin de grande distribution ; Hôte / Hôtesse de caisse ; Responsable de caisses ; Chef / Cheffe de rayon produits alimentaires";Entreprise susceptible de recruter (candidature spontanée);;;Apprentissage, Professionnalisation;;;80859774400065;5;https://labonnealternance.apprentissage.beta.gouv.fr/emploi/recruteurs_lba/80859774400065/carrfeour-city
50.2;ELLIPSE GESTION - MBA HOUSING;Immobilier;NDRC;Fontainebleau;77300;67 rue Grande 77300 FONTAINEBLEAU;Agences immobilières;Conseiller / Conseillère immobilier;Entreprise susceptible de recruter (candidature spontanée);;;Apprentissage, Professionnalisation;;;34959319400013;1;https://labonnealternance.apprentissage.beta.gouv.fr/emploi/recruteurs_lba/34959319400013/ellipse-gestion-mba-housing
50.2;FONTAINEBLEAU BNPPF;Banque, crédit & assurance;NDRC;Fontainebleau;77300;45 rue des Sablons 77300 FONTAINEBLEAU;Autres intermédiations monétaires;"Conseiller / Conseillère de clientèle bancaire ; Chargé / Chargée d'accueil en banque ; Conseiller / Conseillère en gestion de patrimoine";Entreprise susceptible de recruter (candidature spontanée);;;Apprentissage, Professionnalisation;;;66204244939376;3;https://labonnealternance.apprentissage.beta.gouv.fr/emploi/recruteurs_lba/66204244939376/fontainebleau-bnppf
50.2;LIBRAIRIE PAPETERIE DU MARCHE;Sport, loisirs & culture;MCO;Fontainebleau;77300;17 RUE DE LA PAROISSE 77300 FONTAINEBLEAU;Commerce de détail de livres en magasin spécialisé;"Vendeur / Vendeuse de produits culturels et ludiques ; Hôte / Hôtesse de caisse ; Chef / Cheffe de rayon de produits non alimentaires";Entreprise susceptible de recruter (candidature spontanée);;;Apprentissage, Professionnalisation;;;32918853600018;3;https://labonnealternance.apprentissage.beta.gouv.fr/emploi/recruteurs_lba/32918853600018/librairie-papeterie-du-marche
50.2;ORANGE;High-tech, électroménager & télécoms;MCO;Fontainebleau;77300;32 rue des Sablons 77300 FONTAINEBLEAU;Commerce de détail de matériels de télécommunication en magasin spécialisé;"Vendeur / Vendeuse en équipement de la maison ; Conseiller vendeur / Conseillère vendeuse à domicile ; Chef / Cheffe de rayon de produits non alimentaires";Entreprise susceptible de recruter (candidature spontanée);;;Apprentissage, Professionnalisation;;;43772384407311;3;https://labonnealternance.apprentissage.beta.gouv.fr/emploi/recruteurs_lba/43772384407311/orange
50.2;RAS 320;Services aux entreprises, conseil & communication;MCO;Fontainebleau;77300;133 RUE SAINT MERRY 77300 FONTAINEBLEAU;Autre mise à disposition de ressources humaines;Chef / Cheffe de rayon produits alimentaires;Entreprise susceptible de recruter (candidature spontanée);;;Apprentissage, Professionnalisation;;;80144941400029;1;https://labonnealternance.apprentissage.beta.gouv.fr/emploi/recruteurs_lba/80144941400029/ras-320
50.2;SOCIETE GENERALE;Banque, crédit & assurance;NDRC;Fontainebleau;77300;102 RUE GRANDE 77300 FONTAINEBLEAU;Autres intermédiations monétaires;"Conseiller / Conseillère de clientèle bancaire ; Chargé / Chargée d'accueil en banque ; Conseiller / Conseillère en gestion de patrimoine";Entreprise susceptible de recruter (candidature spontanée);;;Apprentissage, Professionnalisation;;;55212022207489;3;https://labonnealternance.apprentissage.beta.gouv.fr/emploi/recruteurs_lba/55212022207489/societe-generale
50.3;BASH;Mode, chaussures & accessoires;MCO;Fontainebleau;77300;49 rue Grande 77300 FONTAINEBLEAU;Commerce de détail d'habillement en magasin spécialisé;"Vendeur / Vendeuse en prêt-à-porter ; Responsable de boutique ; Hôte / Hôtesse de caisse ; Directeur / Directrice de magasin de grande distribution";Entreprise susceptible de recruter (candidature spontanée);;;Apprentissage, Professionnalisation;;;53254482200036;4;https://labonnealternance.apprentissage.beta.gouv.fr/emploi/recruteurs_lba/53254482200036/bash
50.3;BOUCHERIE NAPOLEON;Boulangerie & métiers de bouche;MCO + NDRC;Fontainebleau;77300;11 rue des Sablons 77300 FONTAINEBLEAU;Commerce de détail de viandes et de produits à base de viande en magasin spécialisé;"Vendeur / Vendeuse en épicerie ; Vendeur / Vendeuse grossiste en produits frais";Entreprise susceptible de recruter (candidature spontanée);;;Apprentissage, Professionnalisation;;;79228219600015;2;https://labonnealternance.apprentissage.beta.gouv.fr/emploi/recruteurs_lba/79228219600015/boucherie-napoleon
50.3;DA KAMI;Mode, chaussures & accessoires;MCO;Fontainebleau;77300;39 RUE GRANDE 77300 FONTAINEBLEAU;Commerce de détail d'habillement en magasin spécialisé;"Vendeur / Vendeuse en prêt-à-porter ; Responsable de boutique ; Hôte / Hôtesse de caisse ; Directeur / Directrice de magasin de grande distribution";Entreprise susceptible de recruter (candidature spontanée);;;Apprentissage, Professionnalisation;;;44072964800020;4;https://labonnealternance.apprentissage.beta.gouv.fr/emploi/recruteurs_lba/44072964800020/da-kami
50.3;L'ATELIER NATURE;Maison, bricolage & jardin;MCO;Fontainebleau;77300;12 RUE DES SABLONS 77300 FONTAINEBLEAU;Commerce de détail de fleurs, plantes, graines, engrais, animaux de compagnie et aliments pour ces animaux en magasin spécialisé;"Responsable de boutique ; Vendeur / Vendeuse conseil en jardinerie ; Vendeur / Vendeuse en animalerie ; Hôte / Hôtesse de caisse ; Chef / Cheffe de rayon de produits non alimentaires";Entreprise susceptible de recruter (candidature spontanée);;;Apprentissage, Professionnalisation;;;81456009000015;5;https://labonnealternance.apprentissage.beta.gouv.fr/emploi/recruteurs_lba/81456009000015/l-atelier-nature
50.4;BREAD & BIO;Boulangerie & métiers de bouche;MCO;Fontainebleau;77300;2 RUE MONTEBELLO 77300 FONTAINEBLEAU;Boulangerie et boulangerie-pâtisserie;Vendeur / Vendeuse en épicerie;Entreprise susceptible de recruter (candidature spontanée);;;Apprentissage, Professionnalisation;;;88011223000011;1;https://labonnealternance.apprentissage.beta.gouv.fr/emploi/recruteurs_lba/88011223000011/bread-bio
50.4;BRED Banque Populaire;Banque, crédit & assurance;NDRC;Fontainebleau;77300;16 RUE GRANDE 77300 FONTAINEBLEAU;Autres intermédiations monétaires;"Conseiller / Conseillère de clientèle bancaire ; Chargé / Chargée d'accueil en banque ; Conseiller / Conseillère en gestion de patrimoine";Entreprise susceptible de recruter (candidature spontanée);;;Apprentissage, Professionnalisation;;;55209179500831;3;https://labonnealternance.apprentissage.beta.gouv.fr/emploi/recruteurs_lba/55209179500831/bred-banque-populaire
50.4;CAVAL & GO - VOYAGES INEDITS A CHEVAL;Tourisme & transport;MCO;Fontainebleau;77300;35 RUE SAINT-HONORE 77300 FONTAINEBLEAU;Activités des agences de voyage;"Employé / Employée de rayon libre-service ; Hôte / Hôtesse de caisse";Entreprise susceptible de recruter (candidature spontanée);;;Apprentissage, Professionnalisation;;;51501131000064;2;https://labonnealternance.apprentissage.beta.gouv.fr/emploi/recruteurs_lba/51501131000064/caval-go-voyages-inedits-a-cheval
50.4;CEDEO;Commerce de gros / B2B;MCO + NDRC;Fontainebleau;77300;20 RUE PAUL SERAMY 77300 FONTAINEBLEAU;Commerce de gros (commerce interentreprises) d'appareils sanitaires et de produits de décoration;"Vendeur / Vendeuse grossiste en équipement du foyer ; Technico-commercial / Technico-commerciale ; Commercial / Commerciale auprès d'une clientèle d'entreprises ; Attaché commercial / Attachée commerciale";Entreprise susceptible de recruter (candidature spontanée);;;Apprentissage, Professionnalisation;;;57214188500143;4;https://labonnealternance.apprentissage.beta.gouv.fr/emploi/recruteurs_lba/57214188500143/cedeo
50.4;COMPTOIR DES COTONNIERS;Mode, chaussures & accessoires;MCO;Fontainebleau;77300;2 RUE GRANDE 77300 FONTAINEBLEAU;Commerce de détail d'habillement en magasin spécialisé;"Vendeur / Vendeuse en prêt-à-porter ; Responsable de boutique ; Hôte / Hôtesse de caisse ; Directeur / Directrice de magasin de grande distribution";Entreprise susceptible de recruter (candidature spontanée);;;Apprentissage, Professionnalisation;;;50989312900015;4;https://labonnealternance.apprentissage.beta.gouv.fr/emploi/recruteurs_lba/50989312900015/comptoir-des-cotonniers
50.4;IB IMMOBILIER;Immobilier;NDRC;Fontainebleau;77300;34 rue Grande 77300 FONTAINEBLEAU;Agences immobilières;Conseiller / Conseillère immobilier;Entreprise susceptible de recruter (candidature spontanée);;;Apprentissage, Professionnalisation;;;37857567400015;1;https://labonnealternance.apprentissage.beta.gouv.fr/emploi/recruteurs_lba/37857567400015/ib-immobilier
50.4;JEAN RANSON;Banque, crédit & assurance;NDRC;Fontainebleau;77300;4 rue Grande 77300 FONTAINEBLEAU;Activités des agents et courtiers d'assurances;"Conseiller / Conseillère en assurances ; Conseiller / Conseillère en gestion de patrimoine";Entreprise susceptible de recruter (candidature spontanée);;;Apprentissage, Professionnalisation;;;45185766800029;2;https://labonnealternance.apprentissage.beta.gouv.fr/emploi/recruteurs_lba/45185766800029/jean-ranson
50.4;JUSMINA INSTITUT;Beauté, santé & parfumerie;MCO;Fontainebleau;77300;12 RUE GRANDE 77300 FONTAINEBLEAU;Commerce de détail de parfumerie et de produits de beauté en magasin spécialisé;"Responsable de boutique ; Employé / Employée de rayon libre-service";Entreprise susceptible de recruter (candidature spontanée);;;Apprentissage, Professionnalisation;;;79825906500026;2;https://labonnealternance.apprentissage.beta.gouv.fr/emploi/recruteurs_lba/79825906500026/jusmina-institut
50.4;L'ELIXIR PAP;Mode, chaussures & accessoires;MCO;Fontainebleau;77300;5 rue de France 77300 FONTAINEBLEAU;Commerce de détail d'habillement en magasin spécialisé;"Vendeur / Vendeuse en prêt-à-porter ; Responsable de boutique ; Hôte / Hôtesse de caisse ; Directeur / Directrice de magasin de grande distribution";Entreprise susceptible de recruter (candidature spontanée);;;Apprentissage, Professionnalisation;;;89369487700026;4;https://labonnealternance.apprentissage.beta.gouv.fr/emploi/recruteurs_lba/89369487700026/l-elixir-pap
50.4;La Poste;La Poste & services publics;NDRC;Fontainebleau;77300;2 rue de la Chancellerie 77300 FONTAINEBLEAU;Activités de poste dans le cadre d'une obligation de service universel;Responsable relation client (CRM);Entreprise susceptible de recruter (candidature spontanée);;;Apprentissage, Professionnalisation;;;35600000039090;1;https://labonnealternance.apprentissage.beta.gouv.fr/emploi/recruteurs_lba/35600000039090/la-poste
50.4;LE FOURNIL DE VALENCE;Boulangerie & métiers de bouche;MCO;Valence-En-Brie;77830;1 rue Octave Rousseau 77830 VALENCE-EN-BRIE;Boulangerie et boulangerie-pâtisserie;Vendeur / Vendeuse en épicerie;Entreprise susceptible de recruter (candidature spontanée);;;Apprentissage, Professionnalisation;;;94954022300011;1;https://labonnealternance.apprentissage.beta.gouv.fr/emploi/recruteurs_lba/94954022300011/le-fournil-de-valence
50.4;LE GOUT DU PAIN;Boulangerie & métiers de bouche;MCO;Fontainebleau;77300;2 RUE DE FRANCE 77300 FONTAINEBLEAU;Boulangerie et boulangerie-pâtisserie;Vendeur / Vendeuse en épicerie;Entreprise susceptible de recruter (candidature spontanée);;;Apprentissage, Professionnalisation;;;95283357200011;1;https://labonnealternance.apprentissage.beta.gouv.fr/emploi/recruteurs_lba/95283357200011/le-gout-du-pain
50.4;LES INITIES;Mode, chaussures & accessoires;MCO;Fontainebleau;77300;6 rue Grande 77300 FONTAINEBLEAU;Commerce de détail d'habillement en magasin spécialisé;"Vendeur / Vendeuse en prêt-à-porter ; Responsable de boutique ; Hôte / Hôtesse de caisse ; Directeur / Directrice de magasin de grande distribution";Entreprise susceptible de recruter (candidature spontanée);;;Apprentissage, Professionnalisation;;;89806364900013;4;https://labonnealternance.apprentissage.beta.gouv.fr/emploi/recruteurs_lba/89806364900013/les-inities
50.4;TABAC DU CARROUSEL;Autres commerces de détail;MCO;Fontainebleau;77300;25 place Napoleon Bonaparte 77300 FONTAINEBLEAU;Commerce de détail de produits à base de tabac en magasin spécialisé;;Entreprise susceptible de recruter (candidature spontanée);;;Apprentissage, Professionnalisation;;;40900272200026;1;https://labonnealternance.apprentissage.beta.gouv.fr/emploi/recruteurs_lba/40900272200026/tabac-du-carrousel
50.5;OSENAT;Autres commerces de détail;MCO;Fontainebleau;77300;9 rue Royale 77300 FONTAINEBLEAU;Commerce de détail de biens d'occasion en magasin;"Vendeur / Vendeuse en équipement de la maison ; Vendeur / Vendeuse en prêt-à-porter";Entreprise susceptible de recruter (candidature spontanée);;;Apprentissage, Professionnalisation;;;44261438400042;2;https://labonnealternance.apprentissage.beta.gouv.fr/emploi/recruteurs_lba/44261438400042/osenat
50.5;SEM DU PAYS DE FONTAINEBLEAU;Immobilier;NDRC;Fontainebleau;77300;3 rue Denecourt 77300 FONTAINEBLEAU;Promotion immobilière de logements;Chargé / Chargée d'affaires immobilières;Entreprise susceptible de recruter (candidature spontanée);;;Apprentissage, Professionnalisation;;;90625013900035;1;https://labonnealternance.apprentissage.beta.gouv.fr/emploi/recruteurs_lba/90625013900035/sem-du-pays-de-fontainebleau
50.5;VALTHEA;Beauté, santé & parfumerie;MCO;Fontainebleau;77300;23 RUE DENECOURT 77300 FONTAINEBLEAU;Commerce de détail de parfumerie et de produits de beauté en magasin spécialisé;"Responsable de boutique ; Employé / Employée de rayon libre-service";Entreprise susceptible de recruter (candidature spontanée);;;Apprentissage, Professionnalisation;;;83437847300021;2;https://labonnealternance.apprentissage.beta.gouv.fr/emploi/recruteurs_lba/83437847300021/valthea
51.4;HUSAROVE;Grande distribution & supermarchés;MCO;La Ferté-Gaucher;77320;7 avenue de La Maison Blanche 77320 LA FERTE-GAUCHER;Supermarchés;"Employé / Employée de rayon libre-service ; Directeur / Directrice de magasin de grande distribution ; Hôte / Hôtesse de caisse ; Responsable de caisses ; Chef / Cheffe de rayon produits alimentaires";Entreprise susceptible de recruter (candidature spontanée);;;Apprentissage, Professionnalisation;;;81958372500042;5;https://labonnealternance.apprentissage.beta.gouv.fr/emploi/recruteurs_lba/81958372500042/husarove
51.6;DREAMS CARS;Automobile & mobilité;MCO + NDRC;La Ferté-Gaucher;77320;77320 La Ferté-Gaucher;Commerce de voitures et de véhicules automobiles légers;"Vendeur / Vendeuse automobile ; Conseiller / Conseillère client après-vente des véhicules";Entreprise susceptible de recruter (candidature spontanée);;;Apprentissage, Professionnalisation;;;90815891800023;2;https://labonnealternance.apprentissage.beta.gouv.fr/emploi/recruteurs_lba/90815891800023/dreams-cars
52.0;BRUNO ETIENNE;Boulangerie & métiers de bouche;MCO;La Ferté-Gaucher;77320;5 place Pasteur 77320 LA FERTE-GAUCHER;Boulangerie et boulangerie-pâtisserie;Vendeur / Vendeuse en épicerie;Entreprise susceptible de recruter (candidature spontanée);;;Apprentissage, Professionnalisation;;;34048330400028;1;https://labonnealternance.apprentissage.beta.gouv.fr/emploi/recruteurs_lba/34048330400028/bruno-etienne
52.1;AU PAVE DU ROY;Boulangerie & métiers de bouche;MCO;Maison-Rouge;77370;27 RUE DU PAVE DU ROY 77370 MAISON-ROUGE;Boulangerie et boulangerie-pâtisserie;Vendeur / Vendeuse en épicerie;Entreprise susceptible de recruter (candidature spontanée);;;Apprentissage, Professionnalisation;;;88372026000016;1;https://labonnealternance.apprentissage.beta.gouv.fr/emploi/recruteurs_lba/88372026000016/au-pave-du-roy
52.1;KEVEK AUTOMOBILE;Automobile & mobilité;MCO + NDRC;Maison-Rouge;77370;29 RUE DU PAVE DU ROY 77370 MAISON-ROUGE;Commerce de voitures et de véhicules automobiles légers;"Vendeur / Vendeuse automobile ; Conseiller / Conseillère client après-vente des véhicules";Entreprise susceptible de recruter (candidature spontanée);;;Apprentissage, Professionnalisation;;;89203126100019;2;https://labonnealternance.apprentissage.beta.gouv.fr/emploi/recruteurs_lba/89203126100019/kevek-automobile
52.8;CARREFOUR MARKET;Grande distribution & supermarchés;MCO;Champagne-Sur-Seine;77430;2 RUE JEAN COCTEAU 77430 CHAMPAGNE-SUR-SEINE;Supermarchés;"Employé / Employée de rayon libre-service ; Directeur / Directrice de magasin de grande distribution ; Hôte / Hôtesse de caisse ; Responsable de caisses ; Chef / Cheffe de rayon produits alimentaires";Entreprise susceptible de recruter (candidature spontanée);;;Apprentissage, Professionnalisation;;;80391302900028;5;https://labonnealternance.apprentissage.beta.gouv.fr/emploi/recruteurs_lba/80391302900028/carrefour-market
54.0;A LA MANIERE DE SIEUR BIMONT;Maison, bricolage & jardin;NDRC;Saint-Mammes;77670;22 RUE ALFRED PIERRARD 77670 SAINT-MAMMES;Réparation de meubles et d'équipements du foyer;Chargé / Chargée de relation client;Entreprise susceptible de recruter (candidature spontanée);;;Apprentissage, Professionnalisation;;;40177456700028;1;https://labonnealternance.apprentissage.beta.gouv.fr/emploi/recruteurs_lba/40177456700028/a-la-maniere-de-sieur-bimont
54.0;AU LEVAIN DU MORIN;Boulangerie & métiers de bouche;MCO;Villeneuve-Sur-Bellot;77510;10 rue de la Couture 77510 VILLENEUVE-SUR-BELLOT;Boulangerie et boulangerie-pâtisserie;Vendeur / Vendeuse en épicerie;Entreprise susceptible de recruter (candidature spontanée);;;Apprentissage, Professionnalisation;;;79441909300024;1;https://labonnealternance.apprentissage.beta.gouv.fr/emploi/recruteurs_lba/79441909300024/au-levain-du-morin
54.1;ANDRE HOULES ET COMPAGNIE;Commerce de gros / B2B;MCO + NDRC;Noisy-Sur-Ecole;77123;2 chemin de la Coudrette 77123 NOISY-SUR-ECOLE;Commerce de gros (commerce interentreprises) de textiles;"Chef / Cheffe de promotion des ventes ; Vendeur / Vendeuse en prêt-à-porter ; Chef / Cheffe des ventes ; Assistant commercial / Assistante commerciale";Entreprise susceptible de recruter (candidature spontanée);;;Apprentissage, Professionnalisation;;;62205281900035;4;https://labonnealternance.apprentissage.beta.gouv.fr/emploi/recruteurs_lba/62205281900035/andre-houles-et-compagnie
54.6;GROUPEMENT D'EMPLOYEURS DES TISTINS;Services aux entreprises, conseil & communication;MCO;Vulaines-Les-Provins;77160;1 LA FONTENELLE 77160 VULAINES-LES-PROVINS;Autre mise à disposition de ressources humaines;Chef / Cheffe de rayon produits alimentaires;Entreprise susceptible de recruter (candidature spontanée);;;Apprentissage, Professionnalisation;;;90970394400019;1;https://labonnealternance.apprentissage.beta.gouv.fr/emploi/recruteurs_lba/90970394400019/groupement-d-employeurs-des-tistins
55.3;INTERMARCHE;Grande distribution & supermarchés;MCO;Moret-Loing-Et-Orvanne;77250;2 Avenue de la Gare 77250 Moret-Loing-et-Orvanne;Supermarchés;"Employé / Employée de rayon libre-service ; Directeur / Directrice de magasin de grande distribution ; Hôte / Hôtesse de caisse ; Responsable de caisses ; Chef / Cheffe de rayon produits alimentaires";Entreprise susceptible de recruter (candidature spontanée);;;Apprentissage, Professionnalisation;;;33909794100019;5;https://labonnealternance.apprentissage.beta.gouv.fr/emploi/recruteurs_lba/33909794100019/intermarche
55.3;LAFORET;Immobilier;NDRC;Moret-Loing-Et-Orvanne;77250;2bis Avenue de la Gare 77250 Moret-Loing-et-Orvanne;Agences immobilières;Conseiller / Conseillère immobilier;Entreprise susceptible de recruter (candidature spontanée);;;Apprentissage, Professionnalisation;;;89250927400015;1;https://labonnealternance.apprentissage.beta.gouv.fr/emploi/recruteurs_lba/89250927400015/laforet
55.3;MORET IMMOBILIER;Immobilier;NDRC;Moret-Loing-Et-Orvanne;77250;1 Avenue Jean Jaurès 77250 Moret-Loing-et-Orvanne;Agences immobilières;Conseiller / Conseillère immobilier;Entreprise susceptible de recruter (candidature spontanée);;;Apprentissage, Professionnalisation;;;48172927500034;1;https://labonnealternance.apprentissage.beta.gouv.fr/emploi/recruteurs_lba/48172927500034/moret-immobilier
55.5;SD HYDRAULIQUE;Commerce de gros / B2B;NDRC;Moret-Loing-Et-Orvanne;77250;9 Rue Eugène Moussoir 77250 Moret-Loing-et-Orvanne;Commerce de gros (commerce interentreprises) de fournitures et équipements industriels divers;"Technico-commercial / Technico-commerciale ; Attaché commercial / Attachée commerciale";Entreprise susceptible de recruter (candidature spontanée);;;Apprentissage, Professionnalisation;;;38210547600024;2;https://labonnealternance.apprentissage.beta.gouv.fr/emploi/recruteurs_lba/38210547600024/sd-hydraulique
55.6;LA PERLE DU LOING;Mode, chaussures & accessoires;MCO;Moret-Loing-Et-Orvanne;77250;44 Rue Grande 77250 Moret-Loing-et-Orvanne;Commerce de détail d'articles d'horlogerie et de bijouterie en magasin spécialisé;"Vendeur / Vendeuse en prêt-à-porter ; Conseiller vendeur / Conseillère vendeuse à domicile ; Responsable de boutique";Entreprise susceptible de recruter (candidature spontanée);;;Apprentissage, Professionnalisation;;;95274463900016;3;https://labonnealternance.apprentissage.beta.gouv.fr/emploi/recruteurs_lba/95274463900016/la-perle-du-loing
55.9;STA SERV E LECLERC AUT AIRE ACHERES FO;Automobile & mobilité;MCO;Achères-La-Forêt;77760;77760 Achères-la-Forêt;Commerce de détail de carburants en magasin spécialisé;"Hôte / Hôtesse de caisse ; Employé / Employée de rayon libre-service";Entreprise susceptible de recruter (candidature spontanée);;;Apprentissage, Professionnalisation;;;35222236800073;2;https://labonnealternance.apprentissage.beta.gouv.fr/emploi/recruteurs_lba/35222236800073/sta-serv-e-leclerc-aut-aire-acheres-fo
56.0;AU FAUBOURG DE L' ECLUSE;Boulangerie & métiers de bouche;MCO;Moret-Loing-Et-Orvanne;77250;32 Rue du Peintre Sisley (Moret-sur-Loing) 77250 Moret-Loing-et-Orvanne;Boulangerie et boulangerie-pâtisserie;Vendeur / Vendeuse en épicerie;Entreprise susceptible de recruter (candidature spontanée);;;Apprentissage, Professionnalisation;;;82281462000016;1;https://labonnealternance.apprentissage.beta.gouv.fr/emploi/recruteurs_lba/82281462000016/au-faubourg-de-l-ecluse
56.1;COMPTOIR DES MATERIAUX;Commerce de gros / B2B;NDRC;Moret-Loing-Et-Orvanne;77250;29bis Avenue de Sens 77250 Moret-Loing-et-Orvanne;Commerce de gros (commerce interentreprises) de bois et de matériaux de construction;"Technico-commercial / Technico-commerciale ; Commercial itinérant / Commerciale itinérante en entreprise de commerce de gros";Entreprise susceptible de recruter (candidature spontanée);;;Apprentissage, Professionnalisation;;;90545029200040;2;https://labonnealternance.apprentissage.beta.gouv.fr/emploi/recruteurs_lba/90545029200040/comptoir-des-materiaux
56.3;CARREFOUR MARKET;Grande distribution & supermarchés;MCO;Moret-Loing-Et-Orvanne;77250;11 Rue de l’Orvanne 77250 Moret-Loing-et-Orvanne;Supermarchés;"Employé / Employée de rayon libre-service ; Directeur / Directrice de magasin de grande distribution ; Hôte / Hôtesse de caisse ; Responsable de caisses ; Chef / Cheffe de rayon produits alimentaires";Entreprise susceptible de recruter (candidature spontanée);;;Apprentissage, Professionnalisation;;;85332369900019;5;https://labonnealternance.apprentissage.beta.gouv.fr/emploi/recruteurs_lba/85332369900019/carrefour-market
56.5;CABINET PHILIPPON GEOMETRE-EXPERT;Immobilier;NDRC;Moret-Loing-Et-Orvanne;77250;1 Rue Montchavant 77250 Moret-Loing-et-Orvanne;Activité des géomètres;Chargé / Chargée d'études commerciales;Entreprise susceptible de recruter (candidature spontanée);;;Apprentissage, Professionnalisation;;;79069305500010;1;https://labonnealternance.apprentissage.beta.gouv.fr/emploi/recruteurs_lba/79069305500010/cabinet-philippon-geometre-expert
56.5;DU PAIN MAIS PAS QUE;Boulangerie & métiers de bouche;MCO;Recloses;77760;38 RUE GRANDE 77760 RECLOSES;Boulangerie et boulangerie-pâtisserie;Vendeur / Vendeuse en épicerie;Entreprise susceptible de recruter (candidature spontanée);;;Apprentissage, Professionnalisation;;;82478359100012;1;https://labonnealternance.apprentissage.beta.gouv.fr/emploi/recruteurs_lba/82478359100012/du-pain-mais-pas-que
56.5;MONTEREAU INDUSTRIE CONSTRUCTION ASSISTANCE;Commerce de gros / B2B;MCO + NDRC;Montereau-Fault-Yonne;77130;RUE DE LA MAISON GARNIER 77130 MONTEREAU-FAULT-YONNE;Commerce de gros (commerce interentreprises) de quincaillerie;"Vendeur / Vendeuse grossiste en équipement du foyer ; Technico-commercial / Technico-commerciale ; Commercial itinérant / Commerciale itinérante en entreprise de commerce de gros ; Attaché commercial / Attachée commerciale";Entreprise susceptible de recruter (candidature spontanée);;;Apprentissage, Professionnalisation;;;42374562900018;4;https://labonnealternance.apprentissage.beta.gouv.fr/emploi/recruteurs_lba/42374562900018/montereau-industrie-construction-assistance
56.5;PRESTAD 77;Services aux entreprises, conseil & communication;NDRC;Montereau-Fault-Yonne;77130;7 RUE DE LA MAISON GARNIER 77130 MONTEREAU-FAULT-YONNE;Services administratifs combinés de bureau;Conseiller / Conseillère immobilier;Entreprise susceptible de recruter (candidature spontanée);;;Apprentissage, Professionnalisation;;;80797548700024;1;https://labonnealternance.apprentissage.beta.gouv.fr/emploi/recruteurs_lba/80797548700024/prestad-77
56.6;BOULANGERIE PATISSERIE ANNA;Boulangerie & métiers de bouche;MCO;La Grande-Paroisse;77130;77130 La Grande-Paroisse;Boulangerie et boulangerie-pâtisserie;Vendeur / Vendeuse en épicerie;Entreprise susceptible de recruter (candidature spontanée);;;Apprentissage, Professionnalisation;;;90225209700016;1;https://labonnealternance.apprentissage.beta.gouv.fr/emploi/recruteurs_lba/90225209700016/boulangerie-patisserie-anna
56.6;CONFLUENCE HABITAT;Immobilier;NDRC;Montereau-Fault-Yonne;77130;1 rue de la Maison Garnier 77130 MONTEREAU-FAULT-YONNE;LOCATION DE LOGEMENTS;Chargé / Chargée d'affaires immobilières;Entreprise susceptible de recruter (candidature spontanée);;;Apprentissage, Professionnalisation;;;27770003500037;1;https://labonnealternance.apprentissage.beta.gouv.fr/emploi/recruteurs_lba/27770003500037/confluence-habitat
56.7;BOULANGERIE D'URY;Boulangerie & métiers de bouche;MCO;Ury;77760;7 PLACE DU GENERAL DE GAULLE 77760 URY;Boulangerie et boulangerie-pâtisserie;Vendeur / Vendeuse en épicerie;Entreprise susceptible de recruter (candidature spontanée);;;Apprentissage, Professionnalisation;;;80330443500016;1;https://labonnealternance.apprentissage.beta.gouv.fr/emploi/recruteurs_lba/80330443500016/boulangerie-d-ury
56.7;Carrefour;Grande distribution & supermarchés;MCO;Montereau-Fault-Yonne;77130;18 BOULEVARD DIDEROT 77130 MONTEREAU-FAULT-YONNE;Hypermarchés;"Employé / Employée de rayon libre-service ; Hôte / Hôtesse de caisse ; Chef / Cheffe de rayon produits alimentaires ; Vendeur / Vendeuse en épicerie";Entreprise susceptible de recruter (candidature spontanée);;;Apprentissage, Professionnalisation;;;90130756100026;4;https://labonnealternance.apprentissage.beta.gouv.fr/emploi/recruteurs_lba/90130756100026/carrefour
56.9;AUREIS FORMATION;Commerce de gros / B2B;MCO;Paris;75020;322 RUE DES PYRENEES 75020 PARIS;Commerce de gros (commerce interentreprises) de boissons;Vendeur / Vendeuse en vins et spiritueux;Offre publiée sur La bonne alternance;Vendeur / Vendeuse en vins et spiritueux;BTS, DEUST (Bac+2);Apprentissage;2026-08-19;Oui;;1;https://labonnealternance.apprentissage.beta.gouv.fr/emploi/offres_emploi_lba/6a85db3bdc67ee321f6277ca/vendeur-vendeuse-en-vins-et-spiritueux
57.1;BOUCHERIE EDUARDO MAIO;Boulangerie & métiers de bouche;MCO + NDRC;Donnemarie-Dontilly;77520;7 rue du Four 77520 DONNEMARIE-DONTILLY;Commerce de détail de viandes et de produits à base de viande en magasin spécialisé;"Vendeur / Vendeuse en épicerie ; Vendeur / Vendeuse grossiste en produits frais";Entreprise susceptible de recruter (candidature spontanée);;;Apprentissage, Professionnalisation;;;53842907700026;2;https://labonnealternance.apprentissage.beta.gouv.fr/emploi/recruteurs_lba/53842907700026/boucherie-eduardo-maio
57.1;CARROSSERIE MECANIQUE DU MONTOIS;Automobile & mobilité;MCO + NDRC;Donnemarie-Dontilly;77520;2 Rue de Sigy 77520 Donnemarie-Dontilly;Commerce de détail d'équipements automobiles;"Conseiller / Conseillère de vente en pièces de rechange et accessoires de véhicules ; Conseiller / Conseillère client après-vente des véhicules";Entreprise susceptible de recruter (candidature spontanée);;;Apprentissage, Professionnalisation;;;79378360600015;2;https://labonnealternance.apprentissage.beta.gouv.fr/emploi/recruteurs_lba/79378360600015/carrosserie-mecanique-du-montois
57.1;NATURE DOG;Sport, loisirs & culture;MCO + NDRC;Bourron-Marlotte;77780;7 route Departementale 607 77780 BOURRON-MARLOTTE;Commerce de détail d'articles de sport en magasin spécialisé;"Vendeur / Vendeuse d'articles de sport et loisirs ; Hôte / Hôtesse de caisse ; Chef / Cheffe de rayon de produits non alimentaires ; Vendeur / Vendeuse en prêt-à-porter ; Vendeur / Vendeuse grossiste en équipement du foyer";Entreprise susceptible de recruter (candidature spontanée);;;Apprentissage, Professionnalisation;;;53769794800033;5;https://labonnealternance.apprentissage.beta.gouv.fr/emploi/recruteurs_lba/53769794800033/nature-dog
57.7;ALDI;Grande distribution & supermarchés;MCO;Montereau-Fault-Yonne;77130;77130 Montereau-Fault-Yonne;Supermarchés;"Employé / Employée de rayon libre-service ; Directeur / Directrice de magasin de grande distribution ; Hôte / Hôtesse de caisse ; Responsable de caisses ; Chef / Cheffe de rayon produits alimentaires";Entreprise susceptible de recruter (candidature spontanée);;;Apprentissage, Professionnalisation;;;41459903502176;5;https://labonnealternance.apprentissage.beta.gouv.fr/emploi/recruteurs_lba/41459903502176/aldi
57.7;GIFI;Grande distribution & supermarchés;MCO;Montereau-Fault-Yonne;77130;77130 Montereau-Fault-Yonne;Autres commerces de détail en magasin non spécialisé;"Employé / Employée de rayon libre-service ; Responsable de boutique ; Hôte / Hôtesse de caisse ; Directeur / Directrice de magasin de grande distribution ; Chef / Cheffe de rayon de produits non alimentaires ; Chef / Cheffe de rayon produits alimentaires";Entreprise susceptible de recruter (candidature spontanée);;;Apprentissage, Professionnalisation;;;47872562502119;6;https://labonnealternance.apprentissage.beta.gouv.fr/emploi/recruteurs_lba/47872562502119/gifi
57.7;VILLEBENOIT NORD SA;Commerce de gros / B2B;MCO + NDRC;Montereau-Fault-Yonne;77130;77130 Montereau-Fault-Yonne;Commerce de gros d'équipements automobiles;Vendeur / Vendeuse grossiste en équipement du foyer;Entreprise susceptible de recruter (candidature spontanée);;;Apprentissage, Professionnalisation;;;38196679500027;1;https://labonnealternance.apprentissage.beta.gouv.fr/emploi/recruteurs_lba/38196679500027/villebenoit-nord-sa
57.8;SAINT MARTIN AUTOMOBILES;Automobile & mobilité;MCO + NDRC;Montereau-Fault-Yonne;77130;8 RUE DE PROVINS 77130 MONTEREAU-FAULT-YONNE;Commerce de voitures et de véhicules automobiles légers;"Vendeur / Vendeuse automobile ; Conseiller / Conseillère client après-vente des véhicules";Entreprise susceptible de recruter (candidature spontanée);;;Apprentissage, Professionnalisation;;;44458135900015;2;https://labonnealternance.apprentissage.beta.gouv.fr/emploi/recruteurs_lba/44458135900015/saint-martin-automobiles
58.0;ASSURANCES DU CONFLUENT;Banque, crédit & assurance;NDRC;Montereau-Fault-Yonne;77130;2 place du Colonel Fabien 77130 MONTEREAU-FAULT-YONNE;Activités des agents et courtiers d'assurances;"Conseiller / Conseillère en assurances ; Conseiller / Conseillère en gestion de patrimoine";Entreprise susceptible de recruter (candidature spontanée);;;Apprentissage, Professionnalisation;;;49390347000018;2;https://labonnealternance.apprentissage.beta.gouv.fr/emploi/recruteurs_lba/49390347000018/assurances-du-confluent
58.0;AU BLE D'OR;Boulangerie & métiers de bouche;MCO;Montereau-Fault-Yonne;77130;4 place du Marche au Ble 77130 MONTEREAU-FAULT-YONNE;Boulangerie et boulangerie-pâtisserie;Vendeur / Vendeuse en épicerie;Entreprise susceptible de recruter (candidature spontanée);;;Apprentissage, Professionnalisation;;;98756561100025;1;https://labonnealternance.apprentissage.beta.gouv.fr/emploi/recruteurs_lba/98756561100025/au-ble-d-or
58.1;BNP Paribas;Banque, crédit & assurance;NDRC;Montereau-Fault-Yonne;77130;23 RUE JEAN JAURES 77130 MONTEREAU-FAULT-YONNE;Autres intermédiations monétaires;"Conseiller / Conseillère de clientèle bancaire ; Chargé / Chargée d'accueil en banque ; Conseiller / Conseillère en gestion de patrimoine";Entreprise susceptible de recruter (candidature spontanée);;;Apprentissage, Professionnalisation;;;66204244943352;3;https://labonnealternance.apprentissage.beta.gouv.fr/emploi/recruteurs_lba/66204244943352/bnp-paribas
58.1;CREDIT MUTUEL;Banque, crédit & assurance;NDRC;Montereau-Fault-Yonne;77130;19 RUE JEAN JAURES 77130 MONTEREAU-FAULT-YONNE;Autres intermédiations monétaires;"Conseiller / Conseillère de clientèle bancaire ; Chargé / Chargée d'accueil en banque ; Conseiller / Conseillère en gestion de patrimoine";Entreprise susceptible de recruter (candidature spontanée);;;Apprentissage, Professionnalisation;;;69204371401726;3;https://labonnealternance.apprentissage.beta.gouv.fr/emploi/recruteurs_lba/69204371401726/credit-mutuel
58.1;KIABI;Mode, chaussures & accessoires;MCO;Varennes-Sur-Seine;77130;Rue du Port 77130 Varennes-sur-Seine;Commerce de détail d'habillement en magasin spécialisé;"Vendeur / Vendeuse en prêt-à-porter ; Responsable de boutique ; Hôte / Hôtesse de caisse ; Directeur / Directrice de magasin de grande distribution";Entreprise susceptible de recruter (candidature spontanée);;;Apprentissage, Professionnalisation;;;34410327002136;4;https://labonnealternance.apprentissage.beta.gouv.fr/emploi/recruteurs_lba/34410327002136/kiabi
58.1;L'ATELIER DES GLACES;Boulangerie & métiers de bouche;MCO;Montereau-Fault-Yonne;77130;7 PLACE DU COLONEL FABIEN 77130 MONTEREAU-FAULT-YONNE;Pâtisserie;Vendeur / Vendeuse en épicerie;Entreprise susceptible de recruter (candidature spontanée);;;Apprentissage, Professionnalisation;;;91389548800017;1;https://labonnealternance.apprentissage.beta.gouv.fr/emploi/recruteurs_lba/91389548800017/l-atelier-des-glaces
58.1;Nestenn;Immobilier;NDRC;Montereau-Fault-Yonne;77130;8 RUE EMILE ZOLA 77130 MONTEREAU-FAULT-YONNE;Agences immobilières;Conseiller / Conseillère immobilier;Entreprise susceptible de recruter (candidature spontanée);;;Apprentissage, Professionnalisation;;;88030666700010;1;https://labonnealternance.apprentissage.beta.gouv.fr/emploi/recruteurs_lba/88030666700010/nestenn
58.2;CARREFOUR MARKET;Grande distribution & supermarchés;MCO;Montereau-Fault-Yonne;77130;63 rue Jean Jaures 77130 MONTEREAU-FAULT-YONNE;Supermarchés;"Employé / Employée de rayon libre-service ; Directeur / Directrice de magasin de grande distribution ; Hôte / Hôtesse de caisse ; Responsable de caisses ; Chef / Cheffe de rayon produits alimentaires";Entreprise susceptible de recruter (candidature spontanée);;;Apprentissage, Professionnalisation;;;93002016900015;5;https://labonnealternance.apprentissage.beta.gouv.fr/emploi/recruteurs_lba/93002016900015/carrefour-market
58.2;CHAUSSEA;Mode, chaussures & accessoires;MCO;Varennes-Sur-Seine;77130;77130 Varennes-sur-Seine;Commerce de détail de la chaussure;"Responsable de boutique ; Vendeur / Vendeuse en prêt-à-porter ; Vendeur / Vendeuse d'articles de sport et loisirs ; Gérant / Gérante de magasin d'alimentation générale ; Directeur / Directrice de magasin de grande distribution";Entreprise susceptible de recruter (candidature spontanée);;;Apprentissage, Professionnalisation;;;33026769102860;5;https://labonnealternance.apprentissage.beta.gouv.fr/emploi/recruteurs_lba/33026769102860/chaussea
58.2;Conseiller de vente (H/F);Non précisé;MCO;Varennes-Sur-Seine;77130;77130 Varennes-sur-Seine;;Conseiller de vente (H/F);Offre partenaire (France Travail…);Conseiller de vente (H/F);;Apprentissage;2026-09-17;;;1;https://labonnealternance.apprentissage.beta.gouv.fr/emploi/offres_emploi_partenaires/6aac67b10dece6ea6e41952a/conseiller-de-vente-h-f
58.2;COPRAGIM;Immobilier;NDRC;Montereau-Fault-Yonne;77130;60 rue Jean Jaures 77130 MONTEREAU-FAULT-YONNE;Agences immobilières;Conseiller / Conseillère immobilier;Entreprise susceptible de recruter (candidature spontanée);;;Apprentissage, Professionnalisation;;;35352942300041;1;https://labonnealternance.apprentissage.beta.gouv.fr/emploi/recruteurs_lba/35352942300041/copragim
58.2;DECATHLON;Sport, loisirs & culture;MCO + NDRC;Varennes-Sur-Seine;77130;77130 Varennes-sur-Seine;Commerce de détail d'articles de sport en magasin spécialisé;"Vendeur / Vendeuse d'articles de sport et loisirs ; Hôte / Hôtesse de caisse ; Chef / Cheffe de rayon de produits non alimentaires ; Vendeur / Vendeuse en prêt-à-porter ; Vendeur / Vendeuse grossiste en équipement du foyer";Entreprise susceptible de recruter (candidature spontanée);;;Apprentissage, Professionnalisation;;;50056940502660;5;https://labonnealternance.apprentissage.beta.gouv.fr/emploi/recruteurs_lba/50056940502660/decathlon
58.2;PATANI;Mode, chaussures & accessoires;MCO;Varennes-Sur-Seine;77130;77130 Varennes-sur-Seine;Commerce de détail de la chaussure;"Responsable de boutique ; Vendeur / Vendeuse en prêt-à-porter ; Vendeur / Vendeuse d'articles de sport et loisirs ; Gérant / Gérante de magasin d'alimentation générale ; Directeur / Directrice de magasin de grande distribution";Entreprise susceptible de recruter (candidature spontanée);;;Apprentissage, Professionnalisation;;;90164310600015;5;https://labonnealternance.apprentissage.beta.gouv.fr/emploi/recruteurs_lba/90164310600015/patani
58.2;STOKOMANI;Grande distribution & supermarchés;MCO;Varennes-Sur-Seine;77130;77130 Varennes-sur-Seine;Autres commerces de détail en magasin non spécialisé;"Employé / Employée de rayon libre-service ; Responsable de boutique ; Hôte / Hôtesse de caisse ; Directeur / Directrice de magasin de grande distribution ; Chef / Cheffe de rayon de produits non alimentaires ; Chef / Cheffe de rayon produits alimentaires";Entreprise susceptible de recruter (candidature spontanée);;;Apprentissage, Professionnalisation;;;31778006201341;6;https://labonnealternance.apprentissage.beta.gouv.fr/emploi/recruteurs_lba/31778006201341/stokomani
58.2;TEC HYDRO;Industrie & énergie;NDRC;Montereau-Fault-Yonne;77130;2 rue du Pharle 77130 MONTEREAU-FAULT-YONNE;Fabrication d'équipements hydrauliques et pneumatiques;Cadre Technico-commercial / Technico-commerciale;Entreprise susceptible de recruter (candidature spontanée);;;Apprentissage, Professionnalisation;;;98333610800011;1;https://labonnealternance.apprentissage.beta.gouv.fr/emploi/recruteurs_lba/98333610800011/tec-hydro
58.2;VAREDIS;Grande distribution & supermarchés;MCO;Varennes-Sur-Seine;77130;77130 Varennes-sur-Seine;Hypermarchés;"Employé / Employée de rayon libre-service ; Hôte / Hôtesse de caisse ; Chef / Cheffe de rayon produits alimentaires ; Vendeur / Vendeuse en épicerie";Entreprise susceptible de recruter (candidature spontanée);;;Apprentissage, Professionnalisation;;;49841700500028;4;https://labonnealternance.apprentissage.beta.gouv.fr/emploi/recruteurs_lba/49841700500028/varedis
58.2;Vendeur / Vendeuse en boulangerie-pâtisserie (H/F);Boulangerie & métiers de bouche;MCO;Varennes-Sur-Seine;77130;77130 Varennes-sur-Seine;;Vendeur / Vendeuse en boulangerie-pâtisserie (H/F);Offre partenaire (France Travail…);Vendeur / Vendeuse en boulangerie-pâtisserie (H/F);;Apprentissage;2026-09-17;;;1;https://labonnealternance.apprentissage.beta.gouv.fr/emploi/offres_emploi_partenaires/6aac67b10dece6ea6e419527/vendeur-vendeuse-en-boulangerie-patisserie-h-f
58.3;PIERRE-YVES HENNETIER;Banque, crédit & assurance;NDRC;Montereau-Fault-Yonne;77130;91 rue Jean Jaures 77130 MONTEREAU-FAULT-YONNE;Activités des agents et courtiers d'assurances;"Conseiller / Conseillère en assurances ; Conseiller / Conseillère en gestion de patrimoine";Entreprise susceptible de recruter (candidature spontanée);;;Apprentissage, Professionnalisation;;;90117688300014;2;https://labonnealternance.apprentissage.beta.gouv.fr/emploi/recruteurs_lba/90117688300014/pierre-yves-hennetier
58.4;SOC COOPERATIVE AGRICOLE 110 BOURGOGNE;Commerce de gros / B2B;MCO + NDRC;Montereau-Fault-Yonne;77130;14 RUE DES CLOMARTS 77130 MONTEREAU-FAULT-YONNE;Commerce de gros (commerce interentreprises) de céréales, de tabac non manufacturé, de semences et d'aliments pour le bétail;"Vendeur / Vendeuse conseil en jardinerie ; Chef / Cheffe de rayon de produits non alimentaires ; Commercial / Commerciale grands comptes et entreprises";Entreprise susceptible de recruter (candidature spontanée);;;Apprentissage, Professionnalisation;;;77556730800843;3;https://labonnealternance.apprentissage.beta.gouv.fr/emploi/recruteurs_lba/77556730800843/soc-cooperative-agricole-110-bourgogne
58.7;AU FOUR AU MOULIN;Boulangerie & métiers de bouche;MCO;Varennes-Sur-Seine;77130;1 avenue du 8 Mai 1945 77130 VARENNES-SUR-SEINE;Boulangerie et boulangerie-pâtisserie;Vendeur / Vendeuse en épicerie;Entreprise susceptible de recruter (candidature spontanée);;;Apprentissage, Professionnalisation;;;82475722300014;1;https://labonnealternance.apprentissage.beta.gouv.fr/emploi/recruteurs_lba/82475722300014/au-four-au-moulin
58.7;BOUCHERIE DE VARENNES;Boulangerie & métiers de bouche;MCO + NDRC;Varennes-Sur-Seine;77130;1 avenue du 8 Mai 1945 77130 VARENNES-SUR-SEINE;Commerce de détail de viandes et de produits à base de viande en magasin spécialisé;"Vendeur / Vendeuse en épicerie ; Vendeur / Vendeuse grossiste en produits frais";Entreprise susceptible de recruter (candidature spontanée);;;Apprentissage, Professionnalisation;;;53065863200019;2;https://labonnealternance.apprentissage.beta.gouv.fr/emploi/recruteurs_lba/53065863200019/boucherie-de-varennes
58.7;CIC;Banque, crédit & assurance;NDRC;Montereau-Fault-Yonne;77130;1 AVENUE DU MARECHAL LECLERC 77130 MONTEREAU-FAULT-YONNE;Autres intermédiations monétaires;"Conseiller / Conseillère de clientèle bancaire ; Chargé / Chargée d'accueil en banque ; Conseiller / Conseillère en gestion de patrimoine";Entreprise susceptible de recruter (candidature spontanée);;;Apprentissage, Professionnalisation;;;75480071205219;3;https://labonnealternance.apprentissage.beta.gouv.fr/emploi/recruteurs_lba/75480071205219/cic
58.8;DAUGERON;Commerce de gros / B2B;MCO + NDRC;La Genevraye;77690;12 Route de Montigny 77690 La Genevraye;Commerce de gros (commerce interentreprises) de vaisselle, verrerie et produits d'entretien;"Chef / Cheffe des ventes ; Commercial / Commerciale grands comptes et entreprises ; Commercial / Commerciale export";Entreprise susceptible de recruter (candidature spontanée);;;Apprentissage, Professionnalisation;;;30410126400014;3;https://labonnealternance.apprentissage.beta.gouv.fr/emploi/recruteurs_lba/30410126400014/daugeron
58.8;L'ECHOPPE AUX DOUCEURS;Boulangerie & métiers de bouche;MCO;Moret-Loing-Et-Orvanne;77250;17 Rue de l’Eglise 77250 Moret-Loing-et-Orvanne;Boulangerie et boulangerie-pâtisserie;Vendeur / Vendeuse en épicerie;Entreprise susceptible de recruter (candidature spontanée);;;Apprentissage, Professionnalisation;;;81219256500016;1;https://labonnealternance.apprentissage.beta.gouv.fr/emploi/recruteurs_lba/81219256500016/l-echoppe-aux-douceurs
58.8;SUPER U;Grande distribution & supermarchés;MCO;La Chapelle-La-Reine;77760;rue de l Avenir 77760 LA CHAPELLE-LA-REINE;Supermarchés;"Employé / Employée de rayon libre-service ; Directeur / Directrice de magasin de grande distribution ; Hôte / Hôtesse de caisse ; Responsable de caisses ; Chef / Cheffe de rayon produits alimentaires";Entreprise susceptible de recruter (candidature spontanée);;;Apprentissage, Professionnalisation;;;41622001000985;5;https://labonnealternance.apprentissage.beta.gouv.fr/emploi/recruteurs_lba/41622001000985/super-u
58.8;TANNERIE DE MONTEREAU;Autres;MCO;Montereau-Fault-Yonne;77130;5 RUE DE LA GRANDE HAIE ZI 77130 MONTEREAU-FAULT-YONNE;"Apprêt et tannage des cuirs ; préparation et teinture des fourrures";Responsable de l'administration des ventes;Entreprise susceptible de recruter (candidature spontanée);;;Apprentissage, Professionnalisation;;;66204483300033;1;https://labonnealternance.apprentissage.beta.gouv.fr/emploi/recruteurs_lba/66204483300033/tannerie-de-montereau
58.9;SOPROMAT;Commerce de gros / B2B;NDRC;Varennes-Sur-Seine;77130;32 AVENUE DU 8 MAI 1945 77130 VARENNES-SUR-SEINE;Commerce de gros (commerce interentreprises) de bois et de matériaux de construction;"Technico-commercial / Technico-commerciale ; Commercial itinérant / Commerciale itinérante en entreprise de commerce de gros";Entreprise susceptible de recruter (candidature spontanée);;;Apprentissage, Professionnalisation;;;50989227900027;2;https://labonnealternance.apprentissage.beta.gouv.fr/emploi/recruteurs_lba/50989227900027/sopromat
59.0;GARAGE DU MARAIS;Automobile & mobilité;MCO + NDRC;Varennes-Sur-Seine;77130;AVENUE DU 8 MAI 1945 77130 VARENNES-SUR-SEINE;Commerce de voitures et de véhicules automobiles légers;"Vendeur / Vendeuse automobile ; Conseiller / Conseillère client après-vente des véhicules";Entreprise susceptible de recruter (candidature spontanée);;;Apprentissage, Professionnalisation;;;74695017900257;2;https://labonnealternance.apprentissage.beta.gouv.fr/emploi/recruteurs_lba/74695017900257/garage-du-marais
59.0;PROSPORT III;Commerce de gros / B2B;MCO + NDRC;Montereau-Fault-Yonne;77130;route de Sens 77130 MONTEREAU-FAULT-YONNE;Commerce de gros (commerce interentreprises) de textiles;"Chef / Cheffe de promotion des ventes ; Vendeur / Vendeuse en prêt-à-porter ; Chef / Cheffe des ventes ; Assistant commercial / Assistante commerciale";Entreprise susceptible de recruter (candidature spontanée);;;Apprentissage, Professionnalisation;;;39048187700061;4;https://labonnealternance.apprentissage.beta.gouv.fr/emploi/recruteurs_lba/39048187700061/prosport-iii
59.1;FLOHE FOUILLERET SAS;Commerce de gros / B2B;MCO + NDRC;Saint-Loup-De-Naud;77650;50 Rue de Trainel 77650 Saint-Loup-de-Naud;Commerce de gros (commerce interentreprises) de matériel électrique;"Vendeur / Vendeuse grossiste en équipement du foyer ; Technico-commercial / Technico-commerciale";Entreprise susceptible de recruter (candidature spontanée);;;Apprentissage, Professionnalisation;;;82457899100013;2;https://labonnealternance.apprentissage.beta.gouv.fr/emploi/recruteurs_lba/82457899100013/flohe-fouilleret-sas
59.3;NOVOVIANDE;Boulangerie & métiers de bouche;MCO + NDRC;Varennes-Sur-Seine;77130;6/8 ROUTE DE CANNES 77130 VARENNES-SUR-SEINE;Commerce de détail de viandes et de produits à base de viande en magasin spécialisé;"Vendeur / Vendeuse en épicerie ; Vendeur / Vendeuse grossiste en produits frais";Entreprise susceptible de recruter (candidature spontanée);;;Apprentissage, Professionnalisation;;;41398567200042;2;https://labonnealternance.apprentissage.beta.gouv.fr/emploi/recruteurs_lba/41398567200042/novoviande
59.5;JEROME SAUVALLE;Boulangerie & métiers de bouche;MCO + NDRC;La Chapelle-La-Reine;77760;23 place de la Republique 77760 LA CHAPELLE-LA-REINE;Commerce de détail alimentaire sur éventaires et marchés;"Vendeur / Vendeuse en épicerie ; Vendeur / Vendeuse grossiste en produits frais";Entreprise susceptible de recruter (candidature spontanée);;;Apprentissage, Professionnalisation;;;34883498700045;2;https://labonnealternance.apprentissage.beta.gouv.fr/emploi/recruteurs_lba/34883498700045/jerome-sauvalle
59.6;AUX DOUCEURS DE LA CHAPELLE;Boulangerie & métiers de bouche;MCO;La Chapelle-La-Reine;77760;8 place de la Republique 77760 LA CHAPELLE-LA-REINE;Boulangerie et boulangerie-pâtisserie;Vendeur / Vendeuse en épicerie;Entreprise susceptible de recruter (candidature spontanée);;;Apprentissage, Professionnalisation;;;90130149900017;1;https://labonnealternance.apprentissage.beta.gouv.fr/emploi/recruteurs_lba/90130149900017/aux-douceurs-de-la-chapelle
59.6;CLASSIC AFFAIRS;Automobile & mobilité;MCO + NDRC;Villiers-Sous-Grez;77760;12 RUE DE LA CROIX LAMBERT 77760 VILLIERS-SOUS-GREZ;Commerce de voitures et de véhicules automobiles légers;"Vendeur / Vendeuse automobile ; Conseiller / Conseillère client après-vente des véhicules";Entreprise susceptible de recruter (candidature spontanée);;;Apprentissage, Professionnalisation;;;90501592100018;2;https://labonnealternance.apprentissage.beta.gouv.fr/emploi/recruteurs_lba/90501592100018/classic-affairs
59.7;LES FLEURS DU MARAIS;Maison, bricolage & jardin;MCO;Varennes-Sur-Seine;77130;20 ROUTE DU PETIT FOSSARD 77130 VARENNES-SUR-SEINE;Commerce de détail de fleurs, plantes, graines, engrais, animaux de compagnie et aliments pour ces animaux en magasin spécialisé;"Responsable de boutique ; Vendeur / Vendeuse conseil en jardinerie ; Vendeur / Vendeuse en animalerie ; Hôte / Hôtesse de caisse ; Chef / Cheffe de rayon de produits non alimentaires";Entreprise susceptible de recruter (candidature spontanée);;;Apprentissage, Professionnalisation;;;51317004300014;5;https://labonnealternance.apprentissage.beta.gouv.fr/emploi/recruteurs_lba/51317004300014/les-fleurs-du-marais
59.8;FEDOR;Maison, bricolage & jardin;MCO;Varennes-Sur-Seine;77130;105 route du Petit Fossard 77130 VARENNES-SUR-SEINE;Commerce de détail de fleurs, plantes, graines, engrais, animaux de compagnie et aliments pour ces animaux en magasin spécialisé;"Responsable de boutique ; Vendeur / Vendeuse conseil en jardinerie ; Vendeur / Vendeuse en animalerie ; Hôte / Hôtesse de caisse ; Chef / Cheffe de rayon de produits non alimentaires";Entreprise susceptible de recruter (candidature spontanée);;;Apprentissage, Professionnalisation;;;91908502700010;5;https://labonnealternance.apprentissage.beta.gouv.fr/emploi/recruteurs_lba/91908502700010/fedor
59.8;LYANGE;Boulangerie & métiers de bouche;MCO;Varennes-Sur-Seine;77130;105 route du Petit Fossard 77130 VARENNES-SUR-SEINE;Boulangerie et boulangerie-pâtisserie;Vendeur / Vendeuse en épicerie;Entreprise susceptible de recruter (candidature spontanée);;;Apprentissage, Professionnalisation;;;94838589300011;1;https://labonnealternance.apprentissage.beta.gouv.fr/emploi/recruteurs_lba/94838589300011/lyange
59.9;BENOIT DEUDON;Boulangerie & métiers de bouche;MCO;Grez-Sur-Loing;77880;2 PLACE DE LA REPUBLIQUE 77880 GREZ-SUR-LOING;Boulangerie et boulangerie-pâtisserie;Vendeur / Vendeuse en épicerie;Entreprise susceptible de recruter (candidature spontanée);;;Apprentissage, Professionnalisation;;;44082506500038;1;https://labonnealternance.apprentissage.beta.gouv.fr/emploi/recruteurs_lba/44082506500038/benoit-deudon
59.9;ESPACE SERVICES AUTOMOBILES;Automobile & mobilité;MCO + NDRC;Varennes-Sur-Seine;77130;24B ROUTE DU PETIT FOSSARD 77130 VARENNES-SUR-SEINE;Commerce de voitures et de véhicules automobiles légers;"Vendeur / Vendeuse automobile ; Conseiller / Conseillère client après-vente des véhicules";Entreprise susceptible de recruter (candidature spontanée);;;Apprentissage, Professionnalisation;;;42447108400014;2;https://labonnealternance.apprentissage.beta.gouv.fr/emploi/recruteurs_lba/42447108400014/espace-services-automobiles
59.9;GROUPEMENT D EMPLOYEURS BRIE CHAMPAGNE;Services aux entreprises, conseil & communication;MCO;Voulton;77560;77560 Voulton;Autre mise à disposition de ressources humaines;Chef / Cheffe de rayon produits alimentaires;Entreprise susceptible de recruter (candidature spontanée);;;Apprentissage, Professionnalisation;;;75120232600011;1;https://labonnealternance.apprentissage.beta.gouv.fr/emploi/recruteurs_lba/75120232600011/groupement-d-employeurs-brie-champagne
59.9;MECANIQUE CONSEIL VENTE AUTOMOBILE MCVA;Automobile & mobilité;MCO + NDRC;Varennes-Sur-Seine;77130;24T ROUTE DU PETIT FOSSARD 77130 VARENNES-SUR-SEINE;Commerce de voitures et de véhicules automobiles légers;"Vendeur / Vendeuse automobile ; Conseiller / Conseillère client après-vente des véhicules";Entreprise susceptible de recruter (candidature spontanée);;;Apprentissage, Professionnalisation;;;80339305700010;2;https://labonnealternance.apprentissage.beta.gouv.fr/emploi/recruteurs_lba/80339305700010/mecanique-conseil-vente-automobile-mcva
60.0;BRUNET AUTOMOBILES;Automobile & mobilité;MCO + NDRC;Varennes-Sur-Seine;77130;ROUTE DU PETIT FOSSARD 77130 VARENNES-SUR-SEINE;Commerce de voitures et de véhicules automobiles légers;"Vendeur / Vendeuse automobile ; Conseiller / Conseillère client après-vente des véhicules";Entreprise susceptible de recruter (candidature spontanée);;;Apprentissage, Professionnalisation;;;78833908300057;2;https://labonnealternance.apprentissage.beta.gouv.fr/emploi/recruteurs_lba/78833908300057/brunet-automobiles
60.0;JYSK;Maison, bricolage & jardin;MCO;Varennes-Sur-Seine;77130;rue du Bréau 77130 Varennes-sur-Seine;Commerce de détail de meubles;"Vendeur / Vendeuse en équipement de la maison ; Hôte / Hôtesse de caisse";Entreprise susceptible de recruter (candidature spontanée);;;Apprentissage, Professionnalisation;;;49075280500245;2;https://labonnealternance.apprentissage.beta.gouv.fr/emploi/recruteurs_lba/49075280500245/jysk
60.0;MAXAUTO;Automobile & mobilité;MCO + NDRC;Varennes-Sur-Seine;77130;30 route du Petit Fossard 77130 VARENNES-SUR-SEINE;Commerce de détail d'équipements automobiles;"Conseiller / Conseillère de vente en pièces de rechange et accessoires de véhicules ; Conseiller / Conseillère client après-vente des véhicules";Entreprise susceptible de recruter (candidature spontanée);;;Apprentissage, Professionnalisation;;;50430775200015;2;https://labonnealternance.apprentissage.beta.gouv.fr/emploi/recruteurs_lba/50430775200015/maxauto
60.0;ORANGE;High-tech, électroménager & télécoms;MCO;Varennes-Sur-Seine;77130;route du Petit Fossard 77130 VARENNES-SUR-SEINE;Commerce de détail de matériels de télécommunication en magasin spécialisé;"Vendeur / Vendeuse en équipement de la maison ; Conseiller vendeur / Conseillère vendeuse à domicile ; Chef / Cheffe de rayon de produits non alimentaires";Entreprise susceptible de recruter (candidature spontanée);;;Apprentissage, Professionnalisation;;;38012986646413;3;https://labonnealternance.apprentissage.beta.gouv.fr/emploi/recruteurs_lba/38012986646413/orange
60.0;S B VARENNES;Sport, loisirs & culture;MCO + NDRC;Varennes-Sur-Seine;77130;rue du Bréau 77130 Varennes-sur-Seine;Commerce de détail d'articles de sport en magasin spécialisé;"Vendeur / Vendeuse d'articles de sport et loisirs ; Hôte / Hôtesse de caisse ; Chef / Cheffe de rayon de produits non alimentaires ; Vendeur / Vendeuse en prêt-à-porter ; Vendeur / Vendeuse grossiste en équipement du foyer";Entreprise susceptible de recruter (candidature spontanée);;;Apprentissage, Professionnalisation;;;75051113100013;5;https://labonnealternance.apprentissage.beta.gouv.fr/emploi/recruteurs_lba/75051113100013/s-b-varennes
60.2;MOTOBRIE PROVINS;Commerce de gros / B2B;MCO + NDRC;Poigny;77160;77160 Poigny;Commerce de gros (commerce interentreprises) de matériel agricole;Vendeur / Vendeuse grossiste en équipement du foyer;Entreprise susceptible de recruter (candidature spontanée);;;Apprentissage, Professionnalisation;;;47797441400013;1;https://labonnealternance.apprentissage.beta.gouv.fr/emploi/recruteurs_lba/47797441400013/motobrie-provins
60.2;RIESTER NEWCO;Automobile & mobilité;MCO + NDRC;Provins;77160;33 ROUTE DE BRAY 77160 PROVINS;Commerce de voitures et de véhicules automobiles légers;"Vendeur / Vendeuse automobile ; Conseiller / Conseillère client après-vente des véhicules";Entreprise susceptible de recruter (candidature spontanée);;;Apprentissage, Professionnalisation;;;89186081900053;2;https://labonnealternance.apprentissage.beta.gouv.fr/emploi/recruteurs_lba/89186081900053/riester-newco
60.3;ASD PROVINS;Automobile & mobilité;MCO + NDRC;Provins;77160;5 AVENUE ANATOLE FRANCE 77160 PROVINS;Commerce de voitures et de véhicules automobiles légers;"Vendeur / Vendeuse automobile ; Conseiller / Conseillère client après-vente des véhicules";Entreprise susceptible de recruter (candidature spontanée);;;Apprentissage, Professionnalisation;;;34209222800010;2;https://labonnealternance.apprentissage.beta.gouv.fr/emploi/recruteurs_lba/34209222800010/asd-provins
60.4;ACTILOC;Automobile & mobilité;NDRC;Provins;77160;1 Chaussee de la Comtesse 77160 PROVINS;Location de courte durée de voitures et de véhicules automobiles légers;"Agent technico-commercial / Agente technico-commerciale en location de véhicules ; Conseiller / Conseillère client après-vente des véhicules";Entreprise susceptible de recruter (candidature spontanée);;;Apprentissage, Professionnalisation;;;53269667100025;2;https://labonnealternance.apprentissage.beta.gouv.fr/emploi/recruteurs_lba/53269667100025/actiloc
60.4;CYRIL BERNIER;Boulangerie & métiers de bouche;MCO;Longueville;77650;9 RUE HENRI FOUILLERET 77650 LONGUEVILLE;Boulangerie et boulangerie-pâtisserie;Vendeur / Vendeuse en épicerie;Entreprise susceptible de recruter (candidature spontanée);;;Apprentissage, Professionnalisation;;;48968212000022;1;https://labonnealternance.apprentissage.beta.gouv.fr/emploi/recruteurs_lba/48968212000022/cyril-bernier
60.5;BEAUTY SUCCESS;Beauté, santé & parfumerie;MCO;Provins;77160;20 PLACE DU MARECHAL LECLERC 77160 PROVINS;Commerce de détail de parfumerie et de produits de beauté en magasin spécialisé;"Responsable de boutique ; Employé / Employée de rayon libre-service";Entreprise susceptible de recruter (candidature spontanée);;;Apprentissage, Professionnalisation;;;31188987701808;2;https://labonnealternance.apprentissage.beta.gouv.fr/emploi/recruteurs_lba/31188987701808/beauty-success
60.5;MAISON GAUFILLIER;Boulangerie & métiers de bouche;MCO;Provins;77160;5 place du Marechal Leclerc 77160 PROVINS;Pâtisserie;Vendeur / Vendeuse en épicerie;Entreprise susceptible de recruter (candidature spontanée);;;Apprentissage, Professionnalisation;;;95309423200014;1;https://labonnealternance.apprentissage.beta.gouv.fr/emploi/recruteurs_lba/95309423200014/maison-gaufillier
60.5;ORANGE;High-tech, électroménager & télécoms;MCO;Provins;77160;place Honore de Balzac 77160 PROVINS;Commerce de détail de matériels de télécommunication en magasin spécialisé;"Vendeur / Vendeuse en équipement de la maison ; Conseiller vendeur / Conseillère vendeuse à domicile ; Chef / Cheffe de rayon de produits non alimentaires";Entreprise susceptible de recruter (candidature spontanée);;;Apprentissage, Professionnalisation;;;43772384407212;3;https://labonnealternance.apprentissage.beta.gouv.fr/emploi/recruteurs_lba/43772384407212/orange
60.5;Yves Rocher;Beauté, santé & parfumerie;MCO;Provins;77160;5 rue du Val 77160 PROVINS;Commerce de détail de parfumerie et de produits de beauté en magasin spécialisé;"Responsable de boutique ; Employé / Employée de rayon libre-service";Entreprise susceptible de recruter (candidature spontanée);;;Apprentissage, Professionnalisation;;;82350202600029;2;https://labonnealternance.apprentissage.beta.gouv.fr/emploi/recruteurs_lba/82350202600029/yves-rocher
60.6;Guy Hoquet;Immobilier;NDRC;Provins;77160;4 RUE DE LA CORDONNERIE 77160 PROVINS;Agences immobilières;Conseiller / Conseillère immobilier;Entreprise susceptible de recruter (candidature spontanée);;;Apprentissage, Professionnalisation;;;50380089800010;1;https://labonnealternance.apprentissage.beta.gouv.fr/emploi/recruteurs_lba/50380089800010/guy-hoquet
60.6;J.C. ROLLET;Mode, chaussures & accessoires;MCO;Provins;77160;13 rue de la Cordonnerie 77160 PROVINS;Commerce de détail d'articles d'horlogerie et de bijouterie en magasin spécialisé;"Vendeur / Vendeuse en prêt-à-porter ; Conseiller vendeur / Conseillère vendeuse à domicile ; Responsable de boutique";Entreprise susceptible de recruter (candidature spontanée);;;Apprentissage, Professionnalisation;;;32550863800013;3;https://labonnealternance.apprentissage.beta.gouv.fr/emploi/recruteurs_lba/32550863800013/j-c-rollet
60.6;La Poste;La Poste & services publics;NDRC;Provins;77160;6 rue Georges Dromigny 77160 PROVINS;Activités de poste dans le cadre d'une obligation de service universel;Responsable relation client (CRM);Entreprise susceptible de recruter (candidature spontanée);;;Apprentissage, Professionnalisation;;;35600000042190;1;https://labonnealternance.apprentissage.beta.gouv.fr/emploi/recruteurs_lba/35600000042190/la-poste
60.7;BRED Banque Populaire;Banque, crédit & assurance;NDRC;Provins;77160;14 RUE HUGUES LE GRAND 77160 PROVINS;Autres intermédiations monétaires;"Conseiller / Conseillère de clientèle bancaire ; Chargé / Chargée d'accueil en banque ; Conseiller / Conseillère en gestion de patrimoine";Entreprise susceptible de recruter (candidature spontanée);;;Apprentissage, Professionnalisation;;;55209179500278;3;https://labonnealternance.apprentissage.beta.gouv.fr/emploi/recruteurs_lba/55209179500278/bred-banque-populaire
60.7;CIC;Banque, crédit & assurance;NDRC;Provins;77160;30 RUE DE LA CORDONNERIE 77160 PROVINS;Autres intermédiations monétaires;"Conseiller / Conseillère de clientèle bancaire ; Chargé / Chargée d'accueil en banque ; Conseiller / Conseillère en gestion de patrimoine";Entreprise susceptible de recruter (candidature spontanée);;;Apprentissage, Professionnalisation;;;75480071202893;3;https://labonnealternance.apprentissage.beta.gouv.fr/emploi/recruteurs_lba/75480071202893/cic
60.7;LA SAINT JACQUOISE;Boulangerie & métiers de bouche;MCO;Ville-Saint-Jacques;77130;2 PLACE DE L'EGLISE 77130 VILLE-SAINT-JACQUES;Boulangerie et boulangerie-pâtisserie;Vendeur / Vendeuse en épicerie;Entreprise susceptible de recruter (candidature spontanée);;;Apprentissage, Professionnalisation;;;75116632300020;1;https://labonnealternance.apprentissage.beta.gouv.fr/emploi/recruteurs_lba/75116632300020/la-saint-jacquoise
60.7;LE RUBAN ROUGE;Boulangerie & métiers de bouche;MCO;Provins;77160;21 RUE HUGUES LE GRAND 77160 PROVINS;Boulangerie et boulangerie-pâtisserie;Vendeur / Vendeuse en épicerie;Entreprise susceptible de recruter (candidature spontanée);;;Apprentissage, Professionnalisation;;;91069930500017;1;https://labonnealternance.apprentissage.beta.gouv.fr/emploi/recruteurs_lba/91069930500017/le-ruban-rouge
60.7;SASU AU FOURNIL DE SAINT-AYOUL;Boulangerie & métiers de bouche;MCO;Provins;77160;39 RUE DE LA CORDONNERIE 77160 PROVINS;Boulangerie et boulangerie-pâtisserie;Vendeur / Vendeuse en épicerie;Entreprise susceptible de recruter (candidature spontanée);;;Apprentissage, Professionnalisation;;;83400063000014;1;https://labonnealternance.apprentissage.beta.gouv.fr/emploi/recruteurs_lba/83400063000014/sasu-au-fournil-de-saint-ayoul
60.8;CAISSE D'EPARGNE ET DE PREVOYANCE ILE-DE-FRANCE;Banque, crédit & assurance;NDRC;Provins;77160;1 RUE VICTOR ARNOUL 77160 PROVINS;Autres intermédiations monétaires;"Conseiller / Conseillère de clientèle bancaire ; Chargé / Chargée d'accueil en banque ; Conseiller / Conseillère en gestion de patrimoine";Entreprise susceptible de recruter (candidature spontanée);;;Apprentissage, Professionnalisation;;;38290094201137;3;https://labonnealternance.apprentissage.beta.gouv.fr/emploi/recruteurs_lba/38290094201137/caisse-d-epargne-et-de-prevoyance-ile-de-france
60.8;La Poste;La Poste & services publics;NDRC;Provins;77160;13 rue Edmond Nocard 77160 PROVINS;Activités de poste dans le cadre d'une obligation de service universel;Responsable relation client (CRM);Entreprise susceptible de recruter (candidature spontanée);;;Apprentissage, Professionnalisation;;;35600000042181;1;https://labonnealternance.apprentissage.beta.gouv.fr/emploi/recruteurs_lba/35600000042181/la-poste
60.8;MC DISTRIBUTION;High-tech, électroménager & télécoms;MCO + NDRC;Provins;77160;rue Francois Rayer 77160 PROVINS;Commerce de détail d'appareils électroménagers en magasin spécialisé;"Vendeur / Vendeuse en équipement de la maison ; Conseiller commercial / Conseillère commerciale auprès des particuliers ; Responsable relation client (CRM)";Entreprise susceptible de recruter (candidature spontanée);;;Apprentissage, Professionnalisation;;;97969706700028;3;https://labonnealternance.apprentissage.beta.gouv.fr/emploi/recruteurs_lba/97969706700028/mc-distribution
60.8;NOZ;Grande distribution & supermarchés;MCO;Provins;77160;avenue de Poigny 77160 PROVINS;Autres commerces de détail en magasin non spécialisé;"Employé / Employée de rayon libre-service ; Responsable de boutique ; Directeur / Directrice de magasin de grande distribution ; Hôte / Hôtesse de caisse ; Chef / Cheffe de rayon de produits non alimentaires";Entreprise susceptible de recruter (candidature spontanée);;;Apprentissage, Professionnalisation;;;98522148000017;5;https://labonnealternance.apprentissage.beta.gouv.fr/emploi/recruteurs_lba/98522148000017/noz
60.8;PROVINS LOCATION MATERIEL;Automobile & mobilité;NDRC;Provins;77160;8B AVENUE DE POIGNY 77160 PROVINS;Location et location-bail d'autres machines, équipements et biens matériels n.c.a.;Assistant commercial / Assistante commerciale;Entreprise susceptible de recruter (candidature spontanée);;;Apprentissage, Professionnalisation;;;34056316200023;1;https://labonnealternance.apprentissage.beta.gouv.fr/emploi/recruteurs_lba/34056316200023/provins-location-materiel
60.9;ASM;Commerce de gros / B2B;MCO + NDRC;Provins;77160;5 AVENUE DE LA VOULZIE 77160 PROVINS;Commerce de gros d'équipements automobiles;Vendeur / Vendeuse grossiste en équipement du foyer;Entreprise susceptible de recruter (candidature spontanée);;;Apprentissage, Professionnalisation;;;31549327000518;1;https://labonnealternance.apprentissage.beta.gouv.fr/emploi/recruteurs_lba/31549327000518/asm
60.9;CHAUSSEA;Mode, chaussures & accessoires;MCO;Provins;77160;12 AVENUE DE LA VOULZIE 77160 PROVINS;Commerce de détail de la chaussure;"Responsable de boutique ; Vendeur / Vendeuse en prêt-à-porter ; Vendeur / Vendeuse d'articles de sport et loisirs ; Gérant / Gérante de magasin d'alimentation générale ; Directeur / Directrice de magasin de grande distribution";Entreprise susceptible de recruter (candidature spontanée);;;Apprentissage, Professionnalisation;;;33026769107356;5;https://labonnealternance.apprentissage.beta.gouv.fr/emploi/recruteurs_lba/33026769107356/chaussea
60.9;DAJAN;Mode, chaussures & accessoires;MCO;Provins;77160;12 avenue de la Voulzie 77160 PROVINS;Commerce de détail d'habillement en magasin spécialisé;"Vendeur / Vendeuse en prêt-à-porter ; Responsable de boutique ; Hôte / Hôtesse de caisse ; Directeur / Directrice de magasin de grande distribution";Entreprise susceptible de recruter (candidature spontanée);;;Apprentissage, Professionnalisation;;;37795899600029;4;https://labonnealternance.apprentissage.beta.gouv.fr/emploi/recruteurs_lba/37795899600029/dajan
60.9;E. LECLERC;Grande distribution & supermarchés;MCO;Provins;77160;AVENUE DE LA VOULZIE 77160 PROVINS;Hypermarchés;"Employé / Employée de rayon libre-service ; Hôte / Hôtesse de caisse ; Chef / Cheffe de rayon produits alimentaires ; Vendeur / Vendeuse en épicerie";Entreprise susceptible de recruter (candidature spontanée);;;Apprentissage, Professionnalisation;;;45115624400019;4;https://labonnealternance.apprentissage.beta.gouv.fr/emploi/recruteurs_lba/45115624400019/e-leclerc
60.9;FP BOUTIQUES;Beauté, santé & parfumerie;MCO;Provins;77160;avenue de la Voulzie 77160 PROVINS;Commerce de détail de parfumerie et de produits de beauté en magasin spécialisé;"Responsable de boutique ; Employé / Employée de rayon libre-service";Entreprise susceptible de recruter (candidature spontanée);;;Apprentissage, Professionnalisation;;;48249626200015;2;https://labonnealternance.apprentissage.beta.gouv.fr/emploi/recruteurs_lba/48249626200015/fp-boutiques
60.9;FRANCE BOISSONS ILE DE FRANCE;Commerce de gros / B2B;NDRC;Marolles-Sur-Seine;77130;RUE DES TAUPES 77130 MAROLLES-SUR-SEINE;Commerce de gros (commerce interentreprises) de boissons;Commercial / Commerciale export;Entreprise susceptible de recruter (candidature spontanée);;;Apprentissage, Professionnalisation;;;57207906900314;1;https://labonnealternance.apprentissage.beta.gouv.fr/emploi/recruteurs_lba/57207906900314/france-boissons-ile-de-france
60.9;Intersport;Sport, loisirs & culture;MCO + NDRC;Provins;77160;AVENUE DE LA VOULZIE 77160 PROVINS;Commerce de détail d'articles de sport en magasin spécialisé;"Vendeur / Vendeuse d'articles de sport et loisirs ; Hôte / Hôtesse de caisse ; Chef / Cheffe de rayon de produits non alimentaires ; Vendeur / Vendeuse en prêt-à-porter ; Vendeur / Vendeuse grossiste en équipement du foyer";Entreprise susceptible de recruter (candidature spontanée);;;Apprentissage, Professionnalisation;;;95243671500025;5;https://labonnealternance.apprentissage.beta.gouv.fr/emploi/recruteurs_lba/95243671500025/intersport
60.9;VIDE GRENIER;Autres commerces de détail;MCO;Provins;77160;3B avenue de la Voulzie 77160 PROVINS;Commerce de détail de biens d'occasion en magasin;"Vendeur / Vendeuse en équipement de la maison ; Vendeur / Vendeuse en prêt-à-porter";Entreprise susceptible de recruter (candidature spontanée);;;Apprentissage, Professionnalisation;;;89940632600020;2;https://labonnealternance.apprentissage.beta.gouv.fr/emploi/recruteurs_lba/89940632600020/vide-grenier
61.0;ASSURANCES DE LA BRIE;Banque, crédit & assurance;NDRC;Provins;77160;14 rue de la Foire aux Chevaux 77160 PROVINS;Activités des agents et courtiers d'assurances;"Conseiller / Conseillère en assurances ; Conseiller / Conseillère en gestion de patrimoine";Entreprise susceptible de recruter (candidature spontanée);;;Apprentissage, Professionnalisation;;;85002310200054;2;https://labonnealternance.apprentissage.beta.gouv.fr/emploi/recruteurs_lba/85002310200054/assurances-de-la-brie
61.0;BRICO DEPOT;Maison, bricolage & jardin;MCO + NDRC;Cannes-Écluse;77130;77130 Cannes-Écluse;Commerce de détail de quincaillerie, peintures et verres en grandes surfaces (400 m2et plus);"Hôte / Hôtesse de caisse ; Vendeur / Vendeuse en équipement de la maison ; Vendeur / Vendeuse conseil en jardinerie ; Vendeur / Vendeuse grossiste en équipement du foyer ; Chef / Cheffe de secteur magasin ; Chef / Cheffe de rayon de produits non alimentaires";Entreprise susceptible de recruter (candidature spontanée);;;Apprentissage, Professionnalisation;;;45164790300835;6;https://labonnealternance.apprentissage.beta.gouv.fr/emploi/recruteurs_lba/45164790300835/brico-depot
61.0;DECATHLON;Sport, loisirs & culture;MCO + NDRC;Provins;77160;24 ROUTE DE CHAMPBENOIST 77160 PROVINS;Commerce de détail d'articles de sport en magasin spécialisé;"Vendeur / Vendeuse d'articles de sport et loisirs ; Hôte / Hôtesse de caisse ; Chef / Cheffe de rayon de produits non alimentaires ; Vendeur / Vendeuse en prêt-à-porter ; Vendeur / Vendeuse grossiste en équipement du foyer";Entreprise susceptible de recruter (candidature spontanée);;;Apprentissage, Professionnalisation;;;50056940502983;5;https://labonnealternance.apprentissage.beta.gouv.fr/emploi/recruteurs_lba/50056940502983/decathlon
61.0;DJ PROVINS;Automobile & mobilité;MCO + NDRC;Provins;77160;26 route de Champbenoist 77160 PROVINS;Commerce de détail d'équipements automobiles;"Conseiller / Conseillère de vente en pièces de rechange et accessoires de véhicules ; Conseiller / Conseillère client après-vente des véhicules";Entreprise susceptible de recruter (candidature spontanée);;;Apprentissage, Professionnalisation;;;51540257600026;2;https://labonnealternance.apprentissage.beta.gouv.fr/emploi/recruteurs_lba/51540257600026/dj-provins
61.0;DPL BRIARD AUTOMOBILE;Automobile & mobilité;MCO + NDRC;Provins;77160;26 ROUTE DE CHAMPBENOIST 77160 PROVINS;Commerce de voitures et de véhicules automobiles légers;"Vendeur / Vendeuse automobile ; Conseiller / Conseillère client après-vente des véhicules";Entreprise susceptible de recruter (candidature spontanée);;;Apprentissage, Professionnalisation;;;38254728900068;2;https://labonnealternance.apprentissage.beta.gouv.fr/emploi/recruteurs_lba/38254728900068/dpl-briard-automobile
61.0;GEPACK;Commerce de gros / B2B;NDRC;Marolles-Sur-Seine;77130;22 RUE DE LA CROIX SAINT JACQUES 77130 MAROLLES-SUR-SEINE;Commerce de gros (commerce interentreprises) d'autres produits intermédiaires;"Assistant commercial / Assistante commerciale ; Commercial / Commerciale auprès d'une clientèle d'entreprises";Entreprise susceptible de recruter (candidature spontanée);;;Apprentissage, Professionnalisation;;;51334634600044;2;https://labonnealternance.apprentissage.beta.gouv.fr/emploi/recruteurs_lba/51334634600044/gepack
61.1;ACTION FRANCE;Autres commerces de détail;NDRC;Provins;77160;SENTIER DE LA FONTAINE 77160 PROVINS;Autres commerces de détail spécialisés divers;Responsable relation client (CRM);Entreprise susceptible de recruter (candidature spontanée);;;Apprentissage, Professionnalisation;;;75330823800496;1;https://labonnealternance.apprentissage.beta.gouv.fr/emploi/recruteurs_lba/75330823800496/action-france
61.1;Résidence La Gallique;Immobilier;NDRC;Provins;77160;13 ROUTE DE CHAMPBENOIST 77160 PROVINS;LOCATION DE LOGEMENTS;Chargé / Chargée d'affaires immobilières;Entreprise susceptible de recruter (candidature spontanée);;;Apprentissage, Professionnalisation;;;75015761200334;1;https://labonnealternance.apprentissage.beta.gouv.fr/emploi/recruteurs_lba/75015761200334/residence-la-gallique
61.3;INTERMARCHE;Grande distribution & supermarchés;MCO;Provins;77160;15 AV DU MAL DE LATTRE DE TASSIGNY 77160 PROVINS;Hypermarchés;"Employé / Employée de rayon libre-service ; Hôte / Hôtesse de caisse ; Chef / Cheffe de rayon produits alimentaires ; Vendeur / Vendeuse en épicerie";Entreprise susceptible de recruter (candidature spontanée);;;Apprentissage, Professionnalisation;;;34698005500021;4;https://labonnealternance.apprentissage.beta.gouv.fr/emploi/recruteurs_lba/34698005500021/intermarche
62.0;BOUCHARD AGRICULTURE;Commerce de gros / B2B;MCO + NDRC;Saint-Brice;77160;77160 Saint-Brice;Commerce de gros (commerce interentreprises) de matériel agricole;Vendeur / Vendeuse grossiste en équipement du foyer;Entreprise susceptible de recruter (candidature spontanée);;;Apprentissage, Professionnalisation;;;42244978500019;1;https://labonnealternance.apprentissage.beta.gouv.fr/emploi/recruteurs_lba/42244978500019/bouchard-agriculture
62.5;BMCE;Commerce de gros / B2B;MCO;Esmans;77940;77940 Esmans;Commerce de gros (commerce interentreprises) de bois et de matériaux de construction;Alternance - Vendeur f/h (H/F);Offre partenaire (France Travail…);Alternance - Vendeur f/h (H/F);;Apprentissage;2026-09-16;;;1;https://labonnealternance.apprentissage.beta.gouv.fr/emploi/offres_emploi_partenaires/6aab15ef5743d160f9fa45fd/alternance-vendeur-f-h-h-f
63.7;La Poste;La Poste & services publics;NDRC;Saint-Pierre-Les-Nemours;77140;4 rue des Etangs 77140 SAINT-PIERRE-LES-NEMOURS;Activités de poste dans le cadre d'une obligation de service universel;Responsable relation client (CRM);Entreprise susceptible de recruter (candidature spontanée);;;Apprentissage, Professionnalisation;;;35600000070824;1;https://labonnealternance.apprentissage.beta.gouv.fr/emploi/recruteurs_lba/35600000070824/la-poste
63.7;SOCIETE DE PRODUCTION DE NEMOURS SOPRONEM;Industrie & énergie;NDRC;Saint-Pierre-Les-Nemours;77140;2 rue des Etangs 77140 SAINT-PIERRE-LES-NEMOURS;Fabrication de savons, détergents et produits d'entretien;Commercial / Commerciale grands comptes et entreprises;Entreprise susceptible de recruter (candidature spontanée);;;Apprentissage, Professionnalisation;;;81476254800026;1;https://labonnealternance.apprentissage.beta.gouv.fr/emploi/recruteurs_lba/81476254800026/societe-de-production-de-nemours-sopronem
64.0;BRICOMARCHE;Maison, bricolage & jardin;MCO + NDRC;Nemours;77140;rue Joseph Marie Jacquard 77140 NEMOURS;Commerce de détail de quincaillerie, peintures et verres en grandes surfaces (400 m2et plus);"Hôte / Hôtesse de caisse ; Vendeur / Vendeuse en équipement de la maison ; Vendeur / Vendeuse conseil en jardinerie ; Vendeur / Vendeuse grossiste en équipement du foyer ; Chef / Cheffe de secteur magasin ; Chef / Cheffe de rayon de produits non alimentaires";Entreprise susceptible de recruter (candidature spontanée);;;Apprentissage, Professionnalisation;;;40318469000028;6;https://labonnealternance.apprentissage.beta.gouv.fr/emploi/recruteurs_lba/40318469000028/bricomarche
64.0;FNAC;Autres commerces de détail;NDRC;Nemours;77140;rue Joseph Marie Jacquard 77140 NEMOURS;Autres commerces de détail spécialisés divers;Responsable relation client (CRM);Entreprise susceptible de recruter (candidature spontanée);;;Apprentissage, Professionnalisation;;;85250920700050;1;https://labonnealternance.apprentissage.beta.gouv.fr/emploi/recruteurs_lba/85250920700050/fnac
64.0;IF PRO;Autres commerces de détail;NDRC;Montargis;45200;31 Avenue Louis-Maurice Chautemps 45200 Montargis;Autres commerces de détail spécialisés divers;BTS Management Commercial Opérationnel en alternance;Offre publiée sur La bonne alternance;BTS Management Commercial Opérationnel en alternance;BTS, DEUST (Bac+2);Apprentissage;2026-09-01;;;1;https://labonnealternance.apprentissage.beta.gouv.fr/emploi/offres_emploi_lba/6a96885850bc4e06f86827e2/bts-management-commercial-operationnel-en-alternance
64.0;ROADY;Automobile & mobilité;MCO + NDRC;Nemours;77140;1 RUE JOSEPH MARIE JACQUARD 77140 NEMOURS;Commerce de voitures et de véhicules automobiles légers;"Vendeur / Vendeuse automobile ; Conseiller / Conseillère client après-vente des véhicules";Entreprise susceptible de recruter (candidature spontanée);;;Apprentissage, Professionnalisation;;;50201935900012;2;https://labonnealternance.apprentissage.beta.gouv.fr/emploi/recruteurs_lba/50201935900012/roady
64.2;Yves Rocher;Beauté, santé & parfumerie;MCO;Nemours;77140;Bd du Mal de Lattre de Tassigny 77140 Nemours;Commerce de détail de parfumerie et de produits de beauté en magasin spécialisé;"Responsable de boutique ; Employé / Employée de rayon libre-service";Entreprise susceptible de recruter (candidature spontanée);;;Apprentissage, Professionnalisation;;;80445996400024;2;https://labonnealternance.apprentissage.beta.gouv.fr/emploi/recruteurs_lba/80445996400024/yves-rocher
64.4;INTERMARCHE;Grande distribution & supermarchés;MCO;Nemours;77140;9001 PLACE DES HAUTEURS DU LOING 77140 NEMOURS;Hypermarchés;"Employé / Employée de rayon libre-service ; Hôte / Hôtesse de caisse ; Chef / Cheffe de rayon produits alimentaires ; Vendeur / Vendeuse en épicerie";Entreprise susceptible de recruter (candidature spontanée);;;Apprentissage, Professionnalisation;;;90725054200053;4;https://labonnealternance.apprentissage.beta.gouv.fr/emploi/recruteurs_lba/90725054200053/intermarche
64.4;KIABI;Mode, chaussures & accessoires;MCO;Nemours;77140;place des Hauteurs du Loing 77140 NEMOURS;Commerce de détail d'habillement en magasin spécialisé;"Vendeur / Vendeuse en prêt-à-porter ; Responsable de boutique ; Hôte / Hôtesse de caisse ; Directeur / Directrice de magasin de grande distribution";Entreprise susceptible de recruter (candidature spontanée);;;Apprentissage, Professionnalisation;;;48262834400012;4;https://labonnealternance.apprentissage.beta.gouv.fr/emploi/recruteurs_lba/48262834400012/kiabi
64.5;EUREXO SAS;Banque, crédit & assurance;NDRC;Nemours;77140;1 RUE HENRI NESTLE 77140 NEMOURS;Évaluation des risques et dommages;Souscripteur / Souscriptrice en assurances;Entreprise susceptible de recruter (candidature spontanée);;;Apprentissage, Professionnalisation;;;31554793500793;1;https://labonnealternance.apprentissage.beta.gouv.fr/emploi/recruteurs_lba/31554793500793/eurexo-sas
64.5;GARAGE JOURNEAU;Automobile & mobilité;MCO + NDRC;Saint-Pierre-Les-Nemours;77140;59 RUE DES PRES 77140 SAINT-PIERRE-LES-NEMOURS;Commerce de voitures et de véhicules automobiles légers;"Vendeur / Vendeuse automobile ; Conseiller / Conseillère client après-vente des véhicules";Entreprise susceptible de recruter (candidature spontanée);;;Apprentissage, Professionnalisation;;;79202062000011;2;https://labonnealternance.apprentissage.beta.gouv.fr/emploi/recruteurs_lba/79202062000011/garage-journeau
64.5;LES HALLES SAINT PIERRE;Boulangerie & métiers de bouche;MCO;Saint-Pierre-Les-Nemours;77140;51 rue des Pres 77140 SAINT-PIERRE-LES-NEMOURS;Autres commerces de détail alimentaires en magasin spécialisé;"Vendeur / Vendeuse en épicerie ; Employé / Employée de rayon libre-service ; Chef / Cheffe de rayon produits alimentaires ; Responsable de boutique";Entreprise susceptible de recruter (candidature spontanée);;;Apprentissage, Professionnalisation;;;92176810700010;4;https://labonnealternance.apprentissage.beta.gouv.fr/emploi/recruteurs_lba/92176810700010/les-halles-saint-pierre
64.7;S.L.K. MOTOS;Automobile & mobilité;NDRC;Nemours;77140;30 chemin des Mazes 77140 NEMOURS;Commerce et réparation de motocycles;"Conseiller commercial / Conseillère commerciale motocycles ; Conseiller / Conseillère client après-vente des véhicules";Entreprise susceptible de recruter (candidature spontanée);;;Apprentissage, Professionnalisation;;;43152278800030;2;https://labonnealternance.apprentissage.beta.gouv.fr/emploi/recruteurs_lba/43152278800030/s-l-k-motos
65.0;SANICHAUD NEMOURS;Commerce de gros / B2B;MCO + NDRC;Saint-Pierre-Les-Nemours;77140;21 RUE DU CLOS SAINT JEAN 77140 SAINT-PIERRE-LES-NEMOURS;Commerce de gros (commerce interentreprises) de matériel électrique;"Vendeur / Vendeuse grossiste en équipement du foyer ; Technico-commercial / Technico-commerciale";Entreprise susceptible de recruter (candidature spontanée);;;Apprentissage, Professionnalisation;;;70708002400144;2;https://labonnealternance.apprentissage.beta.gouv.fr/emploi/recruteurs_lba/70708002400144/sanichaud-nemours
65.2;CARREFOUR MARKET;Grande distribution & supermarchés;MCO;Saint-Pierre-Les-Nemours;77140;RUE DE LARCHANT 77140 SAINT-PIERRE-LES-NEMOURS;Supermarchés;"Employé / Employée de rayon libre-service ; Directeur / Directrice de magasin de grande distribution ; Hôte / Hôtesse de caisse ; Responsable de caisses ; Chef / Cheffe de rayon produits alimentaires";Entreprise susceptible de recruter (candidature spontanée);;;Apprentissage, Professionnalisation;;;44028375203329;5;https://labonnealternance.apprentissage.beta.gouv.fr/emploi/recruteurs_lba/44028375203329/carrefour-market
65.2;CATHERINE GORGET;Boulangerie & métiers de bouche;MCO;Gouaix;77114;7 RUE GRANDE 77114 GOUAIX;Boulangerie et boulangerie-pâtisserie;Vendeur / Vendeuse en épicerie;Entreprise susceptible de recruter (candidature spontanée);;;Apprentissage, Professionnalisation;;;45061541400023;1;https://labonnealternance.apprentissage.beta.gouv.fr/emploi/recruteurs_lba/45061541400023/catherine-gorget
65.3;BOULANGERIE DE LA GARE;Boulangerie & métiers de bouche;MCO;Nemours;77140;12 avenue Carnot 77140 NEMOURS;Boulangerie et boulangerie-pâtisserie;Vendeur / Vendeuse en épicerie;Entreprise susceptible de recruter (candidature spontanée);;;Apprentissage, Professionnalisation;;;94895265000018;1;https://labonnealternance.apprentissage.beta.gouv.fr/emploi/recruteurs_lba/94895265000018/boulangerie-de-la-gare
65.3;MAISON FEDILA;Boulangerie & métiers de bouche;MCO;Nemours;77140;7 RUE EUGENE THOISON 77140 NEMOURS;Boulangerie et boulangerie-pâtisserie;Vendeur / Vendeuse en épicerie;Entreprise susceptible de recruter (candidature spontanée);;;Apprentissage, Professionnalisation;;;45181150900020;1;https://labonnealternance.apprentissage.beta.gouv.fr/emploi/recruteurs_lba/45181150900020/maison-fedila
65.4;AGF;Banque, crédit & assurance;NDRC;Nemours;77140;70 AVENUE GAMBETTA 77140 NEMOURS;Activités des agents et courtiers d'assurances;"Conseiller / Conseillère en assurances ; Conseiller / Conseillère en gestion de patrimoine";Entreprise susceptible de recruter (candidature spontanée);;;Apprentissage, Professionnalisation;;;50146336800016;2;https://labonnealternance.apprentissage.beta.gouv.fr/emploi/recruteurs_lba/50146336800016/agf
65.5;Alternance Conseiller en vente - Misy-sur-Yonne (F/H);Non précisé;MCO;Misy-Sur-Yonne;77130;77130 Misy-sur-Yonne;;Alternance Conseiller en vente - Misy-sur-Yonne (F/H);Offre partenaire (France Travail…);Alternance Conseiller en vente - Misy-sur-Yonne (F/H);;Professionnalisation;2026-09-24;;;1;https://labonnealternance.apprentissage.beta.gouv.fr/emploi/offres_emploi_partenaires/6ab5a2457caaafd3f59783bd/alternance-conseiller-en-vente-misy-sur-yonne-f-h
65.5;ASUPER 2;Grande distribution & supermarchés;MCO;Nemours;77140;28 avenue du General De Gaulle 77140 NEMOURS;Supermarchés;"Employé / Employée de rayon libre-service ; Directeur / Directrice de magasin de grande distribution ; Hôte / Hôtesse de caisse ; Responsable de caisses ; Chef / Cheffe de rayon produits alimentaires";Entreprise susceptible de recruter (candidature spontanée);;;Apprentissage, Professionnalisation;;;98489329700122;5;https://labonnealternance.apprentissage.beta.gouv.fr/emploi/recruteurs_lba/98489329700122/asuper-2
65.5;BOUCHERIE CHARCUTERIE AUFRADET A.;Boulangerie & métiers de bouche;MCO + NDRC;Nemours;77140;29 PLACE DE LA REPUBLIQUE 77140 NEMOURS;Commerce de détail de viandes et de produits à base de viande en magasin spécialisé;"Vendeur / Vendeuse en épicerie ; Vendeur / Vendeuse grossiste en produits frais";Entreprise susceptible de recruter (candidature spontanée);;;Apprentissage, Professionnalisation;;;75054414000015;2;https://labonnealternance.apprentissage.beta.gouv.fr/emploi/recruteurs_lba/75054414000015/boucherie-charcuterie-aufradet-a
65.5;CAVE DE NEMOURS;Boulangerie & métiers de bouche;MCO;Nemours;77140;69 RUE DE PARIS 77140 NEMOURS;Commerce de détail de boissons en magasin spécialisé;Vendeur / Vendeuse en épicerie;Entreprise susceptible de recruter (candidature spontanée);;;Apprentissage, Professionnalisation;;;32611871800021;1;https://labonnealternance.apprentissage.beta.gouv.fr/emploi/recruteurs_lba/32611871800021/cave-de-nemours
65.5;CENTURY 21;Immobilier;NDRC;Nemours;77140;22 place de la Republique 77140 NEMOURS;Agences immobilières;Conseiller / Conseillère immobilier;Entreprise susceptible de recruter (candidature spontanée);;;Apprentissage, Professionnalisation;;;40146156100011;1;https://labonnealternance.apprentissage.beta.gouv.fr/emploi/recruteurs_lba/40146156100011/century-21
65.5;CREDIT LYONNAIS;Banque, crédit & assurance;NDRC;Nemours;77140;33 rue de Paris 77140 NEMOURS;Autres intermédiations monétaires;"Conseiller / Conseillère de clientèle bancaire ; Chargé / Chargée d'accueil en banque ; Conseiller / Conseillère en gestion de patrimoine";Entreprise susceptible de recruter (candidature spontanée);;;Apprentissage, Professionnalisation;;;95450974105978;3;https://labonnealternance.apprentissage.beta.gouv.fr/emploi/recruteurs_lba/95450974105978/credit-lyonnais
65.6;BRED Banque Populaire;Banque, crédit & assurance;NDRC;Nemours;77140;8 PLACE DE LA REPUBLIQUE 77140 NEMOURS;Autres intermédiations monétaires;"Conseiller / Conseillère de clientèle bancaire ; Chargé / Chargée d'accueil en banque ; Conseiller / Conseillère en gestion de patrimoine";Entreprise susceptible de recruter (candidature spontanée);;;Apprentissage, Professionnalisation;;;55209179501995;3;https://labonnealternance.apprentissage.beta.gouv.fr/emploi/recruteurs_lba/55209179501995/bred-banque-populaire
65.6;La Poste;La Poste & services publics;NDRC;Nemours;77140;8 rue des Tanneurs 77140 NEMOURS;Activités de poste dans le cadre d'une obligation de service universel;Responsable relation client (CRM);Entreprise susceptible de recruter (candidature spontanée);;;Apprentissage, Professionnalisation;;;35600000042118;1;https://labonnealternance.apprentissage.beta.gouv.fr/emploi/recruteurs_lba/35600000042118/la-poste
65.7;ORANGE;High-tech, électroménager & télécoms;MCO;Nemours;77140;6 RUE DES TANNEURS 77140 NEMOURS;Commerce de détail de matériels de télécommunication en magasin spécialisé;"Vendeur / Vendeuse en équipement de la maison ; Conseiller vendeur / Conseillère vendeuse à domicile ; Chef / Cheffe de rayon de produits non alimentaires";Entreprise susceptible de recruter (candidature spontanée);;;Apprentissage, Professionnalisation;;;43772384405208;3;https://labonnealternance.apprentissage.beta.gouv.fr/emploi/recruteurs_lba/43772384405208/orange
65.8;ASSISTANCE DEPANNAGE SERVICES 77;Automobile & mobilité;MCO + NDRC;Nemours;77140;22 RUE DEGREVILLE 77140 NEMOURS;Commerce de voitures et de véhicules automobiles légers;"Vendeur / Vendeuse automobile ; Conseiller / Conseillère client après-vente des véhicules";Entreprise susceptible de recruter (candidature spontanée);;;Apprentissage, Professionnalisation;;;51877138100010;2;https://labonnealternance.apprentissage.beta.gouv.fr/emploi/recruteurs_lba/51877138100010/assistance-depannage-services-77
65.8;GROUPEMENT EMPLOYEURS DES MEANCES;Services aux entreprises, conseil & communication;MCO;Sourdun;77171;126 RUE DE PARIS 77171 SOURDUN;Autre mise à disposition de ressources humaines;Chef / Cheffe de rayon produits alimentaires;Entreprise susceptible de recruter (candidature spontanée);;;Apprentissage, Professionnalisation;;;84139119600018;1;https://labonnealternance.apprentissage.beta.gouv.fr/emploi/recruteurs_lba/84139119600018/groupement-employeurs-des-meances
66.0;GROUPEMENT D'EMPLOYEURS LES CHARDON'S;Services aux entreprises, conseil & communication;MCO;Guercheville;77760;56 RUE GRANDE 77760 GUERCHEVILLE;Autre mise à disposition de ressources humaines;Chef / Cheffe de rayon produits alimentaires;Entreprise susceptible de recruter (candidature spontanée);;;Apprentissage, Professionnalisation;;;91187997100016;1;https://labonnealternance.apprentissage.beta.gouv.fr/emploi/recruteurs_lba/91187997100016/groupement-d-employeurs-les-chardon-s
66.0;WAFCORP;Vente à distance & e-commerce;MCO + NDRC;Gouaix;77114;4 rue du Chateau 77114 GOUAIX;Vente à distance sur catalogue spécialisé;"Conseiller vendeur / Conseillère vendeuse à domicile ; Vendeur / Vendeuse en prêt-à-porter ; Responsable de boutique ; Délégué médical hospitalier / Déléguée médicale hospitalière ; Chargé / Chargée de relation client";Entreprise susceptible de recruter (candidature spontanée);;;Apprentissage, Professionnalisation;;;98467740100015;5;https://labonnealternance.apprentissage.beta.gouv.fr/emploi/recruteurs_lba/98467740100015/wafcorp
66.4;Macif;Banque, crédit & assurance;NDRC;Nemours;77140;2 RUE D EGREVILLE 77140 NEMOURS;AUTRES ASSURANCES;"Conseiller / Conseillère en assurances ; Conseiller / Conseillère en gestion de patrimoine";Entreprise susceptible de recruter (candidature spontanée);;;Apprentissage, Professionnalisation;;;78145251103073;2;https://labonnealternance.apprentissage.beta.gouv.fr/emploi/recruteurs_lba/78145251103073/macif
67.0;NETTO;Grande distribution & supermarchés;MCO;Nemours;77140;110 AVENUE DE LYON 77140 NEMOURS;Supermarchés;"Employé / Employée de rayon libre-service ; Directeur / Directrice de magasin de grande distribution ; Hôte / Hôtesse de caisse ; Responsable de caisses ; Chef / Cheffe de rayon produits alimentaires";Entreprise susceptible de recruter (candidature spontanée);;;Apprentissage, Professionnalisation;;;80972091500010;5;https://labonnealternance.apprentissage.beta.gouv.fr/emploi/recruteurs_lba/80972091500010/netto
67.1;SUPER U;Grande distribution & supermarchés;MCO;Mousseaux-Les-Bray;77480;500 rue de la Sucrerie 77480 MOUSSEAUX-LES-BRAY;Supermarchés;"Employé / Employée de rayon libre-service ; Directeur / Directrice de magasin de grande distribution ; Hôte / Hôtesse de caisse ; Responsable de caisses ; Chef / Cheffe de rayon produits alimentaires";Entreprise susceptible de recruter (candidature spontanée);;;Apprentissage, Professionnalisation;;;41622001000522;5;https://labonnealternance.apprentissage.beta.gouv.fr/emploi/recruteurs_lba/41622001000522/super-u
67.2;BOULANGERIE DE LA HALLE;Boulangerie & métiers de bouche;MCO;Bray-Sur-Seine;77480;55 Grande Rue 77480 BRAY-SUR-SEINE;Boulangerie et boulangerie-pâtisserie;Vendeur / Vendeuse en épicerie;Entreprise susceptible de recruter (candidature spontanée);;;Apprentissage, Professionnalisation;;;53475597000017;1;https://labonnealternance.apprentissage.beta.gouv.fr/emploi/recruteurs_lba/53475597000017/boulangerie-de-la-halle
67.2;L'ATELIER DU GLANEUR;Maison, bricolage & jardin;MCO;Bray-Sur-Seine;77480;76 Grande Rue 77480 BRAY-SUR-SEINE;Commerce de détail de fleurs, plantes, graines, engrais, animaux de compagnie et aliments pour ces animaux en magasin spécialisé;"Responsable de boutique ; Vendeur / Vendeuse conseil en jardinerie ; Vendeur / Vendeuse en animalerie ; Hôte / Hôtesse de caisse ; Chef / Cheffe de rayon de produits non alimentaires";Entreprise susceptible de recruter (candidature spontanée);;;Apprentissage, Professionnalisation;;;91975297200019;5;https://labonnealternance.apprentissage.beta.gouv.fr/emploi/recruteurs_lba/91975297200019/l-atelier-du-glaneur
67.4;AGENCE DE L'HOTEL DE VILLE;Immobilier;NDRC;Bray-Sur-Seine;77480;1 rue de l Eglise 77480 BRAY-SUR-SEINE;Agences immobilières;Conseiller / Conseillère immobilier;Entreprise susceptible de recruter (candidature spontanée);;;Apprentissage, Professionnalisation;;;79299845200017;1;https://labonnealternance.apprentissage.beta.gouv.fr/emploi/recruteurs_lba/79299845200017/agence-de-l-hotel-de-ville
67.7;CARREFOUR MARKET;Grande distribution & supermarchés;MCO;Bray-Sur-Seine;77480;avenue de la Liberation 77480 BRAY-SUR-SEINE;Supermarchés;"Employé / Employée de rayon libre-service ; Directeur / Directrice de magasin de grande distribution ; Hôte / Hôtesse de caisse ; Responsable de caisses ; Chef / Cheffe de rayon produits alimentaires";Entreprise susceptible de recruter (candidature spontanée);;;Apprentissage, Professionnalisation;;;92228758600023;5;https://labonnealternance.apprentissage.beta.gouv.fr/emploi/recruteurs_lba/92228758600023/carrefour-market
68.1;CABINET DELASSUS;Immobilier;NDRC;Bray-Sur-Seine;77480;252 AVENUE ALAIN PEYREFITTE 77480 BRAY-SUR-SEINE;Activité des géomètres;Chargé / Chargée d'études commerciales;Entreprise susceptible de recruter (candidature spontanée);;;Apprentissage, Professionnalisation;;;51403556700015;1;https://labonnealternance.apprentissage.beta.gouv.fr/emploi/recruteurs_lba/51403556700015/cabinet-delassus
68.3;LETANG VALORISATION AGRICOLE;Services aux entreprises, conseil & communication;MCO;Hermé;77114;77114 Hermé;Autre mise à disposition de ressources humaines;Chef / Cheffe de rayon produits alimentaires;Entreprise susceptible de recruter (candidature spontanée);;;Apprentissage, Professionnalisation;;;48805813200017;1;https://labonnealternance.apprentissage.beta.gouv.fr/emploi/recruteurs_lba/48805813200017/letang-valorisation-agricole
69.0;HALLEUR DU BON PAIN;Boulangerie & métiers de bouche;MCO;Voulx;77940;30 GRANDE RUE 77940 VOULX;Boulangerie et boulangerie-pâtisserie;Vendeur / Vendeuse en épicerie;Entreprise susceptible de recruter (candidature spontanée);;;Apprentissage, Professionnalisation;;;81856383500011;1;https://labonnealternance.apprentissage.beta.gouv.fr/emploi/recruteurs_lba/81856383500011/halleur-du-bon-pain
69.1;MINI MARKET DE VOULX;Grande distribution & supermarchés;MCO;Voulx;77940;2 RUE HENRI DUROCHER 77940 VOULX;Commerce d'alimentation générale;"Employé / Employée de rayon libre-service ; Vendeur / Vendeuse en épicerie ; Hôte / Hôtesse de caisse ; Chef / Cheffe de rayon produits alimentaires ; Directeur / Directrice de magasin de grande distribution ; Gérant / Gérante de magasin d'alimentation générale";Entreprise susceptible de recruter (candidature spontanée);;;Apprentissage, Professionnalisation;;;82459711600014;6;https://labonnealternance.apprentissage.beta.gouv.fr/emploi/recruteurs_lba/82459711600014/mini-market-de-voulx
71.4;SOCIETE D'EXPLOITATION DU GARAGE VINCENT;Automobile & mobilité;MCO + NDRC;Lorrez-Le-Bocage-Préaux;77710;5 Zone d’Activite du Berceau 77710 Lorrez-le-Bocage-Préaux;Commerce de voitures et de véhicules automobiles légers;"Vendeur / Vendeuse automobile ; Conseiller / Conseillère client après-vente des véhicules";Entreprise susceptible de recruter (candidature spontanée);;;Apprentissage, Professionnalisation;;;32078654400025;2;https://labonnealternance.apprentissage.beta.gouv.fr/emploi/recruteurs_lba/32078654400025/societe-d-exploitation-du-garage-vincent
74.0;SOUPPES AUTOMOBILES SA;Automobile & mobilité;MCO + NDRC;Souppes-Sur-Loing;77460;115 AVENUE DU MARECHAL LECLERC 77460 SOUPPES-SUR-LOING;Commerce de voitures et de véhicules automobiles légers;"Vendeur / Vendeuse automobile ; Conseiller / Conseillère client après-vente des véhicules";Entreprise susceptible de recruter (candidature spontanée);;;Apprentissage, Professionnalisation;;;32306966600010;2;https://labonnealternance.apprentissage.beta.gouv.fr/emploi/recruteurs_lba/32306966600010/souppes-automobiles-sa
75.1;SARL BROSSIER;Boulangerie & métiers de bouche;MCO;Souppes-Sur-Loing;77460;8 PLACE DE LA REPUBLIQUE 77460 SOUPPES-SUR-LOING;Boulangerie et boulangerie-pâtisserie;Vendeur / Vendeuse en épicerie;Entreprise susceptible de recruter (candidature spontanée);;;Apprentissage, Professionnalisation;;;47798553500012;1;https://labonnealternance.apprentissage.beta.gouv.fr/emploi/recruteurs_lba/47798553500012/sarl-brossier
75.4;SUPER U;Grande distribution & supermarchés;MCO;Souppes-Sur-Loing;77460;32 Route d'Egreville 77460 Souppes-sur-Loing;Hypermarchés;"Employé / Employée de rayon libre-service ; Hôte / Hôtesse de caisse ; Chef / Cheffe de rayon produits alimentaires ; Vendeur / Vendeuse en épicerie";Entreprise susceptible de recruter (candidature spontanée);;;Apprentissage, Professionnalisation;;;42125513400130;4;https://labonnealternance.apprentissage.beta.gouv.fr/emploi/recruteurs_lba/42125513400130/super-u
77.3;SOEGREDIS;Grande distribution & supermarchés;MCO;Egreville;77620;ROUTE DE LORREZ 77620 EGREVILLE;Supermarchés;"Employé / Employée de rayon libre-service ; Directeur / Directrice de magasin de grande distribution ; Hôte / Hôtesse de caisse ; Responsable de caisses ; Chef / Cheffe de rayon produits alimentaires";Entreprise susceptible de recruter (candidature spontanée);;;Apprentissage, Professionnalisation;;;44129203400028;5;https://labonnealternance.apprentissage.beta.gouv.fr/emploi/recruteurs_lba/44129203400028/soegredis
78.5;SOCIETE COOPERATIVE AGRICOLE TERRES BOCAGE GATINAIS;Commerce de gros / B2B;MCO + NDRC;Château-Landon;77570;10 RUE DE LA GARE 77570 CHATEAU-LANDON;Commerce de gros (commerce interentreprises) de céréales, de tabac non manufacturé, de semences et d'aliments pour le bétail;"Vendeur / Vendeuse conseil en jardinerie ; Chef / Cheffe de rayon de produits non alimentaires ; Commercial / Commerciale grands comptes et entreprises";Entreprise susceptible de recruter (candidature spontanée);;;Apprentissage, Professionnalisation;;;78495550200041;3;https://labonnealternance.apprentissage.beta.gouv.fr/emploi/recruteurs_lba/78495550200041/societe-cooperative-agricole-terres-bocage-gatinais
78.6;MAIRET TRAITEUR;Boulangerie & métiers de bouche;MCO + NDRC;Château-Landon;77570;5 Place du Général Leclerc 77570 Château-Landon;Commerce de détail de viandes et de produits à base de viande en magasin spécialisé;"Vendeur / Vendeuse en épicerie ; Vendeur / Vendeuse grossiste en produits frais";Entreprise susceptible de recruter (candidature spontanée);;;Apprentissage, Professionnalisation;;;52256533200064;2;https://labonnealternance.apprentissage.beta.gouv.fr/emploi/recruteurs_lba/52256533200064/mairet-traiteur
78.7;SONOBI - CASE;Commerce de gros / B2B;MCO + NDRC;Egreville;77620;LE BOIS DES PLACES 77620 EGREVILLE;Commerce de gros (commerce interentreprises) de matériel agricole;Vendeur / Vendeuse grossiste en équipement du foyer;Entreprise susceptible de recruter (candidature spontanée);;;Apprentissage, Professionnalisation;;;35243751100111;1;https://labonnealternance.apprentissage.beta.gouv.fr/emploi/recruteurs_lba/35243751100111/sonobi-case
78.9;CARREFOUR MARKET;Grande distribution & supermarchés;MCO;Château-Landon;77570;12 RUE DE NISCEVILLE 77570 CHATEAU-LANDON;Supermarchés;"Employé / Employée de rayon libre-service ; Directeur / Directrice de magasin de grande distribution ; Hôte / Hôtesse de caisse ; Responsable de caisses ; Chef / Cheffe de rayon produits alimentaires";Entreprise susceptible de recruter (candidature spontanée);;;Apprentissage, Professionnalisation;;;81871359600034;5;https://labonnealternance.apprentissage.beta.gouv.fr/emploi/recruteurs_lba/81871359600034/carrefour-market
80.1;DEJARDIN DELEMARRE;Boulangerie & métiers de bouche;MCO;Beaumont-Du-Gatinais;77890;27 rue Montgaudier 77890 BEAUMONT-DU-GATINAIS;Boulangerie et boulangerie-pâtisserie;Vendeur / Vendeuse en épicerie;Entreprise susceptible de recruter (candidature spontanée);;;Apprentissage, Professionnalisation;;;91510037400015;1;https://labonnealternance.apprentissage.beta.gouv.fr/emploi/recruteurs_lba/91510037400015/dejardin-delemarre
80.5;LENOBLE AGRI;Commerce de gros / B2B;MCO + NDRC;Beaumont-Du-Gatinais;77890;route de Gaubertin 77890 BEAUMONT-DU-GATINAIS;Commerce de gros (commerce interentreprises) de matériel agricole;Vendeur / Vendeuse grossiste en équipement du foyer;Entreprise susceptible de recruter (candidature spontanée);;;Apprentissage, Professionnalisation;;;83228100000014;1;https://labonnealternance.apprentissage.beta.gouv.fr/emploi/recruteurs_lba/83228100000014/lenoble-agri
