Entreprise;Filière;Ville;CP;Adresse;Secteur;Métiers;Type;Intitulé;Niveau;Contrat;Publication;Organisme_école;SIRET;Pertinence;Lien
BY MY CAR;NDRC;;;MAISONS-ALFORT;Commerce et réparation de motocycles;"Conseiller commercial / Conseillère commerciale motocycles ; Conseiller / Conseillère client après-vente des véhicules";Entreprise susceptible de recruter (candidature spontanée);;;Apprentissage, Professionnalisation;;;80803458100039;2;https://labonnealternance.apprentissage.beta.gouv.fr/emploi/recruteurs_lba/80803458100039/by-my-car
COMPAGNIE FRANCAISE DE L'IMMOBILIER 2.0;NDRC;;;MONTREUIL;PROGRAMMATION INFORMATIQUE;Commercial / Commerciale export;Entreprise susceptible de recruter (candidature spontanée);;;Apprentissage, Professionnalisation;;;88535456300029;1;https://labonnealternance.apprentissage.beta.gouv.fr/emploi/recruteurs_lba/88535456300029/compagnie-francaise-de-l-immobilier-2-0
GROUPE DE VINCENNES;NDRC;;;VINCENNES;Autres intermédiations monétaires;"Conseiller / Conseillère de clientèle bancaire ; Chargé / Chargée d'accueil en banque ; Conseiller / Conseillère en gestion de patrimoine";Entreprise susceptible de recruter (candidature spontanée);;;Apprentissage, Professionnalisation;;;55212022228725;3;https://labonnealternance.apprentissage.beta.gouv.fr/emploi/recruteurs_lba/55212022228725/groupe-de-vincennes
LABORATOIRES IPRAD SANTE;MCO;;;GENTILLY;Fabrication de parfums et de produits pour la toilette;Conseiller vendeur / Conseillère vendeuse à domicile;Entreprise susceptible de recruter (candidature spontanée);;;Apprentissage, Professionnalisation;;;49049346700024;1;https://labonnealternance.apprentissage.beta.gouv.fr/emploi/recruteurs_lba/49049346700024/laboratoires-iprad-sante
NATURALIA;MCO;;;SAINT-MAUR-DES-FOSSES;Autres commerces de détail alimentaires en magasin spécialisé;"Vendeur / Vendeuse en épicerie ; Employé / Employée de rayon libre-service ; Chef / Cheffe de rayon produits alimentaires ; Responsable de boutique";Entreprise susceptible de recruter (candidature spontanée);;;Apprentissage, Professionnalisation;;;30247464801266;4;https://labonnealternance.apprentissage.beta.gouv.fr/emploi/recruteurs_lba/30247464801266/naturalia
NATURALIA;MCO;;;VINCENNES;Autres commerces de détail alimentaires en magasin spécialisé;"Vendeur / Vendeuse en épicerie ; Employé / Employée de rayon libre-service ; Chef / Cheffe de rayon produits alimentaires ; Responsable de boutique";Entreprise susceptible de recruter (candidature spontanée);;;Apprentissage, Professionnalisation;;;30247464800680;4;https://labonnealternance.apprentissage.beta.gouv.fr/emploi/recruteurs_lba/30247464800680/naturalia
NATURALIA;MCO;;;FONTENAY-SOUS-BOIS;Autres commerces de détail alimentaires en magasin spécialisé;"Vendeur / Vendeuse en épicerie ; Employé / Employée de rayon libre-service ; Chef / Cheffe de rayon produits alimentaires ; Responsable de boutique";Entreprise susceptible de recruter (candidature spontanée);;;Apprentissage, Professionnalisation;;;30247464801332;4;https://labonnealternance.apprentissage.beta.gouv.fr/emploi/recruteurs_lba/30247464801332/naturalia
NOJYK;NDRC;;;ALFORTVILLE;PROGRAMMATION INFORMATIQUE;Commercial / Commerciale export;Entreprise susceptible de recruter (candidature spontanée);;;Apprentissage, Professionnalisation;;;85063118500012;1;https://labonnealternance.apprentissage.beta.gouv.fr/emploi/recruteurs_lba/85063118500012/nojyk
SOCIETE GENERALE;NDRC;;;FONTENAY-SOUS-BOIS;Autres intermédiations monétaires;"Conseiller / Conseillère de clientèle bancaire ; Chargé / Chargée d'accueil en banque ; Conseiller / Conseillère en gestion de patrimoine";Entreprise susceptible de recruter (candidature spontanée);;;Apprentissage, Professionnalisation;;;55212022226786;3;https://labonnealternance.apprentissage.beta.gouv.fr/emploi/recruteurs_lba/55212022226786/societe-generale
STELLANTIS &YOU VINCENNES;MCO + NDRC;;;VINCENNES;Commerce de voitures et de véhicules automobiles légers;"Vendeur / Vendeuse automobile ; Conseiller / Conseillère client après-vente des véhicules";Entreprise susceptible de recruter (candidature spontanée);;;Apprentissage, Professionnalisation;;;30247504102261;2;https://labonnealternance.apprentissage.beta.gouv.fr/emploi/recruteurs_lba/30247504102261/stellantis-you-vincennes
LA MI DO RE;MCO;Ablon-Sur-Seine;94480;25 AVENUE GAMBETTA 94480 ABLON-SUR-SEINE;Boulangerie et boulangerie-pâtisserie;Vendeur / Vendeuse en épicerie;Entreprise susceptible de recruter (candidature spontanée);;;Apprentissage, Professionnalisation;;;83267425300014;1;https://labonnealternance.apprentissage.beta.gouv.fr/emploi/recruteurs_lba/83267425300014/la-mi-do-re
LE FOURNIL D'ABLON;MCO;Ablon-Sur-Seine;94480;25 rue du Bac 94480 ABLON-SUR-SEINE;Boulangerie et boulangerie-pâtisserie;Vendeur / Vendeuse en épicerie;Entreprise susceptible de recruter (candidature spontanée);;;Apprentissage, Professionnalisation;;;92278354300015;1;https://labonnealternance.apprentissage.beta.gouv.fr/emploi/recruteurs_lba/92278354300015/le-fournil-d-ablon
ALFORTDIS;MCO;Alfortville;94140;173 rue Veron 94140 ALFORTVILLE;Commerce d'alimentation générale;"Employé / Employée de rayon libre-service ; Vendeur / Vendeuse en épicerie ; Hôte / Hôtesse de caisse ; Chef / Cheffe de rayon produits alimentaires ; Directeur / Directrice de magasin de grande distribution ; Gérant / Gérante de magasin d'alimentation générale";Entreprise susceptible de recruter (candidature spontanée);;;Apprentissage, Professionnalisation;;;90840086400025;6;https://labonnealternance.apprentissage.beta.gouv.fr/emploi/recruteurs_lba/90840086400025/alfortdis
Alternance Assistant Commercial - Alfortville (F/H);NDRC;Alfortville;94140;94140 Alfortville;;"Responsable relation client (CRM) ; Alternance Assistant Commercial - Alfortville (F/H)";Offre partenaire (France Travail…);Alternance Assistant Commercial - Alfortville (F/H);;Professionnalisation;2026-08-28;;;2;https://labonnealternance.apprentissage.beta.gouv.fr/emploi/offres_emploi_partenaires/6a920a9ce67033cb14ec92dc/alternance-assistant-commercial-alfortville-f-h
ANONG DIGITAL;NDRC;Alfortville;94140;128 rue Veron 94140 ALFORTVILLE;PROGRAMMATION INFORMATIQUE;Commercial / Commerciale export;Entreprise susceptible de recruter (candidature spontanée);;;Apprentissage, Professionnalisation;;;90158626300021;1;https://labonnealternance.apprentissage.beta.gouv.fr/emploi/recruteurs_lba/90158626300021/anong-digital
ARKA;NDRC;Alfortville;94140;17 RUE DE MARSEILLE 94140 ALFORTVILLE;Commerce de gros (commerce interentreprises) de fournitures et équipements divers pour le commerce et les services;"Cadre Technico-commercial / Technico-commerciale ; Technico-commercial / Technico-commerciale ; Assistant commercial / Assistante commerciale";Entreprise susceptible de recruter (candidature spontanée);;;Apprentissage, Professionnalisation;;;91448482900017;3;https://labonnealternance.apprentissage.beta.gouv.fr/emploi/recruteurs_lba/91448482900017/arka
AUX DELICES;MCO;Alfortville;94140;226 RUE PAUL VAILLANT COUTURIER 94140 ALFORTVILLE;Boulangerie et boulangerie-pâtisserie;Vendeur / Vendeuse en épicerie;Entreprise susceptible de recruter (candidature spontanée);;;Apprentissage, Professionnalisation;;;49008285600017;1;https://labonnealternance.apprentissage.beta.gouv.fr/emploi/recruteurs_lba/49008285600017/aux-delices
B & S ALFORTVILLE;MCO;Alfortville;94140;168 rue Paul Vaillant Couturier 94140 ALFORTVILLE;Boulangerie et boulangerie-pâtisserie;Vendeur / Vendeuse en épicerie;Entreprise susceptible de recruter (candidature spontanée);;;Apprentissage, Professionnalisation;;;93017542700010;1;https://labonnealternance.apprentissage.beta.gouv.fr/emploi/recruteurs_lba/93017542700010/b-s-alfortville
BCAUTO ENCHERES;MCO + NDRC;Alfortville;94140;5 RUE CHARLES DE GAULLE 94140 ALFORTVILLE;Commerce de voitures et de véhicules automobiles légers;"Vendeur / Vendeuse automobile ; Conseiller / Conseillère client après-vente des véhicules";Entreprise susceptible de recruter (candidature spontanée);;;Apprentissage, Professionnalisation;;;44263311100095;2;https://labonnealternance.apprentissage.beta.gouv.fr/emploi/recruteurs_lba/44263311100095/bcauto-encheres
BLOQ.IT;NDRC;Alfortville;94140;17 allee Jean Baptiste Preux 94140 ALFORTVILLE;Commerce de gros (commerce interentreprises) de fournitures et équipements divers pour le commerce et les services;"Cadre Technico-commercial / Technico-commerciale ; Assistant commercial / Assistante commerciale ; Technico-commercial / Technico-commerciale";Entreprise susceptible de recruter (candidature spontanée);;;Apprentissage, Professionnalisation;;;95162051700023;3;https://labonnealternance.apprentissage.beta.gouv.fr/emploi/recruteurs_lba/95162051700023/bloq-it
BNP Paribas;NDRC;Alfortville;94140;161 rue Paul Vaillant Couturier 94140 ALFORTVILLE;Autres intermédiations monétaires;"Conseiller / Conseillère de clientèle bancaire ; Chargé / Chargée d'accueil en banque ; Conseiller / Conseillère en gestion de patrimoine";Entreprise susceptible de recruter (candidature spontanée);;;Apprentissage, Professionnalisation;;;66204244928692;3;https://labonnealternance.apprentissage.beta.gouv.fr/emploi/recruteurs_lba/66204244928692/bnp-paribas
CAISSE REGIONALE DE CREDIT MUTUEL D'ILE DE FRANCE;NDRC;Alfortville;94140;134 rue Paul Vaillant Couturier 94140 ALFORTVILLE;Autres intermédiations monétaires;"Conseiller / Conseillère de clientèle bancaire ; Chargé / Chargée d'accueil en banque ; Conseiller / Conseillère en gestion de patrimoine";Entreprise susceptible de recruter (candidature spontanée);;;Apprentissage, Professionnalisation;;;69204371400686;3;https://labonnealternance.apprentissage.beta.gouv.fr/emploi/recruteurs_lba/69204371400686/caisse-regionale-de-credit-mutuel-d-ile-de-france
CENTRALE D'ACHAT INTERNATIONAL;NDRC;Alfortville;94140;71 rue Etienne Dolet 94140 ALFORTVILLE;Commerce de gros (commerce interentreprises) non spécialisé;"Technico-commercial / Technico-commerciale ; Assistant commercial / Assistante commerciale ; Conseiller / Conseillère en gestion de patrimoine ; Commercial itinérant / Commerciale itinérante en entreprise de commerce de gros";Entreprise susceptible de recruter (candidature spontanée);;;Apprentissage, Professionnalisation;;;79902028400011;4;https://labonnealternance.apprentissage.beta.gouv.fr/emploi/recruteurs_lba/79902028400011/centrale-d-achat-international
COLD AND CO OU PAR CONTRACTION COLD &CO;MCO + NDRC;Alfortville;94140;Rue Volta 94140 Alfortville;COMMERCE DE GROS (COMMERCE INTERENTREPRISES) D'AUTRES BIENS DOMESTIQUES;"Assistant / Assistante administration des ventes ; Assistant commercial / Assistante commerciale";Entreprise susceptible de recruter (candidature spontanée);;;Apprentissage, Professionnalisation;;;52970705100049;2;https://labonnealternance.apprentissage.beta.gouv.fr/emploi/recruteurs_lba/52970705100049/cold-and-co-ou-par-contraction-cold-co
CONCEPT NUMERIQUE;NDRC;Alfortville;94140;2 RUE DE CHARENTON 94140 ALFORTVILLE;Commerce de gros (commerce interentreprises) d'ordinateurs, d'équipements informatiques périphériques et de logiciels;Technico-commercial / Technico-commerciale;Entreprise susceptible de recruter (candidature spontanée);;;Apprentissage, Professionnalisation;;;82156263400039;1;https://labonnealternance.apprentissage.beta.gouv.fr/emploi/recruteurs_lba/82156263400039/concept-numerique
CREDIT LYONNAIS;NDRC;Alfortville;94140;27 boulevard Carnot 94140 ALFORTVILLE;Autres intermédiations monétaires;"Conseiller / Conseillère de clientèle bancaire ; Chargé / Chargée d'accueil en banque ; Conseiller / Conseillère en gestion de patrimoine";Entreprise susceptible de recruter (candidature spontanée);;;Apprentissage, Professionnalisation;;;95450974121470;3;https://labonnealternance.apprentissage.beta.gouv.fr/emploi/recruteurs_lba/95450974121470/credit-lyonnais
DISPANO;NDRC;Alfortville;94140;2B ALLEE JEAN-BAPTISTE PREUX 94140 ALFORTVILLE;Commerce de gros (commerce interentreprises) de bois et de matériaux de construction;"Technico-commercial / Technico-commerciale ; Commercial itinérant / Commerciale itinérante en entreprise de commerce de gros";Entreprise susceptible de recruter (candidature spontanée);;;Apprentissage, Professionnalisation;;;50810215900052;2;https://labonnealternance.apprentissage.beta.gouv.fr/emploi/recruteurs_lba/50810215900052/dispano
DOXALLIA;NDRC;Alfortville;94140;RUE FELIX MOTHIRON 94140 ALFORTVILLE;Traitement de données, hébergement et activités connexes;Conseiller / Conseillère en gestion de patrimoine;Entreprise susceptible de recruter (candidature spontanée);;;Apprentissage, Professionnalisation;;;39777530500048;1;https://labonnealternance.apprentissage.beta.gouv.fr/emploi/recruteurs_lba/39777530500048/doxallia
EMC;MCO;Alfortville;94140;2 place de la Gare 94140 ALFORTVILLE;Boulangerie et boulangerie-pâtisserie;Vendeur / Vendeuse en épicerie;Entreprise susceptible de recruter (candidature spontanée);;;Apprentissage, Professionnalisation;;;90098467500026;1;https://labonnealternance.apprentissage.beta.gouv.fr/emploi/recruteurs_lba/90098467500026/emc
EXTINCTEURS FULGOR BEPPI S.I.F;NDRC;Alfortville;94140;4ter Rue Volta 94140 Alfortville;Commerce de gros (commerce interentreprises) de fournitures et équipements industriels divers;"Technico-commercial / Technico-commerciale ; Attaché commercial / Attachée commerciale";Entreprise susceptible de recruter (candidature spontanée);;;Apprentissage, Professionnalisation;;;34968855600027;2;https://labonnealternance.apprentissage.beta.gouv.fr/emploi/recruteurs_lba/34968855600027/extincteurs-fulgor-beppi-s-i-f
GARDEN DESIGN;MCO + NDRC;Alfortville;94140;45 quai Blanqui 94140 ALFORTVILLE;Commerce de gros (commerce interentreprises) de fleurs et plantes;"Vendeur / Vendeuse conseil en jardinerie ; Vendeur / Vendeuse grossiste en produits frais";Entreprise susceptible de recruter (candidature spontanée);;;Apprentissage, Professionnalisation;;;94786567100012;2;https://labonnealternance.apprentissage.beta.gouv.fr/emploi/recruteurs_lba/94786567100012/garden-design
HAPPY DAYS IN PARIS;MCO + NDRC;Alfortville;94140;5 rue Parmentier 94140 ALFORTVILLE;COMMERCE DE GROS (COMMERCE INTERENTREPRISES) D'AUTRES BIENS DOMESTIQUES;"Assistant / Assistante administration des ventes ; Assistant commercial / Assistante commerciale";Entreprise susceptible de recruter (candidature spontanée);;;Apprentissage, Professionnalisation;;;49397573400051;2;https://labonnealternance.apprentissage.beta.gouv.fr/emploi/recruteurs_lba/49397573400051/happy-days-in-paris
INGENIERIE CONSEIL ET EQUIPEMENT GROUPE;NDRC;Alfortville;94140;11 rue Marcel Sembat 94140 ALFORTVILLE;Services administratifs combinés de bureau;Conseiller / Conseillère immobilier;Entreprise susceptible de recruter (candidature spontanée);;;Apprentissage, Professionnalisation;;;54201478200024;1;https://labonnealternance.apprentissage.beta.gouv.fr/emploi/recruteurs_lba/54201478200024/ingenierie-conseil-et-equipement-groupe
INTERMARCHE;MCO;Alfortville;94140;4 BOULEVARD CARNOT 94140 ALFORTVILLE;Commerce d'alimentation générale;"Employé / Employée de rayon libre-service ; Vendeur / Vendeuse en épicerie ; Hôte / Hôtesse de caisse ; Chef / Cheffe de rayon produits alimentaires ; Directeur / Directrice de magasin de grande distribution ; Gérant / Gérante de magasin d'alimentation générale";Entreprise susceptible de recruter (candidature spontanée);;;Apprentissage, Professionnalisation;;;90216563800013;6;https://labonnealternance.apprentissage.beta.gouv.fr/emploi/recruteurs_lba/90216563800013/intermarche
L'EPI D'OR;MCO;Alfortville;94140;37 RUE DU PRESIDENT KENNEDY 94140 ALFORTVILLE;Boulangerie et boulangerie-pâtisserie;Vendeur / Vendeuse en épicerie;Entreprise susceptible de recruter (candidature spontanée);;;Apprentissage, Professionnalisation;;;85133243700017;1;https://labonnealternance.apprentissage.beta.gouv.fr/emploi/recruteurs_lba/85133243700017/l-epi-d-or
LA PLATEFORME DU BATIMENT;NDRC;Alfortville;94140;9 CHEMIN DE VILLENEUVE ST GEORGES 94140 ALFORTVILLE;Commerce de gros (commerce interentreprises) de bois et de matériaux de construction;"Technico-commercial / Technico-commerciale ; Commercial itinérant / Commerciale itinérante en entreprise de commerce de gros";Entreprise susceptible de recruter (candidature spontanée);;;Apprentissage, Professionnalisation;;;40310425000341;2;https://labonnealternance.apprentissage.beta.gouv.fr/emploi/recruteurs_lba/40310425000341/la-plateforme-du-batiment
La Poste;NDRC;Alfortville;94140;3 place Salvador Allende 94140 ALFORTVILLE;Activités de poste dans le cadre d'une obligation de service universel;Responsable relation client (CRM);Entreprise susceptible de recruter (candidature spontanée);;;Apprentissage, Professionnalisation;;;35600000050227;1;https://labonnealternance.apprentissage.beta.gouv.fr/emploi/recruteurs_lba/35600000050227/la-poste
LEADER PRICE;MCO;Alfortville;94140;RUE DU PORT A L ANGLAIS 94140 ALFORTVILLE;Commerce d'alimentation générale;"Employé / Employée de rayon libre-service ; Vendeur / Vendeuse en épicerie ; Hôte / Hôtesse de caisse ; Chef / Cheffe de rayon produits alimentaires ; Directeur / Directrice de magasin de grande distribution ; Gérant / Gérante de magasin d'alimentation générale";Entreprise susceptible de recruter (candidature spontanée);;;Apprentissage, Professionnalisation;;;52988277100023;6;https://labonnealternance.apprentissage.beta.gouv.fr/emploi/recruteurs_lba/52988277100023/leader-price
LMB;NDRC;Alfortville;94140;18 RUE CHARLES DE GAULLE 94140 ALFORTVILLE;Agences immobilières;Conseiller / Conseillère immobilier;Entreprise susceptible de recruter (candidature spontanée);;;Apprentissage, Professionnalisation;;;33787621300030;1;https://labonnealternance.apprentissage.beta.gouv.fr/emploi/recruteurs_lba/33787621300030/lmb
MINERO;MCO + NDRC;Alfortville;94140;22 rue des Pivoines 94140 ALFORTVILLE;Vente à distance sur catalogue spécialisé;"Conseiller vendeur / Conseillère vendeuse à domicile ; Vendeur / Vendeuse en prêt-à-porter ; Responsable de boutique ; Délégué médical hospitalier / Déléguée médicale hospitalière ; Chargé / Chargée de relation client";Entreprise susceptible de recruter (candidature spontanée);;;Apprentissage, Professionnalisation;;;92232270600016;5;https://labonnealternance.apprentissage.beta.gouv.fr/emploi/recruteurs_lba/92232270600016/minero
MIRALINE;MCO;Alfortville;94140;189 rue Paul Vaillant Couturier 94140 ALFORTVILLE;Supermarchés;"Employé / Employée de rayon libre-service ; Directeur / Directrice de magasin de grande distribution ; Hôte / Hôtesse de caisse ; Responsable de caisses ; Chef / Cheffe de rayon produits alimentaires";Entreprise susceptible de recruter (candidature spontanée);;;Apprentissage, Professionnalisation;;;85018245200019;5;https://labonnealternance.apprentissage.beta.gouv.fr/emploi/recruteurs_lba/85018245200019/miraline
OUTOKUMPU DISTRIBUTION FRANCE;NDRC;Alfortville;94140;15 allee Jean Baptiste Preux 94140 ALFORTVILLE;Commerce de gros (commerce interentreprises) de minerais et métaux;"Commercial itinérant / Commerciale itinérante en entreprise de commerce de gros ; Attaché commercial / Attachée commerciale";Entreprise susceptible de recruter (candidature spontanée);;;Apprentissage, Professionnalisation;;;31497542600110;2;https://labonnealternance.apprentissage.beta.gouv.fr/emploi/recruteurs_lba/31497542600110/outokumpu-distribution-france
PHELWINE-SECURITE;MCO;Alfortville;94140;25 rue de Dijon 94140 ALFORTVILLE;Autres activités de soutien aux entreprises n.c.a.;Animateur / Animatrice des ventes;Entreprise susceptible de recruter (candidature spontanée);;;Apprentissage, Professionnalisation;;;81516517000029;1;https://labonnealternance.apprentissage.beta.gouv.fr/emploi/recruteurs_lba/81516517000029/phelwine-securite
POINT P.;NDRC;Alfortville;94140;19 QUAI DE LA REVOLUTION 94140 ALFORTVILLE;Commerce de gros (commerce interentreprises) de bois et de matériaux de construction;"Technico-commercial / Technico-commerciale ; Commercial itinérant / Commerciale itinérante en entreprise de commerce de gros";Entreprise susceptible de recruter (candidature spontanée);;;Apprentissage, Professionnalisation;;;69568010800740;2;https://labonnealternance.apprentissage.beta.gouv.fr/emploi/recruteurs_lba/69568010800740/point-p
PROCOMM MMC;NDRC;Alfortville;94140;86bis Quai Blanqui 94140 Alfortville;Commerce de gros (commerce interentreprises) d'ordinateurs, d'équipements informatiques périphériques et de logiciels;Technico-commercial / Technico-commerciale;Entreprise susceptible de recruter (candidature spontanée);;;Apprentissage, Professionnalisation;;;32817875100074;1;https://labonnealternance.apprentissage.beta.gouv.fr/emploi/recruteurs_lba/32817875100074/procomm-mmc
REVES DE FEES;MCO + NDRC;Alfortville;94140;93 rue Paul Vaillant Couturier 94140 ALFORTVILLE;Commerce de détail d'autres équipements du foyer;"Vendeur / Vendeuse en équipement de la maison ; Employé / Employée de rayon libre-service ; Responsable de boutique ; Hôte / Hôtesse de caisse ; Vendeur / Vendeuse grossiste en équipement du foyer ; Conseiller commercial / Conseillère commerciale auprès des particuliers";Entreprise susceptible de recruter (candidature spontanée);;;Apprentissage, Professionnalisation;;;45151177800024;6;https://labonnealternance.apprentissage.beta.gouv.fr/emploi/recruteurs_lba/45151177800024/reves-de-fees
S.N.D.S;MCO;Alfortville;94140;2B PLACE DE LA GARE 94140 ALFORTVILLE;Commerce d'alimentation générale;"Employé / Employée de rayon libre-service ; Vendeur / Vendeuse en épicerie ; Hôte / Hôtesse de caisse ; Chef / Cheffe de rayon produits alimentaires ; Directeur / Directrice de magasin de grande distribution ; Gérant / Gérante de magasin d'alimentation générale";Entreprise susceptible de recruter (candidature spontanée);;;Apprentissage, Professionnalisation;;;90059972100017;6;https://labonnealternance.apprentissage.beta.gouv.fr/emploi/recruteurs_lba/90059972100017/s-n-d-s
SARL FRANCK LAMET;MCO;Alfortville;94140;1 PLACE FRANCOIS MITTERRAND 94140 ALFORTVILLE;Boulangerie et boulangerie-pâtisserie;Vendeur / Vendeuse en épicerie;Entreprise susceptible de recruter (candidature spontanée);;;Apprentissage, Professionnalisation;;;49199571800013;1;https://labonnealternance.apprentissage.beta.gouv.fr/emploi/recruteurs_lba/49199571800013/sarl-franck-lamet
SAS ATTAYBETE;MCO + NDRC;Alfortville;94140;178B rue Paul Vaillant Couturier 94140 ALFORTVILLE;Commerce de détail de viandes et de produits à base de viande en magasin spécialisé;"Vendeur / Vendeuse en épicerie ; Vendeur / Vendeuse grossiste en produits frais";Entreprise susceptible de recruter (candidature spontanée);;;Apprentissage, Professionnalisation;;;82161654700013;2;https://labonnealternance.apprentissage.beta.gouv.fr/emploi/recruteurs_lba/82161654700013/sas-attaybete
SAS NICOLAS SIMONETTI;MCO;Alfortville;94140;5 RUE DE GRENOBLE 94140 ALFORTVILLE;Boulangerie et boulangerie-pâtisserie;Vendeur / Vendeuse en épicerie;Entreprise susceptible de recruter (candidature spontanée);;;Apprentissage, Professionnalisation;;;89986169400011;1;https://labonnealternance.apprentissage.beta.gouv.fr/emploi/recruteurs_lba/89986169400011/sas-nicolas-simonetti
SECOND STEP;MCO + NDRC;Alfortville;94140;8 rue des Lilas 94140 ALFORTVILLE;Vente à distance sur catalogue spécialisé;"Conseiller vendeur / Conseillère vendeuse à domicile ; Vendeur / Vendeuse en prêt-à-porter ; Responsable de boutique ; Délégué médical hospitalier / Déléguée médicale hospitalière ; Chargé / Chargée de relation client";Entreprise susceptible de recruter (candidature spontanée);;;Apprentissage, Professionnalisation;;;97795711700012;5;https://labonnealternance.apprentissage.beta.gouv.fr/emploi/recruteurs_lba/97795711700012/second-step
SIMMALA FLOWER TIME;MCO;Alfortville;94140;169 rue Paul Vaillant Couturier 94140 ALFORTVILLE;Commerce de détail de fleurs, plantes, graines, engrais, animaux de compagnie et aliments pour ces animaux en magasin spécialisé;"Responsable de boutique ; Vendeur / Vendeuse conseil en jardinerie ; Vendeur / Vendeuse en animalerie ; Hôte / Hôtesse de caisse ; Chef / Cheffe de rayon de produits non alimentaires";Entreprise susceptible de recruter (candidature spontanée);;;Apprentissage, Professionnalisation;;;51879406000013;5;https://labonnealternance.apprentissage.beta.gouv.fr/emploi/recruteurs_lba/51879406000013/simmala-flower-time
SMABTP;NDRC;Alfortville;94140;5 RUE CHARLES DE GAULLE 94140 ALFORTVILLE;AUTRES ASSURANCES;"Conseiller / Conseillère en assurances ; Conseiller / Conseillère en gestion de patrimoine";Entreprise susceptible de recruter (candidature spontanée);;;Apprentissage, Professionnalisation;;;77568476401926;2;https://labonnealternance.apprentissage.beta.gouv.fr/emploi/recruteurs_lba/77568476401926/smabtp
SMILE VOYAGES;MCO;Alfortville;94140;132 RUE PAUL VAILLANT COUTURIER 94140 ALFORTVILLE;Activités des agences de voyage;"Employé / Employée de rayon libre-service ; Hôte / Hôtesse de caisse";Entreprise susceptible de recruter (candidature spontanée);;;Apprentissage, Professionnalisation;;;85056772800025;2;https://labonnealternance.apprentissage.beta.gouv.fr/emploi/recruteurs_lba/85056772800025/smile-voyages
SOCIETE GENERALE;NDRC;Alfortville;94140;178 RUE PAUL VAILLANT COUTURIER 94140 ALFORTVILLE;Autres intermédiations monétaires;"Conseiller / Conseillère de clientèle bancaire ; Chargé / Chargée d'accueil en banque ; Conseiller / Conseillère en gestion de patrimoine";Entreprise susceptible de recruter (candidature spontanée);;;Apprentissage, Professionnalisation;;;55212022216886;3;https://labonnealternance.apprentissage.beta.gouv.fr/emploi/recruteurs_lba/55212022216886/societe-generale
Action;MCO;Arcueil;94110;73 AVENUE ARISTIDE BRIAND 94110 ARCUEIL;Autres commerces de détail en magasin non spécialisé;"Employé / Employée de rayon libre-service ; Responsable de boutique ; Hôte / Hôtesse de caisse ; Directeur / Directrice de magasin de grande distribution ; Chef / Cheffe de rayon de produits non alimentaires ; Chef / Cheffe de rayon produits alimentaires";Entreprise susceptible de recruter (candidature spontanée);;;Apprentissage, Professionnalisation;;;75330823805115;6;https://labonnealternance.apprentissage.beta.gouv.fr/emploi/recruteurs_lba/75330823805115/action
ALDI MARCHE;MCO;Arcueil;94110;avenue Paul Vaillant Couturier 94110 ARCUEIL;Supermarchés;"Employé / Employée de rayon libre-service ; Directeur / Directrice de magasin de grande distribution ; Hôte / Hôtesse de caisse ; Responsable de caisses ; Chef / Cheffe de rayon produits alimentaires";Entreprise susceptible de recruter (candidature spontanée);;;Apprentissage, Professionnalisation;;;41459903501228;5;https://labonnealternance.apprentissage.beta.gouv.fr/emploi/recruteurs_lba/41459903501228/aldi-marche
Alternance Conseiller administratif et commercial - Arcueil (F/H);NDRC;Arcueil;94110;94110 Arcueil;;"Conseiller / Conseillère en assurances ; Alternance Conseiller administratif et commercial - Arcueil (F/H)";Offre partenaire (France Travail…);Alternance Conseiller administratif et commercial - Arcueil (F/H);;Professionnalisation;2026-09-11;;;2;https://labonnealternance.apprentissage.beta.gouv.fr/emploi/offres_emploi_partenaires/6aa47e19d4cd2f3dc010cbec/alternance-conseiller-administratif-et-commercial-arcueil-f-h
ARAMIS;MCO + NDRC;Arcueil;94110;23 AVENUE ARISTIDE BRIAND 94110 ARCUEIL;Commerce de voitures et de véhicules automobiles légers;"Vendeur / Vendeuse automobile ; Conseiller / Conseillère client après-vente des véhicules";Entreprise susceptible de recruter (candidature spontanée);;;Apprentissage, Professionnalisation;;;43928926500316;2;https://labonnealternance.apprentissage.beta.gouv.fr/emploi/recruteurs_lba/43928926500316/aramis
ARCEOS;MCO;Arcueil;94110;24 avenue Vladimir Ilitch Lenine 94110 ARCUEIL;Autres activités de soutien aux entreprises n.c.a.;Animateur / Animatrice des ventes;Entreprise susceptible de recruter (candidature spontanée);;;Apprentissage, Professionnalisation;;;81214464000040;1;https://labonnealternance.apprentissage.beta.gouv.fr/emploi/recruteurs_lba/81214464000040/arceos
ARCUEIL MOTO;NDRC;Arcueil;94110;91 RUE MARIUS SIDOBRE 94110 ARCUEIL;Commerce et réparation de motocycles;"Conseiller commercial / Conseillère commerciale motocycles ; Conseiller / Conseillère client après-vente des véhicules";Entreprise susceptible de recruter (candidature spontanée);;;Apprentissage, Professionnalisation;;;80140777600013;2;https://labonnealternance.apprentissage.beta.gouv.fr/emploi/recruteurs_lba/80140777600013/arcueil-moto
ARCUEIL SPORT;MCO + NDRC;Arcueil;94110;1 PLACE DE LA VACHE NOIRE 94110 ARCUEIL;Commerce de détail d'articles de sport en magasin spécialisé;"Vendeur / Vendeuse d'articles de sport et loisirs ; Hôte / Hôtesse de caisse ; Chef / Cheffe de rayon de produits non alimentaires ; Vendeur / Vendeuse en prêt-à-porter ; Vendeur / Vendeuse grossiste en équipement du foyer";Entreprise susceptible de recruter (candidature spontanée);;;Apprentissage, Professionnalisation;;;95141121400020;5;https://labonnealternance.apprentissage.beta.gouv.fr/emploi/recruteurs_lba/95141121400020/arcueil-sport
Autodistribution;MCO + NDRC;Arcueil;94110;22 avenue Aristide Briand 94110 ARCUEIL;Centrales d'achat non alimentaires;"Responsable de boutique ; Vendeur / Vendeuse d'articles de sport et loisirs ; Vendeur / Vendeuse conseil en jardinerie ; Chef / Cheffe de secteur magasin ; Conseiller commercial / Conseillère commerciale auprès des particuliers";Entreprise susceptible de recruter (candidature spontanée);;;Apprentissage, Professionnalisation;;;96222735100054;5;https://labonnealternance.apprentissage.beta.gouv.fr/emploi/recruteurs_lba/96222735100054/autodistribution
BANQUE ALIMENTAIRE PARIS ILE DE FRANCE;NDRC;Arcueil;94110;15 AVENUE JEANNE D'ARC 94110 ARCUEIL;Action sociale sans hébergement n.c.a.;Attaché commercial / Attachée commerciale;Offre publiée sur La bonne alternance;Développement des ressources;Master, titre ingénieur, grande école (Bac+5);Apprentissage;2026-09-03;;;1;https://labonnealternance.apprentissage.beta.gouv.fr/emploi/offres_emploi_lba/6a9935c1412e1fb92bcb418c/developpement-des-ressources
BL MEDICAL;MCO + NDRC;Arcueil;94110;114 RUE CAMILLE DESMOULINS 94110 ARCUEIL;Commerce de détail d'articles médicaux et orthopédiques en magasin spécialisé;Délégué médical hospitalier / Déléguée médicale hospitalière;Entreprise susceptible de recruter (candidature spontanée);;;Apprentissage, Professionnalisation;;;40771119100020;2;https://labonnealternance.apprentissage.beta.gouv.fr/emploi/recruteurs_lba/40771119100020/bl-medical
Carrefour;MCO;Arcueil;94110;75 AVENUE ARISTIDE BRIAND 94110 ARCUEIL;Hypermarchés;"Employé / Employée de rayon libre-service ; Hôte / Hôtesse de caisse ; Chef / Cheffe de rayon produits alimentaires ; Vendeur / Vendeuse en épicerie";Entreprise susceptible de recruter (candidature spontanée);;;Apprentissage, Professionnalisation;;;78692030601026;4;https://labonnealternance.apprentissage.beta.gouv.fr/emploi/recruteurs_lba/78692030601026/carrefour
CENTRE DE BEAUTE YVES ROCHER;MCO;Arcueil;94110;place de La Vache Noire 94110 ARCUEIL;Commerce de détail de parfumerie et de produits de beauté en magasin spécialisé;"Responsable de boutique ; Employé / Employée de rayon libre-service";Entreprise susceptible de recruter (candidature spontanée);;;Apprentissage, Professionnalisation;;;38791962402079;2;https://labonnealternance.apprentissage.beta.gouv.fr/emploi/recruteurs_lba/38791962402079/centre-de-beaute-yves-rocher
CLAIRE 'S;NDRC;Arcueil;94110;94110 Arcueil;Autres commerces de détail spécialisés divers;Responsable relation client (CRM);Entreprise susceptible de recruter (candidature spontanée);;;Apprentissage, Professionnalisation;;;34283741602462;1;https://labonnealternance.apprentissage.beta.gouv.fr/emploi/recruteurs_lba/34283741602462/claire-s
COLIN LOCATION;MCO + NDRC;Arcueil;94110;41 AVENUE ARISTIDE BRIAND 94110 ARCUEIL;Commerce de voitures et de véhicules automobiles légers;"Vendeur / Vendeuse automobile ; Conseiller / Conseillère client après-vente des véhicules";Entreprise susceptible de recruter (candidature spontanée);;;Apprentissage, Professionnalisation;;;77572708400037;2;https://labonnealternance.apprentissage.beta.gouv.fr/emploi/recruteurs_lba/77572708400037/colin-location
CRC ARCUEIL;NDRC;Arcueil;94110;32 avenue Aristide Briand 94110 ARCUEIL;Autres intermédiations monétaires;"Conseiller / Conseillère de clientèle bancaire ; Chargé / Chargée d'accueil en banque ; Conseiller / Conseillère en gestion de patrimoine";Entreprise susceptible de recruter (candidature spontanée);;;Apprentissage, Professionnalisation;;;55212022244219;3;https://labonnealternance.apprentissage.beta.gouv.fr/emploi/recruteurs_lba/55212022244219/crc-arcueil
DIGITAL AFTERMARKET;MCO + NDRC;Arcueil;94110;22 avenue Aristide Briand 94110 ARCUEIL;Commerce de gros d'équipements automobiles;Vendeur / Vendeuse grossiste en équipement du foyer;Entreprise susceptible de recruter (candidature spontanée);;;Apprentissage, Professionnalisation;;;35112643800057;1;https://labonnealternance.apprentissage.beta.gouv.fr/emploi/recruteurs_lba/35112643800057/digital-aftermarket
ESPACE SFR;MCO;Arcueil;94110;Place de la Vache Noire 94110 Arcueil;Commerce de détail de matériels de télécommunication en magasin spécialisé;"Vendeur / Vendeuse en équipement de la maison ; Conseiller vendeur / Conseillère vendeuse à domicile ; Chef / Cheffe de rayon de produits non alimentaires";Entreprise susceptible de recruter (candidature spontanée);;;Apprentissage, Professionnalisation;;;41035886503736;3;https://labonnealternance.apprentissage.beta.gouv.fr/emploi/recruteurs_lba/41035886503736/espace-sfr
ETABLISSEMENTS DARTY ET FILS;MCO + NDRC;Arcueil;94110;94110 Arcueil;Commerce de détail d'appareils électroménagers en magasin spécialisé;"Vendeur / Vendeuse en équipement de la maison ; Conseiller commercial / Conseillère commerciale auprès des particuliers ; Responsable relation client (CRM)";Entreprise susceptible de recruter (candidature spontanée);;;Apprentissage, Professionnalisation;;;54208661601348;3;https://labonnealternance.apprentissage.beta.gouv.fr/emploi/recruteurs_lba/54208661601348/etablissements-darty-et-fils
FAMY SOLUTIONS;NDRC;Arcueil;94110;30 rue Berthollet 94110 ARCUEIL;Commerce de gros (commerce interentreprises) d'ordinateurs, d'équipements informatiques périphériques et de logiciels;Technico-commercial / Technico-commerciale;Entreprise susceptible de recruter (candidature spontanée);;;Apprentissage, Professionnalisation;;;98148980000012;1;https://labonnealternance.apprentissage.beta.gouv.fr/emploi/recruteurs_lba/98148980000012/famy-solutions
Franprix;MCO;Arcueil;94110;37 avenue Jean Jaures 94110 ARCUEIL;Commerce d'alimentation générale;"Employé / Employée de rayon libre-service ; Vendeur / Vendeuse en épicerie ; Hôte / Hôtesse de caisse ; Chef / Cheffe de rayon produits alimentaires ; Directeur / Directrice de magasin de grande distribution ; Gérant / Gérante de magasin d'alimentation générale";Entreprise susceptible de recruter (candidature spontanée);;;Apprentissage, Professionnalisation;;;91104921100012;6;https://labonnealternance.apprentissage.beta.gouv.fr/emploi/recruteurs_lba/91104921100012/franprix
GROUPE ATLANTIC SYNERGY;NDRC;Arcueil;94110;2 ALLEE SUZANNE PENILLAULT CRAPEZ 94110 ARCUEIL;Services administratifs combinés de bureau;Conseiller / Conseillère immobilier;Entreprise susceptible de recruter (candidature spontanée);;;Apprentissage, Professionnalisation;;;37839341700092;1;https://labonnealternance.apprentissage.beta.gouv.fr/emploi/recruteurs_lba/37839341700092/groupe-atlantic-synergy
HISTOIRE D'OR;MCO;Arcueil;94110;94110 Arcueil;Commerce de détail d'articles d'horlogerie et de bijouterie en magasin spécialisé;"Vendeur / Vendeuse en prêt-à-porter ; Conseiller vendeur / Conseillère vendeuse à domicile ; Responsable de boutique";Entreprise susceptible de recruter (candidature spontanée);;;Apprentissage, Professionnalisation;;;37958790001669;3;https://labonnealternance.apprentissage.beta.gouv.fr/emploi/recruteurs_lba/37958790001669/histoire-d-or
KINOUSASSUR SARL;NDRC;Arcueil;94110;17 AVENUE JEANNE D ARC 94110 ARCUEIL;Activités des agents et courtiers d'assurances;"Conseiller / Conseillère en assurances ; Conseiller / Conseillère en gestion de patrimoine";Entreprise susceptible de recruter (candidature spontanée);;;Apprentissage, Professionnalisation;;;44348557800019;2;https://labonnealternance.apprentissage.beta.gouv.fr/emploi/recruteurs_lba/44348557800019/kinousassur-sarl
LA GRANDE RECRE;MCO + NDRC;Arcueil;94110;place de La Vache Noire 94110 ARCUEIL;Commerce de détail de jeux et jouets en magasin spécialisé;"Vendeur / Vendeuse de produits culturels et ludiques ; Hôte / Hôtesse de caisse ; Responsable de boutique ; Employé / Employée de rayon libre-service ; Directeur / Directrice des ventes ; Conseiller commercial / Conseillère commerciale auprès des particuliers";Entreprise susceptible de recruter (candidature spontanée);;;Apprentissage, Professionnalisation;;;95290846500604;6;https://labonnealternance.apprentissage.beta.gouv.fr/emploi/recruteurs_lba/95290846500604/la-grande-recre
LA PLATEFORME;NDRC;Arcueil;94110;50 AVENUE GABRIEL PERI 94110 ARCUEIL;Commerce de gros (commerce interentreprises) de bois et de matériaux de construction;"Technico-commercial / Technico-commerciale ; Commercial itinérant / Commerciale itinérante en entreprise de commerce de gros";Entreprise susceptible de recruter (candidature spontanée);;;Apprentissage, Professionnalisation;;;40310425000432;2;https://labonnealternance.apprentissage.beta.gouv.fr/emploi/recruteurs_lba/40310425000432/la-plateforme
Monoprix;MCO;Arcueil;94110;PLACE DE LA VACHE NOIRE 94110 ARCUEIL;Hypermarchés;"Employé / Employée de rayon libre-service ; Hôte / Hôtesse de caisse ; Chef / Cheffe de rayon produits alimentaires ; Vendeur / Vendeuse en épicerie";Entreprise susceptible de recruter (candidature spontanée);;;Apprentissage, Professionnalisation;;;55208329702560;4;https://labonnealternance.apprentissage.beta.gouv.fr/emploi/recruteurs_lba/55208329702560/monoprix
MY IBS GROUP - MY IBS TELECOM - MY IBS DOCUMENT;MCO + NDRC;Arcueil;94110;30 RUE BERTHOLLET 94110 ARCUEIL;Commerce de gros (commerce interentreprises) d'autres machines et équipements de bureau;"Directeur / Directrice des ventes ; Attaché commercial / Attachée commerciale";Entreprise susceptible de recruter (candidature spontanée);;;Apprentissage, Professionnalisation;;;53106918500035;2;https://labonnealternance.apprentissage.beta.gouv.fr/emploi/recruteurs_lba/53106918500035/my-ibs-group-my-ibs-telecom-my-ibs-document
MY IBS GROUP, MY IBS TELECOM, MY IBS DOCUMENT, A-G-TEC;MCO + NDRC;Arcueil;94110;30 RUE BERTHOLLET 94110 ARCUEIL;Commerce de gros (commerce interentreprises) d'autres machines et équipements de bureau;"Directeur / Directrice des ventes ; Attaché commercial / Attachée commerciale";Entreprise susceptible de recruter (candidature spontanée);;;Apprentissage, Professionnalisation;;;80879940700057;2;https://labonnealternance.apprentissage.beta.gouv.fr/emploi/recruteurs_lba/80879940700057/my-ibs-group-my-ibs-telecom-my-ibs-document-a-g-tec
Okaidi;MCO;Arcueil;94110;avenue Aristide Briand 94110 ARCUEIL;Commerce de détail d'habillement en magasin spécialisé;"Vendeur / Vendeuse en prêt-à-porter ; Responsable de boutique ; Hôte / Hôtesse de caisse ; Directeur / Directrice de magasin de grande distribution";Entreprise susceptible de recruter (candidature spontanée);;;Apprentissage, Professionnalisation;;;39811044502446;4;https://labonnealternance.apprentissage.beta.gouv.fr/emploi/recruteurs_lba/39811044502446/okaidi
OXYL;NDRC;Arcueil;94110;19 rue du 8 Mai 1945 94110 ARCUEIL;PROGRAMMATION INFORMATIQUE;Commercial / Commerciale export;Entreprise susceptible de recruter (candidature spontanée);;;Apprentissage, Professionnalisation;;;83236332900026;1;https://labonnealternance.apprentissage.beta.gouv.fr/emploi/recruteurs_lba/83236332900026/oxyl
PARTNER CONSEILS;NDRC;Arcueil;94110;40 RUE DE LA GARE 94110 ARCUEIL;Autres activités auxiliaires de services financiers, hors assurance et caisses de retraite, n.c.a.;"Courtier / Courtière en banque ; Conseiller / Conseillère en gestion de patrimoine";Entreprise susceptible de recruter (candidature spontanée);;;Apprentissage, Professionnalisation;;;53165749200033;2;https://labonnealternance.apprentissage.beta.gouv.fr/emploi/recruteurs_lba/53165749200033/partner-conseils
PAUL HARTMANN SAS;NDRC;Arcueil;94110;VILLA BAUDRAN 94110 ARCUEIL;Activités des sociétés holding;Conseiller / Conseillère immobilier;Entreprise susceptible de recruter (candidature spontanée);;;Apprentissage, Professionnalisation;;;77874000100079;1;https://labonnealternance.apprentissage.beta.gouv.fr/emploi/recruteurs_lba/77874000100079/paul-hartmann-sas
Promod;MCO;Arcueil;94110;94110 Arcueil;Commerce de détail d'habillement en magasin spécialisé;"Vendeur / Vendeuse en prêt-à-porter ; Responsable de boutique ; Hôte / Hôtesse de caisse ; Directeur / Directrice de magasin de grande distribution";Entreprise susceptible de recruter (candidature spontanée);;;Apprentissage, Professionnalisation;;;68542060603412;4;https://labonnealternance.apprentissage.beta.gouv.fr/emploi/recruteurs_lba/68542060603412/promod
QOVOLTIS;MCO + NDRC;Arcueil;94110;32 avenue Aristide Briand 94110 ARCUEIL;Commerce d'électricité;"Directeur / Directrice des ventes ; Conseiller vendeur / Conseillère vendeuse à domicile ; Commercial / Commerciale auprès d'une clientèle d'entreprises ; Conseiller commercial / Conseillère commerciale auprès des particuliers ; Chargé / Chargée d'études commerciales";Entreprise susceptible de recruter (candidature spontanée);;;Apprentissage, Professionnalisation;;;85342003200023;5;https://labonnealternance.apprentissage.beta.gouv.fr/emploi/recruteurs_lba/85342003200023/qovoltis
REXEL FRANCE;MCO + NDRC;Arcueil;94110;31 AVENUE ARISTIDE BRIAND 94110 ARCUEIL;Commerce de gros (commerce interentreprises) de matériel électrique;"Vendeur / Vendeuse grossiste en équipement du foyer ; Technico-commercial / Technico-commerciale";Entreprise susceptible de recruter (candidature spontanée);;;Apprentissage, Professionnalisation;;;30930461605521;2;https://labonnealternance.apprentissage.beta.gouv.fr/emploi/recruteurs_lba/30930461605521/rexel-france
Sephora;MCO;Arcueil;94110;Place de la Vache Noire 94110 Arcueil;Commerce de détail de parfumerie et de produits de beauté en magasin spécialisé;"Responsable de boutique ; Employé / Employée de rayon libre-service";Entreprise susceptible de recruter (candidature spontanée);;;Apprentissage, Professionnalisation;;;39371228602959;2;https://labonnealternance.apprentissage.beta.gouv.fr/emploi/recruteurs_lba/39371228602959/sephora
SMOOKI STORE;MCO;Arcueil;94110;75 AVENUE ARISTIDE BRIAND 94110 ARCUEIL;Commerce de détail de matériels de télécommunication en magasin spécialisé;"Vendeur / Vendeuse en équipement de la maison ; Conseiller vendeur / Conseillère vendeuse à domicile ; Chef / Cheffe de rayon de produits non alimentaires";Entreprise susceptible de recruter (candidature spontanée);;;Apprentissage, Professionnalisation;;;53520963900017;3;https://labonnealternance.apprentissage.beta.gouv.fr/emploi/recruteurs_lba/53520963900017/smooki-store
Truffaut;MCO;Arcueil;94110;Place de la Vache Noire 94110 Arcueil;Commerce de détail de fleurs, plantes, graines, engrais, animaux de compagnie et aliments pour ces animaux en magasin spécialisé;"Responsable de boutique ; Vendeur / Vendeuse conseil en jardinerie ; Vendeur / Vendeuse en animalerie ; Hôte / Hôtesse de caisse ; Chef / Cheffe de rayon de produits non alimentaires";Entreprise susceptible de recruter (candidature spontanée);;;Apprentissage, Professionnalisation;;;73980623000812;5;https://labonnealternance.apprentissage.beta.gouv.fr/emploi/recruteurs_lba/73980623000812/truffaut
UCPA TELLIGO;MCO;Arcueil;94110;21 rue de Stalingrad 94110 ARCUEIL;Activités des agences de voyage;"Employé / Employée de rayon libre-service ; Hôte / Hôtesse de caisse";Entreprise susceptible de recruter (candidature spontanée);;;Apprentissage, Professionnalisation;;;80149595300029;2;https://labonnealternance.apprentissage.beta.gouv.fr/emploi/recruteurs_lba/80149595300029/ucpa-telligo
VOXTREND;NDRC;Arcueil;94110;24 avenue Vladimir Ilitch Lenine 94110 ARCUEIL;PROGRAMMATION INFORMATIQUE;Commercial / Commerciale export;Entreprise susceptible de recruter (candidature spontanée);;;Apprentissage, Professionnalisation;;;93108768800012;1;https://labonnealternance.apprentissage.beta.gouv.fr/emploi/recruteurs_lba/93108768800012/voxtrend
Yves Rocher;MCO;Arcueil;94110;94110 Arcueil;Activités des sièges sociaux;Conseiller·e de Beauté Esthéticien·ne en Alternance H/F;Offre partenaire (France Travail…);Conseiller·e de Beauté Esthéticien·ne en Alternance H/F;CAP, BEP (Infrabac);Apprentissage, Professionnalisation;2026-09-05;;;1;https://labonnealternance.apprentissage.beta.gouv.fr/emploi/offres_emploi_partenaires/6a7506a6c335192c2267a370/conseillere-de-beaute-estheticienne-en-alternance-h-f
BERTRAND PNEUS;MCO + NDRC;Boissy-Saint-Leger;94470;8 rue de la Pompadour 94470 BOISSY-SAINT-LEGER;Commerce de détail d'équipements automobiles;"Conseiller / Conseillère de vente en pièces de rechange et accessoires de véhicules ; Conseiller / Conseillère client après-vente des véhicules";Entreprise susceptible de recruter (candidature spontanée);;;Apprentissage, Professionnalisation;;;30934578300059;2;https://labonnealternance.apprentissage.beta.gouv.fr/emploi/recruteurs_lba/30934578300059/bertrand-pneus
BOISSY AUTOMOBILES;MCO + NDRC;Boissy-Saint-Leger;94470;51 AVENUE DU GENERAL LECLERC 94470 BOISSY-SAINT-LEGER;Commerce de voitures et de véhicules automobiles légers;"Vendeur / Vendeuse automobile ; Conseiller / Conseillère client après-vente des véhicules";Entreprise susceptible de recruter (candidature spontanée);;;Apprentissage, Professionnalisation;;;78873562900065;2;https://labonnealternance.apprentissage.beta.gouv.fr/emploi/recruteurs_lba/78873562900065/boissy-automobiles
CEFOP;MCO;Boissy-Saint-Leger;94470;7 RUE DU 8 MAI 1945 94470 BOISSY-SAINT-LEGER;Autres activités de soutien aux entreprises n.c.a.;Animateur / Animatrice des ventes;Entreprise susceptible de recruter (candidature spontanée);;;Apprentissage, Professionnalisation;;;81012267100037;1;https://labonnealternance.apprentissage.beta.gouv.fr/emploi/recruteurs_lba/81012267100037/cefop
CLABAT;NDRC;Boissy-Saint-Leger;94470;8 RUE DE PARIS 94470 BOISSY-SAINT-LEGER;Agences immobilières;Conseiller / Conseillère immobilier;Entreprise susceptible de recruter (candidature spontanée);;;Apprentissage, Professionnalisation;;;82414020600015;1;https://labonnealternance.apprentissage.beta.gouv.fr/emploi/recruteurs_lba/82414020600015/clabat
COGIS NETWORKS;NDRC;Boissy-Saint-Leger;94470;13 avenue Charles De Gaulle 94470 BOISSY-SAINT-LEGER;EDITION DE LOGICIELS APPLICATIFS;Cadre Technico-commercial / Technico-commerciale;Entreprise susceptible de recruter (candidature spontanée);;;Apprentissage, Professionnalisation;;;35094894900044;1;https://labonnealternance.apprentissage.beta.gouv.fr/emploi/recruteurs_lba/35094894900044/cogis-networks
Franprix;MCO;Boissy-Saint-Leger;94470;5 boulevard de la Gare 94470 BOISSY-SAINT-LEGER;Supermarchés;"Employé / Employée de rayon libre-service ; Directeur / Directrice de magasin de grande distribution ; Hôte / Hôtesse de caisse ; Responsable de caisses ; Chef / Cheffe de rayon produits alimentaires";Entreprise susceptible de recruter (candidature spontanée);;;Apprentissage, Professionnalisation;;;90331795600022;5;https://labonnealternance.apprentissage.beta.gouv.fr/emploi/recruteurs_lba/90331795600022/franprix
GASEL;MCO + NDRC;Boissy-Saint-Leger;94470;13 avenue Charles De Gaulle 94470 BOISSY-SAINT-LEGER;Centrales d'achat non alimentaires;"Responsable de boutique ; Vendeur / Vendeuse d'articles de sport et loisirs ; Vendeur / Vendeuse conseil en jardinerie ; Chef / Cheffe de secteur magasin ; Conseiller commercial / Conseillère commerciale auprès des particuliers";Entreprise susceptible de recruter (candidature spontanée);;;Apprentissage, Professionnalisation;;;68202005200051;5;https://labonnealternance.apprentissage.beta.gouv.fr/emploi/recruteurs_lba/68202005200051/gasel
INTERMARCHE;MCO;Boissy-Saint-Leger;94470;3 RUE DE PARIS 94470 BOISSY-SAINT-LEGER;Supermarchés;"Employé / Employée de rayon libre-service ; Directeur / Directrice de magasin de grande distribution ; Hôte / Hôtesse de caisse ; Responsable de caisses ; Chef / Cheffe de rayon produits alimentaires";Entreprise susceptible de recruter (candidature spontanée);;;Apprentissage, Professionnalisation;;;83929119200020;5;https://labonnealternance.apprentissage.beta.gouv.fr/emploi/recruteurs_lba/83929119200020/intermarche
La Poste;NDRC;Boissy-Saint-Leger;94470;LE FORUM 94470 BOISSY-SAINT-LEGER;Activités de poste dans le cadre d'une obligation de service universel;Responsable relation client (CRM);Entreprise susceptible de recruter (candidature spontanée);;;Apprentissage, Professionnalisation;;;35600000050259;1;https://labonnealternance.apprentissage.beta.gouv.fr/emploi/recruteurs_lba/35600000050259/la-poste
LE FOURNIL DE SOUEI;MCO;Boissy-Saint-Leger;94470;1 AVENUE HOTTINGUER 94470 BOISSY-SAINT-LEGER;Boulangerie et boulangerie-pâtisserie;Vendeur / Vendeuse en épicerie;Entreprise susceptible de recruter (candidature spontanée);;;Apprentissage, Professionnalisation;;;84856212000016;1;https://labonnealternance.apprentissage.beta.gouv.fr/emploi/recruteurs_lba/84856212000016/le-fournil-de-souei
LE POIDS LOURD 94 - VIS;NDRC;Boissy-Saint-Leger;94470;3 rue des Sablons 94470 BOISSY-SAINT-LEGER;Commerce d'autres véhicules automobiles;Conseiller / Conseillère client après-vente des véhicules;Entreprise susceptible de recruter (candidature spontanée);;;Apprentissage, Professionnalisation;;;33038824000039;1;https://labonnealternance.apprentissage.beta.gouv.fr/emploi/recruteurs_lba/33038824000039/le-poids-lourd-94-vis
MEDICAL PLUS FRANCE;NDRC;Boissy-Saint-Leger;94470;11 avenue Charles De Gaulle 94470 BOISSY-SAINT-LEGER;Commerce de gros (commerce interentreprises) non spécialisé;"Technico-commercial / Technico-commerciale ; Assistant commercial / Assistante commerciale ; Conseiller / Conseillère en gestion de patrimoine";Entreprise susceptible de recruter (candidature spontanée);;;Apprentissage, Professionnalisation;;;53079012000089;3;https://labonnealternance.apprentissage.beta.gouv.fr/emploi/recruteurs_lba/53079012000089/medical-plus-france
PIKAMED;MCO;Boissy-Saint-Leger;94470;52 RUE DE SUCY 94470 BOISSY-SAINT-LEGER;Boulangerie et boulangerie-pâtisserie;Vendeur / Vendeuse en épicerie;Entreprise susceptible de recruter (candidature spontanée);;;Apprentissage, Professionnalisation;;;79185853300015;1;https://labonnealternance.apprentissage.beta.gouv.fr/emploi/recruteurs_lba/79185853300015/pikamed
WARNER'S CAFE;NDRC;Boissy-Saint-Leger;94470;9 boulevard de la Gare 94470 BOISSY-SAINT-LEGER;LOCATION DE TERRAINS ET D'AUTRES BIENS IMMOBILIERS;"Conseiller / Conseillère immobilier ; Conseiller commercial / Conseillère commerciale auprès des particuliers";Entreprise susceptible de recruter (candidature spontanée);;;Apprentissage, Professionnalisation;;;88185049900016;2;https://labonnealternance.apprentissage.beta.gouv.fr/emploi/recruteurs_lba/88185049900016/warner-s-cafe
ABC DISTRIBUTION;MCO + NDRC;Bonneuil-Sur-Marne;94380;3 avenue des Violettes 94380 BONNEUIL-SUR-MARNE;Commerce de gros (commerce interentreprises) de parfumerie et de produits de beauté;"Responsable de boutique ; Directeur / Directrice des ventes ; Conseiller vendeur / Conseillère vendeuse à domicile ; Commercial / Commerciale grands comptes et entreprises";Entreprise susceptible de recruter (candidature spontanée);;;Apprentissage, Professionnalisation;;;43974961500027;4;https://labonnealternance.apprentissage.beta.gouv.fr/emploi/recruteurs_lba/43974961500027/abc-distribution
AGENCE BONNEUIL SUR MARNE 4;MCO;Bonneuil-Sur-Marne;94380;1 avenue des Violettes 94380 BONNEUIL-SUR-MARNE;Autres activités de soutien aux entreprises n.c.a.;Animateur / Animatrice des ventes;Entreprise susceptible de recruter (candidature spontanée);;;Apprentissage, Professionnalisation;;;39950664101186;1;https://labonnealternance.apprentissage.beta.gouv.fr/emploi/recruteurs_lba/39950664101186/agence-bonneuil-sur-marne-4
ARES SERVICES;MCO;Bonneuil-Sur-Marne;94380;73 RUE DU MOULIN BATEAU 94380 BONNEUIL-SUR-MARNE;Autres activités de soutien aux entreprises n.c.a.;Animateur / Animatrice des ventes;Entreprise susceptible de recruter (candidature spontanée);;;Apprentissage, Professionnalisation;;;38768261000242;1;https://labonnealternance.apprentissage.beta.gouv.fr/emploi/recruteurs_lba/38768261000242/ares-services
B.V.B.M;MCO;Bonneuil-Sur-Marne;94380;5 AVENUE DES ROSES 94380 BONNEUIL-SUR-MARNE;Commerce de détail de journaux et papeterie en magasin spécialisé;"Employé / Employée de rayon libre-service ; Chef / Cheffe de rayon de produits non alimentaires ; Vendeur / Vendeuse de produits culturels et ludiques";Entreprise susceptible de recruter (candidature spontanée);;;Apprentissage, Professionnalisation;;;87910340600010;3;https://labonnealternance.apprentissage.beta.gouv.fr/emploi/recruteurs_lba/87910340600010/b-v-b-m
BIERES FINES;MCO;Bonneuil-Sur-Marne;94380;1 AVENUE DES MARRONNIERS 94380 BONNEUIL-SUR-MARNE;Fabrication de bière;Chef / Cheffe de secteur magasin;Entreprise susceptible de recruter (candidature spontanée);;;Apprentissage, Professionnalisation;;;79746103500025;1;https://labonnealternance.apprentissage.beta.gouv.fr/emploi/recruteurs_lba/79746103500025/bieres-fines
BNP Paribas;NDRC;Bonneuil-Sur-Marne;94380;13 AVENUE DU COLONEL FABIEN 94380 BONNEUIL-SUR-MARNE;Autres intermédiations monétaires;"Conseiller / Conseillère de clientèle bancaire ; Chargé / Chargée d'accueil en banque ; Conseiller / Conseillère en gestion de patrimoine";Entreprise susceptible de recruter (candidature spontanée);;;Apprentissage, Professionnalisation;;;66204244919378;3;https://labonnealternance.apprentissage.beta.gouv.fr/emploi/recruteurs_lba/66204244919378/bnp-paribas
BONNEUIL EXPLOITATION;MCO;Bonneuil-Sur-Marne;94380;1 AVENUE DU BICENTENAIRE 1789 1989 94380 BONNEUIL-SUR-MARNE;Hypermarchés;"Employé / Employée de rayon libre-service ; Hôte / Hôtesse de caisse ; Chef / Cheffe de rayon produits alimentaires ; Vendeur / Vendeuse en épicerie";Entreprise susceptible de recruter (candidature spontanée);;;Apprentissage, Professionnalisation;;;52116565400018;4;https://labonnealternance.apprentissage.beta.gouv.fr/emploi/recruteurs_lba/52116565400018/bonneuil-exploitation
BONNEUIL SPORT;MCO + NDRC;Bonneuil-Sur-Marne;94380;11 avenue des Roses 94380 BONNEUIL-SUR-MARNE;Commerce de détail d'articles de sport en magasin spécialisé;"Vendeur / Vendeuse d'articles de sport et loisirs ; Hôte / Hôtesse de caisse ; Chef / Cheffe de rayon de produits non alimentaires ; Vendeur / Vendeuse en prêt-à-porter ; Vendeur / Vendeuse grossiste en équipement du foyer";Entreprise susceptible de recruter (candidature spontanée);;;Apprentissage, Professionnalisation;;;84435427400020;5;https://labonnealternance.apprentissage.beta.gouv.fr/emploi/recruteurs_lba/84435427400020/bonneuil-sport
BOUCHERIE DE BONNEUIL;MCO + NDRC;Bonneuil-Sur-Marne;94380;7 allee du Docteur Emile Roux 94380 BONNEUIL-SUR-MARNE;Commerce de détail de viandes et de produits à base de viande en magasin spécialisé;"Vendeur / Vendeuse en épicerie ; Vendeur / Vendeuse grossiste en produits frais";Entreprise susceptible de recruter (candidature spontanée);;;Apprentissage, Professionnalisation;;;84434554600015;2;https://labonnealternance.apprentissage.beta.gouv.fr/emploi/recruteurs_lba/84434554600015/boucherie-de-bonneuil
Bricoman;MCO + NDRC;Bonneuil-Sur-Marne;94380;AVENUE LUCIE AUBRAC 94380 BONNEUIL-SUR-MARNE;Commerce de détail de quincaillerie, peintures et verres en grandes surfaces (400 m2et plus);"Hôte / Hôtesse de caisse ; Vendeur / Vendeuse en équipement de la maison ; Vendeur / Vendeuse conseil en jardinerie ; Vendeur / Vendeuse grossiste en équipement du foyer ; Chef / Cheffe de secteur magasin ; Chef / Cheffe de rayon de produits non alimentaires";Entreprise susceptible de recruter (candidature spontanée);;;Apprentissage, Professionnalisation;;;42080992300527;6;https://labonnealternance.apprentissage.beta.gouv.fr/emploi/recruteurs_lba/42080992300527/bricoman
CABONNEUIL;MCO + NDRC;Bonneuil-Sur-Marne;94380;17 DE LA CONVENTION 1792 1795 94380 BONNEUIL-SUR-MARNE;Commerce de détail d'équipements automobiles;"Conseiller / Conseillère de vente en pièces de rechange et accessoires de véhicules ; Conseiller / Conseillère client après-vente des véhicules";Entreprise susceptible de recruter (candidature spontanée);;;Apprentissage, Professionnalisation;;;90364060500023;2;https://labonnealternance.apprentissage.beta.gouv.fr/emploi/recruteurs_lba/90364060500023/cabonneuil
CARNIATO EUROPE;NDRC;Bonneuil-Sur-Marne;94380;6 route de Stains 94380 BONNEUIL-SUR-MARNE;Commerce de gros (commerce interentreprises) de boissons;Commercial / Commerciale export;Entreprise susceptible de recruter (candidature spontanée);;;Apprentissage, Professionnalisation;;;34078382800015;1;https://labonnealternance.apprentissage.beta.gouv.fr/emploi/recruteurs_lba/34078382800015/carniato-europe
CELIO;MCO;Bonneuil-Sur-Marne;94380;15 AVENUE DE LA CONVENTION 1792-179 94380 BONNEUIL-SUR-MARNE;Commerce de détail d'habillement en magasin spécialisé;"Vendeur / Vendeuse en prêt-à-porter ; Responsable de boutique ; Hôte / Hôtesse de caisse ; Directeur / Directrice de magasin de grande distribution";Entreprise susceptible de recruter (candidature spontanée);;;Apprentissage, Professionnalisation;;;31333485603052;4;https://labonnealternance.apprentissage.beta.gouv.fr/emploi/recruteurs_lba/31333485603052/celio
Chausson Materiaux;NDRC;Bonneuil-Sur-Marne;94380;5 RUE DU MOULIN BATEAU 94380 BONNEUIL-SUR-MARNE;Commerce de gros (commerce interentreprises) de bois et de matériaux de construction;"Technico-commercial / Technico-commerciale ; Commercial itinérant / Commerciale itinérante en entreprise de commerce de gros";Entreprise susceptible de recruter (candidature spontanée);;;Apprentissage, Professionnalisation;;;52864889205163;2;https://labonnealternance.apprentissage.beta.gouv.fr/emploi/recruteurs_lba/52864889205163/chausson-materiaux
COMO BONNEUIL;MCO + NDRC;Bonneuil-Sur-Marne;94380;8 avenue des Lys 94380 BONNEUIL-SUR-MARNE;Commerce de voitures et de véhicules automobiles légers;"Vendeur / Vendeuse automobile ; Conseiller / Conseillère client après-vente des véhicules";Entreprise susceptible de recruter (candidature spontanée);;;Apprentissage, Professionnalisation;;;40328866500017;2;https://labonnealternance.apprentissage.beta.gouv.fr/emploi/recruteurs_lba/40328866500017/como-bonneuil
DICKO&CO;MCO;Bonneuil-Sur-Marne;94380;9 avenue de la Convention 94380 BONNEUIL-SUR-MARNE;Autres commerces de détail en magasin non spécialisé;"Employé / Employée de rayon libre-service ; Responsable de boutique ; Hôte / Hôtesse de caisse ; Directeur / Directrice de magasin de grande distribution ; Chef / Cheffe de rayon de produits non alimentaires ; Chef / Cheffe de rayon produits alimentaires";Entreprise susceptible de recruter (candidature spontanée);;;Apprentissage, Professionnalisation;;;95243985900036;6;https://labonnealternance.apprentissage.beta.gouv.fr/emploi/recruteurs_lba/95243985900036/dicko-co
DISTRI CLEAN;MCO + NDRC;Bonneuil-Sur-Marne;94380;1 AVENUE DES MARGUERITES 94380 BONNEUIL-SUR-MARNE;Commerce de gros (commerce interentreprises) de vaisselle, verrerie et produits d'entretien;"Chef / Cheffe des ventes ; Commercial / Commerciale grands comptes et entreprises ; Commercial / Commerciale export";Entreprise susceptible de recruter (candidature spontanée);;;Apprentissage, Professionnalisation;;;41495250700039;3;https://labonnealternance.apprentissage.beta.gouv.fr/emploi/recruteurs_lba/41495250700039/distri-clean
EC BONNEUIL;MCO;Bonneuil-Sur-Marne;94380;5 AVENUE DES ROSES 94380 BONNEUIL-SUR-MARNE;Commerce de détail de biens d'occasion en magasin;"Vendeur / Vendeuse en équipement de la maison ; Vendeur / Vendeuse en prêt-à-porter";Entreprise susceptible de recruter (candidature spontanée);;;Apprentissage, Professionnalisation;;;84100405400018;2;https://labonnealternance.apprentissage.beta.gouv.fr/emploi/recruteurs_lba/84100405400018/ec-bonneuil
EM DISTRIBUTION;MCO;Bonneuil-Sur-Marne;94380;38B RUE DU FORT A FAIRE 94380 BONNEUIL-SUR-MARNE;Commerce d'alimentation générale;"Employé / Employée de rayon libre-service ; Vendeur / Vendeuse en épicerie ; Hôte / Hôtesse de caisse ; Chef / Cheffe de rayon produits alimentaires ; Directeur / Directrice de magasin de grande distribution ; Gérant / Gérante de magasin d'alimentation générale";Entreprise susceptible de recruter (candidature spontanée);;;Apprentissage, Professionnalisation;;;83294803800019;6;https://labonnealternance.apprentissage.beta.gouv.fr/emploi/recruteurs_lba/83294803800019/em-distribution
ETABLISSEMENTS DESCOURS ET CABAUD ILE DE FRANCE;NDRC;Bonneuil-Sur-Marne;94380;31 QUAI DU RANCY 94380 BONNEUIL-SUR-MARNE;Commerce de gros (commerce interentreprises) de minerais et métaux;"Commercial itinérant / Commerciale itinérante en entreprise de commerce de gros ; Attaché commercial / Attachée commerciale";Entreprise susceptible de recruter (candidature spontanée);;;Apprentissage, Professionnalisation;;;41473233900018;2;https://labonnealternance.apprentissage.beta.gouv.fr/emploi/recruteurs_lba/41473233900018/etablissements-descours-et-cabaud-ile-de-france
FINSBURY;MCO;Bonneuil-Sur-Marne;94380;5 AVENUE DES VIOLETTES 94380 BONNEUIL-SUR-MARNE;Commerce de détail de la chaussure;"Responsable de boutique ; Vendeur / Vendeuse en prêt-à-porter ; Vendeur / Vendeuse d'articles de sport et loisirs ; Gérant / Gérante de magasin d'alimentation générale ; Directeur / Directrice de magasin de grande distribution";Entreprise susceptible de recruter (candidature spontanée);;;Apprentissage, Professionnalisation;;;82430327500039;5;https://labonnealternance.apprentissage.beta.gouv.fr/emploi/recruteurs_lba/82430327500039/finsbury
FRANCE BOISSONS ILE DE FRANCE;NDRC;Bonneuil-Sur-Marne;94380;route du Fief Cordellier 94380 BONNEUIL-SUR-MARNE;Commerce de gros (commerce interentreprises) de boissons;Commercial / Commerciale export;Entreprise susceptible de recruter (candidature spontanée);;;Apprentissage, Professionnalisation;;;57207906900306;1;https://labonnealternance.apprentissage.beta.gouv.fr/emploi/recruteurs_lba/57207906900306/france-boissons-ile-de-france
GEMO;MCO;Bonneuil-Sur-Marne;94380;14 AVENUE DE LA CONVENTION 1792-179 94380 BONNEUIL-SUR-MARNE;Commerce de détail d'habillement en magasin spécialisé;"Vendeur / Vendeuse en prêt-à-porter ; Responsable de boutique ; Hôte / Hôtesse de caisse ; Directeur / Directrice de magasin de grande distribution";Entreprise susceptible de recruter (candidature spontanée);;;Apprentissage, Professionnalisation;;;32242434200549;4;https://labonnealternance.apprentissage.beta.gouv.fr/emploi/recruteurs_lba/32242434200549/gemo
Halles Market;MCO;Bonneuil-Sur-Marne;94380;RUE DE LA FOSSE AUX MOINES 94380 BONNEUIL-SUR-MARNE;Supermarchés;"Employé / Employée de rayon libre-service ; Directeur / Directrice de magasin de grande distribution ; Hôte / Hôtesse de caisse ; Responsable de caisses ; Chef / Cheffe de rayon produits alimentaires";Entreprise susceptible de recruter (candidature spontanée);;;Apprentissage, Professionnalisation;;;84528823200026;5;https://labonnealternance.apprentissage.beta.gouv.fr/emploi/recruteurs_lba/84528823200026/halles-market
HOWDENS CUISINES;MCO + NDRC;Bonneuil-Sur-Marne;94380;10 AVENUE DES COQUELICOTS 94380 BONNEUIL-SUR-MARNE;Commerce de gros (commerce interentreprises) de meubles, de tapis et d'appareils d'éclairage;"Vendeur / Vendeuse en équipement de la maison ; Attaché commercial / Attachée commerciale";Entreprise susceptible de recruter (candidature spontanée);;;Apprentissage, Professionnalisation;;;47758896600523;2;https://labonnealternance.apprentissage.beta.gouv.fr/emploi/recruteurs_lba/47758896600523/howdens-cuisines
JARDILAND;MCO;Bonneuil-Sur-Marne;94380;RUE DES VARENNES 94380 BONNEUIL-SUR-MARNE;Commerce de détail de fleurs, plantes, graines, engrais, animaux de compagnie et aliments pour ces animaux en magasin spécialisé;"Responsable de boutique ; Vendeur / Vendeuse conseil en jardinerie ; Vendeur / Vendeuse en animalerie ; Hôte / Hôtesse de caisse ; Chef / Cheffe de rayon de produits non alimentaires";Entreprise susceptible de recruter (candidature spontanée);;;Apprentissage, Professionnalisation;;;30684462200465;5;https://labonnealternance.apprentissage.beta.gouv.fr/emploi/recruteurs_lba/30684462200465/jardiland
JUSTAUME;MCO;Bonneuil-Sur-Marne;94380;6 AVENUE DES 28 ARPENTS 94380 BONNEUIL-SUR-MARNE;Supermarchés;"Employé / Employée de rayon libre-service ; Directeur / Directrice de magasin de grande distribution ; Hôte / Hôtesse de caisse ; Responsable de caisses ; Chef / Cheffe de rayon produits alimentaires";Entreprise susceptible de recruter (candidature spontanée);;;Apprentissage, Professionnalisation;;;50510824100025;5;https://labonnealternance.apprentissage.beta.gouv.fr/emploi/recruteurs_lba/50510824100025/justaume
KARCHER;NDRC;Bonneuil-Sur-Marne;94380;5 avenue des Coquelicots 94380 BONNEUIL-SUR-MARNE;Commerce de gros (commerce interentreprises) de fournitures et équipements industriels divers;"Technico-commercial / Technico-commerciale ; Attaché commercial / Attachée commerciale";Entreprise susceptible de recruter (candidature spontanée);;;Apprentissage, Professionnalisation;;;77570267300069;2;https://labonnealternance.apprentissage.beta.gouv.fr/emploi/recruteurs_lba/77570267300069/karcher
LA FRANCAISE DES AUTOS;MCO + NDRC;Bonneuil-Sur-Marne;94380;1 avenue Lucie Aubrac 94380 BONNEUIL-SUR-MARNE;Commerce de voitures et de véhicules automobiles légers;"Vendeur / Vendeuse automobile ; Conseiller / Conseillère client après-vente des véhicules";Entreprise susceptible de recruter (candidature spontanée);;;Apprentissage, Professionnalisation;;;82386306300025;2;https://labonnealternance.apprentissage.beta.gouv.fr/emploi/recruteurs_lba/82386306300025/la-francaise-des-autos
LA PLATEFORME DU BATIMENT;NDRC;Bonneuil-Sur-Marne;94380;27 av Mal Leclerc et de Sa Division 94380 BONNEUIL-SUR-MARNE;Commerce de gros (commerce interentreprises) de bois et de matériaux de construction;"Technico-commercial / Technico-commerciale ; Commercial itinérant / Commerciale itinérante en entreprise de commerce de gros";Entreprise susceptible de recruter (candidature spontanée);;;Apprentissage, Professionnalisation;;;40310425000374;2;https://labonnealternance.apprentissage.beta.gouv.fr/emploi/recruteurs_lba/40310425000374/la-plateforme-du-batiment
La Poste;NDRC;Bonneuil-Sur-Marne;94380;3 avenue des Orangers 94380 BONNEUIL-SUR-MARNE;Activités de poste dans le cadre d'une obligation de service universel;Responsable relation client (CRM);Entreprise susceptible de recruter (candidature spontanée);;;Apprentissage, Professionnalisation;;;35600000071558;1;https://labonnealternance.apprentissage.beta.gouv.fr/emploi/recruteurs_lba/35600000071558/la-poste
LEROY MERLIN FRANCE;MCO + NDRC;Bonneuil-Sur-Marne;94380;1 AVENUE DU BICENTENAIRE 1789 1989 94380 BONNEUIL-SUR-MARNE;Commerce de détail de quincaillerie, peintures et verres en grandes surfaces (400 m2et plus);"Hôte / Hôtesse de caisse ; Vendeur / Vendeuse en équipement de la maison ; Vendeur / Vendeuse conseil en jardinerie ; Vendeur / Vendeuse grossiste en équipement du foyer ; Chef / Cheffe de secteur magasin ; Chef / Cheffe de rayon de produits non alimentaires";Entreprise susceptible de recruter (candidature spontanée);;;Apprentissage, Professionnalisation;;;38456094200409;6;https://labonnealternance.apprentissage.beta.gouv.fr/emploi/recruteurs_lba/38456094200409/leroy-merlin-france
LIDL;MCO;Bonneuil-Sur-Marne;94380;AV RODOLPHE HOTTINGUER 94380 BONNEUIL-SUR-MARNE;Supermarchés;"Employé / Employée de rayon libre-service ; Directeur / Directrice de magasin de grande distribution ; Hôte / Hôtesse de caisse ; Responsable de caisses ; Chef / Cheffe de rayon produits alimentaires";Entreprise susceptible de recruter (candidature spontanée);;;Apprentissage, Professionnalisation;;;34326262223919;5;https://labonnealternance.apprentissage.beta.gouv.fr/emploi/recruteurs_lba/34326262223919/lidl
LINDAB FRANCE;NDRC;Bonneuil-Sur-Marne;94380;5 94380 BONNEUIL-SUR-MARNE;Commerce de gros (commerce interentreprises) de fournitures et équipements industriels divers;"Technico-commercial / Technico-commerciale ; Attaché commercial / Attachée commerciale";Entreprise susceptible de recruter (candidature spontanée);;;Apprentissage, Professionnalisation;;;31228513300095;2;https://labonnealternance.apprentissage.beta.gouv.fr/emploi/recruteurs_lba/31228513300095/lindab-france
METAUX ET PRODUITS INDUSTRIELS;NDRC;Bonneuil-Sur-Marne;94380;5 route de l Ouest 94380 BONNEUIL-SUR-MARNE;Commerce de gros (commerce interentreprises) de minerais et métaux;"Commercial itinérant / Commerciale itinérante en entreprise de commerce de gros ; Attaché commercial / Attachée commerciale";Entreprise susceptible de recruter (candidature spontanée);;;Apprentissage, Professionnalisation;;;54206703800084;2;https://labonnealternance.apprentissage.beta.gouv.fr/emploi/recruteurs_lba/54206703800084/metaux-et-produits-industriels
NOVO BONNEUIL;MCO + NDRC;Bonneuil-Sur-Marne;94380;1 avenue de la Convention 94380 BONNEUIL-SUR-MARNE;Commerce de détail de viandes et de produits à base de viande en magasin spécialisé;"Vendeur / Vendeuse en épicerie ; Vendeur / Vendeuse grossiste en produits frais";Entreprise susceptible de recruter (candidature spontanée);;;Apprentissage, Professionnalisation;;;40014530600017;2;https://labonnealternance.apprentissage.beta.gouv.fr/emploi/recruteurs_lba/40014530600017/novo-bonneuil
ORGANISATION TECHNIQUE ET SCIENTIFIQUE;MCO;Bonneuil-Sur-Marne;94380;3 avenue des Marronniers 94380 BONNEUIL-SUR-MARNE;Réparation d'équipements de communication;Vendeur / Vendeuse en équipement de la maison;Entreprise susceptible de recruter (candidature spontanée);;;Apprentissage, Professionnalisation;;;34049137200041;1;https://labonnealternance.apprentissage.beta.gouv.fr/emploi/recruteurs_lba/34049137200041/organisation-technique-et-scientifique
REFLECTIV;NDRC;Bonneuil-Sur-Marne;94380;2 AVENUE DES ORANGERS 94380 BONNEUIL-SUR-MARNE;Commerce de gros (commerce interentreprises) de fournitures et équipements divers pour le commerce et les services;"Cadre Technico-commercial / Technico-commerciale ; Technico-commercial / Technico-commerciale ; Assistant commercial / Assistante commerciale";Entreprise susceptible de recruter (candidature spontanée);;;Apprentissage, Professionnalisation;;;49064840900038;3;https://labonnealternance.apprentissage.beta.gouv.fr/emploi/recruteurs_lba/49064840900038/reflectiv
SAINT-GOBAIN PAM CANALISATION;NDRC;Bonneuil-Sur-Marne;94380;37 ROUTE DE LILE BARBIERE 94380 BONNEUIL-SUR-MARNE;Commerce de gros (commerce interentreprises) de minerais et métaux;"Commercial itinérant / Commerciale itinérante en entreprise de commerce de gros ; Attaché commercial / Attachée commerciale";Entreprise susceptible de recruter (candidature spontanée);;;Apprentissage, Professionnalisation;;;81514534700192;2;https://labonnealternance.apprentissage.beta.gouv.fr/emploi/recruteurs_lba/81514534700192/saint-gobain-pam-canalisation
SAINT-GOBAIN SERVICES FINANCE FRANCE;NDRC;Bonneuil-Sur-Marne;94380;18 ROUTE DE L ILE SAINT JULIEN 94380 BONNEUIL-SUR-MARNE;Services administratifs combinés de bureau;Conseiller / Conseillère immobilier;Entreprise susceptible de recruter (candidature spontanée);;;Apprentissage, Professionnalisation;;;44031667700077;1;https://labonnealternance.apprentissage.beta.gouv.fr/emploi/recruteurs_lba/44031667700077/saint-gobain-services-finance-france
SIV + CAKE;MCO;Bonneuil-Sur-Marne;94380;6 avenue des Roses 94380 BONNEUIL-SUR-MARNE;Pâtisserie;Vendeur / Vendeuse en épicerie;Entreprise susceptible de recruter (candidature spontanée);;;Apprentissage, Professionnalisation;;;81298872300027;1;https://labonnealternance.apprentissage.beta.gouv.fr/emploi/recruteurs_lba/81298872300027/siv-cake
Veolia Assainissement et Maintenance;MCO;Bonneuil-Sur-Marne;94380;94380 Bonneuil-sur-Marne;Collecte et traitement des eaux usées;Assistant / Assistante administration des ventes;Offre partenaire (France Travail…);Alternant - Assistant ADV H/F;BTS, DEUST (Bac+2);Apprentissage, Professionnalisation;2026-09-08;;;1;https://labonnealternance.apprentissage.beta.gouv.fr/emploi/offres_emploi_partenaires/6a501d726a281b681b4009c4/alternant-assistant-adv-h-f
WISYO;NDRC;Bonneuil-Sur-Marne;94380;1 avenue des Violettes 94380 BONNEUIL-SUR-MARNE;Commerce de gros (commerce interentreprises) d'appareils électroménagers;"Assistant commercial / Assistante commerciale ; Technico-commercial / Technico-commerciale";Entreprise susceptible de recruter (candidature spontanée);;;Apprentissage, Professionnalisation;;;49362677400043;2;https://labonnealternance.apprentissage.beta.gouv.fr/emploi/recruteurs_lba/49362677400043/wisyo
A QUI SE CONFIER EVENEMENTIEL ET COMMUNICATION;MCO + NDRC;Bry-Sur-Marne;94360;117 boulevard Pasteur 94360 BRY-SUR-MARNE;CONSEIL EN RELATIONS PUBLIQUES ET COMMUNICATION;"Animateur / Animatrice des ventes ; Commercial / Commerciale auprès d'une clientèle d'entreprises";Entreprise susceptible de recruter (candidature spontanée);;;Apprentissage, Professionnalisation;;;87971032500017;2;https://labonnealternance.apprentissage.beta.gouv.fr/emploi/recruteurs_lba/87971032500017/a-qui-se-confier-evenementiel-et-communication
Action;MCO;Bry-Sur-Marne;94360;19 BOULEVARD JEAN MONNET 94360 BRY-SUR-MARNE;Autres commerces de détail en magasin non spécialisé;"Employé / Employée de rayon libre-service ; Responsable de boutique ; Hôte / Hôtesse de caisse ; Directeur / Directrice de magasin de grande distribution ; Chef / Cheffe de rayon de produits non alimentaires ; Chef / Cheffe de rayon produits alimentaires";Entreprise susceptible de recruter (candidature spontanée);;;Apprentissage, Professionnalisation;;;75330823805743;6;https://labonnealternance.apprentissage.beta.gouv.fr/emploi/recruteurs_lba/75330823805743/action
ANGEL ARTISAN BOUCHER;MCO + NDRC;Bry-Sur-Marne;94360;37B GR GRANDE RUE CHARLES DE 94360 BRY-SUR-MARNE;Commerce de détail de viandes et de produits à base de viande en magasin spécialisé;"Vendeur / Vendeuse en épicerie ; Vendeur / Vendeuse grossiste en produits frais";Entreprise susceptible de recruter (candidature spontanée);;;Apprentissage, Professionnalisation;;;84464630700018;2;https://labonnealternance.apprentissage.beta.gouv.fr/emploi/recruteurs_lba/84464630700018/angel-artisan-boucher
ATHESI;MCO + NDRC;Bry-Sur-Marne;94360;31 RUE DES CLOTAIS 94360 BRY-SUR-MARNE;Commerce de gros (commerce interentreprises) d'ordinateurs, d'équipements informatiques périphériques et de logiciels;"Consultant / Consultante avant-vente ; Cadre Technico-commercial / Technico-commerciale";Entreprise susceptible de recruter (candidature spontanée);;;Apprentissage, Professionnalisation;;;48340231900022;2;https://labonnealternance.apprentissage.beta.gouv.fr/emploi/recruteurs_lba/48340231900022/athesi
BNP Paribas;NDRC;Bry-Sur-Marne;94360;2 rue de Noisy le Grand 94360 BRY-SUR-MARNE;Autres intermédiations monétaires;"Conseiller / Conseillère de clientèle bancaire ; Chargé / Chargée d'accueil en banque ; Conseiller / Conseillère en gestion de patrimoine";Entreprise susceptible de recruter (candidature spontanée);;;Apprentissage, Professionnalisation;;;66204244919071;3;https://labonnealternance.apprentissage.beta.gouv.fr/emploi/recruteurs_lba/66204244919071/bnp-paribas
BRED Banque Populaire;NDRC;Bry-Sur-Marne;94360;48 GRANDE RUE CHARLES DE GAULLE 94360 BRY-SUR-MARNE;Autres intermédiations monétaires;"Conseiller / Conseillère de clientèle bancaire ; Chargé / Chargée d'accueil en banque ; Conseiller / Conseillère en gestion de patrimoine ; Chargé / Chargée d'affaires bancaires entreprise";Entreprise susceptible de recruter (candidature spontanée);;;Apprentissage, Professionnalisation;;;55209179503876;4;https://labonnealternance.apprentissage.beta.gouv.fr/emploi/recruteurs_lba/55209179503876/bred-banque-populaire
CARREFOUR CITY;MCO;Bry-Sur-Marne;94360;230 boulevard Pasteur 94360 BRY-SUR-MARNE;Supermarchés;"Employé / Employée de rayon libre-service ; Directeur / Directrice de magasin de grande distribution ; Hôte / Hôtesse de caisse ; Responsable de caisses ; Chef / Cheffe de rayon produits alimentaires";Entreprise susceptible de recruter (candidature spontanée);;;Apprentissage, Professionnalisation;;;83212682500039;5;https://labonnealternance.apprentissage.beta.gouv.fr/emploi/recruteurs_lba/83212682500039/carrefour-city
COSMOS;MCO;Bry-Sur-Marne;94360;16 rue Moliere 94360 BRY-SUR-MARNE;Autres activités de soutien aux entreprises n.c.a.;Animateur / Animatrice des ventes;Entreprise susceptible de recruter (candidature spontanée);;;Apprentissage, Professionnalisation;;;87831152100016;1;https://labonnealternance.apprentissage.beta.gouv.fr/emploi/recruteurs_lba/87831152100016/cosmos
DECATHLON;MCO + NDRC;Bry-Sur-Marne;94360;19B BOULEVARD JEAN MONNET 94360 BRY-SUR-MARNE;Commerce de détail d'articles de sport en magasin spécialisé;"Vendeur / Vendeuse d'articles de sport et loisirs ; Hôte / Hôtesse de caisse ; Chef / Cheffe de rayon de produits non alimentaires ; Vendeur / Vendeuse en prêt-à-porter ; Vendeur / Vendeuse grossiste en équipement du foyer";Entreprise susceptible de recruter (candidature spontanée);;;Apprentissage, Professionnalisation;;;50056940503478;5;https://labonnealternance.apprentissage.beta.gouv.fr/emploi/recruteurs_lba/50056940503478/decathlon
FESTO;NDRC;Bry-Sur-Marne;94360;8 LE CLOS STE CATHERINE 94360 BRY-SUR-MARNE;Commerce de gros (commerce interentreprises) de fournitures et équipements industriels divers;"Technico-commercial / Technico-commerciale ; Attaché commercial / Attachée commerciale";Entreprise susceptible de recruter (candidature spontanée);;;Apprentissage, Professionnalisation;;;65578065800325;2;https://labonnealternance.apprentissage.beta.gouv.fr/emploi/recruteurs_lba/65578065800325/festo
GIE IPE MLV;MCO;Bry-Sur-Marne;94360;33 rue Leon Menu 94360 BRY-SUR-MARNE;Autres activités de soutien aux entreprises n.c.a.;Animateur / Animatrice des ventes;Entreprise susceptible de recruter (candidature spontanée);;;Apprentissage, Professionnalisation;;;82214765800022;1;https://labonnealternance.apprentissage.beta.gouv.fr/emploi/recruteurs_lba/82214765800022/gie-ipe-mlv
HABITAT;MCO;Bry-Sur-Marne;94360;19B boulevard Jean Monnet 94360 BRY-SUR-MARNE;Commerce de détail de meubles;"Vendeur / Vendeuse en équipement de la maison ; Hôte / Hôtesse de caisse";Entreprise susceptible de recruter (candidature spontanée);;;Apprentissage, Professionnalisation;;;38938954500465;2;https://labonnealternance.apprentissage.beta.gouv.fr/emploi/recruteurs_lba/38938954500465/habitat
HP CONCEPT;MCO + NDRC;Bry-Sur-Marne;94360;4B RUE DU CLOS SAINTE CATHERINE 94360 BRY-SUR-MARNE;Commerce de détail de quincaillerie, peintures et verres en petites surfaces (moins de 400 m2);"Hôte / Hôtesse de caisse ; Vendeur / Vendeuse grossiste en équipement du foyer ; Conseiller commercial / Conseillère commerciale auprès des particuliers";Entreprise susceptible de recruter (candidature spontanée);;;Apprentissage, Professionnalisation;;;48399414100040;3;https://labonnealternance.apprentissage.beta.gouv.fr/emploi/recruteurs_lba/48399414100040/hp-concept
INVENTEC PERFORMANCE CHEMICALS;MCO + NDRC;Bry-Sur-Marne;94360;26 RUE DES COULONS 94360 BRY-SUR-MARNE;Commerce de gros (commerce interentreprises) de produits chimiques;"Responsable e-commerce ; Technico-commercial / Technico-commerciale ; Cadre Technico-commercial / Technico-commerciale ; Attaché commercial / Attachée commerciale ; Commercial itinérant / Commerciale itinérante en entreprise de commerce de gros";Entreprise susceptible de recruter (candidature spontanée);;;Apprentissage, Professionnalisation;;;96450070600061;5;https://labonnealternance.apprentissage.beta.gouv.fr/emploi/recruteurs_lba/96450070600061/inventec-performance-chemicals
LA GRANDE RECRE;MCO + NDRC;Bry-Sur-Marne;94360;19B boulevard Jean Monnet 94360 BRY-SUR-MARNE;Commerce de détail de jeux et jouets en magasin spécialisé;"Vendeur / Vendeuse de produits culturels et ludiques ; Hôte / Hôtesse de caisse ; Responsable de boutique ; Employé / Employée de rayon libre-service ; Directeur / Directrice des ventes ; Conseiller commercial / Conseillère commerciale auprès des particuliers";Entreprise susceptible de recruter (candidature spontanée);;;Apprentissage, Professionnalisation;;;95290846500596;6;https://labonnealternance.apprentissage.beta.gouv.fr/emploi/recruteurs_lba/95290846500596/la-grande-recre
La Poste;NDRC;Bry-Sur-Marne;94360;6 rue du Clos Sainte Catherine 94360 BRY-SUR-MARNE;Activités de poste dans le cadre d'une obligation de service universel;Responsable relation client (CRM);Entreprise susceptible de recruter (candidature spontanée);;;Apprentissage, Professionnalisation;;;35600000068886;1;https://labonnealternance.apprentissage.beta.gouv.fr/emploi/recruteurs_lba/35600000068886/la-poste
LE FROMAGER DE BRY SUR MARNE;MCO;Bry-Sur-Marne;94360;19B boulevard Jean Monnet 94360 BRY-SUR-MARNE;Autres commerces de détail alimentaires en magasin spécialisé;"Vendeur / Vendeuse en épicerie ; Employé / Employée de rayon libre-service ; Chef / Cheffe de rayon produits alimentaires ; Responsable de boutique";Entreprise susceptible de recruter (candidature spontanée);;;Apprentissage, Professionnalisation;;;89172800800022;4;https://labonnealternance.apprentissage.beta.gouv.fr/emploi/recruteurs_lba/89172800800022/le-fromager-de-bry-sur-marne
LES JARDINS DE BRY SUR MARNE;MCO;Bry-Sur-Marne;94360;19B boulevard Jean Monnet 94360 BRY-SUR-MARNE;Commerce d'alimentation générale;"Employé / Employée de rayon libre-service ; Vendeur / Vendeuse en épicerie ; Hôte / Hôtesse de caisse ; Chef / Cheffe de rayon produits alimentaires ; Directeur / Directrice de magasin de grande distribution ; Gérant / Gérante de magasin d'alimentation générale";Entreprise susceptible de recruter (candidature spontanée);;;Apprentissage, Professionnalisation;;;89172873500020;6;https://labonnealternance.apprentissage.beta.gouv.fr/emploi/recruteurs_lba/89172873500020/les-jardins-de-bry-sur-marne
MAISON COYARD;MCO;Bry-Sur-Marne;94360;23B GRANDE RUE CHARLES DE GAULLE 94360 BRY-SUR-MARNE;Boulangerie et boulangerie-pâtisserie;Vendeur / Vendeuse en épicerie;Entreprise susceptible de recruter (candidature spontanée);;;Apprentissage, Professionnalisation;;;53357776300014;1;https://labonnealternance.apprentissage.beta.gouv.fr/emploi/recruteurs_lba/53357776300014/maison-coyard
MAISONS DU MONDE;MCO + NDRC;Bry-Sur-Marne;94360;19B BOULEVARD JEAN MONNET 94360 BRY-SUR-MARNE;Commerce de détail d'autres équipements du foyer;"Vendeur / Vendeuse en équipement de la maison ; Employé / Employée de rayon libre-service ; Responsable de boutique ; Hôte / Hôtesse de caisse ; Vendeur / Vendeuse grossiste en équipement du foyer ; Conseiller commercial / Conseillère commerciale auprès des particuliers";Entreprise susceptible de recruter (candidature spontanée);;;Apprentissage, Professionnalisation;;;38319665601969;6;https://labonnealternance.apprentissage.beta.gouv.fr/emploi/recruteurs_lba/38319665601969/maisons-du-monde
MINIMARCHE HAUTS DE SEINE;MCO;Bry-Sur-Marne;94360;70 GRANDE RUE CHARLES DE GAULLE 94360 BRY-SUR-MARNE;Supermarchés;"Employé / Employée de rayon libre-service ; Directeur / Directrice de magasin de grande distribution ; Hôte / Hôtesse de caisse ; Responsable de caisses ; Chef / Cheffe de rayon produits alimentaires";Entreprise susceptible de recruter (candidature spontanée);;;Apprentissage, Professionnalisation;;;30521933900051;5;https://labonnealternance.apprentissage.beta.gouv.fr/emploi/recruteurs_lba/30521933900051/minimarche-hauts-de-seine
MYAGENT.IMMO;NDRC;Bry-Sur-Marne;94360;28 RUE DU MARECHAL JOFFRE 94360 BRY-SUR-MARNE;PORTAILS INTERNET;Commercial / Commerciale grands comptes et entreprises;Entreprise susceptible de recruter (candidature spontanée);;;Apprentissage, Professionnalisation;;;89271432000017;1;https://labonnealternance.apprentissage.beta.gouv.fr/emploi/recruteurs_lba/89271432000017/myagent-immo
NOVOVIANDE;MCO + NDRC;Bry-Sur-Marne;94360;19B boulevard Jean Monnet 94360 BRY-SUR-MARNE;Commerce de détail de viandes et de produits à base de viande en magasin spécialisé;"Vendeur / Vendeuse en épicerie ; Vendeur / Vendeuse grossiste en produits frais";Entreprise susceptible de recruter (candidature spontanée);;;Apprentissage, Professionnalisation;;;89054179000022;2;https://labonnealternance.apprentissage.beta.gouv.fr/emploi/recruteurs_lba/89054179000022/novoviande
Truffaut;MCO;Bry-Sur-Marne;94360;19B BOULEVARD JEAN MONNET 94360 BRY-SUR-MARNE;Commerce de détail de fleurs, plantes, graines, engrais, animaux de compagnie et aliments pour ces animaux en magasin spécialisé;"Responsable de boutique ; Vendeur / Vendeuse conseil en jardinerie ; Vendeur / Vendeuse en animalerie ; Hôte / Hôtesse de caisse ; Chef / Cheffe de rayon de produits non alimentaires";Entreprise susceptible de recruter (candidature spontanée);;;Apprentissage, Professionnalisation;;;73980623000853;5;https://labonnealternance.apprentissage.beta.gouv.fr/emploi/recruteurs_lba/73980623000853/truffaut
WEB SUR MARNE - WIBOO;NDRC;Bry-Sur-Marne;94360;102B AVENUE GEORGES CLEMENCEAU 94360 BRY-SUR-MARNE;PROGRAMMATION INFORMATIQUE;Commercial / Commerciale export;Entreprise susceptible de recruter (candidature spontanée);;;Apprentissage, Professionnalisation;;;53471478700031;1;https://labonnealternance.apprentissage.beta.gouv.fr/emploi/recruteurs_lba/53471478700031/web-sur-marne-wiboo
ACADIS;MCO;Cachan;94230;RUE COUSTE 94230 CACHAN;Supermarchés;"Employé / Employée de rayon libre-service ; Directeur / Directrice de magasin de grande distribution ; Hôte / Hôtesse de caisse ; Responsable de caisses ; Chef / Cheffe de rayon produits alimentaires";Entreprise susceptible de recruter (candidature spontanée);;;Apprentissage, Professionnalisation;;;47937596600013;5;https://labonnealternance.apprentissage.beta.gouv.fr/emploi/recruteurs_lba/47937596600013/acadis
AGENCE IMMOBILIERE DU CENTRE;NDRC;Cachan;94230;1 AVENUE COUSIN DE MERICOURT 94230 CACHAN;Agences immobilières;Conseiller / Conseillère immobilier;Entreprise susceptible de recruter (candidature spontanée);;;Apprentissage, Professionnalisation;;;49297907500016;1;https://labonnealternance.apprentissage.beta.gouv.fr/emploi/recruteurs_lba/49297907500016/agence-immobiliere-du-centre
AVISTO;NDRC;Cachan;94230;191 AVENUE ARISTIDE BRIAND 94230 CACHAN;PROGRAMMATION INFORMATIQUE;Commercial / Commerciale export;Entreprise susceptible de recruter (candidature spontanée);;;Apprentissage, Professionnalisation;;;45360667500024;1;https://labonnealternance.apprentissage.beta.gouv.fr/emploi/recruteurs_lba/45360667500024/avisto
CABINET J. FETIZONS;NDRC;Cachan;94230;75 avenue Aristide Briand 94230 CACHAN;Agences immobilières;Conseiller / Conseillère immobilier;Entreprise susceptible de recruter (candidature spontanée);;;Apprentissage, Professionnalisation;;;38955257100017;1;https://labonnealternance.apprentissage.beta.gouv.fr/emploi/recruteurs_lba/38955257100017/cabinet-j-fetizons
CACHAN A BRIAND;NDRC;Cachan;94230;127 avenue Aristide Briand 94230 CACHAN;Autres intermédiations monétaires;"Conseiller / Conseillère de clientèle bancaire ; Chargé / Chargée d'accueil en banque ; Conseiller / Conseillère en gestion de patrimoine";Entreprise susceptible de recruter (candidature spontanée);;;Apprentissage, Professionnalisation;;;55212022243823;3;https://labonnealternance.apprentissage.beta.gouv.fr/emploi/recruteurs_lba/55212022243823/cachan-a-briand
CARREFOUR MARKET;MCO;Cachan;94230;9 AVENUE DE LA DIVISION LECLERC 94230 CACHAN;Supermarchés;"Responsable de caisses ; Adjoint / Adjointe chef de caisses";Offre publiée sur La bonne alternance;Adjoint / Adjointe chef de caisses;BTS, DEUST (Bac+2);Apprentissage;2026-07-11;;;2;https://labonnealternance.apprentissage.beta.gouv.fr/emploi/offres_emploi_lba/6a5236e38bfdaae34d62d75a/adjoint-adjointe-chef-de-caisses
CARREFOUR MARKET;MCO;Cachan;94230;15 AVENUE LOUIS GEORGEON 94230 CACHAN;Supermarchés;"Employé / Employée de rayon libre-service ; Directeur / Directrice de magasin de grande distribution ; Hôte / Hôtesse de caisse ; Responsable de caisses ; Chef / Cheffe de rayon produits alimentaires";Entreprise susceptible de recruter (candidature spontanée);;;Apprentissage, Professionnalisation;;;95262196900023;5;https://labonnealternance.apprentissage.beta.gouv.fr/emploi/recruteurs_lba/95262196900023/carrefour-market
CREDIT LYONNAIS;NDRC;Cachan;94230;1B rue Camille Desmoulins 94230 CACHAN;Autres intermédiations monétaires;"Conseiller / Conseillère de clientèle bancaire ; Chargé / Chargée d'accueil en banque ; Conseiller / Conseillère en gestion de patrimoine";Entreprise susceptible de recruter (candidature spontanée);;;Apprentissage, Professionnalisation;;;95450974127949;3;https://labonnealternance.apprentissage.beta.gouv.fr/emploi/recruteurs_lba/95450974127949/credit-lyonnais
DESTINATION JEUX;MCO + NDRC;Cachan;94230;5 rue Couste 94230 CACHAN;COMMERCE DE GROS (COMMERCE INTERENTREPRISES) D'AUTRES BIENS DOMESTIQUES;"Assistant / Assistante administration des ventes ; Assistant commercial / Assistante commerciale";Entreprise susceptible de recruter (candidature spontanée);;;Apprentissage, Professionnalisation;;;40993619200056;2;https://labonnealternance.apprentissage.beta.gouv.fr/emploi/recruteurs_lba/40993619200056/destination-jeux
DISTANCES;MCO;Cachan;94230;73 AVENUE CARNOT 94230 CACHAN;Autres activités de soutien aux entreprises n.c.a.;Animateur / Animatrice des ventes;Entreprise susceptible de recruter (candidature spontanée);;;Apprentissage, Professionnalisation;;;33920717700066;1;https://labonnealternance.apprentissage.beta.gouv.fr/emploi/recruteurs_lba/33920717700066/distances
DOSISOFT RADIOTHERAPY;NDRC;Cachan;94230;45 AVENUE CARNOT 94230 CACHAN;PROGRAMMATION INFORMATIQUE;Commercial / Commerciale export;Entreprise susceptible de recruter (candidature spontanée);;;Apprentissage, Professionnalisation;;;44319543300018;1;https://labonnealternance.apprentissage.beta.gouv.fr/emploi/recruteurs_lba/44319543300018/dosisoft-radiotherapy
E2M FORMATION;MCO;Cachan;94230;45 Avenue Carnot 94230 Cachan;Supermarchés;"Employé / Employée de rayon libre-service ; Employé / Employée de libre-service";Offre publiée sur La bonne alternance;Employé / Employée de libre-service;Bac, Bac Pro, BP (Bac);Apprentissage;2026-09-18;Oui;;2;https://labonnealternance.apprentissage.beta.gouv.fr/emploi/offres_emploi_lba/6aad0cae280867a51a5e96ce/employe-employee-de-libre-service
E2M FORMATION;MCO;Cachan;94230;45 Avenue Carnot 94230 Cachan;Supermarchés;"Employé / Employée de rayon libre-service ; Employé / Employée de libre-service";Offre publiée sur La bonne alternance;Employé / Employée de libre-service;BTS, DEUST (Bac+2);Apprentissage;2026-08-26;Oui;;2;https://labonnealternance.apprentissage.beta.gouv.fr/emploi/offres_emploi_lba/6a8ee3c5cc26d36574c44f56/employe-employee-de-libre-service
E2M FORMATION;MCO;Cachan;94230;45 Avenue Carnot 94230 Cachan;Supermarchés;"Employé / Employée de rayon libre-service ; Employé / Employée de libre-service";Offre publiée sur La bonne alternance;Employé / Employée de libre-service;BTS, DEUST (Bac+2);Apprentissage;2026-08-26;Oui;;2;https://labonnealternance.apprentissage.beta.gouv.fr/emploi/offres_emploi_lba/6a8eecc45ed321d8e7f891b4/employe-employee-de-libre-service
ESALAD;NDRC;Cachan;94230;8 rue Anatole France 94230 CACHAN;Commerce de gros (commerce interentreprises) non spécialisé;"Technico-commercial / Technico-commerciale ; Assistant commercial / Assistante commerciale ; Conseiller / Conseillère en gestion de patrimoine";Entreprise susceptible de recruter (candidature spontanée);;;Apprentissage, Professionnalisation;;;82119887600038;3;https://labonnealternance.apprentissage.beta.gouv.fr/emploi/recruteurs_lba/82119887600038/esalad
Franprix;MCO;Cachan;94230;26 AVENUE DU PONT-ROYAL 94230 CACHAN;Supermarchés;"Employé / Employée de rayon libre-service ; Directeur / Directrice de magasin de grande distribution ; Hôte / Hôtesse de caisse ; Responsable de caisses ; Chef / Cheffe de rayon produits alimentaires";Entreprise susceptible de recruter (candidature spontanée);;;Apprentissage, Professionnalisation;;;33137540200012;5;https://labonnealternance.apprentissage.beta.gouv.fr/emploi/recruteurs_lba/33137540200012/franprix
IMAGINO;NDRC;Cachan;94230;45 AVENUE CARNOT 94230 CACHAN;PROGRAMMATION INFORMATIQUE;Commercial / Commerciale export;Entreprise susceptible de recruter (candidature spontanée);;;Apprentissage, Professionnalisation;;;83190321600016;1;https://labonnealternance.apprentissage.beta.gouv.fr/emploi/recruteurs_lba/83190321600016/imagino
IRROLA;MCO;Cachan;94230;6 AVENUE CARNOT 94230 CACHAN;Commerce d'alimentation générale;"Employé / Employée de rayon libre-service ; Vendeur / Vendeuse en épicerie ; Hôte / Hôtesse de caisse ; Chef / Cheffe de rayon produits alimentaires ; Directeur / Directrice de magasin de grande distribution ; Gérant / Gérante de magasin d'alimentation générale";Entreprise susceptible de recruter (candidature spontanée);;;Apprentissage, Professionnalisation;;;90201836500012;6;https://labonnealternance.apprentissage.beta.gouv.fr/emploi/recruteurs_lba/90201836500012/irrola
JIMO;NDRC;Cachan;94230;11 rue de la Pleiade 94230 CACHAN;Édition de logiciels système et de réseau;Cadre Technico-commercial / Technico-commerciale;Entreprise susceptible de recruter (candidature spontanée);;;Apprentissage, Professionnalisation;;;91172013400012;1;https://labonnealternance.apprentissage.beta.gouv.fr/emploi/recruteurs_lba/91172013400012/jimo
JMJ AUDITION;MCO + NDRC;Cachan;94230;17 avenue du Pont Royal 94230 CACHAN;Commerce de détail d'articles médicaux et orthopédiques en magasin spécialisé;Délégué médical hospitalier / Déléguée médicale hospitalière;Entreprise susceptible de recruter (candidature spontanée);;;Apprentissage, Professionnalisation;;;82757258700018;2;https://labonnealternance.apprentissage.beta.gouv.fr/emploi/recruteurs_lba/82757258700018/jmj-audition
La Poste;NDRC;Cachan;94230;5 rue Camille Desmoulins 94230 CACHAN;Activités de poste dans le cadre d'une obligation de service universel;Responsable relation client (CRM);Entreprise susceptible de recruter (candidature spontanée);;;Apprentissage, Professionnalisation;;;35600000050281;1;https://labonnealternance.apprentissage.beta.gouv.fr/emploi/recruteurs_lba/35600000050281/la-poste
MISS'ASSUR;NDRC;Cachan;94230;8 avenue Victor Hugo 94230 CACHAN;Activités des agents et courtiers d'assurances;"Conseiller / Conseillère en assurances ; Conseiller / Conseillère en gestion de patrimoine";Entreprise susceptible de recruter (candidature spontanée);;;Apprentissage, Professionnalisation;;;85316404400028;2;https://labonnealternance.apprentissage.beta.gouv.fr/emploi/recruteurs_lba/85316404400028/miss-assur
NEXITY STUDEA;NDRC;Cachan;94230;47 rue Marcel Bonnet 94230 CACHAN;LOCATION DE TERRAINS ET D'AUTRES BIENS IMMOBILIERS;"Conseiller / Conseillère immobilier ; Conseiller commercial / Conseillère commerciale auprès des particuliers";Entreprise susceptible de recruter (candidature spontanée);;;Apprentissage, Professionnalisation;;;34209083401916;2;https://labonnealternance.apprentissage.beta.gouv.fr/emploi/recruteurs_lba/34209083401916/nexity-studea
ROCKET TALENTS;NDRC;Cachan;94230;11 AVENUE DE LA DIVISION LECLERC 94230 CACHAN;PROGRAMMATION INFORMATIQUE;Commercial / Commerciale export;Entreprise susceptible de recruter (candidature spontanée);;;Apprentissage, Professionnalisation;;;89534018000028;1;https://labonnealternance.apprentissage.beta.gouv.fr/emploi/recruteurs_lba/89534018000028/rocket-talents
ROU'SS AUTO;MCO + NDRC;Cachan;94230;67 AVENUE ARISTIDE BRIAND 94230 CACHAN;Commerce de voitures et de véhicules automobiles légers;"Vendeur / Vendeuse automobile ; Conseiller / Conseillère client après-vente des véhicules";Entreprise susceptible de recruter (candidature spontanée);;;Apprentissage, Professionnalisation;;;34763327300011;2;https://labonnealternance.apprentissage.beta.gouv.fr/emploi/recruteurs_lba/34763327300011/rou-ss-auto
RYZOM FILMS;NDRC;Cachan;94230;86 RUE DU COLONEL FABIEN 94230 CACHAN;Production de films institutionnels et publicitaires;Directeur commercial / Directrice commerciale;Entreprise susceptible de recruter (candidature spontanée);;;Apprentissage, Professionnalisation;;;82783045600030;1;https://labonnealternance.apprentissage.beta.gouv.fr/emploi/recruteurs_lba/82783045600030/ryzom-films
SOCIETE C.CAQUELIN;MCO;Cachan;94230;14 rue Guichard 94230 CACHAN;Boulangerie et boulangerie-pâtisserie;Vendeur / Vendeuse en épicerie;Entreprise susceptible de recruter (candidature spontanée);;;Apprentissage, Professionnalisation;;;75269273100017;1;https://labonnealternance.apprentissage.beta.gouv.fr/emploi/recruteurs_lba/75269273100017/societe-c-caquelin
SOCIETE GENERALE;NDRC;Cachan;94230;5 RUE CAMILLE DESMOULINS 94230 CACHAN;Autres intermédiations monétaires;"Conseiller / Conseillère de clientèle bancaire ; Chargé / Chargée d'accueil en banque ; Conseiller / Conseillère en gestion de patrimoine";Entreprise susceptible de recruter (candidature spontanée);;;Apprentissage, Professionnalisation;;;55212022223007;3;https://labonnealternance.apprentissage.beta.gouv.fr/emploi/recruteurs_lba/55212022223007/societe-generale
STEPHANE PLAZA IMMOBILIER;NDRC;Cachan;94230;5 rue Guichard 94230 CACHAN;Agences immobilières;Conseiller / Conseillère immobilier;Entreprise susceptible de recruter (candidature spontanée);;;Apprentissage, Professionnalisation;;;85029264000024;1;https://labonnealternance.apprentissage.beta.gouv.fr/emploi/recruteurs_lba/85029264000024/stephane-plaza-immobilier
2E-ELEC;NDRC;Champigny-Sur-Marne;94500;435 rue Marcel Paul 94500 CHAMPIGNY-SUR-MARNE;Commerce de gros (commerce interentreprises) de fournitures et équipements divers pour le commerce et les services;"Cadre Technico-commercial / Technico-commerciale ; Technico-commercial / Technico-commerciale ; Assistant commercial / Assistante commerciale";Entreprise susceptible de recruter (candidature spontanée);;;Apprentissage, Professionnalisation;;;52133384900029;3;https://labonnealternance.apprentissage.beta.gouv.fr/emploi/recruteurs_lba/52133384900029/2e-elec
7 + 2 ADS CONCEPT;MCO + NDRC;Champigny-Sur-Marne;94500;18 rue de Flandres Dunkerque 1940 94500 CHAMPIGNY-SUR-MARNE;Autres intermédiaires du commerce en produits divers;"Vendeur / Vendeuse automobile ; Conseiller commercial / Conseillère commerciale auprès des particuliers ; Responsable Commercial / Commerciale ; Attaché commercial / Attachée commerciale";Entreprise susceptible de recruter (candidature spontanée);;;Apprentissage, Professionnalisation;;;83961565500017;4;https://labonnealternance.apprentissage.beta.gouv.fr/emploi/recruteurs_lba/83961565500017/7-2-ads-concept
ABONATUREL;MCO;Champigny-Sur-Marne;94500;156 RUE ALEXANDRE FOURNY 94500 CHAMPIGNY-SUR-MARNE;Commerce de détail de parfumerie et de produits de beauté en magasin spécialisé;"Responsable de boutique ; Employé / Employée de rayon libre-service";Entreprise susceptible de recruter (candidature spontanée);;;Apprentissage, Professionnalisation;;;83450502600015;2;https://labonnealternance.apprentissage.beta.gouv.fr/emploi/recruteurs_lba/83450502600015/abonaturel
AGENCE DE CHAMPIGNY SUR MARNE - BANQUE R;NDRC;Champigny-Sur-Marne;94500;79 rue Jean Jaures 94500 CHAMPIGNY-SUR-MARNE;Autres intermédiations monétaires;"Conseiller / Conseillère de clientèle bancaire ; Chargé / Chargée d'accueil en banque ; Conseiller / Conseillère en gestion de patrimoine";Entreprise susceptible de recruter (candidature spontanée);;;Apprentissage, Professionnalisation;;;55209179505376;3;https://labonnealternance.apprentissage.beta.gouv.fr/emploi/recruteurs_lba/55209179505376/agence-de-champigny-sur-marne-banque-r
ASCM;MCO;Champigny-Sur-Marne;94500;790 rue Marcel Paul 94500 CHAMPIGNY-SUR-MARNE;Pâtisserie;Vendeur / Vendeuse en épicerie;Entreprise susceptible de recruter (candidature spontanée);;;Apprentissage, Professionnalisation;;;79440901100044;1;https://labonnealternance.apprentissage.beta.gouv.fr/emploi/recruteurs_lba/79440901100044/ascm
ATLAS;NDRC;Champigny-Sur-Marne;94500;85 avenue du General De Gaulle 94500 CHAMPIGNY-SUR-MARNE;Location de courte durée de voitures et de véhicules automobiles légers;"Agent technico-commercial / Agente technico-commerciale en location de véhicules ; Conseiller / Conseillère client après-vente des véhicules";Entreprise susceptible de recruter (candidature spontanée);;;Apprentissage, Professionnalisation;;;33483686300038;2;https://labonnealternance.apprentissage.beta.gouv.fr/emploi/recruteurs_lba/33483686300038/atlas
BANQUE BCP;NDRC;Champigny-Sur-Marne;94500;636 AVENUE MAURICE THOREZ 94500 CHAMPIGNY-SUR-MARNE;Autres intermédiations monétaires;"Conseiller / Conseillère de clientèle bancaire ; Chargé / Chargée d'accueil en banque ; Conseiller / Conseillère en gestion de patrimoine";Entreprise susceptible de recruter (candidature spontanée);;;Apprentissage, Professionnalisation;;;43396117400458;3;https://labonnealternance.apprentissage.beta.gouv.fr/emploi/recruteurs_lba/43396117400458/banque-bcp
BIRDY PROMOTION;NDRC;Champigny-Sur-Marne;94500;7 rue Roland Martin 94500 CHAMPIGNY-SUR-MARNE;Promotion immobilière de logements;Chargé / Chargée d'affaires immobilières;Entreprise susceptible de recruter (candidature spontanée);;;Apprentissage, Professionnalisation;;;83152082000026;1;https://labonnealternance.apprentissage.beta.gouv.fr/emploi/recruteurs_lba/83152082000026/birdy-promotion
BOREL STEPHANE INVESTISSEMENT IMMOBILIER;NDRC;Champigny-Sur-Marne;94500;24 AVENUE DU GENERAL DE GAULLE 94500 CHAMPIGNY-SUR-MARNE;Agences immobilières;Conseiller / Conseillère immobilier;Entreprise susceptible de recruter (candidature spontanée);;;Apprentissage, Professionnalisation;;;91096508600010;1;https://labonnealternance.apprentissage.beta.gouv.fr/emploi/recruteurs_lba/91096508600010/borel-stephane-investissement-immobilier
BOULANGERIE COEUR DE MIE;MCO;Champigny-Sur-Marne;94500;12 rue Jean Jaures 94500 CHAMPIGNY-SUR-MARNE;Boulangerie et boulangerie-pâtisserie;Vendeur / Vendeuse en épicerie;Entreprise susceptible de recruter (candidature spontanée);;;Apprentissage, Professionnalisation;;;92491614100014;1;https://labonnealternance.apprentissage.beta.gouv.fr/emploi/recruteurs_lba/92491614100014/boulangerie-coeur-de-mie
CAISSE D'EPARGNE ET DE PREVOYANCE ILE-DE-FRANCE;NDRC;Champigny-Sur-Marne;94500;71 RUE JEAN JAURES 94500 CHAMPIGNY-SUR-MARNE;Autres intermédiations monétaires;"Conseiller / Conseillère de clientèle bancaire ; Chargé / Chargée d'accueil en banque ; Conseiller / Conseillère en gestion de patrimoine";Entreprise susceptible de recruter (candidature spontanée);;;Apprentissage, Professionnalisation;;;38290094201673;3;https://labonnealternance.apprentissage.beta.gouv.fr/emploi/recruteurs_lba/38290094201673/caisse-d-epargne-et-de-prevoyance-ile-de-france
CARREFOUR CITY;MCO;Champigny-Sur-Marne;94500;4 PLACE LENINE 94500 CHAMPIGNY-SUR-MARNE;Supermarchés;"Employé / Employée de rayon libre-service ; Directeur / Directrice de magasin de grande distribution ; Hôte / Hôtesse de caisse ; Responsable de caisses ; Chef / Cheffe de rayon produits alimentaires";Entreprise susceptible de recruter (candidature spontanée);;;Apprentissage, Professionnalisation;;;85260283800017;5;https://labonnealternance.apprentissage.beta.gouv.fr/emploi/recruteurs_lba/85260283800017/carrefour-city
CARREFOUR CONTACT;MCO;Champigny-Sur-Marne;94500;2 PLACE RODIN 94500 CHAMPIGNY-SUR-MARNE;Supermarchés;"Employé / Employée de rayon libre-service ; Directeur / Directrice de magasin de grande distribution ; Hôte / Hôtesse de caisse ; Responsable de caisses ; Chef / Cheffe de rayon produits alimentaires";Entreprise susceptible de recruter (candidature spontanée);;;Apprentissage, Professionnalisation;;;84772588400013;5;https://labonnealternance.apprentissage.beta.gouv.fr/emploi/recruteurs_lba/84772588400013/carrefour-contact
CHADAPAUX;MCO + NDRC;Champigny-Sur-Marne;94500;82 AVENUE ROGER SALENGRO 94500 CHAMPIGNY-SUR-MARNE;COMMERCE DE GROS (COMMERCE INTERENTREPRISES) DE FOURNITURES POUR LA PLOMBERIE ET LE CHAUFFAGE;"Vendeur / Vendeuse grossiste en équipement du foyer ; Technico-commercial / Technico-commerciale ; Commercial itinérant / Commerciale itinérante en entreprise de commerce de gros";Entreprise susceptible de recruter (candidature spontanée);;;Apprentissage, Professionnalisation;;;34308659100181;3;https://labonnealternance.apprentissage.beta.gouv.fr/emploi/recruteurs_lba/34308659100181/chadapaux
CHAMPIDIS;MCO;Champigny-Sur-Marne;94500;RUE ALBERT THOMAS 94500 CHAMPIGNY-SUR-MARNE;Supérettes;"Employé / Employée de rayon libre-service ; Hôte / Hôtesse de caisse ; Directeur / Directrice de magasin de grande distribution ; Vendeur / Vendeuse en épicerie ; Responsable de caisses ; Chef / Cheffe de rayon produits alimentaires";Entreprise susceptible de recruter (candidature spontanée);;;Apprentissage, Professionnalisation;;;43907648000011;6;https://labonnealternance.apprentissage.beta.gouv.fr/emploi/recruteurs_lba/43907648000011/champidis
CHAMPIMARNE;MCO;Champigny-Sur-Marne;94500;156 rue Alexandre Fourny 94500 CHAMPIGNY-SUR-MARNE;Hypermarchés;"Employé / Employée de rayon libre-service ; Hôte / Hôtesse de caisse ; Chef / Cheffe de rayon produits alimentaires ; Vendeur / Vendeuse en épicerie";Entreprise susceptible de recruter (candidature spontanée);;;Apprentissage, Professionnalisation;;;53324843100017;4;https://labonnealternance.apprentissage.beta.gouv.fr/emploi/recruteurs_lba/53324843100017/champimarne
CONFODIS;MCO + NDRC;Champigny-Sur-Marne;94500;1381 rue de Bernau 94500 CHAMPIGNY-SUR-MARNE;Commerce de gros (commerce interentreprises) de matériel électrique;"Vendeur / Vendeuse grossiste en équipement du foyer ; Technico-commercial / Technico-commerciale";Entreprise susceptible de recruter (candidature spontanée);;;Apprentissage, Professionnalisation;;;33284738300020;2;https://labonnealternance.apprentissage.beta.gouv.fr/emploi/recruteurs_lba/33284738300020/confodis
CREDIT LYONNAIS;NDRC;Champigny-Sur-Marne;94500;68 rue Jean Jaures 94500 CHAMPIGNY-SUR-MARNE;Autres intermédiations monétaires;"Conseiller / Conseillère de clientèle bancaire ; Chargé / Chargée d'accueil en banque ; Conseiller / Conseillère en gestion de patrimoine";Entreprise susceptible de recruter (candidature spontanée);;;Apprentissage, Professionnalisation;;;95450974104716;3;https://labonnealternance.apprentissage.beta.gouv.fr/emploi/recruteurs_lba/95450974104716/credit-lyonnais
DISPANO;MCO;Champigny-Sur-Marne;94500;94500 Champigny-sur-Marne;Commerce de gros (commerce interentreprises) de bois et de matériaux de construction;"Vendeur / Vendeuse en équipement de la maison ; Alternance - Vendeur Conseil (H/F)";Offre partenaire (France Travail…);Alternance - Vendeur Conseil (H/F);Licence, BUT, Licence Pro (Bac+3);Apprentissage;2026-09-08;;;2;https://labonnealternance.apprentissage.beta.gouv.fr/emploi/offres_emploi_partenaires/6aa08a4c95355def70aa5cdc/alternance-vendeur-conseil-h-f
EDITIONS LITO;NDRC;Champigny-Sur-Marne;94500;41 rue de Verdun 94500 CHAMPIGNY-SUR-MARNE;Édition de livres;"Assistant commercial / Assistante commerciale ; Responsable Commercial / Commerciale";Entreprise susceptible de recruter (candidature spontanée);;;Apprentissage, Professionnalisation;;;30337490400025;2;https://labonnealternance.apprentissage.beta.gouv.fr/emploi/recruteurs_lba/30337490400025/editions-lito
FD IMMOBILIER;NDRC;Champigny-Sur-Marne;94500;11 RUE GEORGES DIMITROV 94500 CHAMPIGNY-SUR-MARNE;Agences immobilières;Conseiller / Conseillère immobilier;Entreprise susceptible de recruter (candidature spontanée);;;Apprentissage, Professionnalisation;;;82042650000022;1;https://labonnealternance.apprentissage.beta.gouv.fr/emploi/recruteurs_lba/82042650000022/fd-immobilier
FLY CAR;NDRC;Champigny-Sur-Marne;94500;44 AVENUE DE LA REPUBLIQUE 94500 CHAMPIGNY-SUR-MARNE;Location de courte durée de voitures et de véhicules automobiles légers;"Agent technico-commercial / Agente technico-commerciale en location de véhicules ; Conseiller / Conseillère client après-vente des véhicules";Entreprise susceptible de recruter (candidature spontanée);;;Apprentissage, Professionnalisation;;;90047008900013;2;https://labonnealternance.apprentissage.beta.gouv.fr/emploi/recruteurs_lba/90047008900013/fly-car
GIE IPE MLV;MCO;Champigny-Sur-Marne;94500;4 avenue Marx Dormoy 94500 CHAMPIGNY-SUR-MARNE;Autres activités de soutien aux entreprises n.c.a.;Animateur / Animatrice des ventes;Entreprise susceptible de recruter (candidature spontanée);;;Apprentissage, Professionnalisation;;;82214765800014;1;https://labonnealternance.apprentissage.beta.gouv.fr/emploi/recruteurs_lba/82214765800014/gie-ipe-mlv
GIRARDIN;MCO + NDRC;Champigny-Sur-Marne;94500;118 AVENUE ROGER SALENGRO 94500 CHAMPIGNY-SUR-MARNE;Commerce de voitures et de véhicules automobiles légers;"Vendeur / Vendeuse automobile ; Conseiller / Conseillère client après-vente des véhicules";Entreprise susceptible de recruter (candidature spontanée);;;Apprentissage, Professionnalisation;;;78873562900081;2;https://labonnealternance.apprentissage.beta.gouv.fr/emploi/recruteurs_lba/78873562900081/girardin
GRDF;NDRC;Champigny-Sur-Marne;94500;120 RUE MARCEL PAUL 94500 CHAMPIGNY-SUR-MARNE;Distribution de combustibles gazeux par conduites;Assistant commercial / Assistante commerciale;Entreprise susceptible de recruter (candidature spontanée);;;Apprentissage, Professionnalisation;;;44478651103158;1;https://labonnealternance.apprentissage.beta.gouv.fr/emploi/recruteurs_lba/44478651103158/grdf
Groupement Mousquetaires;MCO;Champigny-Sur-Marne;94500;94500 Champigny-sur-Marne;Activités des sièges sociaux;Vendeur / Vendeuse en épicerie;Offre partenaire (France Travail…);Intermarché Recrute ses Futurs Apprentis Primeurs H/F;CAP, BEP (Infrabac);Apprentissage, Professionnalisation;2026-09-21;;;1;https://labonnealternance.apprentissage.beta.gouv.fr/emploi/offres_emploi_partenaires/6968b8662fd23d7ccdf73a48/intermarche-recrute-ses-futurs-apprentis-primeurs-h-f
Gueudet 1880;MCO + NDRC;Champigny-Sur-Marne;94500;132 AVENUE ROGER SALENGRO 94500 CHAMPIGNY-SUR-MARNE;Commerce de voitures et de véhicules automobiles légers;"Vendeur / Vendeuse automobile ; Conseiller / Conseillère client après-vente des véhicules";Entreprise susceptible de recruter (candidature spontanée);;;Apprentissage, Professionnalisation;;;50881960400051;2;https://labonnealternance.apprentissage.beta.gouv.fr/emploi/recruteurs_lba/50881960400051/gueudet-1880
Gueudet 1880;MCO + NDRC;Champigny-Sur-Marne;94500;134 AVENUE ROGER SALENGRO 94500 CHAMPIGNY-SUR-MARNE;Commerce de voitures et de véhicules automobiles légers;"Vendeur / Vendeuse automobile ; Conseiller / Conseillère client après-vente des véhicules";Entreprise susceptible de recruter (candidature spontanée);;;Apprentissage, Professionnalisation;;;38458034600086;2;https://labonnealternance.apprentissage.beta.gouv.fr/emploi/recruteurs_lba/38458034600086/gueudet-1880
GUY HOQUET L'IMMOBILIER;NDRC;Champigny-Sur-Marne;94500;5 AVENUE DU GENERAL DE GAULLE 94500 CHAMPIGNY-SUR-MARNE;Agences immobilières;Conseiller / Conseillère immobilier;Entreprise susceptible de recruter (candidature spontanée);;;Apprentissage, Professionnalisation;;;84159859200019;1;https://labonnealternance.apprentissage.beta.gouv.fr/emploi/recruteurs_lba/84159859200019/guy-hoquet-l-immobilier
HIT;NDRC;Champigny-Sur-Marne;94500;27 RUE DES PERROQUETS 94500 CHAMPIGNY-SUR-MARNE;Agences immobilières;Conseiller / Conseillère immobilier;Entreprise susceptible de recruter (candidature spontanée);;;Apprentissage, Professionnalisation;;;80978510800022;1;https://labonnealternance.apprentissage.beta.gouv.fr/emploi/recruteurs_lba/80978510800022/hit
HOWDENS CUISINES;MCO + NDRC;Champigny-Sur-Marne;94500;101 RUE ALEXANDRE FOURNY 94500 CHAMPIGNY-SUR-MARNE;Commerce de gros (commerce interentreprises) de meubles, de tapis et d'appareils d'éclairage;"Vendeur / Vendeuse en équipement de la maison ; Attaché commercial / Attachée commerciale";Entreprise susceptible de recruter (candidature spontanée);;;Apprentissage, Professionnalisation;;;47758896600499;2;https://labonnealternance.apprentissage.beta.gouv.fr/emploi/recruteurs_lba/47758896600499/howdens-cuisines
IGNITION CUSTOM MOTORCYCLES;NDRC;Champigny-Sur-Marne;94500;26 RUE DE VERDUN 94500 CHAMPIGNY-SUR-MARNE;Commerce et réparation de motocycles;"Conseiller commercial / Conseillère commerciale motocycles ; Conseiller / Conseillère client après-vente des véhicules";Entreprise susceptible de recruter (candidature spontanée);;;Apprentissage, Professionnalisation;;;83427990300019;2;https://labonnealternance.apprentissage.beta.gouv.fr/emploi/recruteurs_lba/83427990300019/ignition-custom-motorcycles
INTERMARCHE;MCO;Champigny-Sur-Marne;94500;95 avenue de la Republique 94500 CHAMPIGNY-SUR-MARNE;Supermarchés;"Employé / Employée de rayon libre-service ; Directeur / Directrice de magasin de grande distribution ; Hôte / Hôtesse de caisse ; Responsable de caisses ; Chef / Cheffe de rayon produits alimentaires";Entreprise susceptible de recruter (candidature spontanée);;;Apprentissage, Professionnalisation;;;35177026800016;5;https://labonnealternance.apprentissage.beta.gouv.fr/emploi/recruteurs_lba/35177026800016/intermarche
INTERMARCHE;MCO;Champigny-Sur-Marne;94500;RUE DE VERDUN 94500 CHAMPIGNY-SUR-MARNE;Supermarchés;"Employé / Employée de rayon libre-service ; Directeur / Directrice de magasin de grande distribution ; Hôte / Hôtesse de caisse ; Responsable de caisses ; Chef / Cheffe de rayon produits alimentaires";Entreprise susceptible de recruter (candidature spontanée);;;Apprentissage, Professionnalisation;;;38292085800018;5;https://labonnealternance.apprentissage.beta.gouv.fr/emploi/recruteurs_lba/38292085800018/intermarche
JET MAREE;MCO;Champigny-Sur-Marne;94500;4 impasse Pierre Laurens 94500 CHAMPIGNY-SUR-MARNE;Commerce de détail de poissons, crustacés et mollusques en magasin spécialisé;Vendeur / Vendeuse en épicerie;Entreprise susceptible de recruter (candidature spontanée);;;Apprentissage, Professionnalisation;;;51450914000018;1;https://labonnealternance.apprentissage.beta.gouv.fr/emploi/recruteurs_lba/51450914000018/jet-maree
KOMO MARCHE;MCO;Champigny-Sur-Marne;94500;5 RUE SERPENTE 94500 CHAMPIGNY-SUR-MARNE;Supermarchés;"Employé / Employée de rayon libre-service ; Directeur / Directrice de magasin de grande distribution ; Hôte / Hôtesse de caisse ; Responsable de caisses ; Chef / Cheffe de rayon produits alimentaires";Entreprise susceptible de recruter (candidature spontanée);;;Apprentissage, Professionnalisation;;;91465954500026;5;https://labonnealternance.apprentissage.beta.gouv.fr/emploi/recruteurs_lba/91465954500026/komo-marche
LA PARISIENNE AUTOMOBILE;MCO + NDRC;Champigny-Sur-Marne;94500;14 avenue Marin 94500 CHAMPIGNY-SUR-MARNE;Commerce de voitures et de véhicules automobiles légers;"Vendeur / Vendeuse automobile ; Conseiller / Conseillère client après-vente des véhicules";Entreprise susceptible de recruter (candidature spontanée);;;Apprentissage, Professionnalisation;;;82780645600030;2;https://labonnealternance.apprentissage.beta.gouv.fr/emploi/recruteurs_lba/82780645600030/la-parisienne-automobile
La Poste;NDRC;Champigny-Sur-Marne;94500;54 rue Jean Jaures 94500 CHAMPIGNY-SUR-MARNE;Activités de poste dans le cadre d'une obligation de service universel;Responsable relation client (CRM);Entreprise susceptible de recruter (candidature spontanée);;;Apprentissage, Professionnalisation;;;35600000050501;1;https://labonnealternance.apprentissage.beta.gouv.fr/emploi/recruteurs_lba/35600000050501/la-poste
LEANDRE SANTICOLI;NDRC;Champigny-Sur-Marne;94500;43 avenue Roger Salengro 94500 CHAMPIGNY-SUR-MARNE;Activités des agents et courtiers d'assurances;"Conseiller / Conseillère en assurances ; Conseiller / Conseillère en gestion de patrimoine";Entreprise susceptible de recruter (candidature spontanée);;;Apprentissage, Professionnalisation;;;90383713600014;2;https://labonnealternance.apprentissage.beta.gouv.fr/emploi/recruteurs_lba/90383713600014/leandre-santicoli
LES DELICES DE LULU;MCO;Champigny-Sur-Marne;94500;80 RUE JEAN JAURES 94500 CHAMPIGNY-SUR-MARNE;Boulangerie et boulangerie-pâtisserie;Vendeur / Vendeuse en épicerie;Entreprise susceptible de recruter (candidature spontanée);;;Apprentissage, Professionnalisation;;;82097969800025;1;https://labonnealternance.apprentissage.beta.gouv.fr/emploi/recruteurs_lba/82097969800025/les-delices-de-lulu
LIDL;MCO;Champigny-Sur-Marne;94500;RUE DE BERNAU 94500 CHAMPIGNY-SUR-MARNE;Supermarchés;"Employé / Employée de rayon libre-service ; Directeur / Directrice de magasin de grande distribution ; Hôte / Hôtesse de caisse ; Responsable de caisses ; Chef / Cheffe de rayon produits alimentaires";Entreprise susceptible de recruter (candidature spontanée);;;Apprentissage, Professionnalisation;;;34326262205510;5;https://labonnealternance.apprentissage.beta.gouv.fr/emploi/recruteurs_lba/34326262205510/lidl
MISTERPRICE;NDRC;Champigny-Sur-Marne;94500;295 RUE DU PROFESSEUR PAUL MILLIEZ 94500 CHAMPIGNY-SUR-MARNE;Commerce de gros (commerce interentreprises) non spécialisé;"Technico-commercial / Technico-commerciale ; Assistant commercial / Assistante commerciale ; Conseiller / Conseillère en gestion de patrimoine";Entreprise susceptible de recruter (candidature spontanée);;;Apprentissage, Professionnalisation;;;94996261700013;3;https://labonnealternance.apprentissage.beta.gouv.fr/emploi/recruteurs_lba/94996261700013/misterprice
MMA PHILIPPE CASTINEL;NDRC;Champigny-Sur-Marne;94500;123 BOULEVARD DE STALINGRAD 94500 CHAMPIGNY-SUR-MARNE;Activités des agents et courtiers d'assurances;"Conseiller / Conseillère en assurances ; Conseiller / Conseillère en gestion de patrimoine";Entreprise susceptible de recruter (candidature spontanée);;;Apprentissage, Professionnalisation;;;48772304100025;2;https://labonnealternance.apprentissage.beta.gouv.fr/emploi/recruteurs_lba/48772304100025/mma-philippe-castinel
NECESS AUTO;MCO + NDRC;Champigny-Sur-Marne;94500;7 RUE ROLAND MARTIN 94500 CHAMPIGNY-SUR-MARNE;Commerce de voitures et de véhicules automobiles légers;"Vendeur / Vendeuse automobile ; Conseiller / Conseillère client après-vente des véhicules";Entreprise susceptible de recruter (candidature spontanée);;;Apprentissage, Professionnalisation;;;88234191000017;2;https://labonnealternance.apprentissage.beta.gouv.fr/emploi/recruteurs_lba/88234191000017/necess-auto
NORAUTO FRANCE;MCO + NDRC;Champigny-Sur-Marne;94500;94 RUE ALEXANDRE FOURNY 94500 CHAMPIGNY-SUR-MARNE;Commerce de détail d'équipements automobiles;"Conseiller / Conseillère de vente en pièces de rechange et accessoires de véhicules ; Conseiller / Conseillère client après-vente des véhicules";Entreprise susceptible de recruter (candidature spontanée);;;Apprentissage, Professionnalisation;;;48047015202000;2;https://labonnealternance.apprentissage.beta.gouv.fr/emploi/recruteurs_lba/48047015202000/norauto-france
OZ INTERNATIONAL;MCO;Champigny-Sur-Marne;94500;1088 RUE MARCEL PAUL 94500 CHAMPIGNY-SUR-MARNE;COMMERCE DE GROS (COMMERCE INTERENTREPRISES) D'AUTRES BIENS DOMESTIQUES;Assistant / Assistante administration des ventes;Entreprise susceptible de recruter (candidature spontanée);;;Apprentissage, Professionnalisation;;;35255809200057;1;https://labonnealternance.apprentissage.beta.gouv.fr/emploi/recruteurs_lba/35255809200057/oz-international
PCG FRANCE;NDRC;Champigny-Sur-Marne;94500;14 AVENUE MARIN 94500 CHAMPIGNY-SUR-MARNE;Services administratifs combinés de bureau;Conseiller / Conseillère immobilier;Entreprise susceptible de recruter (candidature spontanée);;;Apprentissage, Professionnalisation;;;91160756200012;1;https://labonnealternance.apprentissage.beta.gouv.fr/emploi/recruteurs_lba/91160756200012/pcg-france
PERLES DE ROSEE;MCO;Champigny-Sur-Marne;94500;69 RUE JEAN JAURES 94500 CHAMPIGNY-SUR-MARNE;Commerce de détail de fleurs, plantes, graines, engrais, animaux de compagnie et aliments pour ces animaux en magasin spécialisé;"Responsable de boutique ; Vendeur / Vendeuse conseil en jardinerie ; Vendeur / Vendeuse en animalerie ; Hôte / Hôtesse de caisse ; Chef / Cheffe de rayon de produits non alimentaires";Entreprise susceptible de recruter (candidature spontanée);;;Apprentissage, Professionnalisation;;;81137820700013;5;https://labonnealternance.apprentissage.beta.gouv.fr/emploi/recruteurs_lba/81137820700013/perles-de-rosee
R.M.V.GESTION;NDRC;Champigny-Sur-Marne;94500;19 RUE JEAN JAURES 94500 CHAMPIGNY-SUR-MARNE;Administration d'immeubles et autres biens immobiliers;Conseiller / Conseillère immobilier;Entreprise susceptible de recruter (candidature spontanée);;;Apprentissage, Professionnalisation;;;41177940800029;1;https://labonnealternance.apprentissage.beta.gouv.fr/emploi/recruteurs_lba/41177940800029/r-m-v-gestion
REBECCA LOUSSILAHO NGOUNGOU;MCO + NDRC;Champigny-Sur-Marne;94500;54 AVENUE BOILEAU 94500 CHAMPIGNY-SUR-MARNE;Vente à distance sur catalogue spécialisé;"Conseiller vendeur / Conseillère vendeuse à domicile ; Responsable de magasin cycles ; Délégué médical hospitalier / Déléguée médicale hospitalière ; Chargé / Chargée de relation client";Entreprise susceptible de recruter (candidature spontanée);;;Apprentissage, Professionnalisation;;;79987974700027;4;https://labonnealternance.apprentissage.beta.gouv.fr/emploi/recruteurs_lba/79987974700027/rebecca-loussilaho-ngoungou
RELAIS LA FOURCHETTE;MCO;Champigny-Sur-Marne;94500;247 avenue du General De Gaulle 94500 CHAMPIGNY-SUR-MARNE;Commerce de détail de carburants en magasin spécialisé;"Hôte / Hôtesse de caisse ; Employé / Employée de rayon libre-service";Entreprise susceptible de recruter (candidature spontanée);;;Apprentissage, Professionnalisation;;;93367239600019;2;https://labonnealternance.apprentissage.beta.gouv.fr/emploi/recruteurs_lba/93367239600019/relais-la-fourchette
REPAIR GLASS;NDRC;Champigny-Sur-Marne;94500;8 rue des Armoiries 94500 CHAMPIGNY-SUR-MARNE;Location de courte durée de voitures et de véhicules automobiles légers;"Agent technico-commercial / Agente technico-commerciale en location de véhicules ; Conseiller / Conseillère client après-vente des véhicules";Entreprise susceptible de recruter (candidature spontanée);;;Apprentissage, Professionnalisation;;;89787681900011;2;https://labonnealternance.apprentissage.beta.gouv.fr/emploi/recruteurs_lba/89787681900011/repair-glass
REXEL;MCO + NDRC;Champigny-Sur-Marne;94500;91 RUE MARCEL PAUL 94500 CHAMPIGNY-SUR-MARNE;Commerce de gros (commerce interentreprises) de matériel électrique;"Vendeur / Vendeuse grossiste en équipement du foyer ; Technico-commercial / Technico-commerciale";Entreprise susceptible de recruter (candidature spontanée);;;Apprentissage, Professionnalisation;;;30930461605307;2;https://labonnealternance.apprentissage.beta.gouv.fr/emploi/recruteurs_lba/30930461605307/rexel
SANA SERVICES;MCO;Champigny-Sur-Marne;94500;136 rue Diderot 94500 CHAMPIGNY-SUR-MARNE;Autres activités de soutien aux entreprises n.c.a.;Animateur / Animatrice des ventes;Entreprise susceptible de recruter (candidature spontanée);;;Apprentissage, Professionnalisation;;;92127569900012;1;https://labonnealternance.apprentissage.beta.gouv.fr/emploi/recruteurs_lba/92127569900012/sana-services
SARL CAILLOT;MCO + NDRC;Champigny-Sur-Marne;94500;2 rue Rodin 94500 CHAMPIGNY-SUR-MARNE;Commerce de détail d'autres équipements du foyer;"Vendeur / Vendeuse en équipement de la maison ; Employé / Employée de rayon libre-service ; Responsable de boutique ; Hôte / Hôtesse de caisse ; Vendeur / Vendeuse grossiste en équipement du foyer ; Conseiller commercial / Conseillère commerciale auprès des particuliers";Entreprise susceptible de recruter (candidature spontanée);;;Apprentissage, Professionnalisation;;;35390472500010;6;https://labonnealternance.apprentissage.beta.gouv.fr/emploi/recruteurs_lba/35390472500010/sarl-caillot
SAS ARAUJO;MCO;Champigny-Sur-Marne;94500;29 RUE MOLIERE 94500 CHAMPIGNY-SUR-MARNE;Boulangerie et boulangerie-pâtisserie;Vendeur / Vendeuse en épicerie;Entreprise susceptible de recruter (candidature spontanée);;;Apprentissage, Professionnalisation;;;79376517300018;1;https://labonnealternance.apprentissage.beta.gouv.fr/emploi/recruteurs_lba/79376517300018/sas-araujo
SELN 26;MCO;Champigny-Sur-Marne;94500;2 RUE DIDEROT 94500 CHAMPIGNY-SUR-MARNE;Boulangerie et boulangerie-pâtisserie;Vendeur / Vendeuse en épicerie;Entreprise susceptible de recruter (candidature spontanée);;;Apprentissage, Professionnalisation;;;85006336300012;1;https://labonnealternance.apprentissage.beta.gouv.fr/emploi/recruteurs_lba/85006336300012/seln-26
SOCIETE GENERALE;NDRC;Champigny-Sur-Marne;94500;4 RUE GEORGES DIMITROV 94500 CHAMPIGNY-SUR-MARNE;Autres intermédiations monétaires;"Conseiller / Conseillère de clientèle bancaire ; Chargé / Chargée d'accueil en banque ; Conseiller / Conseillère en gestion de patrimoine";Entreprise susceptible de recruter (candidature spontanée);;;Apprentissage, Professionnalisation;;;55212022223841;3;https://labonnealternance.apprentissage.beta.gouv.fr/emploi/recruteurs_lba/55212022223841/societe-generale
SOKRIS;MCO + NDRC;Champigny-Sur-Marne;94500;5 place de la Resistance 94500 CHAMPIGNY-SUR-MARNE;Commerce de détail alimentaire sur éventaires et marchés;"Vendeur / Vendeuse en épicerie ; Vendeur / Vendeuse grossiste en produits frais";Entreprise susceptible de recruter (candidature spontanée);;;Apprentissage, Professionnalisation;;;88887827900015;2;https://labonnealternance.apprentissage.beta.gouv.fr/emploi/recruteurs_lba/88887827900015/sokris
SON-VIDEO.COM;NDRC;Champigny-Sur-Marne;94500;309 AVENUE DU GENERAL DE GAULLE 94500 CHAMPIGNY-SUR-MARNE;Commerce de gros (commerce interentreprises) d'appareils électroménagers;"Assistant commercial / Assistante commerciale ; Technico-commercial / Technico-commerciale";Entreprise susceptible de recruter (candidature spontanée);;;Apprentissage, Professionnalisation;;;43231798000212;2;https://labonnealternance.apprentissage.beta.gouv.fr/emploi/recruteurs_lba/43231798000212/son-video-com
SONEPAR SONEPAR CONNECT CGE D;MCO + NDRC;Champigny-Sur-Marne;94500;137 RUE DU PROFESSEUR PAUL MILLIEZ 94500 CHAMPIGNY-SUR-MARNE;Commerce de gros (commerce interentreprises) de matériel électrique;"Vendeur / Vendeuse grossiste en équipement du foyer ; Technico-commercial / Technico-commerciale";Entreprise susceptible de recruter (candidature spontanée);;;Apprentissage, Professionnalisation;;;82448465302349;2;https://labonnealternance.apprentissage.beta.gouv.fr/emploi/recruteurs_lba/82448465302349/sonepar-sonepar-connect-cge-d
STRUERS;NDRC;Champigny-Sur-Marne;94500;370 rue du Marche Rollay 94500 CHAMPIGNY-SUR-MARNE;Commerce de gros (commerce interentreprises) de fournitures et équipements industriels divers;"Technico-commercial / Technico-commerciale ; Attaché commercial / Attachée commerciale";Entreprise susceptible de recruter (candidature spontanée);;;Apprentissage, Professionnalisation;;;43967410200025;2;https://labonnealternance.apprentissage.beta.gouv.fr/emploi/recruteurs_lba/43967410200025/struers
TAZA HOME;MCO;Champigny-Sur-Marne;94500;41 rue Jean Jaures 94500 CHAMPIGNY-SUR-MARNE;Supérettes;"Employé / Employée de rayon libre-service ; Hôte / Hôtesse de caisse ; Directeur / Directrice de magasin de grande distribution ; Vendeur / Vendeuse en épicerie ; Responsable de caisses ; Chef / Cheffe de rayon produits alimentaires";Entreprise susceptible de recruter (candidature spontanée);;;Apprentissage, Professionnalisation;;;82283620100019;6;https://labonnealternance.apprentissage.beta.gouv.fr/emploi/recruteurs_lba/82283620100019/taza-home
TRUJAS PARIS EST;MCO + NDRC;Champigny-Sur-Marne;94500;23 AVENUE ROGER SALENGRO 94500 CHAMPIGNY-SUR-MARNE;Commerce de voitures et de véhicules automobiles légers;"Vendeur / Vendeuse automobile ; Conseiller / Conseillère client après-vente des véhicules";Entreprise susceptible de recruter (candidature spontanée);;;Apprentissage, Professionnalisation;;;83782566000090;2;https://labonnealternance.apprentissage.beta.gouv.fr/emploi/recruteurs_lba/83782566000090/trujas-paris-est
UNIVERS DES BOISSONS ARTISANALES;NDRC;Champigny-Sur-Marne;94500;19 RUE BENOIT FRACHON 94500 CHAMPIGNY-SUR-MARNE;Commerce de gros (commerce interentreprises) de boissons;Commercial / Commerciale export;Entreprise susceptible de recruter (candidature spontanée);;;Apprentissage, Professionnalisation;;;41779427800032;1;https://labonnealternance.apprentissage.beta.gouv.fr/emploi/recruteurs_lba/41779427800032/univers-des-boissons-artisanales
VALERIA;MCO;Champigny-Sur-Marne;94500;83B BOULEVARD DE STALINGRAD 94500 CHAMPIGNY-SUR-MARNE;Boulangerie et boulangerie-pâtisserie;Vendeur / Vendeuse en épicerie;Entreprise susceptible de recruter (candidature spontanée);;;Apprentissage, Professionnalisation;;;82283934600027;1;https://labonnealternance.apprentissage.beta.gouv.fr/emploi/recruteurs_lba/82283934600027/valeria
VEHICULE SUR MESURE;MCO + NDRC;Champigny-Sur-Marne;94500;4 rue Juliette de Wils 94500 CHAMPIGNY-SUR-MARNE;Commerce de détail d'équipements automobiles;"Conseiller / Conseillère de vente en pièces de rechange et accessoires de véhicules ; Conseiller / Conseillère client après-vente des véhicules";Entreprise susceptible de recruter (candidature spontanée);;;Apprentissage, Professionnalisation;;;84036220600046;2;https://labonnealternance.apprentissage.beta.gouv.fr/emploi/recruteurs_lba/84036220600046/vehicule-sur-mesure
VOTRE TERRE;MCO;Champigny-Sur-Marne;94500;20 RUE ALBERT THOMAS 94500 CHAMPIGNY-SUR-MARNE;Commerce d'alimentation générale;"Employé / Employée de rayon libre-service ; Vendeur / Vendeuse en épicerie ; Hôte / Hôtesse de caisse ; Chef / Cheffe de rayon produits alimentaires ; Directeur / Directrice de magasin de grande distribution ; Gérant / Gérante de magasin d'alimentation générale";Entreprise susceptible de recruter (candidature spontanée);;;Apprentissage, Professionnalisation;;;88936708200027;6;https://labonnealternance.apprentissage.beta.gouv.fr/emploi/recruteurs_lba/88936708200027/votre-terre
A L HERBE FOLLE;MCO;Charenton-Le-Pont;94220;116 rue de Paris 94220 CHARENTON-LE-PONT;Commerce de détail de fleurs, plantes, graines, engrais, animaux de compagnie et aliments pour ces animaux en magasin spécialisé;"Responsable de boutique ; Vendeur / Vendeuse conseil en jardinerie ; Vendeur / Vendeuse en animalerie ; Hôte / Hôtesse de caisse ; Chef / Cheffe de rayon de produits non alimentaires";Entreprise susceptible de recruter (candidature spontanée);;;Apprentissage, Professionnalisation;;;52026313800015;5;https://labonnealternance.apprentissage.beta.gouv.fr/emploi/recruteurs_lba/52026313800015/a-l-herbe-folle
ABC LIBERTE;NDRC;Charenton-Le-Pont;94220;165 RUE DE PARIS 94220 CHARENTON-LE-PONT;Agences immobilières;Conseiller / Conseillère immobilier;Entreprise susceptible de recruter (candidature spontanée);;;Apprentissage, Professionnalisation;;;42944735200015;1;https://labonnealternance.apprentissage.beta.gouv.fr/emploi/recruteurs_lba/42944735200015/abc-liberte
Action;MCO;Charenton-Le-Pont;94220;4 place de l Europe 94220 CHARENTON-LE-PONT;Autres commerces de détail en magasin non spécialisé;"Employé / Employée de rayon libre-service ; Responsable de boutique ; Hôte / Hôtesse de caisse ; Directeur / Directrice de magasin de grande distribution ; Chef / Cheffe de rayon de produits non alimentaires ; Chef / Cheffe de rayon produits alimentaires";Entreprise susceptible de recruter (candidature spontanée);;;Apprentissage, Professionnalisation;;;75330823807111;6;https://labonnealternance.apprentissage.beta.gouv.fr/emploi/recruteurs_lba/75330823807111/action
ACTION IMMO 3 14;NDRC;Charenton-Le-Pont;94220;4 AVENUE JEAN JAURES 94220 CHARENTON-LE-PONT;Agences immobilières;Conseiller / Conseillère immobilier;Entreprise susceptible de recruter (candidature spontanée);;;Apprentissage, Professionnalisation;;;47867141500014;1;https://labonnealternance.apprentissage.beta.gouv.fr/emploi/recruteurs_lba/47867141500014/action-immo-3-14
ADSLINK;NDRC;Charenton-Le-Pont;94220;8 VILLA DES FLEURS 94220 CHARENTON-LE-PONT;CONSEIL POUR LES AFFAIRES ET AUTRES CONSEILS DE GESTION;Responsable relation client (CRM);Offre publiée sur La bonne alternance;Adjoint / Adjointe service clients en Alternance (BTS NDRC/BTS MCO/LICENCE/TPNTC/BACHELOR REM...);BTS, DEUST (Bac+2);Apprentissage;2026-09-23;;;1;https://labonnealternance.apprentissage.beta.gouv.fr/emploi/offres_emploi_lba/6ab3db306f4b8c242215ef9e/adjoint-adjointe-service-clients-en-alternance-bts-ndrc-bts-mco-licence-tpntc-bachelor-rem
AGENCE VIRGINIA IMMOBILIER;NDRC;Charenton-Le-Pont;94220;68 RUE DE PARIS 94220 CHARENTON-LE-PONT;Agences immobilières;Conseiller / Conseillère immobilier;Entreprise susceptible de recruter (candidature spontanée);;;Apprentissage, Professionnalisation;;;59205010800055;1;https://labonnealternance.apprentissage.beta.gouv.fr/emploi/recruteurs_lba/59205010800055/agence-virginia-immobilier
ALINE CREATIONS;MCO;Charenton-Le-Pont;94220;Rue de Paris 94220 Charenton-le-Pont;Commerce de détail de fleurs, plantes, graines, engrais, animaux de compagnie et aliments pour ces animaux en magasin spécialisé;"Responsable de boutique ; Vendeur / Vendeuse conseil en jardinerie ; Vendeur / Vendeuse en animalerie ; Hôte / Hôtesse de caisse ; Chef / Cheffe de rayon de produits non alimentaires";Entreprise susceptible de recruter (candidature spontanée);;;Apprentissage, Professionnalisation;;;49113670100019;5;https://labonnealternance.apprentissage.beta.gouv.fr/emploi/recruteurs_lba/49113670100019/aline-creations
ALL STARS GAMING;MCO + NDRC;Charenton-Le-Pont;94220;3 avenue du General De Gaulle 94220 CHARENTON-LE-PONT;Vente à distance sur catalogue spécialisé;"Conseiller vendeur / Conseillère vendeuse à domicile ; Vendeur / Vendeuse en prêt-à-porter ; Responsable de boutique ; Délégué médical hospitalier / Déléguée médicale hospitalière ; Chargé / Chargée de relation client";Entreprise susceptible de recruter (candidature spontanée);;;Apprentissage, Professionnalisation;;;91285677000017;5;https://labonnealternance.apprentissage.beta.gouv.fr/emploi/recruteurs_lba/91285677000017/all-stars-gaming
AMARANTE;MCO;Charenton-Le-Pont;94220;8 RUE DU GENERAL LECLERC 94220 CHARENTON-LE-PONT;Commerce de détail de fleurs, plantes, graines, engrais, animaux de compagnie et aliments pour ces animaux en magasin spécialisé;"Responsable de boutique ; Vendeur / Vendeuse conseil en jardinerie ; Vendeur / Vendeuse en animalerie ; Hôte / Hôtesse de caisse ; Chef / Cheffe de rayon de produits non alimentaires";Entreprise susceptible de recruter (candidature spontanée);;;Apprentissage, Professionnalisation;;;34944765600019;5;https://labonnealternance.apprentissage.beta.gouv.fr/emploi/recruteurs_lba/34944765600019/amarante
AME 2 TAPISSIERS;NDRC;Charenton-Le-Pont;94220;14 RUE DU PARC 94220 CHARENTON-LE-PONT;Réparation de meubles et d'équipements du foyer;Chargé / Chargée de relation client;Entreprise susceptible de recruter (candidature spontanée);;;Apprentissage, Professionnalisation;;;50966505500018;1;https://labonnealternance.apprentissage.beta.gouv.fr/emploi/recruteurs_lba/50966505500018/ame-2-tapissiers
AUCHAN SUPERMARCHE;MCO;Charenton-Le-Pont;94220;PLACE DES MARSEILLAIS 94220 CHARENTON-LE-PONT;Supermarchés;"Employé / Employée de rayon libre-service ; Directeur / Directrice de magasin de grande distribution ; Hôte / Hôtesse de caisse ; Responsable de caisses ; Chef / Cheffe de rayon produits alimentaires";Entreprise susceptible de recruter (candidature spontanée);;;Apprentissage, Professionnalisation;;;41040901500063;5;https://labonnealternance.apprentissage.beta.gouv.fr/emploi/recruteurs_lba/41040901500063/auchan-supermarche
BALA;MCO;Charenton-Le-Pont;94220;52 QUAI DES CARRIERES 94220 CHARENTON-LE-PONT;Commerce d'alimentation générale;"Employé / Employée de rayon libre-service ; Vendeur / Vendeuse en épicerie ; Hôte / Hôtesse de caisse ; Chef / Cheffe de rayon produits alimentaires ; Directeur / Directrice de magasin de grande distribution ; Gérant / Gérante de magasin d'alimentation générale";Entreprise susceptible de recruter (candidature spontanée);;;Apprentissage, Professionnalisation;;;83166454500017;6;https://labonnealternance.apprentissage.beta.gouv.fr/emploi/recruteurs_lba/83166454500017/bala
BPCE ACHATS ET SERVICES;NDRC;Charenton-Le-Pont;94220;2 AVENUE DE LA LIBERTE 94220 CHARENTON-LE-PONT;Services administratifs combinés de bureau;Conseiller / Conseillère immobilier;Entreprise susceptible de recruter (candidature spontanée);;;Apprentissage, Professionnalisation;;;34288933400088;1;https://labonnealternance.apprentissage.beta.gouv.fr/emploi/recruteurs_lba/34288933400088/bpce-achats-et-services
BPCE CAR LEASE;NDRC;Charenton-Le-Pont;94220;4 place de la Coupole 94220 CHARENTON-LE-PONT;Location de longue durée de voitures et de véhicules automobiles légers;Agent technico-commercial / Agente technico-commerciale en location de véhicules;Entreprise susceptible de recruter (candidature spontanée);;;Apprentissage, Professionnalisation;;;97715030900168;1;https://labonnealternance.apprentissage.beta.gouv.fr/emploi/recruteurs_lba/97715030900168/bpce-car-lease
BPCE EXPERTISES IMMOBILIERES;NDRC;Charenton-Le-Pont;94220;10 PLACE DE LA COUPOLE 94220 CHARENTON-LE-PONT;Agences immobilières;Conseiller / Conseillère immobilier;Entreprise susceptible de recruter (candidature spontanée);;;Apprentissage, Professionnalisation;;;78827680600056;1;https://labonnealternance.apprentissage.beta.gouv.fr/emploi/recruteurs_lba/78827680600056/bpce-expertises-immobilieres
BPCE PAYMENT SERVICES;NDRC;Charenton-Le-Pont;94220;5 AVENUE DE LA LIBERTE 94220 CHARENTON-LE-PONT;Autres intermédiations monétaires;"Conseiller / Conseillère de clientèle bancaire ; Chargé / Chargée d'accueil en banque ; Conseiller / Conseillère en gestion de patrimoine";Entreprise susceptible de recruter (candidature spontanée);;;Apprentissage, Professionnalisation;;;34515533700065;3;https://labonnealternance.apprentissage.beta.gouv.fr/emploi/recruteurs_lba/34515533700065/bpce-payment-services
BPCE SOLUTIONS IMMOBILIERES;NDRC;Charenton-Le-Pont;94220;10 PLACE DE LA COUPOLE 94220 CHARENTON-LE-PONT;LOCATION DE TERRAINS ET D'AUTRES BIENS IMMOBILIERS;"Conseiller / Conseillère immobilier ; Conseiller commercial / Conseillère commerciale auprès des particuliers";Entreprise susceptible de recruter (candidature spontanée);;;Apprentissage, Professionnalisation;;;40524449200063;2;https://labonnealternance.apprentissage.beta.gouv.fr/emploi/recruteurs_lba/40524449200063/bpce-solutions-immobilieres
BRED Banque Populaire;NDRC;Charenton-Le-Pont;94220;3 PLACE DES MARSEILLAIS 94220 CHARENTON-LE-PONT;Autres intermédiations monétaires;"Conseiller / Conseillère de clientèle bancaire ; Chargé / Chargée d'accueil en banque ; Conseiller / Conseillère en gestion de patrimoine";Entreprise susceptible de recruter (candidature spontanée);;;Apprentissage, Professionnalisation;;;55209179504239;3;https://labonnealternance.apprentissage.beta.gouv.fr/emploi/recruteurs_lba/55209179504239/bred-banque-populaire
BRED CHARENTON MAIRIE;NDRC;Charenton-Le-Pont;94220;67 RUE DE PARIS 94220 CHARENTON-LE-PONT;Autres intermédiations monétaires;"Conseiller / Conseillère de clientèle bancaire ; Chargé / Chargée d'accueil en banque ; Conseiller / Conseillère en gestion de patrimoine";Entreprise susceptible de recruter (candidature spontanée);;;Apprentissage, Professionnalisation;;;55209179502266;3;https://labonnealternance.apprentissage.beta.gouv.fr/emploi/recruteurs_lba/55209179502266/bred-charenton-mairie
CASTEELE S A R L;NDRC;Charenton-Le-Pont;94220;31 RUE DE PARIS 94220 CHARENTON-LE-PONT;Administration d'immeubles et autres biens immobiliers;Conseiller / Conseillère immobilier;Entreprise susceptible de recruter (candidature spontanée);;;Apprentissage, Professionnalisation;;;73208027000026;1;https://labonnealternance.apprentissage.beta.gouv.fr/emploi/recruteurs_lba/73208027000026/casteele-s-a-r-l
CREDIT LYONNAIS;NDRC;Charenton-Le-Pont;94220;79 rue de Paris 94220 CHARENTON-LE-PONT;Autres intermédiations monétaires;"Conseiller / Conseillère de clientèle bancaire ; Chargé / Chargée d'accueil en banque ; Conseiller / Conseillère en gestion de patrimoine";Entreprise susceptible de recruter (candidature spontanée);;;Apprentissage, Professionnalisation;;;95450974119748;3;https://labonnealternance.apprentissage.beta.gouv.fr/emploi/recruteurs_lba/95450974119748/credit-lyonnais
DEGAMI;MCO + NDRC;Charenton-Le-Pont;94220;46 RUE DE CONFLANS 94220 CHARENTON-LE-PONT;Commerce de gros (commerce interentreprises) de produits chimiques;"Responsable e-commerce ; Technico-commercial / Technico-commerciale ; Cadre Technico-commercial / Technico-commerciale ; Attaché commercial / Attachée commerciale ; Commercial itinérant / Commerciale itinérante en entreprise de commerce de gros";Entreprise susceptible de recruter (candidature spontanée);;;Apprentissage, Professionnalisation;;;60205530300039;5;https://labonnealternance.apprentissage.beta.gouv.fr/emploi/recruteurs_lba/60205530300039/degami
EMBELIA;NDRC;Charenton-Le-Pont;94220;14 place de la Coupole 94220 CHARENTON-LE-PONT;Commerce de gros (commerce interentreprises) d'autres produits intermédiaires;"Assistant commercial / Assistante commerciale ; Commercial / Commerciale auprès d'une clientèle d'entreprises";Entreprise susceptible de recruter (candidature spontanée);;;Apprentissage, Professionnalisation;;;57220167100193;2;https://labonnealternance.apprentissage.beta.gouv.fr/emploi/recruteurs_lba/57220167100193/embelia
EOL;NDRC;Charenton-Le-Pont;94220;10 quai de Bercy 94220 CHARENTON-LE-PONT;Agences immobilières;Conseiller / Conseillère immobilier;Entreprise susceptible de recruter (candidature spontanée);;;Apprentissage, Professionnalisation;;;43251863700033;1;https://labonnealternance.apprentissage.beta.gouv.fr/emploi/recruteurs_lba/43251863700033/eol
ETC GESTION;NDRC;Charenton-Le-Pont;94220;43 rue Gabrielle 94220 CHARENTON-LE-PONT;Administration d'immeubles et autres biens immobiliers;Conseiller / Conseillère immobilier;Entreprise susceptible de recruter (candidature spontanée);;;Apprentissage, Professionnalisation;;;73205524900062;1;https://labonnealternance.apprentissage.beta.gouv.fr/emploi/recruteurs_lba/73205524900062/etc-gestion
FINANCIERE DES PAIEMENTS ELECTRONIQUES;NDRC;Charenton-Le-Pont;94220;1 place des Marseillais 94220 CHARENTON-LE-PONT;Autres intermédiations monétaires;"Conseiller / Conseillère de clientèle bancaire ; Chargé / Chargée d'accueil en banque ; Conseiller / Conseillère en gestion de patrimoine";Entreprise susceptible de recruter (candidature spontanée);;;Apprentissage, Professionnalisation;;;75388609200042;3;https://labonnealternance.apprentissage.beta.gouv.fr/emploi/recruteurs_lba/75388609200042/financiere-des-paiements-electroniques
FOOD ELY;NDRC;Charenton-Le-Pont;94220;109 RUE DU PETIT CHATEAU 94220 CHARENTON-LE-PONT;Commerce de gros (commerce interentreprises) de fruits et légumes;Commercial itinérant / Commerciale itinérante en entreprise de commerce de gros;Entreprise susceptible de recruter (candidature spontanée);;;Apprentissage, Professionnalisation;;;84805984600016;1;https://labonnealternance.apprentissage.beta.gouv.fr/emploi/recruteurs_lba/84805984600016/food-ely
FRAISE D'AMOUR;MCO + NDRC;Charenton-Le-Pont;94220;10 rue de Paris 94220 CHARENTON-LE-PONT;Commerce de détail de pain, pâtisserie et confiserie en magasin spécialisé;"Vendeur / Vendeuse en épicerie ; Conseiller / Conseillère clientèle à distance";Entreprise susceptible de recruter (candidature spontanée);;;Apprentissage, Professionnalisation;;;90930042800028;2;https://labonnealternance.apprentissage.beta.gouv.fr/emploi/recruteurs_lba/90930042800028/fraise-d-amour
GBC CONSEIL;NDRC;Charenton-Le-Pont;94220;62 quai des Carrieres 94220 CHARENTON-LE-PONT;Agences immobilières;Conseiller / Conseillère immobilier;Entreprise susceptible de recruter (candidature spontanée);;;Apprentissage, Professionnalisation;;;53992371400031;1;https://labonnealternance.apprentissage.beta.gouv.fr/emploi/recruteurs_lba/53992371400031/gbc-conseil
GIE D2 IRM BERCY;MCO;Charenton-Le-Pont;94220;9 QUAI DE BERCY 94220 CHARENTON-LE-PONT;Autres activités de soutien aux entreprises n.c.a.;Animateur / Animatrice des ventes;Entreprise susceptible de recruter (candidature spontanée);;;Apprentissage, Professionnalisation;;;91785625400011;1;https://labonnealternance.apprentissage.beta.gouv.fr/emploi/recruteurs_lba/91785625400011/gie-d2-irm-bercy
HEAVEN AGENCY;NDRC;Charenton-Le-Pont;94220;3 PLACE DE VALOIS 94220 CHARENTON-LE-PONT;PROGRAMMATION INFORMATIQUE;Commercial / Commerciale export;Entreprise susceptible de recruter (candidature spontanée);;;Apprentissage, Professionnalisation;;;89536112900011;1;https://labonnealternance.apprentissage.beta.gouv.fr/emploi/recruteurs_lba/89536112900011/heaven-agency
INOVCOM;NDRC;Charenton-Le-Pont;94220;5 place des Marseillais 94220 CHARENTON-LE-PONT;Intermédiaires spécialisés dans le commerce d'autres produits spécifiques;"Cadre Technico-commercial / Technico-commerciale ; Technico-commercial / Technico-commerciale ; Attaché commercial / Attachée commerciale";Entreprise susceptible de recruter (candidature spontanée);;;Apprentissage, Professionnalisation;;;83848672800010;3;https://labonnealternance.apprentissage.beta.gouv.fr/emploi/recruteurs_lba/83848672800010/inovcom
INSTANTIMMO;NDRC;Charenton-Le-Pont;94220;3 rue de la Republique 94220 CHARENTON-LE-PONT;Agences immobilières;Conseiller / Conseillère immobilier;Entreprise susceptible de recruter (candidature spontanée);;;Apprentissage, Professionnalisation;;;87815160400039;1;https://labonnealternance.apprentissage.beta.gouv.fr/emploi/recruteurs_lba/87815160400039/instantimmo
JERHAS;MCO;Charenton-Le-Pont;94220;103 RUE DE PARIS 94220 CHARENTON-LE-PONT;Commerce de détail d'habillement en magasin spécialisé;"Vendeur / Vendeuse en prêt-à-porter ; Responsable de boutique ; Hôte / Hôtesse de caisse ; Directeur / Directrice de magasin de grande distribution";Entreprise susceptible de recruter (candidature spontanée);;;Apprentissage, Professionnalisation;;;48824645500015;4;https://labonnealternance.apprentissage.beta.gouv.fr/emploi/recruteurs_lba/48824645500015/jerhas
K SHOP;MCO;Charenton-Le-Pont;94220;3 PLACE DES MARSEILLAIS 94220 CHARENTON-LE-PONT;Supérettes;"Employé / Employée de rayon libre-service ; Hôte / Hôtesse de caisse ; Directeur / Directrice de magasin de grande distribution ; Vendeur / Vendeuse en épicerie ; Responsable de caisses ; Chef / Cheffe de rayon produits alimentaires";Entreprise susceptible de recruter (candidature spontanée);;;Apprentissage, Professionnalisation;;;80042399800015;6;https://labonnealternance.apprentissage.beta.gouv.fr/emploi/recruteurs_lba/80042399800015/k-shop
L'AGENCE DE LA MAIRIE GESTION;NDRC;Charenton-Le-Pont;94220;135bis Rue de Paris 94220 Charenton-le-Pont;Administration d'immeubles et autres biens immobiliers;Conseiller / Conseillère immobilier;Entreprise susceptible de recruter (candidature spontanée);;;Apprentissage, Professionnalisation;;;82757396500015;1;https://labonnealternance.apprentissage.beta.gouv.fr/emploi/recruteurs_lba/82757396500015/l-agence-de-la-mairie-gestion
L'ORIGINAL;MCO;Charenton-Le-Pont;94220;193 RUE DE PARIS 94220 CHARENTON-LE-PONT;Boulangerie et boulangerie-pâtisserie;Vendeur / Vendeuse en épicerie;Entreprise susceptible de recruter (candidature spontanée);;;Apprentissage, Professionnalisation;;;89756770700012;1;https://labonnealternance.apprentissage.beta.gouv.fr/emploi/recruteurs_lba/89756770700012/l-original
La Poste;NDRC;Charenton-Le-Pont;94220;57 rue de Paris 94220 CHARENTON-LE-PONT;Activités de poste dans le cadre d'une obligation de service universel;Responsable relation client (CRM);Entreprise susceptible de recruter (candidature spontanée);;;Apprentissage, Professionnalisation;;;35600000050524;1;https://labonnealternance.apprentissage.beta.gouv.fr/emploi/recruteurs_lba/35600000050524/la-poste
LEV IMMO;NDRC;Charenton-Le-Pont;94220;14 RUE DU GENERAL LECLERC 94220 CHARENTON-LE-PONT;Agences immobilières;Conseiller / Conseillère immobilier;Entreprise susceptible de recruter (candidature spontanée);;;Apprentissage, Professionnalisation;;;79847134800028;1;https://labonnealternance.apprentissage.beta.gouv.fr/emploi/recruteurs_lba/79847134800028/lev-immo
MACOM;MCO + NDRC;Charenton-Le-Pont;94220;13 rue d Estienne d Orves 94220 CHARENTON-LE-PONT;CONSEIL EN RELATIONS PUBLIQUES ET COMMUNICATION;"Animateur / Animatrice des ventes ; Commercial / Commerciale auprès d'une clientèle d'entreprises";Entreprise susceptible de recruter (candidature spontanée);;;Apprentissage, Professionnalisation;;;85223378200030;2;https://labonnealternance.apprentissage.beta.gouv.fr/emploi/recruteurs_lba/85223378200030/macom
MARIE BRIZARD WINE AND SPIRITS;NDRC;Charenton-Le-Pont;94220;10 AVENUE DU GENERAL DE GAULLE 94220 CHARENTON-LE-PONT;Commerce de gros (commerce interentreprises) de boissons;Commercial / Commerciale export;Entreprise susceptible de recruter (candidature spontanée);;;Apprentissage, Professionnalisation;;;38069521300062;1;https://labonnealternance.apprentissage.beta.gouv.fr/emploi/recruteurs_lba/38069521300062/marie-brizard-wine-and-spirits
MEME GREENY;MCO;Charenton-Le-Pont;94220;18 AVENUE JEAN JAURES 94220 CHARENTON-LE-PONT;Autres commerces de détail en magasin non spécialisé;"Employé / Employée de rayon libre-service ; Responsable de boutique ; Hôte / Hôtesse de caisse ; Directeur / Directrice de magasin de grande distribution ; Chef / Cheffe de rayon de produits non alimentaires ; Chef / Cheffe de rayon produits alimentaires";Entreprise susceptible de recruter (candidature spontanée);;;Apprentissage, Professionnalisation;;;90481231000012;6;https://labonnealternance.apprentissage.beta.gouv.fr/emploi/recruteurs_lba/90481231000012/meme-greeny
MMA VIE;NDRC;Charenton-Le-Pont;94220;18 AVENUE WINSTON CHURCHILL 94220 CHARENTON-LE-PONT;AUTRES ASSURANCES;"Conseiller / Conseillère en assurances ; Conseiller / Conseillère en gestion de patrimoine";Entreprise susceptible de recruter (candidature spontanée);;;Apprentissage, Professionnalisation;;;44004217401058;2;https://labonnealternance.apprentissage.beta.gouv.fr/emploi/recruteurs_lba/44004217401058/mma-vie
MON AGENCE.COM;MCO;Charenton-Le-Pont;94220;2 RUE DU NOUVEAU BERCY 94220 CHARENTON-LE-PONT;Activités des agences de voyage;"Employé / Employée de rayon libre-service ; Hôte / Hôtesse de caisse";Entreprise susceptible de recruter (candidature spontanée);;;Apprentissage, Professionnalisation;;;51264408900025;2;https://labonnealternance.apprentissage.beta.gouv.fr/emploi/recruteurs_lba/51264408900025/mon-agence-com
Monoprix;MCO;Charenton-Le-Pont;94220;75 RUE DE PARIS 94220 CHARENTON-LE-PONT;Hypermarchés;"Employé / Employée de rayon libre-service ; Hôte / Hôtesse de caisse ; Chef / Cheffe de rayon produits alimentaires ; Vendeur / Vendeuse en épicerie";Entreprise susceptible de recruter (candidature spontanée);;;Apprentissage, Professionnalisation;;;55208329701042;4;https://labonnealternance.apprentissage.beta.gouv.fr/emploi/recruteurs_lba/55208329701042/monoprix
Natixis;NDRC;Charenton-Le-Pont;94220;94220 Charenton-le-Pont;;Courtier / Courtière en banque;Offre partenaire (France Travail…);Alternance - 1 an - Gestionnaire Settlement - F/H;;Apprentissage, Professionnalisation;2026-09-09;;;1;https://labonnealternance.apprentissage.beta.gouv.fr/emploi/offres_emploi_partenaires/6aa32d770d35903fc268b7c0/alternance-1-an-gestionnaire-settlement-f-h
Natixis;NDRC;Charenton-Le-Pont;94220;14 AVENUE DU GENERAL DE GAULLE 94220 CHARENTON-LE-PONT;Autres intermédiations monétaires;"Conseiller / Conseillère de clientèle bancaire ; Chargé / Chargée d'accueil en banque ; Conseiller / Conseillère en gestion de patrimoine";Entreprise susceptible de recruter (candidature spontanée);;;Apprentissage, Professionnalisation;;;54204452401006;3;https://labonnealternance.apprentissage.beta.gouv.fr/emploi/recruteurs_lba/54204452401006/natixis
Natixis;NDRC;Charenton-Le-Pont;94220;5 AVENUE DE LA LIBERTE 94220 CHARENTON-LE-PONT;Autre distribution de crédit;"Conseiller / Conseillère de clientèle bancaire ; Courtier / Courtière en banque ; Conseiller commercial / Conseillère commerciale auprès des particuliers";Entreprise susceptible de recruter (candidature spontanée);;;Apprentissage, Professionnalisation;;;54204452400792;3;https://labonnealternance.apprentissage.beta.gouv.fr/emploi/recruteurs_lba/54204452400792/natixis
OPHTEL;MCO + NDRC;Charenton-Le-Pont;94220;8 PL DE L EUROPE 94220 CHARENTON-LE-PONT;Commerce de gros (commerce interentreprises) d'ordinateurs, d'équipements informatiques périphériques et de logiciels;"Consultant / Consultante avant-vente ; Cadre Technico-commercial / Technico-commerciale";Entreprise susceptible de recruter (candidature spontanée);;;Apprentissage, Professionnalisation;;;34942437400057;2;https://labonnealternance.apprentissage.beta.gouv.fr/emploi/recruteurs_lba/34942437400057/ophtel
PACYL2;MCO;Charenton-Le-Pont;94220;2 place de l Europe 94220 CHARENTON-LE-PONT;Hypermarchés;"Employé / Employée de rayon libre-service ; Hôte / Hôtesse de caisse ; Chef / Cheffe de rayon produits alimentaires ; Vendeur / Vendeuse en épicerie";Entreprise susceptible de recruter (candidature spontanée);;;Apprentissage, Professionnalisation;;;90817920300025;4;https://labonnealternance.apprentissage.beta.gouv.fr/emploi/recruteurs_lba/90817920300025/pacyl2
RENAULT RETAIL GROUP CHARENTON;MCO + NDRC;Charenton-Le-Pont;94220;30 QUAI DES CARRIERES 94220 CHARENTON-LE-PONT;Commerce de voitures et de véhicules automobiles légers;"Vendeur / Vendeuse automobile ; Conseiller / Conseillère client après-vente des véhicules";Entreprise susceptible de recruter (candidature spontanée);;;Apprentissage, Professionnalisation;;;31221230100237;2;https://labonnealternance.apprentissage.beta.gouv.fr/emploi/recruteurs_lba/31221230100237/renault-retail-group-charenton
ROYAL FIRST TRAVEL;MCO;Charenton-Le-Pont;94220;50 rue de Conflans 94220 CHARENTON-LE-PONT;Activités des agences de voyage;"Employé / Employée de rayon libre-service ; Hôte / Hôtesse de caisse";Entreprise susceptible de recruter (candidature spontanée);;;Apprentissage, Professionnalisation;;;40888661200063;2;https://labonnealternance.apprentissage.beta.gouv.fr/emploi/recruteurs_lba/40888661200063/royal-first-travel
SARL RENELY;MCO;Charenton-Le-Pont;94220;11 avenue de la Liberte 94220 CHARENTON-LE-PONT;Commerce d'alimentation générale;"Employé / Employée de rayon libre-service ; Vendeur / Vendeuse en épicerie ; Hôte / Hôtesse de caisse ; Chef / Cheffe de rayon produits alimentaires ; Directeur / Directrice de magasin de grande distribution ; Gérant / Gérante de magasin d'alimentation générale";Entreprise susceptible de recruter (candidature spontanée);;;Apprentissage, Professionnalisation;;;32493898400014;6;https://labonnealternance.apprentissage.beta.gouv.fr/emploi/recruteurs_lba/32493898400014/sarl-renely
SAS BOULANGERIE LIBERTE;MCO;Charenton-Le-Pont;94220;137 RUE DE PARIS 94220 CHARENTON-LE-PONT;Boulangerie et boulangerie-pâtisserie;Vendeur / Vendeuse en épicerie;Entreprise susceptible de recruter (candidature spontanée);;;Apprentissage, Professionnalisation;;;75091067100015;1;https://labonnealternance.apprentissage.beta.gouv.fr/emploi/recruteurs_lba/75091067100015/sas-boulangerie-liberte
SAS DU TALMELIER;MCO;Charenton-Le-Pont;94220;1 RUE DU GENERAL LECLERC 94220 CHARENTON-LE-PONT;Boulangerie et boulangerie-pâtisserie;Vendeur / Vendeuse en épicerie;Entreprise susceptible de recruter (candidature spontanée);;;Apprentissage, Professionnalisation;;;88951695100015;1;https://labonnealternance.apprentissage.beta.gouv.fr/emploi/recruteurs_lba/88951695100015/sas-du-talmelier
SML FOOD PLASTIC GROUP;NDRC;Charenton-Le-Pont;94220;2 rue du Nouveau Bercy 94220 CHARENTON-LE-PONT;Commerce de gros (commerce interentreprises) de fournitures et équipements divers pour le commerce et les services;"Cadre Technico-commercial / Technico-commerciale ; Technico-commercial / Technico-commerciale ; Assistant commercial / Assistante commerciale";Entreprise susceptible de recruter (candidature spontanée);;;Apprentissage, Professionnalisation;;;41014228500080;3;https://labonnealternance.apprentissage.beta.gouv.fr/emploi/recruteurs_lba/41014228500080/sml-food-plastic-group
SMPAC;NDRC;Charenton-Le-Pont;94220;90 RUE DE PARIS 94220 CHARENTON-LE-PONT;Commerce de gros (commerce interentreprises) de fournitures et équipements industriels divers;"Technico-commercial / Technico-commerciale ; Attaché commercial / Attachée commerciale";Entreprise susceptible de recruter (candidature spontanée);;;Apprentissage, Professionnalisation;;;50866255800024;2;https://labonnealternance.apprentissage.beta.gouv.fr/emploi/recruteurs_lba/50866255800024/smpac
TALIDRESS;MCO + NDRC;Charenton-Le-Pont;94220;31 RUE CAMILLE MOUQUET 94220 CHARENTON-LE-PONT;Vente à distance sur catalogue spécialisé;"Conseiller vendeur / Conseillère vendeuse à domicile ; Vendeur / Vendeuse en prêt-à-porter ; Responsable de boutique ; Délégué médical hospitalier / Déléguée médicale hospitalière ; Chargé / Chargée de relation client";Entreprise susceptible de recruter (candidature spontanée);;;Apprentissage, Professionnalisation;;;91245605000018;5;https://labonnealternance.apprentissage.beta.gouv.fr/emploi/recruteurs_lba/91245605000018/talidress
TALIDRESS LEVALLOIS;MCO;Charenton-Le-Pont;94220;31 rue Camille Mouquet 94220 CHARENTON-LE-PONT;Commerce de détail d'habillement en magasin spécialisé;"Vendeur / Vendeuse en prêt-à-porter ; Responsable de boutique ; Hôte / Hôtesse de caisse ; Directeur / Directrice de magasin de grande distribution";Entreprise susceptible de recruter (candidature spontanée);;;Apprentissage, Professionnalisation;;;93053537200013;4;https://labonnealternance.apprentissage.beta.gouv.fr/emploi/recruteurs_lba/93053537200013/talidress-levallois
WHO WE ARE;MCO + NDRC;Charenton-Le-Pont;94220;30 RUE DE PARIS 94220 CHARENTON-LE-PONT;Vente à distance sur catalogue spécialisé;"Conseiller vendeur / Conseillère vendeuse à domicile ; Vendeur / Vendeuse en prêt-à-porter ; Responsable de boutique ; Délégué médical hospitalier / Déléguée médicale hospitalière ; Chargé / Chargée de relation client";Entreprise susceptible de recruter (candidature spontanée);;;Apprentissage, Professionnalisation;;;83043586300014;5;https://labonnealternance.apprentissage.beta.gouv.fr/emploi/recruteurs_lba/83043586300014/who-we-are
Action;MCO;Chennevières-Sur-Marne;94430;3 AVENUE CHAMPLAIN 94430 CHENNEVIERES-SUR-MARNE;Autres commerces de détail en magasin non spécialisé;"Employé / Employée de rayon libre-service ; Responsable de boutique ; Hôte / Hôtesse de caisse ; Directeur / Directrice de magasin de grande distribution ; Chef / Cheffe de rayon de produits non alimentaires ; Chef / Cheffe de rayon produits alimentaires";Entreprise susceptible de recruter (candidature spontanée);;;Apprentissage, Professionnalisation;;;75330823802799;6;https://labonnealternance.apprentissage.beta.gouv.fr/emploi/recruteurs_lba/75330823802799/action
AGENCE COMMERCIALE;MCO;Chennevières-Sur-Marne;94430;route de Provins 94430 CHENNEVIERES-SUR-MARNE;Commerce de détail de matériels de télécommunication en magasin spécialisé;"Vendeur / Vendeuse en équipement de la maison ; Conseiller vendeur / Conseillère vendeuse à domicile ; Chef / Cheffe de rayon de produits non alimentaires";Entreprise susceptible de recruter (candidature spontanée);;;Apprentissage, Professionnalisation;;;38012986630599;3;https://labonnealternance.apprentissage.beta.gouv.fr/emploi/recruteurs_lba/38012986630599/agence-commerciale
Animalis;MCO;Chennevières-Sur-Marne;94430;85 ROUTE DE PROVINS 94430 CHENNEVIERES-SUR-MARNE;Commerce de détail de fleurs, plantes, graines, engrais, animaux de compagnie et aliments pour ces animaux en magasin spécialisé;"Responsable de boutique ; Vendeur / Vendeuse conseil en jardinerie ; Vendeur / Vendeuse en animalerie ; Hôte / Hôtesse de caisse ; Chef / Cheffe de rayon de produits non alimentaires";Entreprise susceptible de recruter (candidature spontanée);;;Apprentissage, Professionnalisation;;;41355739800620;5;https://labonnealternance.apprentissage.beta.gouv.fr/emploi/recruteurs_lba/41355739800620/animalis
BM BYMYCAR BAC;MCO + NDRC;Chennevières-Sur-Marne;94430;2 RUE LAVOISIER 94430 CHENNEVIERES-SUR-MARNE;Commerce de voitures et de véhicules automobiles légers;"Vendeur / Vendeuse automobile ; Conseiller / Conseillère client après-vente des véhicules";Entreprise susceptible de recruter (candidature spontanée);;;Apprentissage, Professionnalisation;;;79458174400024;2;https://labonnealternance.apprentissage.beta.gouv.fr/emploi/recruteurs_lba/79458174400024/bm-bymycar-bac
BRED Banque Populaire;NDRC;Chennevières-Sur-Marne;94430;94430 Chennevières-sur-Marne;Autres intermédiations monétaires;"Conseiller / Conseillère de clientèle bancaire ; Chargé / Chargée d'accueil en banque ; Conseiller / Conseillère en gestion de patrimoine";Entreprise susceptible de recruter (candidature spontanée);;;Apprentissage, Professionnalisation;;;55209179501490;3;https://labonnealternance.apprentissage.beta.gouv.fr/emploi/recruteurs_lba/55209179501490/bred-banque-populaire
CAPIVISION;NDRC;Chennevières-Sur-Marne;94430;94430 Chennevières-sur-Marne;CONSEIL POUR LES AFFAIRES ET AUTRES CONSEILS DE GESTION;Agent technico-commercial / Agente technico-commerciale en location de véhicules;Offre partenaire (France Travail…);Technicien préparateur - 94 - KILOUTOU F/H;;Apprentissage;2026-08-27;;;1;https://labonnealternance.apprentissage.beta.gouv.fr/emploi/offres_emploi_partenaires/6a9205278e3b3e1a205e0858/technicien-preparateur-94-kiloutou-f-h
Carrefour;MCO;Chennevières-Sur-Marne;94430;94430 Chennevières-sur-Marne;Activités des sièges sociaux;"Vendeur / Vendeuse en épicerie ; Vendeur Rayon Charcuterie Cqp en Alternance H/F";Offre partenaire (France Travail…);Vendeur Rayon Charcuterie Cqp en Alternance H/F;CAP, BEP (Infrabac);Apprentissage, Professionnalisation;2026-09-08;;;2;https://labonnealternance.apprentissage.beta.gouv.fr/emploi/offres_emploi_partenaires/6aa0875b200ee040c119f03d/vendeur-rayon-charcuterie-cqp-en-alternance-h-f
Carrefour;MCO;Chennevières-Sur-Marne;94430;94430 Chennevières-sur-Marne;Activités des sièges sociaux;"Employé / Employée de rayon libre-service ; Employé de Rayon Alimentaire Cqp en Alternance H/F";Offre partenaire (France Travail…);Employé de Rayon Alimentaire Cqp en Alternance H/F;;Apprentissage, Professionnalisation;2026-09-08;;;2;https://labonnealternance.apprentissage.beta.gouv.fr/emploi/offres_emploi_partenaires/6aa0875b200ee040c119f040/employe-de-rayon-alimentaire-cqp-en-alternance-h-f
Carrefour;MCO;Chennevières-Sur-Marne;94430;94430 Chennevières-sur-Marne;Activités des sièges sociaux;"Employé / Employée de rayon libre-service ; Employé de Rayon Boulangerie Pâtisserie Cqp en Alternance H/F";Offre partenaire (France Travail…);Employé de Rayon Boulangerie Pâtisserie Cqp en Alternance H/F;;Apprentissage, Professionnalisation;2026-09-08;;;2;https://labonnealternance.apprentissage.beta.gouv.fr/emploi/offres_emploi_partenaires/6aa0875b200ee040c119f044/employe-de-rayon-boulangerie-patisserie-cqp-en-alternance-h-f
Carrefour;MCO;Chennevières-Sur-Marne;94430;94430 Chennevières-sur-Marne;Activités des sièges sociaux;Employé / Employée de rayon libre-service;Offre partenaire (France Travail…);Employé de Commerce Drive Cqp en Alternance H/F;;Apprentissage, Professionnalisation;2026-09-08;;;1;https://labonnealternance.apprentissage.beta.gouv.fr/emploi/offres_emploi_partenaires/6aa0875b200ee040c119f03c/employe-de-commerce-drive-cqp-en-alternance-h-f
Carrefour;MCO + NDRC;Chennevières-Sur-Marne;94430;94430 Chennevières-sur-Marne;Activités des sièges sociaux;"Hôte / Hôtesse de caisse ; Employé Commercial Caisse & Services Cqp en Alternance H/F";Offre partenaire (France Travail…);Employé Commercial Caisse & Services Cqp en Alternance H/F;CAP, BEP (Infrabac);Apprentissage, Professionnalisation;2026-09-08;;;2;https://labonnealternance.apprentissage.beta.gouv.fr/emploi/offres_emploi_partenaires/6aa0875b200ee040c119f03f/employe-commercial-caisse-services-cqp-en-alternance-h-f
Carrefour;MCO;Chennevières-Sur-Marne;94430;94430 Chennevières-sur-Marne;Activités des sièges sociaux;"Employé / Employée de rayon libre-service ; Employé de Rayon Non Alimentaire Titre Professionnel en Alternance H/F";Offre partenaire (France Travail…);Employé de Rayon Non Alimentaire Titre Professionnel en Alternance H/F;;Apprentissage, Professionnalisation;2026-09-08;;;2;https://labonnealternance.apprentissage.beta.gouv.fr/emploi/offres_emploi_partenaires/6aa1d8d00d35903fc267c390/employe-de-rayon-non-alimentaire-titre-professionnel-en-alternance-h-f
Carrefour;MCO;Chennevières-Sur-Marne;94430;94430 Chennevières-sur-Marne;Activités des sièges sociaux;"Vendeur / Vendeuse en épicerie ; Vendeur en Produits de la Mer Cqp en Alternance H/F";Offre partenaire (France Travail…);Vendeur en Produits de la Mer Cqp en Alternance H/F;CAP, BEP (Infrabac);Apprentissage, Professionnalisation;2026-09-08;;;2;https://labonnealternance.apprentissage.beta.gouv.fr/emploi/offres_emploi_partenaires/6aa0875b200ee040c119f043/vendeur-en-produits-de-la-mer-cqp-en-alternance-h-f
Castorama;MCO + NDRC;Chennevières-Sur-Marne;94430;avenue de l hippodrome 94430 CHENNEVIERES-SUR-MARNE;Commerce de détail de quincaillerie, peintures et verres en grandes surfaces (400 m2et plus);"Hôte / Hôtesse de caisse ; Vendeur / Vendeuse en équipement de la maison ; Vendeur / Vendeuse conseil en jardinerie ; Vendeur / Vendeuse grossiste en équipement du foyer ; Chef / Cheffe de secteur magasin ; Chef / Cheffe de rayon de produits non alimentaires";Entreprise susceptible de recruter (candidature spontanée);;;Apprentissage, Professionnalisation;;;45167897300707;6;https://labonnealternance.apprentissage.beta.gouv.fr/emploi/recruteurs_lba/45167897300707/castorama
DARTY;MCO;Chennevières-Sur-Marne;94430;85 ROUTE DE LA LIBERATION 94430 CHENNEVIERES-SUR-MARNE;Commerce de détail d'appareils électroménagers en magasin spécialisé;"Vendeur / Vendeuse en équipement de la maison ; Hôte / Hôtesse de caisse";Entreprise susceptible de recruter (candidature spontanée);;;Apprentissage, Professionnalisation;;;54208661601546;2;https://labonnealternance.apprentissage.beta.gouv.fr/emploi/recruteurs_lba/54208661601546/darty
DAST SOLUTION;MCO + NDRC;Chennevières-Sur-Marne;94430;7 rue Pierre et Marie Curie 94430 CHENNEVIERES-SUR-MARNE;Commerce de gros (commerce interentreprises) de matériel électrique;"Vendeur / Vendeuse grossiste en équipement du foyer ; Technico-commercial / Technico-commerciale";Entreprise susceptible de recruter (candidature spontanée);;;Apprentissage, Professionnalisation;;;80299046500048;2;https://labonnealternance.apprentissage.beta.gouv.fr/emploi/recruteurs_lba/80299046500048/dast-solution
Franprix;MCO;Chennevières-Sur-Marne;94430;10 rue d Amboile 94430 CHENNEVIERES-SUR-MARNE;Supermarchés;"Employé / Employée de rayon libre-service ; Directeur / Directrice de magasin de grande distribution ; Hôte / Hôtesse de caisse ; Responsable de caisses ; Chef / Cheffe de rayon produits alimentaires";Entreprise susceptible de recruter (candidature spontanée);;;Apprentissage, Professionnalisation;;;97220098400011;5;https://labonnealternance.apprentissage.beta.gouv.fr/emploi/recruteurs_lba/97220098400011/franprix
GLOBAL CARS;MCO + NDRC;Chennevières-Sur-Marne;94430;9 rue Gay Lussac 94430 CHENNEVIERES-SUR-MARNE;Commerce de voitures et de véhicules automobiles légers;"Vendeur / Vendeuse automobile ; Conseiller / Conseillère client après-vente des véhicules";Entreprise susceptible de recruter (candidature spontanée);;;Apprentissage, Professionnalisation;;;95073546400014;2;https://labonnealternance.apprentissage.beta.gouv.fr/emploi/recruteurs_lba/95073546400014/global-cars
GN'G PROMOTION;NDRC;Chennevières-Sur-Marne;94430;26 RUE GAY LUSSAC 94430 CHENNEVIERES-SUR-MARNE;Commerce de gros (commerce interentreprises) non spécialisé;"Technico-commercial / Technico-commerciale ; Assistant commercial / Assistante commerciale ; Conseiller / Conseillère en gestion de patrimoine";Entreprise susceptible de recruter (candidature spontanée);;;Apprentissage, Professionnalisation;;;51915635000018;3;https://labonnealternance.apprentissage.beta.gouv.fr/emploi/recruteurs_lba/51915635000018/gn-g-promotion
GO LOCAL EXPRESS;MCO;Chennevières-Sur-Marne;94430;36 RUE ARISTIDE BRIAND 94430 CHENNEVIERES-SUR-MARNE;Commerce d'alimentation générale;"Employé / Employée de rayon libre-service ; Vendeur / Vendeuse en épicerie ; Hôte / Hôtesse de caisse ; Chef / Cheffe de rayon produits alimentaires ; Directeur / Directrice de magasin de grande distribution ; Gérant / Gérante de magasin d'alimentation générale";Entreprise susceptible de recruter (candidature spontanée);;;Apprentissage, Professionnalisation;;;89827256200015;6;https://labonnealternance.apprentissage.beta.gouv.fr/emploi/recruteurs_lba/89827256200015/go-local-express
Groupe Autosphere;MCO + NDRC;Chennevières-Sur-Marne;94430;102 ROUTE DE LA LIBERATION 94430 CHENNEVIERES-SUR-MARNE;Commerce de voitures et de véhicules automobiles légers;"Vendeur / Vendeuse automobile ; Conseiller / Conseillère client après-vente des véhicules";Entreprise susceptible de recruter (candidature spontanée);;;Apprentissage, Professionnalisation;;;66201083400023;2;https://labonnealternance.apprentissage.beta.gouv.fr/emploi/recruteurs_lba/66201083400023/groupe-autosphere
GSIB ALFAX DISTRIPAP;MCO + NDRC;Chennevières-Sur-Marne;94430;42 RUE GAY LUSSAC 94430 CHENNEVIERES-SUR-MARNE;Commerce de détail d'autres équipements du foyer;"Commercial / Commerciale grands comptes et entreprises ; Commercial / Commerciale en biens d'équipement auprès des entreprises";Offre publiée sur La bonne alternance;Commercial / Commerciale en biens d'équipement auprès des entreprises;Bac, Bac Pro, BP (Bac);Apprentissage;2026-09-09;;;3;https://labonnealternance.apprentissage.beta.gouv.fr/emploi/offres_emploi_lba/6aa14fc0ef95c6a32323a779/commercial-commerciale-en-biens-d-equipement-aupres-des-entreprises
JEFF DE BRUGES - MARTIAL;MCO + NDRC;Chennevières-Sur-Marne;94430;94430 Chennevières-sur-Marne;Commerce de détail de pain, pâtisserie et confiserie en magasin spécialisé;"Vendeur / Vendeuse en épicerie ; Conseiller / Conseillère clientèle à distance";Entreprise susceptible de recruter (candidature spontanée);;;Apprentissage, Professionnalisation;;;44912788501223;2;https://labonnealternance.apprentissage.beta.gouv.fr/emploi/recruteurs_lba/44912788501223/jeff-de-bruges-martial
LES GOURMANDISES PAPILLON;MCO;Chennevières-Sur-Marne;94430;5 AVENUE DU MARECHAL LECLERC 94430 CHENNEVIERES-SUR-MARNE;Boulangerie et boulangerie-pâtisserie;Vendeur / Vendeuse en épicerie;Entreprise susceptible de recruter (candidature spontanée);;;Apprentissage, Professionnalisation;;;53987850400015;1;https://labonnealternance.apprentissage.beta.gouv.fr/emploi/recruteurs_lba/53987850400015/les-gourmandises-papillon
MA FAMILLE IMMO;NDRC;Chennevières-Sur-Marne;94430;5 avenue du Marechal Leclerc 94430 CHENNEVIERES-SUR-MARNE;Agences immobilières;Conseiller / Conseillère immobilier;Entreprise susceptible de recruter (candidature spontanée);;;Apprentissage, Professionnalisation;;;94867035100014;1;https://labonnealternance.apprentissage.beta.gouv.fr/emploi/recruteurs_lba/94867035100014/ma-famille-immo
MACOLIS FR;NDRC;Chennevières-Sur-Marne;94430;14 rue Condorcet 94430 CHENNEVIERES-SUR-MARNE;Autres commerces de détail spécialisés divers;Responsable relation client (CRM);Entreprise susceptible de recruter (candidature spontanée);;;Apprentissage, Professionnalisation;;;79274245400012;1;https://labonnealternance.apprentissage.beta.gouv.fr/emploi/recruteurs_lba/79274245400012/macolis-fr
MAZE;MCO + NDRC;Chennevières-Sur-Marne;94430;6 RUE DE SUCY 94430 CHENNEVIERES-SUR-MARNE;CONSEIL EN RELATIONS PUBLIQUES ET COMMUNICATION;"Animateur / Animatrice des ventes ; Commercial / Commerciale auprès d'une clientèle d'entreprises";Entreprise susceptible de recruter (candidature spontanée);;;Apprentissage, Professionnalisation;;;88515039100013;2;https://labonnealternance.apprentissage.beta.gouv.fr/emploi/recruteurs_lba/88515039100013/maze
OBYO;MCO + NDRC;Chennevières-Sur-Marne;94430;30 RUE GAY LUSSAC 94430 CHENNEVIERES-SUR-MARNE;Commerce de gros (commerce interentreprises) de vaisselle, verrerie et produits d'entretien;"Chef / Cheffe des ventes ; Commercial / Commerciale grands comptes et entreprises ; Commercial / Commerciale export";Entreprise susceptible de recruter (candidature spontanée);;;Apprentissage, Professionnalisation;;;50744450300068;3;https://labonnealternance.apprentissage.beta.gouv.fr/emploi/recruteurs_lba/50744450300068/obyo
PETITES HISTOIRES ENTRE AMIS;MCO;Chennevières-Sur-Marne;94430;45 rue Aristide Briand 94430 CHENNEVIERES-SUR-MARNE;Commerce de détail de livres en magasin spécialisé;"Vendeur / Vendeuse de produits culturels et ludiques ; Hôte / Hôtesse de caisse ; Chef / Cheffe de rayon de produits non alimentaires";Entreprise susceptible de recruter (candidature spontanée);;;Apprentissage, Professionnalisation;;;50778062500020;3;https://labonnealternance.apprentissage.beta.gouv.fr/emploi/recruteurs_lba/50778062500020/petites-histoires-entre-amis
PREMIUM GOODS;NDRC;Chennevières-Sur-Marne;94430;14 RUE GAY LUSSAC 94430 CHENNEVIERES-SUR-MARNE;Commerce de gros (commerce interentreprises) d'autres produits intermédiaires;"Assistant commercial / Assistante commerciale ; Commercial / Commerciale auprès d'une clientèle d'entreprises";Entreprise susceptible de recruter (candidature spontanée);;;Apprentissage, Professionnalisation;;;81847505500013;2;https://labonnealternance.apprentissage.beta.gouv.fr/emploi/recruteurs_lba/81847505500013/premium-goods
PUM;NDRC;Chennevières-Sur-Marne;94430;13bis Rue Condorcet 94430 Chennevières-sur-Marne;Commerce de gros (commerce interentreprises) de fournitures et équipements industriels divers;"Technico-commercial / Technico-commerciale ; Attaché commercial / Attachée commerciale";Entreprise susceptible de recruter (candidature spontanée);;;Apprentissage, Professionnalisation;;;32044110802584;2;https://labonnealternance.apprentissage.beta.gouv.fr/emploi/recruteurs_lba/32044110802584/pum
RELAIS PRES FLEURANT;MCO;Chennevières-Sur-Marne;94430;79 rue Fusilles de Chateaubriant 94430 CHENNEVIERES-SUR-MARNE;Commerce de détail de carburants en magasin spécialisé;"Hôte / Hôtesse de caisse ; Employé / Employée de rayon libre-service";Entreprise susceptible de recruter (candidature spontanée);;;Apprentissage, Professionnalisation;;;82013373400021;2;https://labonnealternance.apprentissage.beta.gouv.fr/emploi/recruteurs_lba/82013373400021/relais-pres-fleurant
S.M. MARKET;MCO;Chennevières-Sur-Marne;94430;rue Rabelais 94430 CHENNEVIERES-SUR-MARNE;Supermarchés;"Employé / Employée de rayon libre-service ; Directeur / Directrice de magasin de grande distribution ; Hôte / Hôtesse de caisse ; Responsable de caisses ; Chef / Cheffe de rayon produits alimentaires";Entreprise susceptible de recruter (candidature spontanée);;;Apprentissage, Professionnalisation;;;89973350500023;5;https://labonnealternance.apprentissage.beta.gouv.fr/emploi/recruteurs_lba/89973350500023/s-m-market
SERGIC ENTREPRISES;NDRC;Chennevières-Sur-Marne;94430;94430 Chennevières-sur-Marne;Administration d'immeubles et autres biens immobiliers;Conseiller / Conseillère immobilier;Entreprise susceptible de recruter (candidature spontanée);;;Apprentissage, Professionnalisation;;;37795663600098;1;https://labonnealternance.apprentissage.beta.gouv.fr/emploi/recruteurs_lba/37795663600098/sergic-entreprises
SPRINTER;NDRC;Chennevières-Sur-Marne;94430;26 RUE GAY LUSSAC 94430 CHENNEVIERES-SUR-MARNE;Commerce de gros (commerce interentreprises) non spécialisé;"Technico-commercial / Technico-commerciale ; Assistant commercial / Assistante commerciale ; Conseiller / Conseillère en gestion de patrimoine";Entreprise susceptible de recruter (candidature spontanée);;;Apprentissage, Professionnalisation;;;83290672100036;3;https://labonnealternance.apprentissage.beta.gouv.fr/emploi/recruteurs_lba/83290672100036/sprinter
SUN SHINE COMPANY;MCO;Chennevières-Sur-Marne;94430;AV CHAMPLAIN 94430 CHENNEVIERES-SUR-MARNE;Commerce de détail d'habillement en magasin spécialisé;"Vendeur / Vendeuse en prêt-à-porter ; Responsable de boutique ; Hôte / Hôtesse de caisse ; Directeur / Directrice de magasin de grande distribution";Entreprise susceptible de recruter (candidature spontanée);;;Apprentissage, Professionnalisation;;;52369763900012;4;https://labonnealternance.apprentissage.beta.gouv.fr/emploi/recruteurs_lba/52369763900012/sun-shine-company
TAIFU COMICS-OTOTO;NDRC;Chennevières-Sur-Marne;94430;19 CHEMIN DE LA CROIX JAVOT 94430 CHENNEVIERES-SUR-MARNE;Édition de livres;"Assistant commercial / Assistante commerciale ; Responsable Commercial / Commerciale";Entreprise susceptible de recruter (candidature spontanée);;;Apprentissage, Professionnalisation;;;44056364100057;2;https://labonnealternance.apprentissage.beta.gouv.fr/emploi/recruteurs_lba/44056364100057/taifu-comics-ototo
TENDANCE CERAMIQUE;NDRC;Chennevières-Sur-Marne;94430;20 rue Gay Lussac 94430 CHENNEVIERES-SUR-MARNE;Commerce de gros (commerce interentreprises) de bois et de matériaux de construction;"Technico-commercial / Technico-commerciale ; Commercial itinérant / Commerciale itinérante en entreprise de commerce de gros";Entreprise susceptible de recruter (candidature spontanée);;;Apprentissage, Professionnalisation;;;84797675000020;2;https://labonnealternance.apprentissage.beta.gouv.fr/emploi/recruteurs_lba/84797675000020/tendance-ceramique
VALEGE DISTRIBUTION;MCO;Chennevières-Sur-Marne;94430;ROUTE DE PROVINS 94430 CHENNEVIERES-SUR-MARNE;Commerce de détail d'habillement en magasin spécialisé;"Vendeur / Vendeuse en prêt-à-porter ; Responsable de boutique ; Hôte / Hôtesse de caisse ; Directeur / Directrice de magasin de grande distribution";Entreprise susceptible de recruter (candidature spontanée);;;Apprentissage, Professionnalisation;;;42481418400232;4;https://labonnealternance.apprentissage.beta.gouv.fr/emploi/recruteurs_lba/42481418400232/valege-distribution
VITALIS;MCO + NDRC;Chennevières-Sur-Marne;94430;49 rue du General De Gaulle 94430 CHENNEVIERES-SUR-MARNE;Commerce de détail d'ordinateurs, d'unités périphériques et de logiciels en magasin spécialisé;"Vendeur / Vendeuse en équipement de la maison ; Consultant / Consultante avant-vente ; Technico-commercial / Technico-commerciale";Entreprise susceptible de recruter (candidature spontanée);;;Apprentissage, Professionnalisation;;;79180807400052;3;https://labonnealternance.apprentissage.beta.gouv.fr/emploi/recruteurs_lba/79180807400052/vitalis
2B INNOVATION;NDRC;Chevilly-Larue;94550;7 rue du Cottage Tolbiac 94550 CHEVILLY-LARUE;PROGRAMMATION INFORMATIQUE;Commercial / Commerciale export;Entreprise susceptible de recruter (candidature spontanée);;;Apprentissage, Professionnalisation;;;95388396400017;1;https://labonnealternance.apprentissage.beta.gouv.fr/emploi/recruteurs_lba/95388396400017/2b-innovation
AGENCE LAPARRA;MCO;Chevilly-Larue;94550;62A rue de Montpellier 94550 CHEVILLY-LARUE;Autres intermédiaires du commerce en denrées, boissons et tabac;"Vendeur / Vendeuse en épicerie ; Chef / Cheffe de rayon de produits non alimentaires ; Chef / Cheffe de rayon produits alimentaires ; Animateur / Animatrice des ventes ; Responsable de département en grande distribution";Entreprise susceptible de recruter (candidature spontanée);;;Apprentissage, Professionnalisation;;;57218471100016;5;https://labonnealternance.apprentissage.beta.gouv.fr/emploi/recruteurs_lba/57218471100016/agence-laparra
AGRUBAN;NDRC;Chevilly-Larue;94550;41 rue de Perpignan 94550 CHEVILLY-LARUE;Commerce de gros (commerce interentreprises) de fruits et légumes;Commercial itinérant / Commerciale itinérante en entreprise de commerce de gros;Entreprise susceptible de recruter (candidature spontanée);;;Apprentissage, Professionnalisation;;;50377769000010;1;https://labonnealternance.apprentissage.beta.gouv.fr/emploi/recruteurs_lba/50377769000010/agruban
APRODIS;NDRC;Chevilly-Larue;94550;9 boulevard du Delta 94550 CHEVILLY-LARUE;Commerce de gros (commerce interentreprises) de fruits et légumes;Commercial itinérant / Commerciale itinérante en entreprise de commerce de gros;Entreprise susceptible de recruter (candidature spontanée);;;Apprentissage, Professionnalisation;;;70201625400071;1;https://labonnealternance.apprentissage.beta.gouv.fr/emploi/recruteurs_lba/70201625400071/aprodis
BARNIER;NDRC;Chevilly-Larue;94550;70 rue de Carpentras 94550 CHEVILLY-LARUE;Commerce de gros (commerce interentreprises) de fruits et légumes;Commercial itinérant / Commerciale itinérante en entreprise de commerce de gros;Entreprise susceptible de recruter (candidature spontanée);;;Apprentissage, Professionnalisation;;;40790775700048;1;https://labonnealternance.apprentissage.beta.gouv.fr/emploi/recruteurs_lba/40790775700048/barnier
BIG FAT FASHION;MCO + NDRC;Chevilly-Larue;94550;11 rue des Alouettes 94550 CHEVILLY-LARUE;Vente à distance sur catalogue spécialisé;"Conseiller vendeur / Conseillère vendeuse à domicile ; Vendeur / Vendeuse en prêt-à-porter ; Responsable de boutique ; Délégué médical hospitalier / Déléguée médicale hospitalière ; Chargé / Chargée de relation client";Entreprise susceptible de recruter (candidature spontanée);;;Apprentissage, Professionnalisation;;;89435354900013;5;https://labonnealternance.apprentissage.beta.gouv.fr/emploi/recruteurs_lba/89435354900013/big-fat-fashion
CALIFRAIS;MCO;Chevilly-Larue;94550;4 quai du Val de Loire 94550 CHEVILLY-LARUE;Commerce de gros (commerce interentreprises) alimentaire spécialisé divers;"Chef / Cheffe de secteur magasin ; Chef / Cheffe de promotion des ventes";Entreprise susceptible de recruter (candidature spontanée);;;Apprentissage, Professionnalisation;;;80365813700044;2;https://labonnealternance.apprentissage.beta.gouv.fr/emploi/recruteurs_lba/80365813700044/califrais
CAPEXO;NDRC;Chevilly-Larue;94550;32 AVENUE GEORGES GUYNEMER 94550 CHEVILLY-LARUE;Commerce de gros (commerce interentreprises) de fruits et légumes;Commercial itinérant / Commerciale itinérante en entreprise de commerce de gros;Entreprise susceptible de recruter (candidature spontanée);;;Apprentissage, Professionnalisation;;;40770147300032;1;https://labonnealternance.apprentissage.beta.gouv.fr/emploi/recruteurs_lba/40770147300032/capexo
CIC RUNGIS ET;NDRC;Chevilly-Larue;94550;64 rue de la Tour 94550 CHEVILLY-LARUE;Autres intermédiations monétaires;"Conseiller / Conseillère de clientèle bancaire ; Chargé / Chargée d'accueil en banque ; Conseiller / Conseillère en gestion de patrimoine";Entreprise susceptible de recruter (candidature spontanée);;;Apprentissage, Professionnalisation;;;54201638103514;3;https://labonnealternance.apprentissage.beta.gouv.fr/emploi/recruteurs_lba/54201638103514/cic-rungis-et
COMPAGNIE FRUITIERE FRANCE;NDRC;Chevilly-Larue;94550;3 AVENUE DE L ORLEANAIS 94550 CHEVILLY-LARUE;Commerce de gros (commerce interentreprises) de fruits et légumes;Commercial itinérant / Commerciale itinérante en entreprise de commerce de gros;Entreprise susceptible de recruter (candidature spontanée);;;Apprentissage, Professionnalisation;;;06580124300257;1;https://labonnealternance.apprentissage.beta.gouv.fr/emploi/recruteurs_lba/06580124300257/compagnie-fruitiere-france
CONDICHEF;NDRC;Chevilly-Larue;94150;106 RUE D AGEN 94150 CHEVILLY-LARUE;Commerce de gros (commerce interentreprises) de fruits et légumes;Commercial itinérant / Commerciale itinérante en entreprise de commerce de gros;Entreprise susceptible de recruter (candidature spontanée);;;Apprentissage, Professionnalisation;;;86620054600095;1;https://labonnealternance.apprentissage.beta.gouv.fr/emploi/recruteurs_lba/86620054600095/condichef
CREDIT LYONNAIS;NDRC;Chevilly-Larue;94550;68 rue de la Tour 94550 CHEVILLY-LARUE;Autres intermédiations monétaires;"Conseiller / Conseillère de clientèle bancaire ; Chargé / Chargée d'accueil en banque ; Conseiller / Conseillère en gestion de patrimoine";Entreprise susceptible de recruter (candidature spontanée);;;Apprentissage, Professionnalisation;;;95450974119490;3;https://labonnealternance.apprentissage.beta.gouv.fr/emploi/recruteurs_lba/95450974119490/credit-lyonnais
CREDIT LYONNAIS;NDRC;Chevilly-Larue;94550;30 RUE EDITH PIAF 94550 CHEVILLY-LARUE;Autres intermédiations monétaires;"Conseiller / Conseillère de clientèle bancaire ; Chargé / Chargée d'accueil en banque ; Conseiller / Conseillère en gestion de patrimoine";Entreprise susceptible de recruter (candidature spontanée);;;Apprentissage, Professionnalisation;;;95450974131875;3;https://labonnealternance.apprentissage.beta.gouv.fr/emploi/recruteurs_lba/95450974131875/credit-lyonnais
DAUMESNIL PRIMEURS;NDRC;Chevilly-Larue;94550;38 rue de Toulouse 94550 CHEVILLY-LARUE;Commerce de gros (commerce interentreprises) de fruits et légumes;Commercial itinérant / Commerciale itinérante en entreprise de commerce de gros;Entreprise susceptible de recruter (candidature spontanée);;;Apprentissage, Professionnalisation;;;38943872200024;1;https://labonnealternance.apprentissage.beta.gouv.fr/emploi/recruteurs_lba/38943872200024/daumesnil-primeurs
DECOFRUITS PRESTIGE;NDRC;Chevilly-Larue;94550;93 rue d Avignon 94550 CHEVILLY-LARUE;Commerce de gros (commerce interentreprises) de fruits et légumes;Commercial itinérant / Commerciale itinérante en entreprise de commerce de gros;Entreprise susceptible de recruter (candidature spontanée);;;Apprentissage, Professionnalisation;;;40979780000045;1;https://labonnealternance.apprentissage.beta.gouv.fr/emploi/recruteurs_lba/40979780000045/decofruits-prestige
DELEGATION SOLS ET FONDATIONS;NDRC;Chevilly-Larue;94550;5 rue Ernest Flammarion 94550 CHEVILLY-LARUE;Services administratifs combinés de bureau;Conseiller / Conseillère immobilier;Entreprise susceptible de recruter (candidature spontanée);;;Apprentissage, Professionnalisation;;;87826105600062;1;https://labonnealternance.apprentissage.beta.gouv.fr/emploi/recruteurs_lba/87826105600062/delegation-sols-et-fondations
DEMATHIEU ET BARD IMMOBILIER;NDRC;Chevilly-Larue;94550;50 AVENUE DE LA REPUBLIQUE 94550 CHEVILLY-LARUE;Promotion immobilière de logements;Chargé / Chargée d'affaires immobilières;Entreprise susceptible de recruter (candidature spontanée);;;Apprentissage, Professionnalisation;;;35370874600048;1;https://labonnealternance.apprentissage.beta.gouv.fr/emploi/recruteurs_lba/35370874600048/demathieu-et-bard-immobilier
DKW FRUITS AND FRUITS;NDRC;Chevilly-Larue;94550;3 rue de la Corderie 94550 CHEVILLY-LARUE;Commerce de gros (commerce interentreprises) de fruits et légumes;Commercial itinérant / Commerciale itinérante en entreprise de commerce de gros;Entreprise susceptible de recruter (candidature spontanée);;;Apprentissage, Professionnalisation;;;83136186000016;1;https://labonnealternance.apprentissage.beta.gouv.fr/emploi/recruteurs_lba/83136186000016/dkw-fruits-and-fruits
ETABLISSEMENTS BIDAULT;MCO;Chevilly-Larue;94550;70 AVENUE DE FLANDRE 94550 CHEVILLY-LARUE;Commerce de gros (commerce interentreprises) alimentaire spécialisé divers;"Chef / Cheffe de secteur magasin ; Chef / Cheffe de promotion des ventes";Entreprise susceptible de recruter (candidature spontanée);;;Apprentissage, Professionnalisation;;;57204187900022;2;https://labonnealternance.apprentissage.beta.gouv.fr/emploi/recruteurs_lba/57204187900022/etablissements-bidault
ETABLISSEMENTS MONLOUP;NDRC;Chevilly-Larue;94550;17 RUE DE MONTPELLIER 94550 CHEVILLY-LARUE;Commerce de gros (commerce interentreprises) de fruits et légumes;Commercial itinérant / Commerciale itinérante en entreprise de commerce de gros;Entreprise susceptible de recruter (candidature spontanée);;;Apprentissage, Professionnalisation;;;57219508900014;1;https://labonnealternance.apprentissage.beta.gouv.fr/emploi/recruteurs_lba/57219508900014/etablissements-monloup
ETABLISSEMENTS SOLANES;NDRC;Chevilly-Larue;94550;94 AVENUE DE LORRAINE 94550 CHEVILLY-LARUE;Commerce de gros (commerce interentreprises) de fruits et légumes;Commercial itinérant / Commerciale itinérante en entreprise de commerce de gros;Entreprise susceptible de recruter (candidature spontanée);;;Apprentissage, Professionnalisation;;;70204371200059;1;https://labonnealternance.apprentissage.beta.gouv.fr/emploi/recruteurs_lba/70204371200059/etablissements-solanes
ETABLISSEMENTS VIDAL RUNGIS;NDRC;Chevilly-Larue;94550;2 RUE DU LANGUEDOC 94550 CHEVILLY-LARUE;Commerce d'autres véhicules automobiles;Conseiller / Conseillère client après-vente des véhicules;Entreprise susceptible de recruter (candidature spontanée);;;Apprentissage, Professionnalisation;;;32915190600040;1;https://labonnealternance.apprentissage.beta.gouv.fr/emploi/recruteurs_lba/32915190600040/etablissements-vidal-rungis
EUROPRIMEURS;NDRC;Chevilly-Larue;94550;11 rue d Avignon 94550 CHEVILLY-LARUE;Commerce de gros (commerce interentreprises) de fruits et légumes;Commercial itinérant / Commerciale itinérante en entreprise de commerce de gros;Entreprise susceptible de recruter (candidature spontanée);;;Apprentissage, Professionnalisation;;;50890812600032;1;https://labonnealternance.apprentissage.beta.gouv.fr/emploi/recruteurs_lba/50890812600032/europrimeurs
FAYE GASTRONOMIE INTERNATIONALE;MCO;Chevilly-Larue;94550;1 RUE DE LA CORDERIE 94550 CHEVILLY-LARUE;Commerce de gros (commerce interentreprises) alimentaire spécialisé divers;"Chef / Cheffe de secteur magasin ; Chef / Cheffe de promotion des ventes";Entreprise susceptible de recruter (candidature spontanée);;;Apprentissage, Professionnalisation;;;50245351700018;2;https://labonnealternance.apprentissage.beta.gouv.fr/emploi/recruteurs_lba/50245351700018/faye-gastronomie-internationale
FERRO SAS;MCO;Chevilly-Larue;94550;93 avenue de Bourgogne 94550 CHEVILLY-LARUE;Commerce de gros (commerce interentreprises) alimentaire spécialisé divers;"Chef / Cheffe de secteur magasin ; Chef / Cheffe de promotion des ventes";Entreprise susceptible de recruter (candidature spontanée);;;Apprentissage, Professionnalisation;;;57216124800016;2;https://labonnealternance.apprentissage.beta.gouv.fr/emploi/recruteurs_lba/57216124800016/ferro-sas
FEUILLAZUR;MCO + NDRC;Chevilly-Larue;94550;178 avenue des Pepinieres 94550 CHEVILLY-LARUE;Commerce de gros (commerce interentreprises) de fleurs et plantes;"Vendeur / Vendeuse conseil en jardinerie ; Vendeur / Vendeuse grossiste en produits frais";Entreprise susceptible de recruter (candidature spontanée);;;Apprentissage, Professionnalisation;;;70204701000070;2;https://labonnealternance.apprentissage.beta.gouv.fr/emploi/recruteurs_lba/70204701000070/feuillazur
FLOWER SYSTEMS;MCO + NDRC;Chevilly-Larue;94550;203 AVENUE DES PEPINIERES 94550 CHEVILLY-LARUE;Commerce de gros (commerce interentreprises) de fleurs et plantes;"Vendeur / Vendeuse conseil en jardinerie ; Vendeur / Vendeuse grossiste en produits frais";Entreprise susceptible de recruter (candidature spontanée);;;Apprentissage, Professionnalisation;;;31491098500048;2;https://labonnealternance.apprentissage.beta.gouv.fr/emploi/recruteurs_lba/31491098500048/flower-systems
FOOD AND BEVERAGE SERVICES INTERNATIONAL;NDRC;Chevilly-Larue;94550;10 RUE DU SEMINAIRE 94550 CHEVILLY-LARUE;Commerce de gros (commerce interentreprises) de boissons;Commercial / Commerciale export;Entreprise susceptible de recruter (candidature spontanée);;;Apprentissage, Professionnalisation;;;33322232100056;1;https://labonnealternance.apprentissage.beta.gouv.fr/emploi/recruteurs_lba/33322232100056/food-and-beverage-services-international
FRUIDOR;NDRC;Chevilly-Larue;94550;38 rue du Seminaire 94550 CHEVILLY-LARUE;Commerce de gros (commerce interentreprises) de fruits et légumes;Commercial itinérant / Commerciale itinérante en entreprise de commerce de gros;Entreprise susceptible de recruter (candidature spontanée);;;Apprentissage, Professionnalisation;;;56208974800528;1;https://labonnealternance.apprentissage.beta.gouv.fr/emploi/recruteurs_lba/56208974800528/fruidor
GC IDF NORD;NDRC;Chevilly-Larue;94550;3 rue Ernest Flammarion 94550 CHEVILLY-LARUE;Services administratifs combinés de bureau;Conseiller / Conseillère immobilier;Entreprise susceptible de recruter (candidature spontanée);;;Apprentissage, Professionnalisation;;;87826105600054;1;https://labonnealternance.apprentissage.beta.gouv.fr/emploi/recruteurs_lba/87826105600054/gc-idf-nord
GEORGES HELFER SAS FRANCE;NDRC;Chevilly-Larue;94550;62 AVENUE DE LA VILLETTE 94550 CHEVILLY-LARUE;Commerce de gros (commerce interentreprises) de fruits et légumes;Commercial itinérant / Commerciale itinérante en entreprise de commerce de gros;Entreprise susceptible de recruter (candidature spontanée);;;Apprentissage, Professionnalisation;;;30249189900068;1;https://labonnealternance.apprentissage.beta.gouv.fr/emploi/recruteurs_lba/30249189900068/georges-helfer-sas-france
HUBCO;MCO;Chevilly-Larue;94550;1 rue de la Corderie 94550 CHEVILLY-LARUE;Commerce de gros (commerce interentreprises) de produits surgelés;Chef / Cheffe de secteur magasin;Entreprise susceptible de recruter (candidature spontanée);;;Apprentissage, Professionnalisation;;;33927349200035;1;https://labonnealternance.apprentissage.beta.gouv.fr/emploi/recruteurs_lba/33927349200035/hubco
ILCO FOOD;MCO;Chevilly-Larue;94550;80 RUE DES DECHARGEURS 94550 CHEVILLY-LARUE;Commerce de gros (commerce interentreprises) alimentaire spécialisé divers;"Chef / Cheffe de secteur magasin ; Chef / Cheffe de promotion des ventes";Entreprise susceptible de recruter (candidature spontanée);;;Apprentissage, Professionnalisation;;;43930480900031;2;https://labonnealternance.apprentissage.beta.gouv.fr/emploi/recruteurs_lba/43930480900031/ilco-food
INTEGRHALLES;NDRC;Chevilly-Larue;94550;7 rue de Perpignan 94550 CHEVILLY-LARUE;Commerce de gros (commerce interentreprises) de fruits et légumes;Commercial itinérant / Commerciale itinérante en entreprise de commerce de gros;Entreprise susceptible de recruter (candidature spontanée);;;Apprentissage, Professionnalisation;;;92125002300022;1;https://labonnealternance.apprentissage.beta.gouv.fr/emploi/recruteurs_lba/92125002300022/integrhalles
INTERMARCHE;MCO;Chevilly-Larue;94550;23 RUE EDITH PIAF 94550 CHEVILLY-LARUE;Supermarchés;"Employé / Employée de rayon libre-service ; Directeur / Directrice de magasin de grande distribution ; Hôte / Hôtesse de caisse ; Responsable de caisses ; Chef / Cheffe de rayon produits alimentaires";Entreprise susceptible de recruter (candidature spontanée);;;Apprentissage, Professionnalisation;;;85033476400022;5;https://labonnealternance.apprentissage.beta.gouv.fr/emploi/recruteurs_lba/85033476400022/intermarche
LA FOURNEE DE MANON;MCO;Chevilly-Larue;94550;24 avenue de Flandre 94550 CHEVILLY-LARUE;Boulangerie et boulangerie-pâtisserie;Vendeur / Vendeuse en épicerie;Entreprise susceptible de recruter (candidature spontanée);;;Apprentissage, Professionnalisation;;;93532733800015;1;https://labonnealternance.apprentissage.beta.gouv.fr/emploi/recruteurs_lba/93532733800015/la-fournee-de-manon
LA MARQUISE;MCO;Chevilly-Larue;94550;25 RUE HENRI CRETTE 94550 CHEVILLY-LARUE;Boulangerie et boulangerie-pâtisserie;Vendeur / Vendeuse en épicerie;Entreprise susceptible de recruter (candidature spontanée);;;Apprentissage, Professionnalisation;;;53923695000017;1;https://labonnealternance.apprentissage.beta.gouv.fr/emploi/recruteurs_lba/53923695000017/la-marquise
La Poste;NDRC;Chevilly-Larue;94550;rue de Provence 94550 CHEVILLY-LARUE;Activités de poste dans le cadre d'une obligation de service universel;Responsable relation client (CRM);Entreprise susceptible de recruter (candidature spontanée);;;Apprentissage, Professionnalisation;;;35600000050551;1;https://labonnealternance.apprentissage.beta.gouv.fr/emploi/recruteurs_lba/35600000050551/la-poste
La Poste;NDRC;Chevilly-Larue;94550;22 rue du Seminaire 94550 CHEVILLY-LARUE;Activités de poste dans le cadre d'une obligation de service universel;Responsable relation client (CRM);Entreprise susceptible de recruter (candidature spontanée);;;Apprentissage, Professionnalisation;;;35600000050547;1;https://labonnealternance.apprentissage.beta.gouv.fr/emploi/recruteurs_lba/35600000050547/la-poste
LE COMPTOIR DES FLEURISTES;NDRC;Chevilly-Larue;94550;221 avenue des Pepinieres 94550 CHEVILLY-LARUE;Commerce de gros (commerce interentreprises) de fournitures et équipements divers pour le commerce et les services;"Cadre Technico-commercial / Technico-commerciale ; Technico-commercial / Technico-commerciale ; Assistant commercial / Assistante commerciale";Entreprise susceptible de recruter (candidature spontanée);;;Apprentissage, Professionnalisation;;;69192047400034;3;https://labonnealternance.apprentissage.beta.gouv.fr/emploi/recruteurs_lba/69192047400034/le-comptoir-des-fleuristes
LE DELAS;MCO;Chevilly-Larue;94550;1 avenue de Normandie 94550 CHEVILLY-LARUE;Commerce de gros (commerce interentreprises) alimentaire spécialisé divers;"Chef / Cheffe de secteur magasin ; Chef / Cheffe de promotion des ventes";Entreprise susceptible de recruter (candidature spontanée);;;Apprentissage, Professionnalisation;;;70105477700043;2;https://labonnealternance.apprentissage.beta.gouv.fr/emploi/recruteurs_lba/70105477700043/le-delas
LMG FINANCE;NDRC;Chevilly-Larue;94550;1 rue de la Corderie 94550 CHEVILLY-LARUE;Activités des sociétés holding;Conseiller / Conseillère immobilier;Entreprise susceptible de recruter (candidature spontanée);;;Apprentissage, Professionnalisation;;;43898364500013;1;https://labonnealternance.apprentissage.beta.gouv.fr/emploi/recruteurs_lba/43898364500013/lmg-finance
MC FOODS;MCO;Chevilly-Larue;94550;1 rue de la Corderie 94550 CHEVILLY-LARUE;Commerce de gros (commerce interentreprises) de produits surgelés;Chef / Cheffe de secteur magasin;Entreprise susceptible de recruter (candidature spontanée);;;Apprentissage, Professionnalisation;;;51185397000016;1;https://labonnealternance.apprentissage.beta.gouv.fr/emploi/recruteurs_lba/51185397000016/mc-foods
P D M;NDRC;Chevilly-Larue;94550;106 AVENUE DE LORRAINE 94550 CHEVILLY-LARUE;Commerce de gros (commerce interentreprises) de fruits et légumes;Commercial itinérant / Commerciale itinérante en entreprise de commerce de gros;Entreprise susceptible de recruter (candidature spontanée);;;Apprentissage, Professionnalisation;;;44512016500029;1;https://labonnealternance.apprentissage.beta.gouv.fr/emploi/recruteurs_lba/44512016500029/p-d-m
PRIMLAND;NDRC;Chevilly-Larue;94550;94 rue de Toulouse 94550 CHEVILLY-LARUE;Commerce de gros (commerce interentreprises) de fruits et légumes;Commercial itinérant / Commerciale itinérante en entreprise de commerce de gros;Entreprise susceptible de recruter (candidature spontanée);;;Apprentissage, Professionnalisation;;;42028373100024;1;https://labonnealternance.apprentissage.beta.gouv.fr/emploi/recruteurs_lba/42028373100024/primland
PROXI ET CO;NDRC;Chevilly-Larue;94550;12 avenue du General De Gaulle 94550 CHEVILLY-LARUE;Administration d'immeubles et autres biens immobiliers;Conseiller / Conseillère immobilier;Entreprise susceptible de recruter (candidature spontanée);;;Apprentissage, Professionnalisation;;;89358022500025;1;https://labonnealternance.apprentissage.beta.gouv.fr/emploi/recruteurs_lba/89358022500025/proxi-et-co
PUECH MONTANA;NDRC;Chevilly-Larue;94550;74 RUE DE MONTPELLIER 94550 CHEVILLY-LARUE;Commerce de gros (commerce interentreprises) de fruits et légumes;Commercial itinérant / Commerciale itinérante en entreprise de commerce de gros;Entreprise susceptible de recruter (candidature spontanée);;;Apprentissage, Professionnalisation;;;45226526700016;1;https://labonnealternance.apprentissage.beta.gouv.fr/emploi/recruteurs_lba/45226526700016/puech-montana
R.E.M. - LESMAYOUX;NDRC;Chevilly-Larue;94550;25 avenue de Bretagne 94550 CHEVILLY-LARUE;Commerce de gros (commerce interentreprises) de fournitures et équipements divers pour le commerce et les services;"Cadre Technico-commercial / Technico-commerciale ; Technico-commercial / Technico-commerciale ; Assistant commercial / Assistante commerciale";Entreprise susceptible de recruter (candidature spontanée);;;Apprentissage, Professionnalisation;;;30381451100034;3;https://labonnealternance.apprentissage.beta.gouv.fr/emploi/recruteurs_lba/30381451100034/r-e-m-lesmayoux
RAFAEL LOPEZ S A;NDRC;Chevilly-Larue;94550;53 rue de Chateaurenard 94550 CHEVILLY-LARUE;Commerce de gros (commerce interentreprises) de fruits et légumes;Commercial itinérant / Commerciale itinérante en entreprise de commerce de gros;Entreprise susceptible de recruter (candidature spontanée);;;Apprentissage, Professionnalisation;;;97022473900023;1;https://labonnealternance.apprentissage.beta.gouv.fr/emploi/recruteurs_lba/97022473900023/rafael-lopez-s-a
RUNGIS GROUPEMENT D'EMPLOYEURS;MCO;Chevilly-Larue;94550;12 RUE DU SEMINAIRE 94550 CHEVILLY-LARUE;Autre mise à disposition de ressources humaines;Chef / Cheffe de rayon produits alimentaires;Entreprise susceptible de recruter (candidature spontanée);;;Apprentissage, Professionnalisation;;;53057338500016;1;https://labonnealternance.apprentissage.beta.gouv.fr/emploi/recruteurs_lba/53057338500016/rungis-groupement-d-employeurs
RUNGIS MARKET;MCO;Chevilly-Larue;94550;32 avenue Georges Guynemer 94550 CHEVILLY-LARUE;Supermarchés;"Employé / Employée de rayon libre-service ; Directeur / Directrice de magasin de grande distribution ; Hôte / Hôtesse de caisse ; Responsable de caisses ; Chef / Cheffe de rayon produits alimentaires";Entreprise susceptible de recruter (candidature spontanée);;;Apprentissage, Professionnalisation;;;75040314900016;5;https://labonnealternance.apprentissage.beta.gouv.fr/emploi/recruteurs_lba/75040314900016/rungis-market
SAS ETS PIERRE DESMETTRE ET FILS;NDRC;Chevilly-Larue;94550;25 avenue du Lyonnais 94550 CHEVILLY-LARUE;Commerce de gros (commerce interentreprises) de fruits et légumes;Commercial itinérant / Commerciale itinérante en entreprise de commerce de gros;Entreprise susceptible de recruter (candidature spontanée);;;Apprentissage, Professionnalisation;;;39275172300033;1;https://labonnealternance.apprentissage.beta.gouv.fr/emploi/recruteurs_lba/39275172300033/sas-ets-pierre-desmettre-et-fils
SCHMITT-NEY SFCP;MCO + NDRC;Chevilly-Larue;94550;29 AVENUE GEORGES GUYNEMER 94550 CHEVILLY-LARUE;COMMERCE DE GROS (COMMERCE INTERENTREPRISES) DE FOURNITURES POUR LA PLOMBERIE ET LE CHAUFFAGE;"Vendeur / Vendeuse grossiste en équipement du foyer ; Technico-commercial / Technico-commerciale ; Commercial itinérant / Commerciale itinérante en entreprise de commerce de gros";Entreprise susceptible de recruter (candidature spontanée);;;Apprentissage, Professionnalisation;;;68203389900217;3;https://labonnealternance.apprentissage.beta.gouv.fr/emploi/recruteurs_lba/68203389900217/schmitt-ney-sfcp
SELECT SERVICES;NDRC;Chevilly-Larue;94550;31 RUE D'AVIGNON 94550 CHEVILLY-LARUE;Commerce de gros (commerce interentreprises) de fruits et légumes;Commercial itinérant / Commerciale itinérante en entreprise de commerce de gros;Entreprise susceptible de recruter (candidature spontanée);;;Apprentissage, Professionnalisation;;;32514147100012;1;https://labonnealternance.apprentissage.beta.gouv.fr/emploi/recruteurs_lba/32514147100012/select-services
SOCIETE D ECONOMIE MIXE D AMENAGEMENT ET DE GESTION DU MARCHE D INTERET NATIONAL DE LA REGION.... SUITE EN OBSERVATION;NDRC;Chevilly-Larue;94550;1 rue de la Tour 94550 CHEVILLY-LARUE;Administration d'immeubles et autres biens immobiliers;Conseiller / Conseillère immobilier;Entreprise susceptible de recruter (candidature spontanée);;;Apprentissage, Professionnalisation;;;66201249100012;1;https://labonnealternance.apprentissage.beta.gouv.fr/emploi/recruteurs_lba/66201249100012/societe-d-economie-mixe-d-amenagement-et-de-gestion-du-marche-d-interet-national-de-la-region-suite-en-observation
SOCIETE DE DISTRIBUTION EXPRESSE A VOCATION ALIMENTAIRE SODIEXVAL;NDRC;Chevilly-Larue;94550;9 boulevard du Delta 94550 CHEVILLY-LARUE;Commerce de gros (commerce interentreprises) de fruits et légumes;Commercial itinérant / Commerciale itinérante en entreprise de commerce de gros;Entreprise susceptible de recruter (candidature spontanée);;;Apprentissage, Professionnalisation;;;33445929400040;1;https://labonnealternance.apprentissage.beta.gouv.fr/emploi/recruteurs_lba/33445929400040/societe-de-distribution-expresse-a-vocation-alimentaire-sodiexval
SOCIETE GENERALE;NDRC;Chevilly-Larue;94550;54 RUE DE LA TOUR 94550 CHEVILLY-LARUE;Autres intermédiations monétaires;"Conseiller / Conseillère de clientèle bancaire ; Chargé / Chargée d'accueil en banque ; Conseiller / Conseillère en gestion de patrimoine";Entreprise susceptible de recruter (candidature spontanée);;;Apprentissage, Professionnalisation;;;55212022226612;3;https://labonnealternance.apprentissage.beta.gouv.fr/emploi/recruteurs_lba/55212022226612/societe-generale
SOCIETE HM;NDRC;Chevilly-Larue;94550;26 avenue de Bretagne 94550 CHEVILLY-LARUE;Commerce de gros (commerce interentreprises) de fruits et légumes;Commercial itinérant / Commerciale itinérante en entreprise de commerce de gros;Entreprise susceptible de recruter (candidature spontanée);;;Apprentissage, Professionnalisation;;;55200208100040;1;https://labonnealternance.apprentissage.beta.gouv.fr/emploi/recruteurs_lba/55200208100040/societe-hm
SOCIETE MAG;NDRC;Chevilly-Larue;94550;1 RUE DE LA CORDERIE 94550 CHEVILLY-LARUE;Commerce de gros (commerce interentreprises) de produits à base de viande;Commercial itinérant / Commerciale itinérante en entreprise de commerce de gros;Entreprise susceptible de recruter (candidature spontanée);;;Apprentissage, Professionnalisation;;;32542357200032;1;https://labonnealternance.apprentissage.beta.gouv.fr/emploi/recruteurs_lba/32542357200032/societe-mag
SPICE;MCO;Chevilly-Larue;94550;rue de Lille 94550 CHEVILLY-LARUE;Commerce de gros (commerce interentreprises) alimentaire spécialisé divers;"Chef / Cheffe de secteur magasin ; Chef / Cheffe de promotion des ventes";Entreprise susceptible de recruter (candidature spontanée);;;Apprentissage, Professionnalisation;;;89811650400025;2;https://labonnealternance.apprentissage.beta.gouv.fr/emploi/recruteurs_lba/89811650400025/spice
UNION DES GROUPEMENTS DE PRODUCTEURS DE BANANES DE GUADELOUPE ET MARTINIQUE;NDRC;Chevilly-Larue;94550;38 rue du Seminaire 94550 CHEVILLY-LARUE;Commerce de gros (commerce interentreprises) de fruits et légumes;Commercial itinérant / Commerciale itinérante en entreprise de commerce de gros;Entreprise susceptible de recruter (candidature spontanée);;;Apprentissage, Professionnalisation;;;45083331400047;1;https://labonnealternance.apprentissage.beta.gouv.fr/emploi/recruteurs_lba/45083331400047/union-des-groupements-de-producteurs-de-bananes-de-guadeloupe-et-martinique
VEGETAL RUNGIS;MCO + NDRC;Chevilly-Larue;94550;120 avenue des Pepinieres 94550 CHEVILLY-LARUE;Commerce de gros (commerce interentreprises) de fleurs et plantes;"Vendeur / Vendeuse conseil en jardinerie ; Vendeur / Vendeuse grossiste en produits frais";Entreprise susceptible de recruter (candidature spontanée);;;Apprentissage, Professionnalisation;;;50002979800013;2;https://labonnealternance.apprentissage.beta.gouv.fr/emploi/recruteurs_lba/50002979800013/vegetal-rungis
BAY ALIMENTATION;MCO;Choisy-Le-Roi;94600;6 rue du chemin de Fer 94600 CHOISY-LE-ROI;Commerce d'alimentation générale;"Employé / Employée de rayon libre-service ; Vendeur / Vendeuse en épicerie ; Hôte / Hôtesse de caisse ; Chef / Cheffe de rayon produits alimentaires ; Directeur / Directrice de magasin de grande distribution ; Gérant / Gérante de magasin d'alimentation générale";Entreprise susceptible de recruter (candidature spontanée);;;Apprentissage, Professionnalisation;;;49136941900016;6;https://labonnealternance.apprentissage.beta.gouv.fr/emploi/recruteurs_lba/49136941900016/bay-alimentation
CABINET COULON;NDRC;Choisy-Le-Roi;94600;47 avenue de la Republique 94600 CHOISY-LE-ROI;Administration d'immeubles et autres biens immobiliers;Conseiller / Conseillère immobilier;Entreprise susceptible de recruter (candidature spontanée);;;Apprentissage, Professionnalisation;;;30115991900028;1;https://labonnealternance.apprentissage.beta.gouv.fr/emploi/recruteurs_lba/30115991900028/cabinet-coulon
CABINET FLOCCARI;NDRC;Choisy-Le-Roi;94600;9B avenue d Alfortville 94600 CHOISY-LE-ROI;Activités des agents et courtiers d'assurances;"Conseiller / Conseillère en assurances ; Conseiller / Conseillère en gestion de patrimoine";Entreprise susceptible de recruter (candidature spontanée);;;Apprentissage, Professionnalisation;;;82749265300015;2;https://labonnealternance.apprentissage.beta.gouv.fr/emploi/recruteurs_lba/82749265300015/cabinet-floccari
CABINET IFNOR;NDRC;Choisy-Le-Roi;94600;38 BOULEVARD DES ALLIES 94600 CHOISY-LE-ROI;Administration d'immeubles et autres biens immobiliers;Conseiller / Conseillère immobilier;Entreprise susceptible de recruter (candidature spontanée);;;Apprentissage, Professionnalisation;;;49027951000047;1;https://labonnealternance.apprentissage.beta.gouv.fr/emploi/recruteurs_lba/49027951000047/cabinet-ifnor
CAISSE D'EPARGNE ET DE PREVOYANCE ILE-DE-FRANCE;NDRC;Choisy-Le-Roi;94600;4 avenue Anatole France 94600 CHOISY-LE-ROI;Autres intermédiations monétaires;"Conseiller / Conseillère de clientèle bancaire ; Chargé / Chargée d'accueil en banque ; Conseiller / Conseillère en gestion de patrimoine";Entreprise susceptible de recruter (candidature spontanée);;;Apprentissage, Professionnalisation;;;38290094201319;3;https://labonnealternance.apprentissage.beta.gouv.fr/emploi/recruteurs_lba/38290094201319/caisse-d-epargne-et-de-prevoyance-ile-de-france
CENTURY 21 ACV;NDRC;Choisy-Le-Roi;94600;12 BOULEVARD DES ALLIES 94600 CHOISY-LE-ROI;Agences immobilières;Conseiller / Conseillère immobilier;Entreprise susceptible de recruter (candidature spontanée);;;Apprentissage, Professionnalisation;;;79450390400011;1;https://labonnealternance.apprentissage.beta.gouv.fr/emploi/recruteurs_lba/79450390400011/century-21-acv
CHOISY OFFICE;NDRC;Choisy-Le-Roi;94600;1 avenue du 25 Aout 1944 94600 CHOISY-LE-ROI;Administration d'immeubles et autres biens immobiliers;Conseiller / Conseillère immobilier;Entreprise susceptible de recruter (candidature spontanée);;;Apprentissage, Professionnalisation;;;38970985800010;1;https://labonnealternance.apprentissage.beta.gouv.fr/emploi/recruteurs_lba/38970985800010/choisy-office
CREDIT LYONNAIS;NDRC;Choisy-Le-Roi;94600;3 avenue Gambetta 94600 CHOISY-LE-ROI;Autres intermédiations monétaires;"Conseiller / Conseillère de clientèle bancaire ; Chargé / Chargée d'accueil en banque ; Conseiller / Conseillère en gestion de patrimoine";Entreprise susceptible de recruter (candidature spontanée);;;Apprentissage, Professionnalisation;;;95450974138664;3;https://labonnealternance.apprentissage.beta.gouv.fr/emploi/recruteurs_lba/95450974138664/credit-lyonnais
EMMAUS LA FRIPERIE SOLIDAIRE;MCO;Choisy-Le-Roi;94600;1 Rue de la Paix 94600 Choisy-le-Roi;Commerce de détail de biens d'occasion en magasin;"Vendeur / Vendeuse en équipement de la maison ; Vendeur / Vendeuse en prêt-à-porter";Entreprise susceptible de recruter (candidature spontanée);;;Apprentissage, Professionnalisation;;;44449039500076;2;https://labonnealternance.apprentissage.beta.gouv.fr/emploi/recruteurs_lba/44449039500076/emmaus-la-friperie-solidaire
EUROCHEF;NDRC;Choisy-Le-Roi;94600;50 avenue Louis Luc 94600 CHOISY-LE-ROI;Intermédiaires spécialisés dans le commerce d'autres produits spécifiques;"Cadre Technico-commercial / Technico-commerciale ; Technico-commercial / Technico-commerciale ; Attaché commercial / Attachée commerciale";Entreprise susceptible de recruter (candidature spontanée);;;Apprentissage, Professionnalisation;;;45240154000045;3;https://labonnealternance.apprentissage.beta.gouv.fr/emploi/recruteurs_lba/45240154000045/eurochef
FEDRIGONI FRANCE;NDRC;Choisy-Le-Roi;94600;10 rue de la Darse 94600 CHOISY-LE-ROI;Commerce de gros (commerce interentreprises) d'autres produits intermédiaires;"Assistant commercial / Assistante commerciale ; Commercial / Commerciale auprès d'une clientèle d'entreprises";Entreprise susceptible de recruter (candidature spontanée);;;Apprentissage, Professionnalisation;;;39089649600069;2;https://labonnealternance.apprentissage.beta.gouv.fr/emploi/recruteurs_lba/39089649600069/fedrigoni-france
FOSSI DISTRIBUTION;MCO;Choisy-Le-Roi;94600;141 AV DU MAL DE LATTRE DE TASSIGNY 94600 CHOISY-LE-ROI;Supérettes;"Employé / Employée de rayon libre-service ; Hôte / Hôtesse de caisse ; Directeur / Directrice de magasin de grande distribution ; Vendeur / Vendeuse en épicerie ; Responsable de caisses ; Chef / Cheffe de rayon produits alimentaires";Entreprise susceptible de recruter (candidature spontanée);;;Apprentissage, Professionnalisation;;;91874637100023;6;https://labonnealternance.apprentissage.beta.gouv.fr/emploi/recruteurs_lba/91874637100023/fossi-distribution
La Poste;NDRC;Choisy-Le-Roi;94600;15 avenue Leon Gourdault 94600 CHOISY-LE-ROI;Activités de poste dans le cadre d'une obligation de service universel;Responsable relation client (CRM);Entreprise susceptible de recruter (candidature spontanée);;;Apprentissage, Professionnalisation;;;35600000050556;1;https://labonnealternance.apprentissage.beta.gouv.fr/emploi/recruteurs_lba/35600000050556/la-poste
LA SAVEUR DES VIANDES;MCO + NDRC;Choisy-Le-Roi;94600;147 AV DU MAL DE LATTRE DE TASSIGNY 94600 CHOISY-LE-ROI;Commerce de détail de viandes et de produits à base de viande en magasin spécialisé;"Vendeur / Vendeuse en épicerie ; Vendeur / Vendeuse grossiste en produits frais";Entreprise susceptible de recruter (candidature spontanée);;;Apprentissage, Professionnalisation;;;83971352600037;2;https://labonnealternance.apprentissage.beta.gouv.fr/emploi/recruteurs_lba/83971352600037/la-saveur-des-viandes
LES FLEURS D'EMILIE;MCO;Choisy-Le-Roi;94600;2 boulevard de Stalingrad 94600 CHOISY-LE-ROI;Commerce de détail de fleurs, plantes, graines, engrais, animaux de compagnie et aliments pour ces animaux en magasin spécialisé;"Responsable de boutique ; Vendeur / Vendeuse conseil en jardinerie ; Vendeur / Vendeuse en animalerie ; Hôte / Hôtesse de caisse ; Chef / Cheffe de rayon de produits non alimentaires";Entreprise susceptible de recruter (candidature spontanée);;;Apprentissage, Professionnalisation;;;89855168400019;5;https://labonnealternance.apprentissage.beta.gouv.fr/emploi/recruteurs_lba/89855168400019/les-fleurs-d-emilie
LIDL;MCO;Choisy-Le-Roi;94600;130 avenue d Alfortville 94600 CHOISY-LE-ROI;Supermarchés;"Employé / Employée de rayon libre-service ; Directeur / Directrice de magasin de grande distribution ; Hôte / Hôtesse de caisse ; Responsable de caisses ; Chef / Cheffe de rayon produits alimentaires";Entreprise susceptible de recruter (candidature spontanée);;;Apprentissage, Professionnalisation;;;34326262214280;5;https://labonnealternance.apprentissage.beta.gouv.fr/emploi/recruteurs_lba/34326262214280/lidl
MARLINK EVENTS SAS;MCO;Choisy-Le-Roi;94600;114 avenue d Alfortville 94600 CHOISY-LE-ROI;Télécommunications par satellite;Animateur / Animatrice des ventes;Entreprise susceptible de recruter (candidature spontanée);;;Apprentissage, Professionnalisation;;;33430617200084;1;https://labonnealternance.apprentissage.beta.gouv.fr/emploi/recruteurs_lba/33430617200084/marlink-events-sas
ROSNY-TRADITION;MCO;Choisy-Le-Roi;94600;42 avenue Anatole France 94600 CHOISY-LE-ROI;Boulangerie et boulangerie-pâtisserie;Vendeur / Vendeuse en épicerie;Entreprise susceptible de recruter (candidature spontanée);;;Apprentissage, Professionnalisation;;;83490319700020;1;https://labonnealternance.apprentissage.beta.gouv.fr/emploi/recruteurs_lba/83490319700020/rosny-tradition
ROYAL DE CHOISY;MCO;Choisy-Le-Roi;94600;1 PLACE DE LEGLISE 94600 CHOISY-LE-ROI;Boulangerie et boulangerie-pâtisserie;Vendeur / Vendeuse en épicerie;Entreprise susceptible de recruter (candidature spontanée);;;Apprentissage, Professionnalisation;;;89755131300017;1;https://labonnealternance.apprentissage.beta.gouv.fr/emploi/recruteurs_lba/89755131300017/royal-de-choisy
SARL G & G INVEST;NDRC;Choisy-Le-Roi;94600;3 boulevard des Allies 94600 CHOISY-LE-ROI;Agences immobilières;Conseiller / Conseillère immobilier;Entreprise susceptible de recruter (candidature spontanée);;;Apprentissage, Professionnalisation;;;80061733400027;1;https://labonnealternance.apprentissage.beta.gouv.fr/emploi/recruteurs_lba/80061733400027/sarl-g-g-invest
SAYAFOOD;NDRC;Choisy-Le-Roi;94600;28 rue Georges Clemenceau 94600 CHOISY-LE-ROI;Activités des sociétés holding;Conseiller / Conseillère immobilier;Entreprise susceptible de recruter (candidature spontanée);;;Apprentissage, Professionnalisation;;;91085173200016;1;https://labonnealternance.apprentissage.beta.gouv.fr/emploi/recruteurs_lba/91085173200016/sayafood
SMART;MCO;Choisy-Le-Roi;94600;15 AVENUE ANATOLE FRANCE 94600 CHOISY-LE-ROI;Supermarchés;"Employé / Employée de rayon libre-service ; Directeur / Directrice de magasin de grande distribution ; Hôte / Hôtesse de caisse ; Responsable de caisses ; Chef / Cheffe de rayon produits alimentaires";Entreprise susceptible de recruter (candidature spontanée);;;Apprentissage, Professionnalisation;;;84433289000012;5;https://labonnealternance.apprentissage.beta.gouv.fr/emploi/recruteurs_lba/84433289000012/smart
SOCIETE EUROPE AUTO;MCO + NDRC;Choisy-Le-Roi;94600;1 rue du Docteur Roux 94600 CHOISY-LE-ROI;Commerce de voitures et de véhicules automobiles légers;"Vendeur / Vendeuse automobile ; Conseiller / Conseillère client après-vente des véhicules";Entreprise susceptible de recruter (candidature spontanée);;;Apprentissage, Professionnalisation;;;32127877200017;2;https://labonnealternance.apprentissage.beta.gouv.fr/emploi/recruteurs_lba/32127877200017/societe-europe-auto
SOCIETE GENERALE;NDRC;Choisy-Le-Roi;94600;4 AVENUE ANATOLE FRANCE 94600 CHOISY-LE-ROI;Autres intermédiations monétaires;"Conseiller / Conseillère de clientèle bancaire ; Chargé / Chargée d'accueil en banque ; Conseiller / Conseillère en gestion de patrimoine";Entreprise susceptible de recruter (candidature spontanée);;;Apprentissage, Professionnalisation;;;55212022216803;3;https://labonnealternance.apprentissage.beta.gouv.fr/emploi/recruteurs_lba/55212022216803/societe-generale
SPEC BCDM ASSOCIES;NDRC;Choisy-Le-Roi;94600;50 avenue Louis Luc 94600 CHOISY-LE-ROI;Activités des agents et courtiers d'assurances;"Conseiller / Conseillère en assurances ; Conseiller / Conseillère en gestion de patrimoine";Entreprise susceptible de recruter (candidature spontanée);;;Apprentissage, Professionnalisation;;;84999710100027;2;https://labonnealternance.apprentissage.beta.gouv.fr/emploi/recruteurs_lba/84999710100027/spec-bcdm-associes
VISUAL-DISPLAYS;MCO + NDRC;Choisy-Le-Roi;94600;10 RUE DE LA DARSE 94600 CHOISY-LE-ROI;Commerce de gros (commerce interentreprises) d'autres machines et équipements de bureau;"Directeur / Directrice des ventes ; Attaché commercial / Attachée commerciale ; Commercial / Commerciale grands comptes et entreprises";Entreprise susceptible de recruter (candidature spontanée);;;Apprentissage, Professionnalisation;;;57213006000062;3;https://labonnealternance.apprentissage.beta.gouv.fr/emploi/recruteurs_lba/57213006000062/visual-displays
1.2.3.;MCO;Créteil;94000;94000 Créteil;Commerce de détail d'habillement en magasin spécialisé;"Vendeur / Vendeuse en prêt-à-porter ; Responsable de boutique ; Hôte / Hôtesse de caisse ; Directeur / Directrice de magasin de grande distribution";Entreprise susceptible de recruter (candidature spontanée);;;Apprentissage, Professionnalisation;;;44460046400218;4;https://labonnealternance.apprentissage.beta.gouv.fr/emploi/recruteurs_lba/44460046400218/1-2-3
ADIDAS;MCO;Créteil;94000;94000 Créteil;Commerce de détail d'habillement en magasin spécialisé;"Vendeur / Vendeuse en prêt-à-porter ; Responsable de boutique ; Hôte / Hôtesse de caisse ; Directeur / Directrice de magasin de grande distribution";Entreprise susceptible de recruter (candidature spontanée);;;Apprentissage, Professionnalisation;;;30653375300019;4;https://labonnealternance.apprentissage.beta.gouv.fr/emploi/recruteurs_lba/30653375300019/adidas
AGENCE COMMERCIALE;MCO;Créteil;94000;94000 Créteil;Commerce de détail de matériels de télécommunication en magasin spécialisé;"Vendeur / Vendeuse en équipement de la maison ; Conseiller vendeur / Conseillère vendeuse à domicile ; Chef / Cheffe de rayon de produits non alimentaires";Entreprise susceptible de recruter (candidature spontanée);;;Apprentissage, Professionnalisation;;;38012986611391;3;https://labonnealternance.apprentissage.beta.gouv.fr/emploi/recruteurs_lba/38012986611391/agence-commerciale
ALLERAY SUPPORT;NDRC;Créteil;94000;14 rue Auguste Perret 94000 CRETEIL;Services administratifs combinés de bureau;Conseiller / Conseillère immobilier;Entreprise susceptible de recruter (candidature spontanée);;;Apprentissage, Professionnalisation;;;90797412500011;1;https://labonnealternance.apprentissage.beta.gouv.fr/emploi/recruteurs_lba/90797412500011/alleray-support
Alternance Conseiller point de vente - Créteil (F/H);MCO;Créteil;94000;94000 Créteil;;"Vendeur / Vendeuse en épicerie ; Alternance Conseiller point de vente - Créteil (F/H)";Offre partenaire (France Travail…);Alternance Conseiller point de vente - Créteil (F/H);;Professionnalisation;2026-09-12;;;2;https://labonnealternance.apprentissage.beta.gouv.fr/emploi/offres_emploi_partenaires/6aa5d026a4e8e7f2aeacb6b8/alternance-conseiller-point-de-vente-creteil-f-h
Alternance vendeur high-tech - Créteil (F/H);MCO + NDRC;Créteil;94000;94000 Créteil;;"Vendeur / Vendeuse grossiste en produits frais ; Alternance vendeur high-tech - Créteil (F/H)";Offre partenaire (France Travail…);Alternance vendeur high-tech - Créteil (F/H);;Professionnalisation;2026-08-13;;;2;https://labonnealternance.apprentissage.beta.gouv.fr/emploi/offres_emploi_partenaires/6a7e4492a59fa8a8f3593632/alternance-vendeur-high-tech-creteil-f-h
Aprolis;NDRC;Créteil;94000;6 RUE CLAUDE NICOLAS LEDOUX 94000 CRETEIL;Commerce de gros (commerce interentreprises) de fournitures et équipements industriels divers;"Technico-commercial / Technico-commerciale ; Attaché commercial / Attachée commerciale";Entreprise susceptible de recruter (candidature spontanée);;;Apprentissage, Professionnalisation;;;72820653300800;2;https://labonnealternance.apprentissage.beta.gouv.fr/emploi/recruteurs_lba/72820653300800/aprolis
ASSOCIATION DE MOYENS RETRAITE COMPLEMENTAIRE;NDRC;Créteil;94000;10 PLACE SALVADOR ALLENDE 94000 CRETEIL;Gestion des retraites complémentaires;Conseiller / Conseillère de clientèle bancaire;Entreprise susceptible de recruter (candidature spontanée);;;Apprentissage, Professionnalisation;;;84060000100191;1;https://labonnealternance.apprentissage.beta.gouv.fr/emploi/recruteurs_lba/84060000100191/association-de-moyens-retraite-complementaire
AT HOME;MCO;Créteil;94000;1 AVENUE DU MARECHAL FOCH 94000 CRETEIL;Commerce de détail de meubles;"Vendeur / Vendeuse en équipement de la maison ; Hôte / Hôtesse de caisse";Entreprise susceptible de recruter (candidature spontanée);;;Apprentissage, Professionnalisation;;;85394199500013;2;https://labonnealternance.apprentissage.beta.gouv.fr/emploi/recruteurs_lba/85394199500013/at-home
AU BON GOUT DE CRETEIL;MCO;Créteil;94000;1 rue de Mesly 94000 CRETEIL;Boulangerie et boulangerie-pâtisserie;Vendeur / Vendeuse en épicerie;Entreprise susceptible de recruter (candidature spontanée);;;Apprentissage, Professionnalisation;;;90148708200017;1;https://labonnealternance.apprentissage.beta.gouv.fr/emploi/recruteurs_lba/90148708200017/au-bon-gout-de-creteil
AVERROES;MCO;Créteil;94000;4 rue Jean Gabin 94000 CRETEIL;Commerce de détail de livres en magasin spécialisé;"Vendeur / Vendeuse de produits culturels et ludiques ; Hôte / Hôtesse de caisse ; Chef / Cheffe de rayon de produits non alimentaires";Entreprise susceptible de recruter (candidature spontanée);;;Apprentissage, Professionnalisation;;;83364745600015;3;https://labonnealternance.apprentissage.beta.gouv.fr/emploi/recruteurs_lba/83364745600015/averroes
AXA CRETEIL;NDRC;Créteil;94000;28 AV DU MAL DE LATTRE DE TASSIGNY 94000 CRETEIL;Activités des agents et courtiers d'assurances;"Conseiller / Conseillère en assurances ; Conseiller / Conseillère en gestion de patrimoine";Entreprise susceptible de recruter (candidature spontanée);;;Apprentissage, Professionnalisation;;;79901899900018;2;https://labonnealternance.apprentissage.beta.gouv.fr/emploi/recruteurs_lba/79901899900018/axa-creteil
BAYA DISTRIBUTION;MCO;Créteil;94000;287 avenue du General De Gaulle 94000 CRETEIL;Supérettes;"Employé / Employée de rayon libre-service ; Hôte / Hôtesse de caisse ; Directeur / Directrice de magasin de grande distribution ; Vendeur / Vendeuse en épicerie ; Responsable de caisses ; Chef / Cheffe de rayon produits alimentaires";Entreprise susceptible de recruter (candidature spontanée);;;Apprentissage, Professionnalisation;;;88137607300014;6;https://labonnealternance.apprentissage.beta.gouv.fr/emploi/recruteurs_lba/88137607300014/baya-distribution
BERNARD LACREE;MCO;Créteil;94000;114 av du Mal de Lattre de Tassigny 94000 CRETEIL;Boulangerie et boulangerie-pâtisserie;Vendeur / Vendeuse en épicerie;Entreprise susceptible de recruter (candidature spontanée);;;Apprentissage, Professionnalisation;;;89070790400011;1;https://labonnealternance.apprentissage.beta.gouv.fr/emploi/recruteurs_lba/89070790400011/bernard-lacree
BERSHKA FRANCE;MCO;Créteil;94000;101 AVENUE DU GENERAL DE GAULLE 94000 CRETEIL;Commerce de détail d'habillement en magasin spécialisé;"Vendeur / Vendeuse en prêt-à-porter ; Responsable de boutique ; Hôte / Hôtesse de caisse ; Directeur / Directrice de magasin de grande distribution";Entreprise susceptible de recruter (candidature spontanée);;;Apprentissage, Professionnalisation;;;44361772500595;4;https://labonnealternance.apprentissage.beta.gouv.fr/emploi/recruteurs_lba/44361772500595/bershka-france
BG LOC;NDRC;Créteil;94000;1 rue Marcel Proust 94000 CRETEIL;Location de courte durée de voitures et de véhicules automobiles légers;"Agent technico-commercial / Agente technico-commerciale en location de véhicules ; Conseiller / Conseillère client après-vente des véhicules";Entreprise susceptible de recruter (candidature spontanée);;;Apprentissage, Professionnalisation;;;95162594600011;2;https://labonnealternance.apprentissage.beta.gouv.fr/emploi/recruteurs_lba/95162594600011/bg-loc
Boulanger;MCO + NDRC;Créteil;94000;97 AVENUE DU MARECHAL FOCH 94000 CRETEIL;Commerce de détail d'appareils électroménagers en magasin spécialisé;"Vendeur / Vendeuse en équipement de la maison ; Conseiller commercial / Conseillère commerciale auprès des particuliers ; Responsable relation client (CRM)";Entreprise susceptible de recruter (candidature spontanée);;;Apprentissage, Professionnalisation;;;34738457001456;3;https://labonnealternance.apprentissage.beta.gouv.fr/emploi/recruteurs_lba/34738457001456/boulanger
BRED Banque Populaire;NDRC;Créteil;94000;94000 Créteil;Autres intermédiations monétaires;"Conseiller / Conseillère de clientèle bancaire ; Chargé / Chargée d'accueil en banque ; Conseiller / Conseillère en gestion de patrimoine";Entreprise susceptible de recruter (candidature spontanée);;;Apprentissage, Professionnalisation;;;55209179503108;3;https://labonnealternance.apprentissage.beta.gouv.fr/emploi/recruteurs_lba/55209179503108/bred-banque-populaire
BUTTE LE JUSTE PRIX;MCO;Créteil;94000;1 AVENUE DU MARECHAL FOCH 94000 CRETEIL;Commerce de détail de meubles;"Vendeur / Vendeuse en équipement de la maison ; Hôte / Hôtesse de caisse";Entreprise susceptible de recruter (candidature spontanée);;;Apprentissage, Professionnalisation;;;72204186002060;2;https://labonnealternance.apprentissage.beta.gouv.fr/emploi/recruteurs_lba/72204186002060/butte-le-juste-prix
C'EST MON DONUTS 77;MCO + NDRC;Créteil;94000;8 square Jean Pierre Martinez 94000 CRETEIL;Commerce de détail de pain, pâtisserie et confiserie en magasin spécialisé;"Vendeur / Vendeuse en épicerie ; Conseiller / Conseillère clientèle à distance";Entreprise susceptible de recruter (candidature spontanée);;;Apprentissage, Professionnalisation;;;90865745500014;2;https://labonnealternance.apprentissage.beta.gouv.fr/emploi/recruteurs_lba/90865745500014/c-est-mon-donuts-77
C.F DIS;MCO;Créteil;94000;AVENUE DU NOUVEAU MONDE 94000 CRETEIL;Supermarchés;"Employé / Employée de rayon libre-service ; Directeur / Directrice de magasin de grande distribution ; Hôte / Hôtesse de caisse ; Responsable de caisses ; Chef / Cheffe de rayon produits alimentaires";Entreprise susceptible de recruter (candidature spontanée);;;Apprentissage, Professionnalisation;;;53368090600013;5;https://labonnealternance.apprentissage.beta.gouv.fr/emploi/recruteurs_lba/53368090600013/c-f-dis
CABINET LERO MANCEAU&MANAT;NDRC;Créteil;94000;74T rue du General Leclerc 94000 CRETEIL;Activités des agents et courtiers d'assurances;"Conseiller / Conseillère en assurances ; Conseiller / Conseillère en gestion de patrimoine";Entreprise susceptible de recruter (candidature spontanée);;;Apprentissage, Professionnalisation;;;75390881300011;2;https://labonnealternance.apprentissage.beta.gouv.fr/emploi/recruteurs_lba/75390881300011/cabinet-lero-manceau-manat
CADDY H;NDRC;Créteil;94000;1 rue de la Basse Quinte 94000 CRETEIL;Commerce de gros (commerce interentreprises) non spécialisé;"Technico-commercial / Technico-commerciale ; Assistant commercial / Assistante commerciale ; Conseiller / Conseillère en gestion de patrimoine";Entreprise susceptible de recruter (candidature spontanée);;;Apprentissage, Professionnalisation;;;91096533400014;3;https://labonnealternance.apprentissage.beta.gouv.fr/emploi/recruteurs_lba/91096533400014/caddy-h
CAISSE D'EPARGNE ET DE PREVOYANCE ILE-DE-FRANCE;NDRC;Créteil;94000;53 RUE DU GENERAL LECLERC 94000 CRETEIL;Autres intermédiations monétaires;"Conseiller / Conseillère de clientèle bancaire ; Chargé / Chargée d'accueil en banque ; Conseiller / Conseillère en gestion de patrimoine";Entreprise susceptible de recruter (candidature spontanée);;;Apprentissage, Professionnalisation;;;38290094201608;3;https://labonnealternance.apprentissage.beta.gouv.fr/emploi/recruteurs_lba/38290094201608/caisse-d-epargne-et-de-prevoyance-ile-de-france
CAP'ASSUR;NDRC;Créteil;94000;87 rue du General Leclerc 94000 CRETEIL;Activités des agents et courtiers d'assurances;"Conseiller / Conseillère en assurances ; Conseiller / Conseillère en gestion de patrimoine";Entreprise susceptible de recruter (candidature spontanée);;;Apprentissage, Professionnalisation;;;91879814100019;2;https://labonnealternance.apprentissage.beta.gouv.fr/emploi/recruteurs_lba/91879814100019/cap-assur
CARREFOUR BANQUE;NDRC;Créteil;94000;94000 Créteil;Autre distribution de crédit;"Conseiller / Conseillère de clientèle bancaire ; Courtier / Courtière en banque ; Conseiller commercial / Conseillère commerciale auprès des particuliers";Entreprise susceptible de recruter (candidature spontanée);;;Apprentissage, Professionnalisation;;;31381151500789;3;https://labonnealternance.apprentissage.beta.gouv.fr/emploi/recruteurs_lba/31381151500789/carrefour-banque
CARREFOUR CITY;MCO;Créteil;94000;103 rue Cheret 94000 CRETEIL;Supermarchés;"Employé / Employée de rayon libre-service ; Directeur / Directrice de magasin de grande distribution ; Hôte / Hôtesse de caisse ; Responsable de caisses ; Chef / Cheffe de rayon produits alimentaires";Entreprise susceptible de recruter (candidature spontanée);;;Apprentissage, Professionnalisation;;;49049865600027;5;https://labonnealternance.apprentissage.beta.gouv.fr/emploi/recruteurs_lba/49049865600027/carrefour-city
CARREFOUR CITY;MCO;Créteil;94000;33 av du Mal de Lattre de Tassigny 94000 CRETEIL;Supermarchés;"Employé / Employée de rayon libre-service ; Directeur / Directrice de magasin de grande distribution ; Hôte / Hôtesse de caisse ; Responsable de caisses ; Chef / Cheffe de rayon produits alimentaires";Entreprise susceptible de recruter (candidature spontanée);;;Apprentissage, Professionnalisation;;;95381716000013;5;https://labonnealternance.apprentissage.beta.gouv.fr/emploi/recruteurs_lba/95381716000013/carrefour-city
Castorama;MCO + NDRC;Créteil;94000;70 AVENUE DU MARECHAL FOCH 94000 CRETEIL;Commerce de détail de quincaillerie, peintures et verres en grandes surfaces (400 m2et plus);"Hôte / Hôtesse de caisse ; Vendeur / Vendeuse en équipement de la maison ; Vendeur / Vendeuse conseil en jardinerie ; Vendeur / Vendeuse grossiste en équipement du foyer ; Chef / Cheffe de secteur magasin ; Chef / Cheffe de rayon de produits non alimentaires";Entreprise susceptible de recruter (candidature spontanée);;;Apprentissage, Professionnalisation;;;45167897300715;6;https://labonnealternance.apprentissage.beta.gouv.fr/emploi/recruteurs_lba/45167897300715/castorama
CELIO;MCO;Créteil;94000;94000 Créteil;Commerce de détail d'habillement en magasin spécialisé;"Vendeur / Vendeuse en prêt-à-porter ; Responsable de boutique ; Hôte / Hôtesse de caisse ; Directeur / Directrice de magasin de grande distribution";Entreprise susceptible de recruter (candidature spontanée);;;Apprentissage, Professionnalisation;;;31333485601346;4;https://labonnealternance.apprentissage.beta.gouv.fr/emploi/recruteurs_lba/31333485601346/celio
CENTRAKOR;MCO + NDRC;Créteil;94000;1 AVENUE DU MARECHAL FOCH 94000 CRETEIL;Commerce de détail d'autres équipements du foyer;"Vendeur / Vendeuse en équipement de la maison ; Employé / Employée de rayon libre-service ; Responsable de boutique ; Hôte / Hôtesse de caisse ; Vendeur / Vendeuse grossiste en équipement du foyer ; Conseiller commercial / Conseillère commerciale auprès des particuliers";Entreprise susceptible de recruter (candidature spontanée);;;Apprentissage, Professionnalisation;;;38079451101273;6;https://labonnealternance.apprentissage.beta.gouv.fr/emploi/recruteurs_lba/38079451101273/centrakor
CHAMS;MCO;Créteil;94000;40 RUE DU GENERAL LECLERC 94000 CRETEIL;Boulangerie et boulangerie-pâtisserie;Vendeur / Vendeuse en épicerie;Entreprise susceptible de recruter (candidature spontanée);;;Apprentissage, Professionnalisation;;;85276147700011;1;https://labonnealternance.apprentissage.beta.gouv.fr/emploi/recruteurs_lba/85276147700011/chams
CHICH'ADDICT;NDRC;Créteil;94000;94000 Créteil;Autres commerces de détail spécialisés divers;Responsable relation client (CRM);Entreprise susceptible de recruter (candidature spontanée);;;Apprentissage, Professionnalisation;;;84873326700019;1;https://labonnealternance.apprentissage.beta.gouv.fr/emploi/recruteurs_lba/84873326700019/chich-addict
CLEOPATRE;NDRC;Créteil;94000;94000 Créteil;Autres commerces de détail spécialisés divers;Responsable relation client (CRM);Entreprise susceptible de recruter (candidature spontanée);;;Apprentissage, Professionnalisation;;;34283741600276;1;https://labonnealternance.apprentissage.beta.gouv.fr/emploi/recruteurs_lba/34283741600276/cleopatre
CODE INTERNE S08641;NDRC;Créteil;94000;51 chemin des Meches 94000 CRETEIL;Activités des sociétés holding;Conseiller / Conseillère immobilier;Entreprise susceptible de recruter (candidature spontanée);;;Apprentissage, Professionnalisation;;;82017406800107;1;https://labonnealternance.apprentissage.beta.gouv.fr/emploi/recruteurs_lba/82017406800107/code-interne-s08641
COMELIT FRANCE;MCO + NDRC;Créteil;94000;18 rue Paul Sejourne 94000 CRETEIL;Commerce de gros (commerce interentreprises) de matériel électrique;"Vendeur / Vendeuse grossiste en équipement du foyer ; Technico-commercial / Technico-commerciale";Entreprise susceptible de recruter (candidature spontanée);;;Apprentissage, Professionnalisation;;;40481494900057;2;https://labonnealternance.apprentissage.beta.gouv.fr/emploi/recruteurs_lba/40481494900057/comelit-france
COPAVI;NDRC;Créteil;94000;118 AVENUE DU MARECHAL FOCH 94000 CRETEIL;Entretien et réparation d'autres véhicules automobiles;Conseiller / Conseillère client après-vente des véhicules;Entreprise susceptible de recruter (candidature spontanée);;;Apprentissage, Professionnalisation;;;34874279200024;1;https://labonnealternance.apprentissage.beta.gouv.fr/emploi/recruteurs_lba/34874279200024/copavi
COURIR;MCO;Créteil;94000;94000 Créteil;Commerce de détail de la chaussure;"Responsable de boutique ; Vendeur / Vendeuse en prêt-à-porter ; Vendeur / Vendeuse d'articles de sport et loisirs ; Gérant / Gérante de magasin d'alimentation générale ; Directeur / Directrice de magasin de grande distribution";Entreprise susceptible de recruter (candidature spontanée);;;Apprentissage, Professionnalisation;;;42855996700198;5;https://labonnealternance.apprentissage.beta.gouv.fr/emploi/recruteurs_lba/42855996700198/courir
CREDIT INDUSTRIEL ET COMMERCIAL;NDRC;Créteil;94000;94000 Créteil;Autres intermédiations monétaires;"Conseiller / Conseillère de clientèle bancaire ; Chargé / Chargée d'accueil en banque ; Conseiller / Conseillère en gestion de patrimoine";Entreprise susceptible de recruter (candidature spontanée);;;Apprentissage, Professionnalisation;;;54201638103241;3;https://labonnealternance.apprentissage.beta.gouv.fr/emploi/recruteurs_lba/54201638103241/credit-industriel-et-commercial
CREDIT LYONNAIS;NDRC;Créteil;94000;117 rue Cheret 94000 CRETEIL;Autres intermédiations monétaires;"Conseiller / Conseillère de clientèle bancaire ; Chargé / Chargée d'accueil en banque ; Conseiller / Conseillère en gestion de patrimoine";Entreprise susceptible de recruter (candidature spontanée);;;Apprentissage, Professionnalisation;;;95450974121041;3;https://labonnealternance.apprentissage.beta.gouv.fr/emploi/recruteurs_lba/95450974121041/credit-lyonnais
CREDIT LYONNAIS;NDRC;Créteil;94000;109 rue du General Leclerc 94000 CRETEIL;Autres intermédiations monétaires;"Conseiller / Conseillère de clientèle bancaire ; Chargé / Chargée d'accueil en banque ; Conseiller / Conseillère en gestion de patrimoine";Entreprise susceptible de recruter (candidature spontanée);;;Apprentissage, Professionnalisation;;;95450974136148;3;https://labonnealternance.apprentissage.beta.gouv.fr/emploi/recruteurs_lba/95450974136148/credit-lyonnais
CSP COSMETICS;MCO;Créteil;94000;101 AVENUE DU GENERAL DE GAULLE 94000 CRETEIL;Commerce de détail de parfumerie et de produits de beauté en magasin spécialisé;"Responsable de boutique ; Employé / Employée de rayon libre-service";Entreprise susceptible de recruter (candidature spontanée);;;Apprentissage, Professionnalisation;;;90463231200156;2;https://labonnealternance.apprentissage.beta.gouv.fr/emploi/recruteurs_lba/90463231200156/csp-cosmetics
DARTY 13;MCO;Créteil;94000;94000 Créteil;Commerce de détail d'appareils électroménagers en magasin spécialisé;"Vendeur / Vendeuse en équipement de la maison ; Hôte / Hôtesse de caisse";Entreprise susceptible de recruter (candidature spontanée);;;Apprentissage, Professionnalisation;;;54208661600183;2;https://labonnealternance.apprentissage.beta.gouv.fr/emploi/recruteurs_lba/54208661600183/darty-13
DECATHLON;MCO + NDRC;Créteil;94000;avenue du Marechal Foch 94000 CRETEIL;Commerce de détail d'articles de sport en magasin spécialisé;"Vendeur / Vendeuse d'articles de sport et loisirs ; Hôte / Hôtesse de caisse ; Chef / Cheffe de rayon de produits non alimentaires ; Vendeur / Vendeuse en prêt-à-porter ; Vendeur / Vendeuse grossiste en équipement du foyer";Entreprise susceptible de recruter (candidature spontanée);;;Apprentissage, Professionnalisation;;;50056940501613;5;https://labonnealternance.apprentissage.beta.gouv.fr/emploi/recruteurs_lba/50056940501613/decathlon
DEICHMANN CHAUSSURES;MCO;Créteil;94000;101 AVENUE DU GENERAL DE GAULLE 94000 CRETEIL;Commerce de détail de la chaussure;"Responsable de boutique ; Vendeur / Vendeuse en prêt-à-porter ; Vendeur / Vendeuse d'articles de sport et loisirs ; Gérant / Gérante de magasin d'alimentation générale ; Directeur / Directrice de magasin de grande distribution";Entreprise susceptible de recruter (candidature spontanée);;;Apprentissage, Professionnalisation;;;82436016800119;5;https://labonnealternance.apprentissage.beta.gouv.fr/emploi/recruteurs_lba/82436016800119/deichmann-chaussures
DERICHEBOURG HOSPITALITY;MCO;Créteil;94000;51 chemin des Meches 94000 CRETEIL;Autres activités de soutien aux entreprises n.c.a.;Animateur / Animatrice des ventes;Entreprise susceptible de recruter (candidature spontanée);;;Apprentissage, Professionnalisation;;;38104492400086;1;https://labonnealternance.apprentissage.beta.gouv.fr/emploi/recruteurs_lba/38104492400086/derichebourg-hospitality
DFM;MCO;Créteil;94000;94000 Créteil;Commerce de détail d'ordinateurs, d'unités périphériques et de logiciels en magasin spécialisé;;Offre partenaire (France Travail…);Alternance - Assistant RH (H/F);Licence, BUT, Licence Pro (Bac+3);Apprentissage, Professionnalisation;2026-09-25;;;1;https://labonnealternance.apprentissage.beta.gouv.fr/emploi/offres_emploi_partenaires/6ab6ac5342dae058879561d8/alternance-assistant-rh-h-f
DFM;MCO;Créteil;94000;94000 Créteil;Commerce de détail d'ordinateurs, d'unités périphériques et de logiciels en magasin spécialisé;;Offre partenaire (France Travail…);Alternance - Assistant RH (H/F);Licence, BUT, Licence Pro (Bac+3);Apprentissage, Professionnalisation;2026-09-24;;;1;https://labonnealternance.apprentissage.beta.gouv.fr/emploi/offres_emploi_partenaires/6ab55ad41b8f9e1e0837e4ee/alternance-assistant-rh-h-f
DFM;MCO;Créteil;94000;94000 Créteil;Commerce de détail d'ordinateurs, d'unités périphériques et de logiciels en magasin spécialisé;;Offre partenaire (France Travail…);Alternance - Assistant Administratif IA (H/F);Licence, BUT, Licence Pro (Bac+3);Apprentissage, Professionnalisation;2026-08-26;;;1;https://labonnealternance.apprentissage.beta.gouv.fr/emploi/offres_emploi_partenaires/6a8f0e085ed321d8e7f8b7fb/alternance-assistant-administratif-ia-h-f
DFM;MCO + NDRC;Créteil;94000;94000 Créteil;Commerce de détail d'ordinateurs, d'unités périphériques et de logiciels en magasin spécialisé;"Assistant commercial / Assistante commerciale ; Alternance - Assistant commercial (H/F)";Offre partenaire (France Travail…);Alternance - Assistant commercial (H/F);Licence, BUT, Licence Pro (Bac+3);Apprentissage, Professionnalisation;2026-08-31;;;3;https://labonnealternance.apprentissage.beta.gouv.fr/emploi/offres_emploi_partenaires/6a964374896188246acfbdb0/alternance-assistant-commercial-h-f
DFM HOLDING;NDRC;Créteil;94000;13 rue Paul Sejourne 94000 CRETEIL;Activités des sociétés holding;Conseiller / Conseillère immobilier;Entreprise susceptible de recruter (candidature spontanée);;;Apprentissage, Professionnalisation;;;98008346300011;1;https://labonnealternance.apprentissage.beta.gouv.fr/emploi/recruteurs_lba/98008346300011/dfm-holding
DG CONCEPTS;MCO;Créteil;94000;39 AVENUE DE VERDUN 94000 CRETEIL;Boulangerie et boulangerie-pâtisserie;Vendeur / Vendeuse en épicerie;Entreprise susceptible de recruter (candidature spontanée);;;Apprentissage, Professionnalisation;;;84318492000026;1;https://labonnealternance.apprentissage.beta.gouv.fr/emploi/recruteurs_lba/84318492000026/dg-concepts
DIAGONAL;MCO;Créteil;94000;11 rue du Docteur Ramon 94000 CRETEIL;Supermarchés;"Employé / Employée de rayon libre-service ; Directeur / Directrice de magasin de grande distribution ; Hôte / Hôtesse de caisse ; Responsable de caisses ; Chef / Cheffe de rayon produits alimentaires";Entreprise susceptible de recruter (candidature spontanée);;;Apprentissage, Professionnalisation;;;92908328500031;5;https://labonnealternance.apprentissage.beta.gouv.fr/emploi/recruteurs_lba/92908328500031/diagonal
DISTRICASH;NDRC;Créteil;94000;1 rue de la Basse Quinte 94000 CRETEIL;Autres commerces de détail spécialisés divers;Responsable relation client (CRM);Entreprise susceptible de recruter (candidature spontanée);;;Apprentissage, Professionnalisation;;;84156110300034;1;https://labonnealternance.apprentissage.beta.gouv.fr/emploi/recruteurs_lba/84156110300034/districash
DUPLO FRANCE;NDRC;Créteil;94000;2 ALLEE DES SAULES 94000 CRETEIL;Commerce de gros (commerce interentreprises) de fournitures et équipements industriels divers;"Technico-commercial / Technico-commerciale ; Attaché commercial / Attachée commerciale";Entreprise susceptible de recruter (candidature spontanée);;;Apprentissage, Professionnalisation;;;40201090400041;2;https://labonnealternance.apprentissage.beta.gouv.fr/emploi/recruteurs_lba/40201090400041/duplo-france
Département du Val de Marne;NDRC;Créteil;94000;94000 Créteil;Administration publique générale;Chargé / Chargée d'études commerciales;Offre partenaire (France Travail…);Chargé de la Tarification et du Contrôle Financier des Établissements Associatifs Habilités H/F;Master, titre ingénieur, grande école (Bac+5);Apprentissage, Professionnalisation;2026-08-30;;;1;https://labonnealternance.apprentissage.beta.gouv.fr/emploi/offres_emploi_partenaires/6a6d1dbeab2acc1970765bfd/charge-de-la-tarification-et-du-controle-financier-des-etablissements-associatifs-habilites-h-f
ECHOSENS CRETEIL;MCO;Créteil;94000;5 RUE JEAN LEMOINE 94000 CRETEIL;Autres activités de soutien aux entreprises n.c.a.;Animateur / Animatrice des ventes;Entreprise susceptible de recruter (candidature spontanée);;;Apprentissage, Professionnalisation;;;43820915700082;1;https://labonnealternance.apprentissage.beta.gouv.fr/emploi/recruteurs_lba/43820915700082/echosens-creteil
ELIOR GROUP;NDRC;Créteil;94000;94000 Créteil;;Attaché commercial / Attachée commerciale;Offre partenaire (France Travail…);Alternance - Responsable Grands Comptes H/F;Licence, BUT, Licence Pro (Bac+3);Apprentissage, Professionnalisation;2026-08-31;;;1;https://labonnealternance.apprentissage.beta.gouv.fr/emploi/offres_emploi_partenaires/69f523c179cc9f104eed4074/alternance-responsable-grands-comptes-h-f
ELIOR GROUP;NDRC;Créteil;94000;94000 Créteil;;Commercial / Commerciale grands comptes et entreprises;Offre partenaire (France Travail…);Alternance - Responsable grands comptes (H/F);Licence, BUT, Licence Pro (Bac+3);Apprentissage, Professionnalisation;2026-09-17;;;1;https://labonnealternance.apprentissage.beta.gouv.fr/emploi/offres_emploi_partenaires/6aac689a6b0f1ab1a51f1540/alternance-responsable-grands-comptes-h-f
ETAM LINGERIE;MCO;Créteil;94000;94000 Créteil;Commerce de détail d'habillement en magasin spécialisé;"Vendeur / Vendeuse en prêt-à-porter ; Responsable de boutique ; Hôte / Hôtesse de caisse ; Directeur / Directrice de magasin de grande distribution";Entreprise susceptible de recruter (candidature spontanée);;;Apprentissage, Professionnalisation;;;47835575300227;4;https://labonnealternance.apprentissage.beta.gouv.fr/emploi/recruteurs_lba/47835575300227/etam-lingerie
EVERWOOD;MCO;Créteil;94000;94000 Créteil;Commerce de détail d'habillement en magasin spécialisé;"Vendeur / Vendeuse en prêt-à-porter ; Responsable de boutique ; Directeur / Directrice de magasin de grande distribution ; Hôte / Hôtesse de caisse";Entreprise susceptible de recruter (candidature spontanée);;;Apprentissage, Professionnalisation;;;41995785700016;4;https://labonnealternance.apprentissage.beta.gouv.fr/emploi/recruteurs_lba/41995785700016/everwood
EXPANSIEL;NDRC;Créteil;94000;9 route de Choisy 94000 CRETEIL;Promotion immobilière de logements;Chargé / Chargée d'affaires immobilières;Entreprise susceptible de recruter (candidature spontanée);;;Apprentissage, Professionnalisation;;;38250665700040;1;https://labonnealternance.apprentissage.beta.gouv.fr/emploi/recruteurs_lba/38250665700040/expansiel
FNAC;MCO + NDRC;Créteil;94000;94000 Créteil;Commerce de détail d'appareils électroménagers en magasin spécialisé;"Vendeur / Vendeuse en équipement de la maison ; Conseiller commercial / Conseillère commerciale auprès des particuliers ; Responsable relation client (CRM)";Entreprise susceptible de recruter (candidature spontanée);;;Apprentissage, Professionnalisation;;;34328238000033;3;https://labonnealternance.apprentissage.beta.gouv.fr/emploi/recruteurs_lba/34328238000033/fnac
FOOT KORNER;MCO;Créteil;94000;101 avenue du General De Gaulle 94000 CRETEIL;Commerce de détail d'habillement en magasin spécialisé;"Vendeur / Vendeuse en prêt-à-porter ; Responsable de boutique ; Hôte / Hôtesse de caisse ; Directeur / Directrice de magasin de grande distribution";Entreprise susceptible de recruter (candidature spontanée);;;Apprentissage, Professionnalisation;;;44394271900032;4;https://labonnealternance.apprentissage.beta.gouv.fr/emploi/recruteurs_lba/44394271900032/foot-korner
FOOT LOCKER FRANCE;MCO;Créteil;94000;233 AVENUE DU GENERAL DE GAULLE 94000 CRETEIL;Commerce de détail de la chaussure;"Responsable de boutique ; Vendeur / Vendeuse en prêt-à-porter ; Vendeur / Vendeuse d'articles de sport et loisirs ; Gérant / Gérante de magasin d'alimentation générale ; Directeur / Directrice de magasin de grande distribution";Entreprise susceptible de recruter (candidature spontanée);;;Apprentissage, Professionnalisation;;;38240186700488;5;https://labonnealternance.apprentissage.beta.gouv.fr/emploi/recruteurs_lba/38240186700488/foot-locker-france
Fraikin;NDRC;Créteil;94000;94000 Créteil;LOCATION ET LOCATION-BAIL DE CAMIONS;"Attaché commercial / Attachée commerciale ; Apprenti Attache·e Commercial·e H/F";Offre partenaire (France Travail…);Apprenti Attache·e Commercial·e H/F;BTS, DEUST (Bac+2);Apprentissage, Professionnalisation;2026-08-28;;;2;https://labonnealternance.apprentissage.beta.gouv.fr/emploi/offres_emploi_partenaires/6a6a7acc9d55d4aa7db1313d/apprenti-attachee-commerciale-h-f
Franprix;MCO;Créteil;94000;64 AVENUE FRANCOIS MITTERRAND 94000 CRETEIL;Supérettes;"Employé / Employée de rayon libre-service ; Hôte / Hôtesse de caisse ; Directeur / Directrice de magasin de grande distribution ; Vendeur / Vendeuse en épicerie ; Responsable de caisses ; Chef / Cheffe de rayon produits alimentaires";Entreprise susceptible de recruter (candidature spontanée);;;Apprentissage, Professionnalisation;;;83344629700024;6;https://labonnealternance.apprentissage.beta.gouv.fr/emploi/recruteurs_lba/83344629700024/franprix
Franprix;MCO;Créteil;94000;AVENUE DU GENERAL DE GAULLE 94000 CRETEIL;Supermarchés;"Employé / Employée de rayon libre-service ; Directeur / Directrice de magasin de grande distribution ; Hôte / Hôtesse de caisse ; Responsable de caisses ; Chef / Cheffe de rayon produits alimentaires";Entreprise susceptible de recruter (candidature spontanée);;;Apprentissage, Professionnalisation;;;50003675100013;5;https://labonnealternance.apprentissage.beta.gouv.fr/emploi/recruteurs_lba/50003675100013/franprix
G20;MCO;Créteil;94000;PLACE DE LA LEVRIERE 94000 CRETEIL;Supérettes;"Employé / Employée de rayon libre-service ; Hôte / Hôtesse de caisse ; Directeur / Directrice de magasin de grande distribution ; Vendeur / Vendeuse en épicerie ; Responsable de caisses ; Chef / Cheffe de rayon produits alimentaires";Entreprise susceptible de recruter (candidature spontanée);;;Apprentissage, Professionnalisation;;;88135042500016;6;https://labonnealternance.apprentissage.beta.gouv.fr/emploi/recruteurs_lba/88135042500016/g20
GEOX;MCO;Créteil;94000;101 AVENUE DU GENERAL DE GAULLE 94000 CRETEIL;Commerce de détail de la chaussure;"Responsable de boutique ; Vendeur / Vendeuse en prêt-à-porter ; Vendeur / Vendeuse d'articles de sport et loisirs ; Gérant / Gérante de magasin d'alimentation générale ; Directeur / Directrice de magasin de grande distribution";Entreprise susceptible de recruter (candidature spontanée);;;Apprentissage, Professionnalisation;;;41088291400949;5;https://labonnealternance.apprentissage.beta.gouv.fr/emploi/recruteurs_lba/41088291400949/geox
GMF ASSURANCES;NDRC;Créteil;94000;128 avenue du Marechal Foch 94000 CRETEIL;AUTRES ASSURANCES;"Conseiller / Conseillère en assurances ; Conseiller / Conseillère en gestion de patrimoine ; Conseiller / Conseillère clientèle à distance";Entreprise susceptible de recruter (candidature spontanée);;;Apprentissage, Professionnalisation;;;39897290109242;3;https://labonnealternance.apprentissage.beta.gouv.fr/emploi/recruteurs_lba/39897290109242/gmf-assurances
Groupe Autosphere;MCO + NDRC;Créteil;94000;35 RUE DE VALENTON 94000 CRETEIL;Commerce de voitures et de véhicules automobiles légers;"Vendeur / Vendeuse automobile ; Conseiller / Conseillère client après-vente des véhicules";Entreprise susceptible de recruter (candidature spontanée);;;Apprentissage, Professionnalisation;;;30466847800015;2;https://labonnealternance.apprentissage.beta.gouv.fr/emploi/recruteurs_lba/30466847800015/groupe-autosphere
GROUPEMENT MOBILIER DE FRANCE;MCO + NDRC;Créteil;94000;10 rue Paul Sejourne 94000 CRETEIL;Centrales d'achat non alimentaires;"Responsable de boutique ; Vendeur / Vendeuse d'articles de sport et loisirs ; Vendeur / Vendeuse conseil en jardinerie ; Chef / Cheffe de secteur magasin ; Conseiller commercial / Conseillère commerciale auprès des particuliers";Entreprise susceptible de recruter (candidature spontanée);;;Apprentissage, Professionnalisation;;;33948765400131;5;https://labonnealternance.apprentissage.beta.gouv.fr/emploi/recruteurs_lba/33948765400131/groupement-mobilier-de-france
GROUPEMENT TECHNIQUE INDUSTRIEL;NDRC;Créteil;94000;94000 Créteil;Commerce de gros (commerce interentreprises) de fournitures et équipements divers pour le commerce et les services;"Cadre Technico-commercial / Technico-commerciale ; Assistant commercial / Assistante commerciale ; Technico-commercial / Technico-commerciale";Entreprise susceptible de recruter (candidature spontanée);;;Apprentissage, Professionnalisation;;;68200111000100;3;https://labonnealternance.apprentissage.beta.gouv.fr/emploi/recruteurs_lba/68200111000100/groupement-technique-industriel
H&M;MCO;Créteil;94000;AVENUE DE LA FRANCE LIBRE 94000 CRETEIL;Commerce de détail d'habillement en magasin spécialisé;"Vendeur / Vendeuse en prêt-à-porter ; Responsable de boutique ; Hôte / Hôtesse de caisse ; Directeur / Directrice de magasin de grande distribution";Entreprise susceptible de recruter (candidature spontanée);;;Apprentissage, Professionnalisation;;;39897931002954;4;https://labonnealternance.apprentissage.beta.gouv.fr/emploi/recruteurs_lba/39897931002954/h-m
HEMA FRANCE;MCO;Créteil;94000;94000 Créteil;Autres commerces de détail en magasin non spécialisé;"Employé / Employée de rayon libre-service ; Responsable de boutique ; Hôte / Hôtesse de caisse ; Directeur / Directrice de magasin de grande distribution ; Chef / Cheffe de rayon de produits non alimentaires ; Chef / Cheffe de rayon produits alimentaires";Entreprise susceptible de recruter (candidature spontanée);;;Apprentissage, Professionnalisation;;;50539394200022;6;https://labonnealternance.apprentissage.beta.gouv.fr/emploi/recruteurs_lba/50539394200022/hema-france
HISTOIRE D'OR - LA BOUTIQUE;MCO;Créteil;94000;94000 Créteil;Commerce de détail d'articles d'horlogerie et de bijouterie en magasin spécialisé;"Vendeur / Vendeuse en prêt-à-porter ; Conseiller vendeur / Conseillère vendeuse à domicile ; Responsable de boutique";Entreprise susceptible de recruter (candidature spontanée);;;Apprentissage, Professionnalisation;;;37958790000471;3;https://labonnealternance.apprentissage.beta.gouv.fr/emploi/recruteurs_lba/37958790000471/histoire-d-or-la-boutique
HYPERCACHER CRETEIL;MCO;Créteil;94000;8 place Gabriel Faure 94000 CRETEIL;Supérettes;"Employé / Employée de rayon libre-service ; Hôte / Hôtesse de caisse ; Directeur / Directrice de magasin de grande distribution ; Vendeur / Vendeuse en épicerie ; Responsable de caisses ; Chef / Cheffe de rayon produits alimentaires";Entreprise susceptible de recruter (candidature spontanée);;;Apprentissage, Professionnalisation;;;50233066500014;6;https://labonnealternance.apprentissage.beta.gouv.fr/emploi/recruteurs_lba/50233066500014/hypercacher-creteil
ID KIDS;MCO;Créteil;94000;101 AVENUE DU GENERAL DE GAULLE 94000 CRETEIL;Commerce de détail d'habillement en magasin spécialisé;"Vendeur / Vendeuse en prêt-à-porter ; Responsable de boutique ; Hôte / Hôtesse de caisse ; Directeur / Directrice de magasin de grande distribution";Entreprise susceptible de recruter (candidature spontanée);;;Apprentissage, Professionnalisation;;;39811044501836;4;https://labonnealternance.apprentissage.beta.gouv.fr/emploi/recruteurs_lba/39811044501836/id-kids
INFINI DEAL;MCO;Créteil;94000;19 rue Paul Sejourne 94000 CRETEIL;Autres commerces de détail en magasin non spécialisé;"Employé / Employée de rayon libre-service ; Responsable de boutique ; Hôte / Hôtesse de caisse ; Directeur / Directrice de magasin de grande distribution ; Chef / Cheffe de rayon de produits non alimentaires ; Chef / Cheffe de rayon produits alimentaires";Entreprise susceptible de recruter (candidature spontanée);;;Apprentissage, Professionnalisation;;;51375567800028;6;https://labonnealternance.apprentissage.beta.gouv.fr/emploi/recruteurs_lba/51375567800028/infini-deal
INTER NUMERIQUE;MCO + NDRC;Créteil;94000;131 CHEMIN DES BASSINS 94000 CRETEIL;Commerce de gros (commerce interentreprises) d'autres machines et équipements de bureau;"Directeur / Directrice des ventes ; Attaché commercial / Attachée commerciale";Entreprise susceptible de recruter (candidature spontanée);;;Apprentissage, Professionnalisation;;;81269552600028;2;https://labonnealternance.apprentissage.beta.gouv.fr/emploi/recruteurs_lba/81269552600028/inter-numerique
J.MILLIET BBC;NDRC;Créteil;94000;CHEMIN DES MARAIS 94000 CRETEIL;Commerce de gros (commerce interentreprises) de boissons;Commercial / Commerciale export;Entreprise susceptible de recruter (candidature spontanée);;;Apprentissage, Professionnalisation;;;58202701700059;1;https://labonnealternance.apprentissage.beta.gouv.fr/emploi/recruteurs_lba/58202701700059/j-milliet-bbc
JD SPORT;MCO + NDRC;Créteil;94000;94000 Créteil;Commerce de détail d'articles de sport en magasin spécialisé;"Vendeur / Vendeuse d'articles de sport et loisirs ; Hôte / Hôtesse de caisse ; Chef / Cheffe de rayon de produits non alimentaires ; Vendeur / Vendeuse en prêt-à-porter ; Vendeur / Vendeuse grossiste en équipement du foyer";Entreprise susceptible de recruter (candidature spontanée);;;Apprentissage, Professionnalisation;;;35116448801558;5;https://labonnealternance.apprentissage.beta.gouv.fr/emploi/recruteurs_lba/35116448801558/jd-sport
JENNYFER;MCO;Créteil;94000;94000 Créteil;Commerce de détail d'habillement en magasin spécialisé;"Vendeur / Vendeuse en prêt-à-porter ; Responsable de boutique ; Hôte / Hôtesse de caisse ; Directeur / Directrice de magasin de grande distribution";Entreprise susceptible de recruter (candidature spontanée);;;Apprentissage, Professionnalisation;;;33888018003441;4;https://labonnealternance.apprentissage.beta.gouv.fr/emploi/recruteurs_lba/33888018003441/jennyfer
KHADISPAL;NDRC;Créteil;94000;6 RUE SAUSSURE 94000 CRETEIL;Commerce de gros (commerce interentreprises) non spécialisé;"Technico-commercial / Technico-commerciale ; Assistant commercial / Assistante commerciale ; Conseiller / Conseillère en gestion de patrimoine";Entreprise susceptible de recruter (candidature spontanée);;;Apprentissage, Professionnalisation;;;81894640200018;3;https://labonnealternance.apprentissage.beta.gouv.fr/emploi/recruteurs_lba/81894640200018/khadispal
KIABI;MCO;Créteil;94000;94000 Créteil;Commerce de détail d'habillement en magasin spécialisé;"Vendeur / Vendeuse en prêt-à-porter ; Responsable de boutique ; Hôte / Hôtesse de caisse ; Directeur / Directrice de magasin de grande distribution";Entreprise susceptible de recruter (candidature spontanée);;;Apprentissage, Professionnalisation;;;34410327003126;4;https://labonnealternance.apprentissage.beta.gouv.fr/emploi/recruteurs_lba/34410327003126/kiabi
L'IDEAL;MCO;Créteil;94000;94000 Créteil;Commerce de détail de maroquinerie et d'articles de voyage;"Vendeur / Vendeuse en prêt-à-porter ; Gérant / Gérante de magasin d'alimentation générale";Entreprise susceptible de recruter (candidature spontanée);;;Apprentissage, Professionnalisation;;;39174442200042;2;https://labonnealternance.apprentissage.beta.gouv.fr/emploi/recruteurs_lba/39174442200042/l-ideal
LA COMPAGNIE DU LIT;MCO;Créteil;94000;2 AVENUE DU MARECHAL FOCH 94000 CRETEIL;Commerce de détail de meubles;"Vendeur / Vendeuse en équipement de la maison ; Hôte / Hôtesse de caisse";Entreprise susceptible de recruter (candidature spontanée);;;Apprentissage, Professionnalisation;;;39284306600177;2;https://labonnealternance.apprentissage.beta.gouv.fr/emploi/recruteurs_lba/39284306600177/la-compagnie-du-lit
LA GRANDE RECRE;MCO + NDRC;Créteil;94000;AVENUE DE LA FRANCE LIBRE 94000 CRETEIL;Commerce de détail de jeux et jouets en magasin spécialisé;"Vendeur / Vendeuse de produits culturels et ludiques ; Hôte / Hôtesse de caisse ; Responsable de boutique ; Employé / Employée de rayon libre-service ; Directeur / Directrice des ventes ; Conseiller commercial / Conseillère commerciale auprès des particuliers";Entreprise susceptible de recruter (candidature spontanée);;;Apprentissage, Professionnalisation;;;95290846500612;6;https://labonnealternance.apprentissage.beta.gouv.fr/emploi/recruteurs_lba/95290846500612/la-grande-recre
LA LIBRAIRIE DU VILLAGE;MCO;Créteil;94000;35 rue du General Leclerc 94000 CRETEIL;Commerce de détail de journaux et papeterie en magasin spécialisé;"Employé / Employée de rayon libre-service ; Chef / Cheffe de rayon de produits non alimentaires ; Vendeur / Vendeuse de produits culturels et ludiques";Entreprise susceptible de recruter (candidature spontanée);;;Apprentissage, Professionnalisation;;;82932279100023;3;https://labonnealternance.apprentissage.beta.gouv.fr/emploi/recruteurs_lba/82932279100023/la-librairie-du-village
La Poste;NDRC;Créteil;94000;2 chemin des Marais 94000 CRETEIL;Activités de poste dans le cadre d'une obligation de service universel;Responsable relation client (CRM);Entreprise susceptible de recruter (candidature spontanée);;;Apprentissage, Professionnalisation;;;35600000067373;1;https://labonnealternance.apprentissage.beta.gouv.fr/emploi/recruteurs_lba/35600000067373/la-poste
LACOSTE;MCO;Créteil;94000;94000 Créteil;Commerce de détail d'habillement en magasin spécialisé;"Vendeur / Vendeuse en prêt-à-porter ; Responsable de boutique ; Hôte / Hôtesse de caisse ; Directeur / Directrice de magasin de grande distribution";Entreprise susceptible de recruter (candidature spontanée);;;Apprentissage, Professionnalisation;;;30725830100836;4;https://labonnealternance.apprentissage.beta.gouv.fr/emploi/recruteurs_lba/30725830100836/lacoste
LE FOURNIL DU PALAIS;MCO;Créteil;94000;12 ALLEE PARMENTIER 94000 CRETEIL;Boulangerie et boulangerie-pâtisserie;Vendeur / Vendeuse en épicerie;Entreprise susceptible de recruter (candidature spontanée);;;Apprentissage, Professionnalisation;;;85240534900014;1;https://labonnealternance.apprentissage.beta.gouv.fr/emploi/recruteurs_lba/85240534900014/le-fournil-du-palais
LE MEDIA GREEN;NDRC;Créteil;94000;16 QUAI DE LA CROISETTE 94000 CRETEIL;Édition de revues et périodiques;Commercial / Commerciale grands comptes et entreprises;Entreprise susceptible de recruter (candidature spontanée);;;Apprentissage, Professionnalisation;;;88255110400012;1;https://labonnealternance.apprentissage.beta.gouv.fr/emploi/recruteurs_lba/88255110400012/le-media-green
LIGHTHOUSE FRANCE;NDRC;Créteil;94000;16 rue Paul Sejourne 94000 CRETEIL;Intermédiaires spécialisés dans le commerce d'autres produits spécifiques;"Cadre Technico-commercial / Technico-commerciale ; Technico-commercial / Technico-commerciale ; Attaché commercial / Attachée commerciale";Entreprise susceptible de recruter (candidature spontanée);;;Apprentissage, Professionnalisation;;;50178134800021;3;https://labonnealternance.apprentissage.beta.gouv.fr/emploi/recruteurs_lba/50178134800021/lighthouse-france
LOCA-CAR 94;NDRC;Créteil;94000;122 rue du General Leclerc 94000 CRETEIL;Location de courte durée de voitures et de véhicules automobiles légers;"Agent technico-commercial / Agente technico-commerciale en location de véhicules ; Conseiller / Conseillère client après-vente des véhicules";Entreprise susceptible de recruter (candidature spontanée);;;Apprentissage, Professionnalisation;;;83752007100023;2;https://labonnealternance.apprentissage.beta.gouv.fr/emploi/recruteurs_lba/83752007100023/loca-car-94
LOLLY'S;MCO + NDRC;Créteil;94000;AV DE LA FRANCE LIBRE CE 94000 CRETEIL;Commerce de détail de pain, pâtisserie et confiserie en magasin spécialisé;"Vendeur / Vendeuse en épicerie ; Conseiller / Conseillère clientèle à distance";Entreprise susceptible de recruter (candidature spontanée);;;Apprentissage, Professionnalisation;;;82309718300169;2;https://labonnealternance.apprentissage.beta.gouv.fr/emploi/recruteurs_lba/82309718300169/lolly-s
MAGELLAN SERVICES;NDRC;Créteil;94000;5 allee des Erables 94000 CRETEIL;Désinfection, désinsectisation, dératisation;Commercial / Commerciale export;Entreprise susceptible de recruter (candidature spontanée);;;Apprentissage, Professionnalisation;;;53187132500035;1;https://labonnealternance.apprentissage.beta.gouv.fr/emploi/recruteurs_lba/53187132500035/magellan-services
MANGO FRANCE SARL;MCO;Créteil;94000;AVENUE DE LA FRANCE LIBRE 94000 CRETEIL;Commerce de détail d'habillement en magasin spécialisé;"Vendeur / Vendeuse en prêt-à-porter ; Responsable de boutique ; Hôte / Hôtesse de caisse ; Directeur / Directrice de magasin de grande distribution";Entreprise susceptible de recruter (candidature spontanée);;;Apprentissage, Professionnalisation;;;40325913801703;4;https://labonnealternance.apprentissage.beta.gouv.fr/emploi/recruteurs_lba/40325913801703/mango-france-sarl
MARC ORIAN;MCO;Créteil;94000;94000 Créteil;Commerce de détail d'articles d'horlogerie et de bijouterie en magasin spécialisé;"Vendeur / Vendeuse en prêt-à-porter ; Conseiller vendeur / Conseillère vendeuse à domicile ; Responsable de boutique";Entreprise susceptible de recruter (candidature spontanée);;;Apprentissage, Professionnalisation;;;37958790005587;3;https://labonnealternance.apprentissage.beta.gouv.fr/emploi/recruteurs_lba/37958790005587/marc-orian
MARCHE AUX AFFAIRES;MCO + NDRC;Créteil;94000;9 RUE DE LA BASSE QUINTE 94000 CRETEIL;Commerce de détail d'autres équipements du foyer;"Vendeur / Vendeuse en équipement de la maison ; Employé / Employée de rayon libre-service ; Responsable de boutique ; Hôte / Hôtesse de caisse ; Vendeur / Vendeuse grossiste en équipement du foyer ; Conseiller commercial / Conseillère commerciale auprès des particuliers";Entreprise susceptible de recruter (candidature spontanée);;;Apprentissage, Professionnalisation;;;91145799200012;6;https://labonnealternance.apprentissage.beta.gouv.fr/emploi/recruteurs_lba/91145799200012/marche-aux-affaires
MENUISERIE ARBOR FRANCE;NDRC;Créteil;94000;16 RUE PAUL SEJOURNE 94000 CRETEIL;Commerce de gros (commerce interentreprises) de bois et de matériaux de construction;"Technico-commercial / Technico-commerciale ; Commercial itinérant / Commerciale itinérante en entreprise de commerce de gros";Entreprise susceptible de recruter (candidature spontanée);;;Apprentissage, Professionnalisation;;;83476176900027;2;https://labonnealternance.apprentissage.beta.gouv.fr/emploi/recruteurs_lba/83476176900027/menuiserie-arbor-france
MGEN SECTION DEPARTEMENTALE 94;NDRC;Créteil;94000;6 RUE CLAUDE NICOLAS LEDOUX 94000 CRETEIL;AUTRES ASSURANCES;"Conseiller / Conseillère en assurances ; Conseiller / Conseillère en gestion de patrimoine";Entreprise susceptible de recruter (candidature spontanée);;;Apprentissage, Professionnalisation;;;77568539903413;2;https://labonnealternance.apprentissage.beta.gouv.fr/emploi/recruteurs_lba/77568539903413/mgen-section-departementale-94
MLK GRAND PARIS;NDRC;Créteil;94000;1 rue Martin Luther King 94000 CRETEIL;LOCATION DE TERRAINS ET D'AUTRES BIENS IMMOBILIERS;"Conseiller / Conseillère immobilier ; Conseiller commercial / Conseillère commerciale auprès des particuliers";Entreprise susceptible de recruter (candidature spontanée);;;Apprentissage, Professionnalisation;;;53203806400038;2;https://labonnealternance.apprentissage.beta.gouv.fr/emploi/recruteurs_lba/53203806400038/mlk-grand-paris
MON COMMERCANT ET MOI;MCO + NDRC;Créteil;94000;23 rue de Normandie 94000 CRETEIL;Vente à distance sur catalogue spécialisé;"Conseiller vendeur / Conseillère vendeuse à domicile ; Vendeur / Vendeuse en prêt-à-porter ; Responsable de boutique ; Délégué médical hospitalier / Déléguée médicale hospitalière ; Chargé / Chargée de relation client";Entreprise susceptible de recruter (candidature spontanée);;;Apprentissage, Professionnalisation;;;89434214600012;5;https://labonnealternance.apprentissage.beta.gouv.fr/emploi/recruteurs_lba/89434214600012/mon-commercant-et-moi
MONIXO;NDRC;Créteil;94000;123 chemin des Bassins 94000 CRETEIL;PROGRAMMATION INFORMATIQUE;Commercial / Commerciale export;Entreprise susceptible de recruter (candidature spontanée);;;Apprentissage, Professionnalisation;;;81125187500027;1;https://labonnealternance.apprentissage.beta.gouv.fr/emploi/recruteurs_lba/81125187500027/monixo
NATURE ET DECOUVERTES SA;NDRC;Créteil;94000;94000 Créteil;Autres commerces de détail spécialisés divers;Responsable relation client (CRM);Entreprise susceptible de recruter (candidature spontanée);;;Apprentissage, Professionnalisation;;;37870267400110;1;https://labonnealternance.apprentissage.beta.gouv.fr/emploi/recruteurs_lba/37870267400110/nature-et-decouvertes-sa
NIKE;MCO + NDRC;Créteil;94000;101 avenue du General De Gaulle 94000 CRETEIL;Commerce de détail d'articles de sport en magasin spécialisé;"Vendeur / Vendeuse d'articles de sport et loisirs ; Hôte / Hôtesse de caisse ; Chef / Cheffe de rayon de produits non alimentaires ; Vendeur / Vendeuse en prêt-à-porter ; Vendeur / Vendeuse grossiste en équipement du foyer";Entreprise susceptible de recruter (candidature spontanée);;;Apprentissage, Professionnalisation;;;84217714900023;5;https://labonnealternance.apprentissage.beta.gouv.fr/emploi/recruteurs_lba/84217714900023/nike
NIN & LAUR;MCO;Créteil;94000;avenue de la France Libre 94000 CRETEIL;Commerce de détail d'habillement en magasin spécialisé;"Vendeur / Vendeuse en prêt-à-porter ; Responsable de boutique ; Hôte / Hôtesse de caisse ; Directeur / Directrice de magasin de grande distribution";Entreprise susceptible de recruter (candidature spontanée);;;Apprentissage, Professionnalisation;;;80180573000075;4;https://labonnealternance.apprentissage.beta.gouv.fr/emploi/recruteurs_lba/80180573000075/nin-laur
NOCIBE;MCO;Créteil;94000;94000 Créteil;Commerce de détail de parfumerie et de produits de beauté en magasin spécialisé;"Responsable de boutique ; Employé / Employée de rayon libre-service";Entreprise susceptible de recruter (candidature spontanée);;;Apprentissage, Professionnalisation;;;45148901701924;2;https://labonnealternance.apprentissage.beta.gouv.fr/emploi/recruteurs_lba/45148901701924/nocibe
OCEA SMART BUILDING;NDRC;Créteil;94000;RUE EUGENE DUPUIS 94000 CRETEIL;Location et location-bail d'autres machines, équipements et biens matériels n.c.a.;Assistant commercial / Assistante commerciale;Entreprise susceptible de recruter (candidature spontanée);;;Apprentissage, Professionnalisation;;;41004969600207;1;https://labonnealternance.apprentissage.beta.gouv.fr/emploi/recruteurs_lba/41004969600207/ocea-smart-building
OFFICE DEPOT;MCO;Créteil;94000;Rue Paul Sejourne 94000 Créteil;Commerce de détail de journaux et papeterie en magasin spécialisé;"Employé / Employée de rayon libre-service ; Chef / Cheffe de rayon de produits non alimentaires ; Vendeur / Vendeuse de produits culturels et ludiques";Entreprise susceptible de recruter (candidature spontanée);;;Apprentissage, Professionnalisation;;;90030218300067;3;https://labonnealternance.apprentissage.beta.gouv.fr/emploi/recruteurs_lba/90030218300067/office-depot
ONE PREPAID;NDRC;Créteil;94000;94000 Créteil;Traitement de données, hébergement et activités connexes;Conseiller / Conseillère en gestion de patrimoine;Entreprise susceptible de recruter (candidature spontanée);;;Apprentissage, Professionnalisation;;;88000487400025;1;https://labonnealternance.apprentissage.beta.gouv.fr/emploi/recruteurs_lba/88000487400025/one-prepaid
OREXAD TARDY;NDRC;Créteil;94000;26 RUE EUGENE DUPUIS 94000 CRETEIL;Commerce de gros (commerce interentreprises) de fournitures et équipements divers pour le commerce et les services;"Cadre Technico-commercial / Technico-commerciale ; Technico-commercial / Technico-commerciale ; Assistant commercial / Assistante commerciale";Entreprise susceptible de recruter (candidature spontanée);;;Apprentissage, Professionnalisation;;;32095539602575;3;https://labonnealternance.apprentissage.beta.gouv.fr/emploi/recruteurs_lba/32095539602575/orexad-tardy
PAINS ET GOURMANDISES;MCO;Créteil;94000;107 RUE DU GENERAL LECLERC 94000 CRETEIL;Boulangerie et boulangerie-pâtisserie;Vendeur / Vendeuse en épicerie;Entreprise susceptible de recruter (candidature spontanée);;;Apprentissage, Professionnalisation;;;91033280800013;1;https://labonnealternance.apprentissage.beta.gouv.fr/emploi/recruteurs_lba/91033280800013/pains-et-gourmandises
PERSONNEL POUR LES EMPLOIS DE PROXIMITE;MCO;Créteil;94000;139 chemin des Bassins 94000 CRETEIL;Autre mise à disposition de ressources humaines;Chef / Cheffe de rayon produits alimentaires;Entreprise susceptible de recruter (candidature spontanée);;;Apprentissage, Professionnalisation;;;40432926000024;1;https://labonnealternance.apprentissage.beta.gouv.fr/emploi/recruteurs_lba/40432926000024/personnel-pour-les-emplois-de-proximite
PHONE ADDICT;MCO;Créteil;94000;94000 Créteil;Commerce de détail de matériels de télécommunication en magasin spécialisé;"Vendeur / Vendeuse en équipement de la maison ; Conseiller vendeur / Conseillère vendeuse à domicile ; Chef / Cheffe de rayon de produits non alimentaires";Entreprise susceptible de recruter (candidature spontanée);;;Apprentissage, Professionnalisation;;;94935707300012;3;https://labonnealternance.apprentissage.beta.gouv.fr/emploi/recruteurs_lba/94935707300012/phone-addict
PRIMARK;MCO;Créteil;94000;101 avenue du General De Gaulle 94000 CRETEIL;Autres commerces de détail en magasin non spécialisé;"Employé / Employée de rayon libre-service ; Responsable de boutique ; Hôte / Hôtesse de caisse ; Directeur / Directrice de magasin de grande distribution ; Chef / Cheffe de rayon de produits non alimentaires ; Chef / Cheffe de rayon produits alimentaires";Entreprise susceptible de recruter (candidature spontanée);;;Apprentissage, Professionnalisation;;;79085829400081;6;https://labonnealternance.apprentissage.beta.gouv.fr/emploi/recruteurs_lba/79085829400081/primark
PULL & BEAR;MCO;Créteil;94000;94000 Créteil;Commerce de détail d'habillement en magasin spécialisé;"Vendeur / Vendeuse en prêt-à-porter ; Responsable de boutique ; Hôte / Hôtesse de caisse ; Directeur / Directrice de magasin de grande distribution";Entreprise susceptible de recruter (candidature spontanée);;;Apprentissage, Professionnalisation;;;48055714900337;4;https://labonnealternance.apprentissage.beta.gouv.fr/emploi/recruteurs_lba/48055714900337/pull-bear
RAFAEL IMMOBILIER;NDRC;Créteil;94000;19 rue Paul Sejourne 94000 CRETEIL;Agences immobilières;Conseiller / Conseillère immobilier;Entreprise susceptible de recruter (candidature spontanée);;;Apprentissage, Professionnalisation;;;91466159000028;1;https://labonnealternance.apprentissage.beta.gouv.fr/emploi/recruteurs_lba/91466159000028/rafael-immobilier
RATATOUILLE;MCO;Créteil;94000;Rue Gabriel Péri 94000 Créteil;Commerce d'alimentation générale;"Employé / Employée de rayon libre-service ; Vendeur / Vendeuse en épicerie ; Hôte / Hôtesse de caisse ; Chef / Cheffe de rayon produits alimentaires ; Directeur / Directrice de magasin de grande distribution ; Gérant / Gérante de magasin d'alimentation générale";Entreprise susceptible de recruter (candidature spontanée);;;Apprentissage, Professionnalisation;;;49365722500022;6;https://labonnealternance.apprentissage.beta.gouv.fr/emploi/recruteurs_lba/49365722500022/ratatouille
REGAL POMPADOUR;MCO + NDRC;Créteil;94000;RUE DE LA BASSE QUINTE 94000 CRETEIL;Commerce de détail de pain, pâtisserie et confiserie en magasin spécialisé;"Vendeur / Vendeuse en épicerie ; Conseiller / Conseillère clientèle à distance";Entreprise susceptible de recruter (candidature spontanée);;;Apprentissage, Professionnalisation;;;33915302500012;2;https://labonnealternance.apprentissage.beta.gouv.fr/emploi/recruteurs_lba/33915302500012/regal-pompadour
RESOTEL&COM;NDRC;Créteil;94000;1 avenue du General De Gaulle 94000 CRETEIL;PORTAILS INTERNET;Commercial / Commerciale grands comptes et entreprises;Entreprise susceptible de recruter (candidature spontanée);;;Apprentissage, Professionnalisation;;;51938748400065;1;https://labonnealternance.apprentissage.beta.gouv.fr/emploi/recruteurs_lba/51938748400065/resotel-com
Rolesco SAS;NDRC;Créteil;94000;94000 Créteil;Activités des sièges sociaux;"Assistant commercial / Assistante commerciale ; Assistant(e) technico-commercial(e) sédentaire Réfrigération H/F";Offre partenaire (France Travail…);Assistant(e) technico-commercial(e) sédentaire Réfrigération H/F;;Apprentissage, Professionnalisation;2026-08-17;;;2;https://labonnealternance.apprentissage.beta.gouv.fr/emploi/offres_emploi_partenaires/6aadb642375ebabde2e08db9/assistant-e-technico-commercial-e-sedentaire-refrigeration-h-f
Rolesco SAS;NDRC;Créteil;94000;94000 Créteil;Activités des sièges sociaux;"Cadre Technico-commercial / Technico-commerciale ; Assistant(e) technico-commercial(e) sédentaire Réfrigération au pôle technique H/F";Offre partenaire (France Travail…);Assistant(e) technico-commercial(e) sédentaire Réfrigération au pôle technique H/F;;Apprentissage, Professionnalisation;2026-08-17;;;2;https://labonnealternance.apprentissage.beta.gouv.fr/emploi/offres_emploi_partenaires/6aadb642375ebabde2e08db8/assistant-e-technico-commercial-e-sedentaire-refrigeration-au-pole-technique-h-f
SA GIRBAU;NDRC;Créteil;94000;9 RUE GEORGES ENESCO 94000 CRETEIL;Commerce de gros (commerce interentreprises) de fournitures et équipements divers pour le commerce et les services;"Cadre Technico-commercial / Technico-commerciale ; Technico-commercial / Technico-commerciale ; Assistant commercial / Assistante commerciale";Entreprise susceptible de recruter (candidature spontanée);;;Apprentissage, Professionnalisation;;;34945618600056;3;https://labonnealternance.apprentissage.beta.gouv.fr/emploi/recruteurs_lba/34945618600056/sa-girbau
SAINT MARTIN DISTRIBUTION;MCO;Créteil;94000;2 rue Eugene Dupuis 94000 CRETEIL;Supermarchés;"Employé / Employée de rayon libre-service ; Directeur / Directrice de magasin de grande distribution ; Responsable de caisses ; Hôte / Hôtesse de caisse ; Chef / Cheffe de rayon produits alimentaires";Entreprise susceptible de recruter (candidature spontanée);;;Apprentissage, Professionnalisation;;;95296281900019;5;https://labonnealternance.apprentissage.beta.gouv.fr/emploi/recruteurs_lba/95296281900019/saint-martin-distribution
SEBASTOPOL DISTRIBUTION;MCO;Créteil;94000;2 rue Eugene Dupuis 94000 CRETEIL;Supermarchés;"Employé / Employée de rayon libre-service ; Directeur / Directrice de magasin de grande distribution ; Hôte / Hôtesse de caisse ; Responsable de caisses ; Chef / Cheffe de rayon produits alimentaires";Entreprise susceptible de recruter (candidature spontanée);;;Apprentissage, Professionnalisation;;;95298334400013;5;https://labonnealternance.apprentissage.beta.gouv.fr/emploi/recruteurs_lba/95298334400013/sebastopol-distribution
Sephora;MCO;Créteil;94000;94000 Créteil;Commerce de détail de parfumerie et de produits de beauté en magasin spécialisé;"Responsable de boutique ; Employé / Employée de rayon libre-service";Entreprise susceptible de recruter (candidature spontanée);;;Apprentissage, Professionnalisation;;;39371228600904;2;https://labonnealternance.apprentissage.beta.gouv.fr/emploi/recruteurs_lba/39371228600904/sephora
SFR ESPACE SFR;MCO;Créteil;94000;94000 Créteil;Commerce de détail de matériels de télécommunication en magasin spécialisé;"Vendeur / Vendeuse en équipement de la maison ; Conseiller vendeur / Conseillère vendeuse à domicile ; Chef / Cheffe de rayon de produits non alimentaires";Entreprise susceptible de recruter (candidature spontanée);;;Apprentissage, Professionnalisation;;;41035886503009;3;https://labonnealternance.apprentissage.beta.gouv.fr/emploi/recruteurs_lba/41035886503009/sfr-espace-sfr
SGI G GICQUEL;NDRC;Créteil;94000;48 RUE DU GENERAL LECLERC 94000 CRETEIL;Administration d'immeubles et autres biens immobiliers;Conseiller / Conseillère immobilier;Entreprise susceptible de recruter (candidature spontanée);;;Apprentissage, Professionnalisation;;;43362351900017;1;https://labonnealternance.apprentissage.beta.gouv.fr/emploi/recruteurs_lba/43362351900017/sgi-g-gicquel
SIGNODE FRANCE SAS;NDRC;Créteil;94000;2 chemin des Marais 94000 CRETEIL;Commerce de gros (commerce interentreprises) de fournitures et équipements industriels divers;"Technico-commercial / Technico-commerciale ; Attaché commercial / Attachée commerciale";Entreprise susceptible de recruter (candidature spontanée);;;Apprentissage, Professionnalisation;;;56205926100163;2;https://labonnealternance.apprentissage.beta.gouv.fr/emploi/recruteurs_lba/56205926100163/signode-france-sas
SIMPLY MARKET;MCO;Créteil;94000;22 RUE DU GENERAL LECLERC 94000 CRETEIL;Supermarchés;"Employé / Employée de rayon libre-service ; Directeur / Directrice de magasin de grande distribution ; Hôte / Hôtesse de caisse ; Responsable de caisses ; Chef / Cheffe de rayon produits alimentaires";Entreprise susceptible de recruter (candidature spontanée);;;Apprentissage, Professionnalisation;;;41040901500071;5;https://labonnealternance.apprentissage.beta.gouv.fr/emploi/recruteurs_lba/41040901500071/simply-market
SMOKE FAMILY;NDRC;Créteil;94000;25 AVENUE PIERRE BROSSOLETTE 94000 CRETEIL;Autres commerces de détail spécialisés divers;Responsable relation client (CRM);Entreprise susceptible de recruter (candidature spontanée);;;Apprentissage, Professionnalisation;;;90794264300020;1;https://labonnealternance.apprentissage.beta.gouv.fr/emploi/recruteurs_lba/90794264300020/smoke-family
SNIPES;MCO;Créteil;94000;101 AVENUE DU GENERAL DE GAULLE 94000 CRETEIL;Commerce de détail de la chaussure;"Responsable de boutique ; Vendeur / Vendeuse en prêt-à-porter ; Vendeur / Vendeuse d'articles de sport et loisirs ; Gérant / Gérante de magasin d'alimentation générale ; Directeur / Directrice de magasin de grande distribution";Entreprise susceptible de recruter (candidature spontanée);;;Apprentissage, Professionnalisation;;;83789476500028;5;https://labonnealternance.apprentissage.beta.gouv.fr/emploi/recruteurs_lba/83789476500028/snipes
SOCIETE GENERALE;NDRC;Créteil;94000;3B RUE DES ARCHIVES 94000 CRETEIL;Autres intermédiations monétaires;"Conseiller / Conseillère de clientèle bancaire ; Chargé / Chargée d'accueil en banque ; Conseiller / Conseillère en gestion de patrimoine";Entreprise susceptible de recruter (candidature spontanée);;;Apprentissage, Professionnalisation;;;55212022228204;3;https://labonnealternance.apprentissage.beta.gouv.fr/emploi/recruteurs_lba/55212022228204/societe-generale
SOCIETE INDUSTRIELLE DE DIFFUSION;MCO + NDRC;Créteil;94000;2 rue Antoine Etex 94000 CRETEIL;Commerce de gros (commerce interentreprises) de produits chimiques;"Responsable e-commerce ; Technico-commercial / Technico-commerciale ; Cadre Technico-commercial / Technico-commerciale ; Attaché commercial / Attachée commerciale";Entreprise susceptible de recruter (candidature spontanée);;;Apprentissage, Professionnalisation;;;68203649600037;4;https://labonnealternance.apprentissage.beta.gouv.fr/emploi/recruteurs_lba/68203649600037/societe-industrielle-de-diffusion
SOLLEIA;MCO;Créteil;94000;94000 Créteil;Commerce de détail de parfumerie et de produits de beauté en magasin spécialisé;"Responsable de boutique ; Employé / Employée de rayon libre-service";Entreprise susceptible de recruter (candidature spontanée);;;Apprentissage, Professionnalisation;;;79801306600021;2;https://labonnealternance.apprentissage.beta.gouv.fr/emploi/recruteurs_lba/79801306600021/solleia
SOLUCIOM;NDRC;Créteil;94000;13 rue Paul Sejourne 94000 CRETEIL;Autres activités auxiliaires de services financiers, hors assurance et caisses de retraite, n.c.a.;"Courtier / Courtière en banque ; Conseiller / Conseillère en gestion de patrimoine";Entreprise susceptible de recruter (candidature spontanée);;;Apprentissage, Professionnalisation;;;51938790600034;2;https://labonnealternance.apprentissage.beta.gouv.fr/emploi/recruteurs_lba/51938790600034/soluciom
STRADIVARIUS;MCO;Créteil;94000;101 avenue du General De Gaulle 94000 CRETEIL;Commerce de détail d'habillement en magasin spécialisé;"Vendeur / Vendeuse en prêt-à-porter ; Responsable de boutique ; Hôte / Hôtesse de caisse ; Directeur / Directrice de magasin de grande distribution";Entreprise susceptible de recruter (candidature spontanée);;;Apprentissage, Professionnalisation;;;48997216600388;4;https://labonnealternance.apprentissage.beta.gouv.fr/emploi/recruteurs_lba/48997216600388/stradivarius
TAMARIS;MCO;Créteil;94000;101 AVENUE DU GENERAL DE GAULLE 94000 CRETEIL;Commerce de détail de la chaussure;"Responsable de boutique ; Vendeur / Vendeuse en prêt-à-porter ; Vendeur / Vendeuse d'articles de sport et loisirs ; Gérant / Gérante de magasin d'alimentation générale ; Directeur / Directrice de magasin de grande distribution";Entreprise susceptible de recruter (candidature spontanée);;;Apprentissage, Professionnalisation;;;52991549800065;5;https://labonnealternance.apprentissage.beta.gouv.fr/emploi/recruteurs_lba/52991549800065/tamaris
TAPIS SAINT MACLOU;MCO + NDRC;Créteil;94000;RUE DE LA HAUTE QUINTE 94000 CRETEIL;Commerce de détail de tapis, moquettes et revêtements de murs et de sols en magasin spécialisé;"Vendeur / Vendeuse en équipement de la maison ; Responsable de boutique ; Vendeur / Vendeuse grossiste en équipement du foyer";Entreprise susceptible de recruter (candidature spontanée);;;Apprentissage, Professionnalisation;;;47050094301165;3;https://labonnealternance.apprentissage.beta.gouv.fr/emploi/recruteurs_lba/47050094301165/tapis-saint-maclou
TGW FRANCE SAS;NDRC;Créteil;94000;1 AVENUE DU GENERAL DE GAULLE 94000 CRETEIL;Autres commerces de détail spécialisés divers;Responsable relation client (CRM);Entreprise susceptible de recruter (candidature spontanée);;;Apprentissage, Professionnalisation;;;52331623000037;1;https://labonnealternance.apprentissage.beta.gouv.fr/emploi/recruteurs_lba/52331623000037/tgw-france-sas
TOVIM;MCO;Créteil;94000;25 avenue du Docteur Paul Casalis 94000 CRETEIL;Boulangerie et boulangerie-pâtisserie;Vendeur / Vendeuse en épicerie;Entreprise susceptible de recruter (candidature spontanée);;;Apprentissage, Professionnalisation;;;95171118300024;1;https://labonnealternance.apprentissage.beta.gouv.fr/emploi/recruteurs_lba/95171118300024/tovim
TRESOR;MCO;Créteil;94000;94000 Créteil;Commerce de détail d'articles d'horlogerie et de bijouterie en magasin spécialisé;"Vendeur / Vendeuse en prêt-à-porter ; Conseiller vendeur / Conseillère vendeuse à domicile ; Responsable de boutique";Entreprise susceptible de recruter (candidature spontanée);;;Apprentissage, Professionnalisation;;;37958790004457;3;https://labonnealternance.apprentissage.beta.gouv.fr/emploi/recruteurs_lba/37958790004457/tresor
TRUJAS;MCO + NDRC;Créteil;94000;89 avenue du General De Gaulle 94000 CRETEIL;Commerce de voitures et de véhicules automobiles légers;"Vendeur / Vendeuse automobile ; Conseiller / Conseillère client après-vente des véhicules";Entreprise susceptible de recruter (candidature spontanée);;;Apprentissage, Professionnalisation;;;83782566000017;2;https://labonnealternance.apprentissage.beta.gouv.fr/emploi/recruteurs_lba/83782566000017/trujas
VERT BAUDET;MCO;Créteil;94000;94000 Créteil;Commerce de détail d'habillement en magasin spécialisé;"Vendeur / Vendeuse en prêt-à-porter ; Responsable de boutique ; Hôte / Hôtesse de caisse ; Directeur / Directrice de magasin de grande distribution";Entreprise susceptible de recruter (candidature spontanée);;;Apprentissage, Professionnalisation;;;39755532700204;4;https://labonnealternance.apprentissage.beta.gouv.fr/emploi/recruteurs_lba/39755532700204/vert-baudet
VIRTUOSE;NDRC;Créteil;94000;9 RUE HENRI 94000 CRETEIL;Vente à distance sur catalogue spécialisé;"Commercial / Commerciale grands comptes et entreprises ; Commercial / Commerciale en biens d'équipement auprès des entreprises";Offre publiée sur La bonne alternance;Commercial / Commerciale en biens d'équipement auprès des entreprises;BTS, DEUST (Bac+2);Apprentissage, Professionnalisation;2026-09-16;;;2;https://labonnealternance.apprentissage.beta.gouv.fr/emploi/offres_emploi_lba/6aaaa9551734e71a67c8d55e/commercial-commerciale-en-biens-d-equipement-aupres-des-entreprises
WILDCARD;NDRC;Créteil;94000;8 RUE D'ESTIENNE D'ORVES 94000 CRETEIL;EDITION DE LOGICIELS APPLICATIFS;"Responsable Commercial / Commerciale ; Chargé / Chargée de relation client";Entreprise susceptible de recruter (candidature spontanée);;;Apprentissage, Professionnalisation;;;87819157600015;2;https://labonnealternance.apprentissage.beta.gouv.fr/emploi/recruteurs_lba/87819157600015/wildcard
WIZZLE;MCO;Créteil;94000;101 AVENUE DU GENERAL DE GAULLE 94000 CRETEIL;Commerce de détail de matériels de télécommunication en magasin spécialisé;"Vendeur / Vendeuse en équipement de la maison ; Conseiller vendeur / Conseillère vendeuse à domicile ; Chef / Cheffe de rayon de produits non alimentaires";Entreprise susceptible de recruter (candidature spontanée);;;Apprentissage, Professionnalisation;;;82531872800136;3;https://labonnealternance.apprentissage.beta.gouv.fr/emploi/recruteurs_lba/82531872800136/wizzle
ZARA;MCO;Créteil;94000;94000 Créteil;Commerce de détail d'habillement en magasin spécialisé;"Vendeur / Vendeuse en prêt-à-porter ; Responsable de boutique ; Hôte / Hôtesse de caisse ; Directeur / Directrice de magasin de grande distribution";Entreprise susceptible de recruter (candidature spontanée);;;Apprentissage, Professionnalisation;;;34899155501773;4;https://labonnealternance.apprentissage.beta.gouv.fr/emploi/recruteurs_lba/34899155501773/zara
ACTION PREVOYANCE;NDRC;Fontenay-Sous-Bois;94120;14 avenue Louison Bobet 94120 FONTENAY-SOUS-BOIS;Activités des agents et courtiers d'assurances;"Conseiller / Conseillère en assurances ; Conseiller / Conseillère en gestion de patrimoine";Entreprise susceptible de recruter (candidature spontanée);;;Apprentissage, Professionnalisation;;;53985711000032;2;https://labonnealternance.apprentissage.beta.gouv.fr/emploi/recruteurs_lba/53985711000032/action-prevoyance
Alternance Commercial - Fontenay-sous-Bois (F/H);NDRC;Fontenay-Sous-Bois;94120;94120 Fontenay-sous-Bois;;Alternance Commercial - Fontenay-sous-Bois (F/H);Offre partenaire (France Travail…);Alternance Commercial - Fontenay-sous-Bois (F/H);;Professionnalisation;2026-09-11;;;1;https://labonnealternance.apprentissage.beta.gouv.fr/emploi/offres_emploi_partenaires/6aa47e19d4cd2f3dc010cbed/alternance-commercial-fontenay-sous-bois-f-h
ALTERNANT Commercial-e (H/F);NDRC;Fontenay-Sous-Bois;94120;94120 Fontenay-sous-Bois;Nettoyage courant des bâtiments;"Attaché commercial / Attachée commerciale ; ALTERNANT Commercial-e (H/F)";Offre partenaire (France Travail…);ALTERNANT Commercial-e (H/F);;Apprentissage;2026-09-25;;;2;https://labonnealternance.apprentissage.beta.gouv.fr/emploi/offres_emploi_partenaires/6ab6f3b2a68cd2546344c14e/alternant-commercial-e-h-f
APEX;MCO + NDRC;Fontenay-Sous-Bois;94120;12 BOULEVARD DE VINCENNES 94120 FONTENAY-SOUS-BOIS;CONSEIL EN RELATIONS PUBLIQUES ET COMMUNICATION;"Animateur / Animatrice des ventes ; Commercial / Commerciale auprès d'une clientèle d'entreprises";Entreprise susceptible de recruter (candidature spontanée);;;Apprentissage, Professionnalisation;;;90103906500023;2;https://labonnealternance.apprentissage.beta.gouv.fr/emploi/recruteurs_lba/90103906500023/apex
ASSOCIATION DE MOYENS ASSURANCE DE PERSONNES;NDRC;Fontenay-Sous-Bois;94120;RUE ROGER SALENGRO 94120 FONTENAY-SOUS-BOIS;Gestion des retraites complémentaires;Conseiller / Conseillère de clientèle bancaire;Entreprise susceptible de recruter (candidature spontanée);;;Apprentissage, Professionnalisation;;;84059993001168;1;https://labonnealternance.apprentissage.beta.gouv.fr/emploi/recruteurs_lba/84059993001168/association-de-moyens-assurance-de-personnes
ASSOCIATION DE MOYENS RETRAITE COMPLEMENTAIRE;NDRC;Fontenay-Sous-Bois;94120;34 rue Roger Salengro 94120 FONTENAY-SOUS-BOIS;Gestion des retraites complémentaires;Conseiller / Conseillère de clientèle bancaire;Entreprise susceptible de recruter (candidature spontanée);;;Apprentissage, Professionnalisation;;;84060000101280;1;https://labonnealternance.apprentissage.beta.gouv.fr/emploi/recruteurs_lba/84060000101280/association-de-moyens-retraite-complementaire
AUCHAN;MCO;Fontenay-Sous-Bois;94120;avenue du Marechal Joffre 94120 FONTENAY-SOUS-BOIS;Hypermarchés;"Employé / Employée de rayon libre-service ; Hôte / Hôtesse de caisse ; Chef / Cheffe de rayon produits alimentaires ; Vendeur / Vendeuse en épicerie";Entreprise susceptible de recruter (candidature spontanée);;;Apprentissage, Professionnalisation;;;41040946000327;4;https://labonnealternance.apprentissage.beta.gouv.fr/emploi/recruteurs_lba/41040946000327/auchan
AUREOLE IMMOBILIER;NDRC;Fontenay-Sous-Bois;94120;8 boulevard de Vincennes 94120 FONTENAY-SOUS-BOIS;Agences immobilières;Conseiller / Conseillère immobilier;Entreprise susceptible de recruter (candidature spontanée);;;Apprentissage, Professionnalisation;;;79185215500021;1;https://labonnealternance.apprentissage.beta.gouv.fr/emploi/recruteurs_lba/79185215500021/aureole-immobilier
AXA BANQUE;NDRC;Fontenay-Sous-Bois;94120;A rue Carnot 94120 FONTENAY-SOUS-BOIS;Autres intermédiations monétaires;"Conseiller / Conseillère de clientèle bancaire ; Chargé / Chargée d'accueil en banque ; Conseiller / Conseillère en gestion de patrimoine ; Chargé / Chargée d'affaires bancaires entreprise";Entreprise susceptible de recruter (candidature spontanée);;;Apprentissage, Professionnalisation;;;54201699300090;4;https://labonnealternance.apprentissage.beta.gouv.fr/emploi/recruteurs_lba/54201699300090/axa-banque
AXA FRANCE IARD;NDRC;Fontenay-Sous-Bois;94120;203 RUE CARNOT 94120 FONTENAY-SOUS-BOIS;AUTRES ASSURANCES;"Conseiller / Conseillère en assurances ; Conseiller / Conseillère en gestion de patrimoine";Entreprise susceptible de recruter (candidature spontanée);;;Apprentissage, Professionnalisation;;;72205746001997;2;https://labonnealternance.apprentissage.beta.gouv.fr/emploi/recruteurs_lba/72205746001997/axa-france-iard
Banque Palatine;NDRC;Fontenay-Sous-Bois;94120;198 rue Carnot 94120 FONTENAY-SOUS-BOIS;Autres intermédiations monétaires;"Conseiller / Conseillère de clientèle bancaire ; Chargé / Chargée d'accueil en banque ; Conseiller / Conseillère en gestion de patrimoine ; Chargé / Chargée d'affaires bancaires entreprise";Entreprise susceptible de recruter (candidature spontanée);;;Apprentissage, Professionnalisation;;;54210424501484;4;https://labonnealternance.apprentissage.beta.gouv.fr/emploi/recruteurs_lba/54210424501484/banque-palatine
BNP Paribas;NDRC;Fontenay-Sous-Bois;94120;41 Rue du Commandant Jean Duhail 94120 Fontenay-sous-Bois;Autres intermédiations monétaires;"Conseiller / Conseillère de clientèle bancaire ; Chargé / Chargée d'accueil en banque ; Conseiller / Conseillère en gestion de patrimoine";Entreprise susceptible de recruter (candidature spontanée);;;Apprentissage, Professionnalisation;;;66204244924204;3;https://labonnealternance.apprentissage.beta.gouv.fr/emploi/recruteurs_lba/66204244924204/bnp-paribas
BNPPARIBAS;NDRC;Fontenay-Sous-Bois;94120;151 rue Dalayrac 94120 FONTENAY-SOUS-BOIS;Autres intermédiations monétaires;"Conseiller / Conseillère de clientèle bancaire ; Chargé / Chargée d'accueil en banque ; Conseiller / Conseillère en gestion de patrimoine";Entreprise susceptible de recruter (candidature spontanée);;;Apprentissage, Professionnalisation;;;66204244938121;3;https://labonnealternance.apprentissage.beta.gouv.fr/emploi/recruteurs_lba/66204244938121/bnpparibas
BPIFRANCE;NDRC;Fontenay-Sous-Bois;94120;38 RUE ROGER SALENGRO 94120 FONTENAY-SOUS-BOIS;Autre distribution de crédit;"Conseiller / Conseillère de clientèle bancaire ; Courtier / Courtière en banque ; Conseiller commercial / Conseillère commerciale auprès des particuliers";Entreprise susceptible de recruter (candidature spontanée);;;Apprentissage, Professionnalisation;;;32025248901869;3;https://labonnealternance.apprentissage.beta.gouv.fr/emploi/recruteurs_lba/32025248901869/bpifrance
CARREFOUR EXPRESS;MCO;Fontenay-Sous-Bois;94120;7 RUE NOTRE DAME 94120 FONTENAY-SOUS-BOIS;Supermarchés;"Employé / Employée de rayon libre-service ; Directeur / Directrice de magasin de grande distribution ; Hôte / Hôtesse de caisse ; Responsable de caisses ; Chef / Cheffe de rayon produits alimentaires";Entreprise susceptible de recruter (candidature spontanée);;;Apprentissage, Professionnalisation;;;53337357700022;5;https://labonnealternance.apprentissage.beta.gouv.fr/emploi/recruteurs_lba/53337357700022/carrefour-express
CARREFOUR EXPRESS;MCO;Fontenay-Sous-Bois;94120;1 place Moreau David 94120 FONTENAY-SOUS-BOIS;Supérettes;"Employé / Employée de rayon libre-service ; Hôte / Hôtesse de caisse ; Directeur / Directrice de magasin de grande distribution ; Vendeur / Vendeuse en épicerie ; Responsable de caisses ; Chef / Cheffe de rayon produits alimentaires";Entreprise susceptible de recruter (candidature spontanée);;;Apprentissage, Professionnalisation;;;87757793200024;6;https://labonnealternance.apprentissage.beta.gouv.fr/emploi/recruteurs_lba/87757793200024/carrefour-express
CARTADIS;NDRC;Fontenay-Sous-Bois;94120;1 AVENUE LOUISON BOBET 94120 FONTENAY-SOUS-BOIS;Fabrication d'ordinateurs et d'équipements périphériques;Cadre Technico-commercial / Technico-commerciale;Entreprise susceptible de recruter (candidature spontanée);;;Apprentissage, Professionnalisation;;;30558588700063;1;https://labonnealternance.apprentissage.beta.gouv.fr/emploi/recruteurs_lba/30558588700063/cartadis
CENTRE DE BEAUTE YVES ROCHER;MCO;Fontenay-Sous-Bois;94120;avenue du Val de Fontenay 94120 FONTENAY-SOUS-BOIS;Commerce de détail de parfumerie et de produits de beauté en magasin spécialisé;"Responsable de boutique ; Employé / Employée de rayon libre-service";Entreprise susceptible de recruter (candidature spontanée);;;Apprentissage, Professionnalisation;;;38791962402053;2;https://labonnealternance.apprentissage.beta.gouv.fr/emploi/recruteurs_lba/38791962402053/centre-de-beaute-yves-rocher
COMO FONTENAY;MCO + NDRC;Fontenay-Sous-Bois;94120;189 AVENUE DE LATTRE DE TASSIGNY 94120 FONTENAY-SOUS-BOIS;Commerce de voitures et de véhicules automobiles légers;"Vendeur / Vendeuse automobile ; Conseiller / Conseillère client après-vente des véhicules";Entreprise susceptible de recruter (candidature spontanée);;;Apprentissage, Professionnalisation;;;30913372600039;2;https://labonnealternance.apprentissage.beta.gouv.fr/emploi/recruteurs_lba/30913372600039/como-fontenay
CREDIT LYONNAIS;NDRC;Fontenay-Sous-Bois;94120;4 avenue de Stalingrad 94120 FONTENAY-SOUS-BOIS;Autres intermédiations monétaires;"Conseiller / Conseillère de clientèle bancaire ; Chargé / Chargée d'accueil en banque ; Conseiller / Conseillère en gestion de patrimoine";Entreprise susceptible de recruter (candidature spontanée);;;Apprentissage, Professionnalisation;;;95450974100193;3;https://labonnealternance.apprentissage.beta.gouv.fr/emploi/recruteurs_lba/95450974100193/credit-lyonnais
DIFFUSION D'INSTRUMENTS DE MESURE;NDRC;Fontenay-Sous-Bois;94120;12 rue de la Fontaine du Vaisseau 94120 FONTENAY-SOUS-BOIS;Commerce de gros (commerce interentreprises) de fournitures et équipements industriels divers;"Technico-commercial / Technico-commerciale ; Attaché commercial / Attachée commerciale";Entreprise susceptible de recruter (candidature spontanée);;;Apprentissage, Professionnalisation;;;41888439100016;2;https://labonnealternance.apprentissage.beta.gouv.fr/emploi/recruteurs_lba/41888439100016/diffusion-d-instruments-de-mesure
DIVERSEY (FRANCE) SAS;MCO + NDRC;Fontenay-Sous-Bois;94120;201 rue Carnot 94120 FONTENAY-SOUS-BOIS;Commerce de gros (commerce interentreprises) de produits chimiques;"Responsable e-commerce ; Technico-commercial / Technico-commerciale ; Cadre Technico-commercial / Technico-commerciale ; Attaché commercial / Attachée commerciale ; Commercial itinérant / Commerciale itinérante en entreprise de commerce de gros";Entreprise susceptible de recruter (candidature spontanée);;;Apprentissage, Professionnalisation;;;41266854300108;5;https://labonnealternance.apprentissage.beta.gouv.fr/emploi/recruteurs_lba/41266854300108/diversey-france-sas
DOST'EXPERTS;NDRC;Fontenay-Sous-Bois;94120;44 rue Roger Salengro 94120 FONTENAY-SOUS-BOIS;Services administratifs combinés de bureau;Conseiller / Conseillère immobilier;Entreprise susceptible de recruter (candidature spontanée);;;Apprentissage, Professionnalisation;;;98198867800026;1;https://labonnealternance.apprentissage.beta.gouv.fr/emploi/recruteurs_lba/98198867800026/dost-experts
FONTENAY BOIS DIRECT;NDRC;Fontenay-Sous-Bois;94120;80 AV MAR DE LATTRE DE TASS 94120 FONTENAY-SOUS-BOIS;Autres intermédiations monétaires;"Conseiller / Conseillère de clientèle bancaire ; Chargé / Chargée d'accueil en banque ; Conseiller / Conseillère en gestion de patrimoine";Entreprise susceptible de recruter (candidature spontanée);;;Apprentissage, Professionnalisation;;;55212022241165;3;https://labonnealternance.apprentissage.beta.gouv.fr/emploi/recruteurs_lba/55212022241165/fontenay-bois-direct
FRANCE EURO DEVELOPMENT, FED;MCO;Fontenay-Sous-Bois;94120;2 AVENUE JEAN MOULIN 94120 FONTENAY-SOUS-BOIS;Autres activités de soutien aux entreprises n.c.a.;Animateur / Animatrice des ventes;Entreprise susceptible de recruter (candidature spontanée);;;Apprentissage, Professionnalisation;;;79960227100030;1;https://labonnealternance.apprentissage.beta.gouv.fr/emploi/recruteurs_lba/79960227100030/france-euro-development-fed
GE RH EXPERT;MCO;Fontenay-Sous-Bois;94120;57 rue Dalayrac 94120 FONTENAY-SOUS-BOIS;Autre mise à disposition de ressources humaines;Chef / Cheffe de rayon produits alimentaires;Entreprise susceptible de recruter (candidature spontanée);;;Apprentissage, Professionnalisation;;;52105217500044;1;https://labonnealternance.apprentissage.beta.gouv.fr/emploi/recruteurs_lba/52105217500044/ge-rh-expert
GLOBAL CVC-BATI SERVICES;MCO + NDRC;Fontenay-Sous-Bois;94120;264 AVENUE VICTOR HUGO 94120 FONTENAY-SOUS-BOIS;COMMERCE DE GROS (COMMERCE INTERENTREPRISES) DE FOURNITURES POUR LA PLOMBERIE ET LE CHAUFFAGE;"Vendeur / Vendeuse grossiste en équipement du foyer ; Technico-commercial / Technico-commerciale ; Commercial itinérant / Commerciale itinérante en entreprise de commerce de gros";Entreprise susceptible de recruter (candidature spontanée);;;Apprentissage, Professionnalisation;;;79489492300026;3;https://labonnealternance.apprentissage.beta.gouv.fr/emploi/recruteurs_lba/79489492300026/global-cvc-bati-services
GPAC ACTIVITES NATIONALE;NDRC;Fontenay-Sous-Bois;94120;207 RUE CARNOT 94120 FONTENAY-SOUS-BOIS;Autres intermédiations monétaires;"Conseiller / Conseillère de clientèle bancaire ; Chargé / Chargée d'accueil en banque ; Conseiller / Conseillère en gestion de patrimoine";Entreprise susceptible de recruter (candidature spontanée);;;Apprentissage, Professionnalisation;;;66204244939772;3;https://labonnealternance.apprentissage.beta.gouv.fr/emploi/recruteurs_lba/66204244939772/gpac-activites-nationale
HOME CONCEPT;NDRC;Fontenay-Sous-Bois;94120;38 boulevard de Vincennes 94120 FONTENAY-SOUS-BOIS;Activités des marchands de biens immobiliers;Conseiller / Conseillère immobilier;Entreprise susceptible de recruter (candidature spontanée);;;Apprentissage, Professionnalisation;;;79182718100011;1;https://labonnealternance.apprentissage.beta.gouv.fr/emploi/recruteurs_lba/79182718100011/home-concept
IA SOFT;NDRC;Fontenay-Sous-Bois;94120;201 RUE CARNOT 94120 FONTENAY-SOUS-BOIS;EDITION DE LOGICIELS APPLICATIFS;Cadre Technico-commercial / Technico-commerciale;Entreprise susceptible de recruter (candidature spontanée);;;Apprentissage, Professionnalisation;;;98445874500010;1;https://labonnealternance.apprentissage.beta.gouv.fr/emploi/recruteurs_lba/98445874500010/ia-soft
INTERMARCHE;MCO;Fontenay-Sous-Bois;94120;30 RUE ROGER SALENGRO 94120 FONTENAY-SOUS-BOIS;Supermarchés;"Employé / Employée de rayon libre-service ; Directeur / Directrice de magasin de grande distribution ; Hôte / Hôtesse de caisse ; Responsable de caisses ; Chef / Cheffe de rayon produits alimentaires";Entreprise susceptible de recruter (candidature spontanée);;;Apprentissage, Professionnalisation;;;79475390500015;5;https://labonnealternance.apprentissage.beta.gouv.fr/emploi/recruteurs_lba/79475390500015/intermarche
INVASSIST PLUS;MCO + NDRC;Fontenay-Sous-Bois;94120;19 rue du Bois Galon 94120 FONTENAY-SOUS-BOIS;Autres intermédiaires du commerce en produits divers;"Vendeur / Vendeuse automobile ; Conseiller commercial / Conseillère commerciale auprès des particuliers ; Responsable Commercial / Commerciale ; Attaché commercial / Attachée commerciale";Entreprise susceptible de recruter (candidature spontanée);;;Apprentissage, Professionnalisation;;;89311113800028;4;https://labonnealternance.apprentissage.beta.gouv.fr/emploi/recruteurs_lba/89311113800028/invassist-plus
KANTHE;MCO + NDRC;Fontenay-Sous-Bois;94120;23 AVENUE DES OLYMPIADES 94120 FONTENAY-SOUS-BOIS;Vente à distance sur catalogue spécialisé;"Conseiller vendeur / Conseillère vendeuse à domicile ; Vendeur / Vendeuse en prêt-à-porter ; Responsable de boutique ; Délégué médical hospitalier / Déléguée médicale hospitalière ; Chargé / Chargée de relation client";Entreprise susceptible de recruter (candidature spontanée);;;Apprentissage, Professionnalisation;;;90068469700015;5;https://labonnealternance.apprentissage.beta.gouv.fr/emploi/recruteurs_lba/90068469700015/kanthe
KARDEX FRANCE;NDRC;Fontenay-Sous-Bois;94120;38 RUE ROGER SALENGRO 94120 FONTENAY-SOUS-BOIS;Commerce de gros (commerce interentreprises) de fournitures et équipements industriels divers;"Technico-commercial / Technico-commerciale ; Attaché commercial / Attachée commerciale";Entreprise susceptible de recruter (candidature spontanée);;;Apprentissage, Professionnalisation;;;31064487700238;2;https://labonnealternance.apprentissage.beta.gouv.fr/emploi/recruteurs_lba/31064487700238/kardex-france
KIABI EUROPE;MCO;Fontenay-Sous-Bois;94120;12 RUE DE LA MARE A GUILLAUME 94120 FONTENAY-SOUS-BOIS;Commerce de détail d'habillement en magasin spécialisé;"Vendeur / Vendeuse en prêt-à-porter ; Responsable de boutique ; Hôte / Hôtesse de caisse ; Directeur / Directrice de magasin de grande distribution";Entreprise susceptible de recruter (candidature spontanée);;;Apprentissage, Professionnalisation;;;34410327002854;4;https://labonnealternance.apprentissage.beta.gouv.fr/emploi/recruteurs_lba/34410327002854/kiabi-europe
L EPI DU BOIS;MCO;Fontenay-Sous-Bois;94120;4 place Moreau David 94120 FONTENAY-SOUS-BOIS;Boulangerie et boulangerie-pâtisserie;Vendeur / Vendeuse en épicerie;Entreprise susceptible de recruter (candidature spontanée);;;Apprentissage, Professionnalisation;;;50232089800013;1;https://labonnealternance.apprentissage.beta.gouv.fr/emploi/recruteurs_lba/50232089800013/l-epi-du-bois
L'ART DE LA JOIE;MCO;Fontenay-Sous-Bois;94120;3 RUE JEAN JACQUES ROUSSEAU 94120 FONTENAY-SOUS-BOIS;Commerce de détail de livres en magasin spécialisé;"Vendeur / Vendeuse de produits culturels et ludiques ; Hôte / Hôtesse de caisse ; Chef / Cheffe de rayon de produits non alimentaires";Entreprise susceptible de recruter (candidature spontanée);;;Apprentissage, Professionnalisation;;;84408921900019;3;https://labonnealternance.apprentissage.beta.gouv.fr/emploi/recruteurs_lba/84408921900019/l-art-de-la-joie
La Poste;NDRC;Fontenay-Sous-Bois;94120;30 rue Guerin Leroux 94120 FONTENAY-SOUS-BOIS;Activités de poste dans le cadre d'une obligation de service universel;Responsable relation client (CRM);Entreprise susceptible de recruter (candidature spontanée);;;Apprentissage, Professionnalisation;;;35600000050812;1;https://labonnealternance.apprentissage.beta.gouv.fr/emploi/recruteurs_lba/35600000050812/la-poste
LES BIENFAITS NATURELS;MCO;Fontenay-Sous-Bois;94120;2 RUE NOTRE DAME 94120 FONTENAY-SOUS-BOIS;Commerce d'alimentation générale;"Employé / Employée de rayon libre-service ; Vendeur / Vendeuse en épicerie ; Hôte / Hôtesse de caisse ; Chef / Cheffe de rayon produits alimentaires ; Directeur / Directrice de magasin de grande distribution ; Gérant / Gérante de magasin d'alimentation générale";Entreprise susceptible de recruter (candidature spontanée);;;Apprentissage, Professionnalisation;;;90878058800012;6;https://labonnealternance.apprentissage.beta.gouv.fr/emploi/recruteurs_lba/90878058800012/les-bienfaits-naturels
LES FROMAGES DIVINS;MCO;Fontenay-Sous-Bois;94120;127 RUE DALAYRAC 94120 FONTENAY-SOUS-BOIS;Autres commerces de détail alimentaires en magasin spécialisé;"Vendeur / Vendeuse en épicerie ; Employé / Employée de rayon libre-service ; Chef / Cheffe de rayon produits alimentaires ; Responsable de boutique";Entreprise susceptible de recruter (candidature spontanée);;;Apprentissage, Professionnalisation;;;83025538600013;4;https://labonnealternance.apprentissage.beta.gouv.fr/emploi/recruteurs_lba/83025538600013/les-fromages-divins
LES GOURMANDS DISENT SEBASTIEN GOUILLON;MCO;Fontenay-Sous-Bois;94120;102 rue Dalayrac 94120 FONTENAY-SOUS-BOIS;Pâtisserie;Vendeur / Vendeuse en épicerie;Entreprise susceptible de recruter (candidature spontanée);;;Apprentissage, Professionnalisation;;;97994987200027;1;https://labonnealternance.apprentissage.beta.gouv.fr/emploi/recruteurs_lba/97994987200027/les-gourmands-disent-sebastien-gouillon
LIBERTY GIFT;MCO + NDRC;Fontenay-Sous-Bois;94120;19 RUE DU BOIS 94120 FONTENAY-SOUS-BOIS;Autres intermédiaires du commerce en produits divers;"Vendeur / Vendeuse automobile ; Conseiller commercial / Conseillère commerciale auprès des particuliers ; Responsable Commercial / Commerciale ; Attaché commercial / Attachée commerciale";Entreprise susceptible de recruter (candidature spontanée);;;Apprentissage, Professionnalisation;;;43160438800030;4;https://labonnealternance.apprentissage.beta.gouv.fr/emploi/recruteurs_lba/43160438800030/liberty-gift
LION-HAD;NDRC;Fontenay-Sous-Bois;94120;264 AVENUE VICTOR HUGO 94120 FONTENAY-SOUS-BOIS;Activités des agents et courtiers d'assurances;"Conseiller / Conseillère en assurances ; Conseiller / Conseillère en gestion de patrimoine";Entreprise susceptible de recruter (candidature spontanée);;;Apprentissage, Professionnalisation;;;44159903200030;2;https://labonnealternance.apprentissage.beta.gouv.fr/emploi/recruteurs_lba/44159903200030/lion-had
M.N.M;MCO;Fontenay-Sous-Bois;94120;71 AVENUE DE STALINGRAD 94120 FONTENAY-SOUS-BOIS;Pâtisserie;Vendeur / Vendeuse en épicerie;Entreprise susceptible de recruter (candidature spontanée);;;Apprentissage, Professionnalisation;;;87818930700027;1;https://labonnealternance.apprentissage.beta.gouv.fr/emploi/recruteurs_lba/87818930700027/m-n-m
MIE;NDRC;Fontenay-Sous-Bois;94120;14 AVENUE LOUISON BOBET 94120 FONTENAY-SOUS-BOIS;AUTRES ASSURANCES;"Conseiller / Conseillère en assurances ; Conseiller / Conseillère en gestion de patrimoine";Entreprise susceptible de recruter (candidature spontanée);;;Apprentissage, Professionnalisation;;;78427588500068;2;https://labonnealternance.apprentissage.beta.gouv.fr/emploi/recruteurs_lba/78427588500068/mie
Monoprix;MCO;Fontenay-Sous-Bois;94120;Rue Dalayrac 94120 Fontenay-sous-Bois;Supermarchés;"Employé / Employée de rayon libre-service ; Directeur / Directrice de magasin de grande distribution ; Hôte / Hôtesse de caisse ; Responsable de caisses ; Chef / Cheffe de rayon produits alimentaires";Entreprise susceptible de recruter (candidature spontanée);;;Apprentissage, Professionnalisation;;;55208329701059;5;https://labonnealternance.apprentissage.beta.gouv.fr/emploi/recruteurs_lba/55208329701059/monoprix
Okaidi;MCO;Fontenay-Sous-Bois;94120;RUE ALFRED DE MUSSET 94120 FONTENAY-SOUS-BOIS;Commerce de détail d'habillement en magasin spécialisé;"Vendeur / Vendeuse en prêt-à-porter ; Responsable de boutique ; Directeur / Directrice de magasin de grande distribution ; Hôte / Hôtesse de caisse";Entreprise susceptible de recruter (candidature spontanée);;;Apprentissage, Professionnalisation;;;39811044500127;4;https://labonnealternance.apprentissage.beta.gouv.fr/emploi/recruteurs_lba/39811044500127/okaidi
OLMANO;MCO;Fontenay-Sous-Bois;94120;76 rue des Moulins 94120 FONTENAY-SOUS-BOIS;Commerce d'alimentation générale;"Employé / Employée de rayon libre-service ; Vendeur / Vendeuse en épicerie ; Hôte / Hôtesse de caisse ; Chef / Cheffe de rayon produits alimentaires ; Directeur / Directrice de magasin de grande distribution ; Gérant / Gérante de magasin d'alimentation générale";Entreprise susceptible de recruter (candidature spontanée);;;Apprentissage, Professionnalisation;;;44498128600024;6;https://labonnealternance.apprentissage.beta.gouv.fr/emploi/recruteurs_lba/44498128600024/olmano
PATISSERIE DU COIN;MCO;Fontenay-Sous-Bois;94120;2 avenue Jean Moulin 94120 FONTENAY-SOUS-BOIS;Pâtisserie;Vendeur / Vendeuse en épicerie;Entreprise susceptible de recruter (candidature spontanée);;;Apprentissage, Professionnalisation;;;82745021400024;1;https://labonnealternance.apprentissage.beta.gouv.fr/emploi/recruteurs_lba/82745021400024/patisserie-du-coin
PHOENIX MECANO;NDRC;Fontenay-Sous-Bois;94120;76 rue du Bois Galon 94120 FONTENAY-SOUS-BOIS;Commerce de gros (commerce interentreprises) non spécialisé;"Technico-commercial / Technico-commerciale ; Assistant commercial / Assistante commerciale ; Conseiller / Conseillère en gestion de patrimoine";Entreprise susceptible de recruter (candidature spontanée);;;Apprentissage, Professionnalisation;;;31693350600032;3;https://labonnealternance.apprentissage.beta.gouv.fr/emploi/recruteurs_lba/31693350600032/phoenix-mecano
POKESHOP CORPORATION;NDRC;Fontenay-Sous-Bois;94120;201 rue Carnot 94120 FONTENAY-SOUS-BOIS;Location-bail de propriété intellectuelle et de produits similaires, à l'exception des œuvres soumises à copyright;"Conseiller / Conseillère immobilier ; Attaché commercial / Attachée commerciale";Entreprise susceptible de recruter (candidature spontanée);;;Apprentissage, Professionnalisation;;;90301603800023;2;https://labonnealternance.apprentissage.beta.gouv.fr/emploi/recruteurs_lba/90301603800023/pokeshop-corporation
RATATOUILLE;MCO;Fontenay-Sous-Bois;94120;82 boulevard de Verdun 94120 FONTENAY-SOUS-BOIS;Commerce d'alimentation générale;"Employé / Employée de rayon libre-service ; Vendeur / Vendeuse en épicerie ; Hôte / Hôtesse de caisse ; Chef / Cheffe de rayon produits alimentaires ; Directeur / Directrice de magasin de grande distribution ; Gérant / Gérante de magasin d'alimentation générale";Entreprise susceptible de recruter (candidature spontanée);;;Apprentissage, Professionnalisation;;;40856675000027;6;https://labonnealternance.apprentissage.beta.gouv.fr/emploi/recruteurs_lba/40856675000027/ratatouille
RICHARDSON;MCO + NDRC;Fontenay-Sous-Bois;94120;85 AVENUE DE NEUILLY 94120 FONTENAY-SOUS-BOIS;COMMERCE DE GROS (COMMERCE INTERENTREPRISES) DE FOURNITURES POUR LA PLOMBERIE ET LE CHAUFFAGE;"Vendeur / Vendeuse grossiste en équipement du foyer ; Technico-commercial / Technico-commerciale ; Commercial itinérant / Commerciale itinérante en entreprise de commerce de gros";Entreprise susceptible de recruter (candidature spontanée);;;Apprentissage, Professionnalisation;;;05480095854401;3;https://labonnealternance.apprentissage.beta.gouv.fr/emploi/recruteurs_lba/05480095854401/richardson
SAUNIER DUVAL EAU CHAUDE CHAUFFAGE;MCO + NDRC;Fontenay-Sous-Bois;94120;8 AVENUE PABLO PICASSO 94120 FONTENAY-SOUS-BOIS;COMMERCE DE GROS (COMMERCE INTERENTREPRISES) DE FOURNITURES POUR LA PLOMBERIE ET LE CHAUFFAGE;"Vendeur / Vendeuse grossiste en équipement du foyer ; Technico-commercial / Technico-commerciale ; Commercial itinérant / Commerciale itinérante en entreprise de commerce de gros";Entreprise susceptible de recruter (candidature spontanée);;;Apprentissage, Professionnalisation;;;31257434600549;3;https://labonnealternance.apprentissage.beta.gouv.fr/emploi/recruteurs_lba/31257434600549/saunier-duval-eau-chaude-chauffage
SILAX PATISSERIE;MCO;Fontenay-Sous-Bois;94120;3 PLACE DU GENERAL LECLERC 94120 FONTENAY-SOUS-BOIS;Pâtisserie;Vendeur / Vendeuse en épicerie;Entreprise susceptible de recruter (candidature spontanée);;;Apprentissage, Professionnalisation;;;90257571100012;1;https://labonnealternance.apprentissage.beta.gouv.fr/emploi/recruteurs_lba/90257571100012/silax-patisserie
SOCIETE GENERALE;NDRC;Fontenay-Sous-Bois;94120;12 rue de la Mare A Guillaume 94120 FONTENAY-SOUS-BOIS;Autres intermédiations monétaires;"Conseiller / Conseillère de clientèle bancaire ; Chargé / Chargée d'accueil en banque ; Conseiller / Conseillère en gestion de patrimoine";Entreprise susceptible de recruter (candidature spontanée);;;Apprentissage, Professionnalisation;;;55212022227149;3;https://labonnealternance.apprentissage.beta.gouv.fr/emploi/recruteurs_lba/55212022227149/societe-generale
SOCIETE GENERALE;NDRC;Fontenay-Sous-Bois;94120;6 allee des Sablons 94120 FONTENAY-SOUS-BOIS;Autres intermédiations monétaires;"Conseiller / Conseillère de clientèle bancaire ; Chargé / Chargée d'accueil en banque ; Conseiller / Conseillère en gestion de patrimoine";Entreprise susceptible de recruter (candidature spontanée);;;Apprentissage, Professionnalisation;;;55212022249002;3;https://labonnealternance.apprentissage.beta.gouv.fr/emploi/recruteurs_lba/55212022249002/societe-generale
SOCIETE GENERALE;NDRC;Fontenay-Sous-Bois;94120;SENTIER DU BOIS DE LAULNAY 94120 FONTENAY-SOUS-BOIS;Autres intermédiations monétaires;"Conseiller / Conseillère de clientèle bancaire ; Chargé / Chargée d'accueil en banque ; Conseiller / Conseillère en gestion de patrimoine";Entreprise susceptible de recruter (candidature spontanée);;;Apprentissage, Professionnalisation;;;55212022235795;3;https://labonnealternance.apprentissage.beta.gouv.fr/emploi/recruteurs_lba/55212022235795/societe-generale
SOCIETE GENERALE;NDRC;Fontenay-Sous-Bois;94120;12 AVENUE DES OLYMPIADES 94120 FONTENAY-SOUS-BOIS;Autres intermédiations monétaires;"Conseiller / Conseillère de clientèle bancaire ; Chargé / Chargée d'accueil en banque ; Conseiller / Conseillère en gestion de patrimoine";Entreprise susceptible de recruter (candidature spontanée);;;Apprentissage, Professionnalisation;;;55212022227115;3;https://labonnealternance.apprentissage.beta.gouv.fr/emploi/recruteurs_lba/55212022227115/societe-generale
SOCIETE GENERALE;NDRC;Fontenay-Sous-Bois;94120;12 rue de la Mare A Guillaume 94120 FONTENAY-SOUS-BOIS;Autres intermédiations monétaires;"Conseiller / Conseillère de clientèle bancaire ; Chargé / Chargée d'accueil en banque ; Conseiller / Conseillère en gestion de patrimoine";Entreprise susceptible de recruter (candidature spontanée);;;Apprentissage, Professionnalisation;;;55212022227164;3;https://labonnealternance.apprentissage.beta.gouv.fr/emploi/recruteurs_lba/55212022227164/societe-generale
SOCIETE GENERALE;NDRC;Fontenay-Sous-Bois;94120;avenue du Marechal Joffre 94120 FONTENAY-SOUS-BOIS;Autres intermédiations monétaires;"Conseiller / Conseillère de clientèle bancaire ; Chargé / Chargée d'accueil en banque ; Conseiller / Conseillère en gestion de patrimoine";Entreprise susceptible de recruter (candidature spontanée);;;Apprentissage, Professionnalisation;;;55212022249218;3;https://labonnealternance.apprentissage.beta.gouv.fr/emploi/recruteurs_lba/55212022249218/societe-generale
SOCIETE GENERALE;NDRC;Fontenay-Sous-Bois;94120;80 AVENUE DE LATTRE DE TASSIGNY 94120 FONTENAY-SOUS-BOIS;Autres intermédiations monétaires;"Conseiller / Conseillère de clientèle bancaire ; Chargé / Chargée d'accueil en banque ; Conseiller / Conseillère en gestion de patrimoine";Entreprise susceptible de recruter (candidature spontanée);;;Apprentissage, Professionnalisation;;;55212022240951;3;https://labonnealternance.apprentissage.beta.gouv.fr/emploi/recruteurs_lba/55212022240951/societe-generale
SOCOMEC;MCO + NDRC;Fontenay-Sous-Bois;94120;95 RUE PIERRE GRANGE 94120 FONTENAY-SOUS-BOIS;Commerce de gros (commerce interentreprises) de matériel électrique;"Vendeur / Vendeuse grossiste en équipement du foyer ; Technico-commercial / Technico-commerciale";Entreprise susceptible de recruter (candidature spontanée);;;Apprentissage, Professionnalisation;;;54850014900321;2;https://labonnealternance.apprentissage.beta.gouv.fr/emploi/recruteurs_lba/54850014900321/socomec
SOGE-FACTORING - CGFAC - COMPAGNIE GENERALE D'AFFACTURAGE - CGA;NDRC;Fontenay-Sous-Bois;94120;6 allee des Sablons 94120 FONTENAY-SOUS-BOIS;Autre distribution de crédit;"Conseiller / Conseillère de clientèle bancaire ; Courtier / Courtière en banque ; Conseiller commercial / Conseillère commerciale auprès des particuliers";Entreprise susceptible de recruter (candidature spontanée);;;Apprentissage, Professionnalisation;;;70201631200242;3;https://labonnealternance.apprentissage.beta.gouv.fr/emploi/recruteurs_lba/70201631200242/soge-factoring-cgfac-compagnie-generale-d-affacturage-cga
SOLFI INFRASTRUCTURE;MCO + NDRC;Fontenay-Sous-Bois;94120;216 RUE DES MOULINS 94120 FONTENAY-SOUS-BOIS;Commerce de gros (commerce interentreprises) d'ordinateurs, d'équipements informatiques périphériques et de logiciels;"Consultant / Consultante avant-vente ; Cadre Technico-commercial / Technico-commerciale";Entreprise susceptible de recruter (candidature spontanée);;;Apprentissage, Professionnalisation;;;50121948900033;2;https://labonnealternance.apprentissage.beta.gouv.fr/emploi/recruteurs_lba/50121948900033/solfi-infrastructure
SPGA;MCO;Fontenay-Sous-Bois;94120;30 RUE FABRE D'EGLANTINE 94120 FONTENAY-SOUS-BOIS;Autres activités de soutien aux entreprises n.c.a.;Animateur / Animatrice des ventes;Entreprise susceptible de recruter (candidature spontanée);;;Apprentissage, Professionnalisation;;;89968285000016;1;https://labonnealternance.apprentissage.beta.gouv.fr/emploi/recruteurs_lba/89968285000016/spga
STELLANTIS &YOU FONTENAY I;MCO + NDRC;Fontenay-Sous-Bois;94120;9 avenue de la Republique 94120 FONTENAY-SOUS-BOIS;Commerce de voitures et de véhicules automobiles légers;"Vendeur / Vendeuse automobile ; Conseiller / Conseillère client après-vente des véhicules";Entreprise susceptible de recruter (candidature spontanée);;;Apprentissage, Professionnalisation;;;30247504103186;2;https://labonnealternance.apprentissage.beta.gouv.fr/emploi/recruteurs_lba/30247504103186/stellantis-you-fontenay-i
THIERRY SAVATE;MCO;Fontenay-Sous-Bois;94120;88 rue Dalayrac 94120 FONTENAY-SOUS-BOIS;Boulangerie et boulangerie-pâtisserie;Vendeur / Vendeuse en épicerie;Entreprise susceptible de recruter (candidature spontanée);;;Apprentissage, Professionnalisation;;;43261469100033;1;https://labonnealternance.apprentissage.beta.gouv.fr/emploi/recruteurs_lba/43261469100033/thierry-savate
TNT PLUS FRANCE;NDRC;Fontenay-Sous-Bois;94120;19 rue du Bois Galon 94120 FONTENAY-SOUS-BOIS;PORTAILS INTERNET;Commercial / Commerciale grands comptes et entreprises;Entreprise susceptible de recruter (candidature spontanée);;;Apprentissage, Professionnalisation;;;88784124500020;1;https://labonnealternance.apprentissage.beta.gouv.fr/emploi/recruteurs_lba/88784124500020/tnt-plus-france
TRANSACTIS;NDRC;Fontenay-Sous-Bois;94120;80 avenue de Lattre de Tassigny 94120 FONTENAY-SOUS-BOIS;PROGRAMMATION INFORMATIQUE;Commercial / Commerciale export;Entreprise susceptible de recruter (candidature spontanée);;;Apprentissage, Professionnalisation;;;47987425700104;1;https://labonnealternance.apprentissage.beta.gouv.fr/emploi/recruteurs_lba/47987425700104/transactis
UMAMI;MCO + NDRC;Fontenay-Sous-Bois;94120;2 avenue Jean Moulin 94120 FONTENAY-SOUS-BOIS;Vente à distance sur catalogue spécialisé;"Conseiller vendeur / Conseillère vendeuse à domicile ; Vendeur / Vendeuse en prêt-à-porter ; Responsable de boutique ; Délégué médical hospitalier / Déléguée médicale hospitalière ; Chargé / Chargée de relation client";Entreprise susceptible de recruter (candidature spontanée);;;Apprentissage, Professionnalisation;;;80270407200015;5;https://labonnealternance.apprentissage.beta.gouv.fr/emploi/recruteurs_lba/80270407200015/umami
VAIRON VOYAGES;MCO;Fontenay-Sous-Bois;94120;44 RUE ROGER SALENGRO 94120 FONTENAY-SOUS-BOIS;Activités des agences de voyage;"Employé / Employée de rayon libre-service ; Hôte / Hôtesse de caisse";Entreprise susceptible de recruter (candidature spontanée);;;Apprentissage, Professionnalisation;;;56212532800160;2;https://labonnealternance.apprentissage.beta.gouv.fr/emploi/recruteurs_lba/56212532800160/vairon-voyages
14 AU 18;NDRC;Fresnes;94260;14 RUE DE CHEVILLY 94260 FRESNES;Commerce de gros (commerce interentreprises) de bois et de matériaux de construction;"Technico-commercial / Technico-commerciale ; Commercial itinérant / Commerciale itinérante en entreprise de commerce de gros";Entreprise susceptible de recruter (candidature spontanée);;;Apprentissage, Professionnalisation;;;31952778400098;2;https://labonnealternance.apprentissage.beta.gouv.fr/emploi/recruteurs_lba/31952778400098/14-au-18
ACTION FRANCE;MCO;Fresnes;94260;RUE DE LA LOGE 94260 FRESNES;Autres commerces de détail en magasin non spécialisé;"Employé / Employée de rayon libre-service ; Responsable de boutique ; Hôte / Hôtesse de caisse ; Directeur / Directrice de magasin de grande distribution ; Chef / Cheffe de rayon de produits non alimentaires ; Chef / Cheffe de rayon produits alimentaires";Entreprise susceptible de recruter (candidature spontanée);;;Apprentissage, Professionnalisation;;;75330823800686;6;https://labonnealternance.apprentissage.beta.gouv.fr/emploi/recruteurs_lba/75330823800686/action-france
Alternance Assistant commercial . - Fresnes (F/H);MCO + NDRC;Fresnes;94260;94260 Fresnes;;"Assistant / Assistante administration des ventes ; Alternance Assistant commercial . - Fresnes (F/H)";Offre partenaire (France Travail…);Alternance Assistant commercial . - Fresnes (F/H);;Professionnalisation;2026-09-22;;;2;https://labonnealternance.apprentissage.beta.gouv.fr/emploi/offres_emploi_partenaires/6ab2ff287caaafd3f596a5af/alternance-assistant-commercial-fresnes-f-h
Animalis;MCO;Fresnes;94260;rue des Jacheres 94260 FRESNES;Commerce de détail de fleurs, plantes, graines, engrais, animaux de compagnie et aliments pour ces animaux en magasin spécialisé;"Responsable de boutique ; Vendeur / Vendeuse conseil en jardinerie ; Vendeur / Vendeuse en animalerie ; Hôte / Hôtesse de caisse ; Chef / Cheffe de rayon de produits non alimentaires";Entreprise susceptible de recruter (candidature spontanée);;;Apprentissage, Professionnalisation;;;41355739801081;5;https://labonnealternance.apprentissage.beta.gouv.fr/emploi/recruteurs_lba/41355739801081/animalis
Assistant commercial / Assistante commerciale (H/F);NDRC;Fresnes;94260;94260 Fresnes;;"Assistant commercial / Assistante commerciale ; Assistant commercial / Assistante commerciale (H/F)";Offre partenaire (France Travail…);Assistant commercial / Assistante commerciale (H/F);;Apprentissage;2026-09-17;;;2;https://labonnealternance.apprentissage.beta.gouv.fr/emploi/offres_emploi_partenaires/6aac67b40dece6ea6e4195bc/assistant-commercial-assistante-commerciale-h-f
AU PECHE MIGNON;MCO;Fresnes;94260;8 Place Pierre et Marie Curie 94260 Fresnes;Boulangerie et boulangerie-pâtisserie;Vendeur / Vendeuse en épicerie;Entreprise susceptible de recruter (candidature spontanée);;;Apprentissage, Professionnalisation;;;84939580100012;1;https://labonnealternance.apprentissage.beta.gouv.fr/emploi/recruteurs_lba/84939580100012/au-peche-mignon
AUTO BONNE AFFAIRE;MCO + NDRC;Fresnes;94260;4 allee des Iris 94260 FRESNES;Commerce de voitures et de véhicules automobiles légers;"Vendeur / Vendeuse automobile ; Conseiller / Conseillère client après-vente des véhicules";Entreprise susceptible de recruter (candidature spontanée);;;Apprentissage, Professionnalisation;;;89087046200011;2;https://labonnealternance.apprentissage.beta.gouv.fr/emploi/recruteurs_lba/89087046200011/auto-bonne-affaire
AZZA FENCING;MCO + NDRC;Fresnes;94260;28 AVENUE DES PEPINIERES 94260 FRESNES;Commerce de détail d'articles de sport en magasin spécialisé;"Vendeur / Vendeuse d'articles de sport et loisirs ; Hôte / Hôtesse de caisse ; Chef / Cheffe de rayon de produits non alimentaires ; Vendeur / Vendeuse en prêt-à-porter ; Vendeur / Vendeuse grossiste en équipement du foyer";Entreprise susceptible de recruter (candidature spontanée);;;Apprentissage, Professionnalisation;;;89004477900027;5;https://labonnealternance.apprentissage.beta.gouv.fr/emploi/recruteurs_lba/89004477900027/azza-fencing
B&M;MCO + NDRC;Fresnes;94260;4 allee de l Abreuvoir 94260 FRESNES;Commerce de détail d'autres équipements du foyer;"Vendeur / Vendeuse en équipement de la maison ; Employé / Employée de rayon libre-service ; Responsable de boutique ; Hôte / Hôtesse de caisse ; Vendeur / Vendeuse grossiste en équipement du foyer ; Conseiller commercial / Conseillère commerciale auprès des particuliers";Entreprise susceptible de recruter (candidature spontanée);;;Apprentissage, Professionnalisation;;;31131532901705;6;https://labonnealternance.apprentissage.beta.gouv.fr/emploi/recruteurs_lba/31131532901705/b-m
BELLE EPINE DISTRIBUTION;MCO + NDRC;Fresnes;94260;28 AVENUE DES PEPINIERES 94260 FRESNES;Vente à distance sur catalogue spécialisé;"Conseiller vendeur / Conseillère vendeuse à domicile ; Vendeur / Vendeuse en prêt-à-porter ; Responsable de boutique ; Délégué médical hospitalier / Déléguée médicale hospitalière ; Chargé / Chargée de relation client";Entreprise susceptible de recruter (candidature spontanée);;;Apprentissage, Professionnalisation;;;91473876000018;5;https://labonnealternance.apprentissage.beta.gouv.fr/emploi/recruteurs_lba/91473876000018/belle-epine-distribution
BNP Paribas;NDRC;Fresnes;94260;28 rue Henri Barbusse 94260 FRESNES;Autres intermédiations monétaires;"Conseiller / Conseillère de clientèle bancaire ; Chargé / Chargée d'accueil en banque ; Conseiller / Conseillère en gestion de patrimoine";Entreprise susceptible de recruter (candidature spontanée);;;Apprentissage, Professionnalisation;;;66204244917174;3;https://labonnealternance.apprentissage.beta.gouv.fr/emploi/recruteurs_lba/66204244917174/bnp-paribas
BOULANGERIE MARIE BLACHERE;MCO;Fresnes;94260;22 AVENUE DE STALINGRAD 94260 FRESNES;Boulangerie et boulangerie-pâtisserie;Vendeur / Vendeuse en épicerie;Entreprise susceptible de recruter (candidature spontanée);;;Apprentissage, Professionnalisation;;;48234097301203;1;https://labonnealternance.apprentissage.beta.gouv.fr/emploi/recruteurs_lba/48234097301203/boulangerie-marie-blachere
BR3D;NDRC;Fresnes;94260;57 avenue des Pepinieres 94260 FRESNES;Désinfection, désinsectisation, dératisation;Commercial / Commerciale export;Entreprise susceptible de recruter (candidature spontanée);;;Apprentissage, Professionnalisation;;;43518032800039;1;https://labonnealternance.apprentissage.beta.gouv.fr/emploi/recruteurs_lba/43518032800039/br3d
CARREFOUR CONTACT;MCO;Fresnes;94260;38 boulevard Pasteur 94260 FRESNES;Supermarchés;"Employé / Employée de rayon libre-service ; Directeur / Directrice de magasin de grande distribution ; Hôte / Hôtesse de caisse ; Responsable de caisses ; Chef / Cheffe de rayon produits alimentaires";Entreprise susceptible de recruter (candidature spontanée);;;Apprentissage, Professionnalisation;;;79335761700034;5;https://labonnealternance.apprentissage.beta.gouv.fr/emploi/recruteurs_lba/79335761700034/carrefour-contact
CASH EXPRESS;MCO;Fresnes;94260;rue de la Loge 94260 FRESNES;Commerce de détail de biens d'occasion en magasin;"Vendeur / Vendeuse en équipement de la maison ; Vendeur / Vendeuse en prêt-à-porter";Entreprise susceptible de recruter (candidature spontanée);;;Apprentissage, Professionnalisation;;;88982445400017;2;https://labonnealternance.apprentissage.beta.gouv.fr/emploi/recruteurs_lba/88982445400017/cash-express
CASTORAMA FRANCE;MCO + NDRC;Fresnes;94260;94260 Fresnes;Commerce de détail de quincaillerie, peintures et verres en grandes surfaces (400 m2et plus);"Hôte / Hôtesse de caisse ; Vendeur / Vendeuse en équipement de la maison ; Vendeur / Vendeuse conseil en jardinerie ; Vendeur / Vendeuse grossiste en équipement du foyer ; Chef / Cheffe de secteur magasin ; Chef / Cheffe de rayon de produits non alimentaires";Entreprise susceptible de recruter (candidature spontanée);;;Apprentissage, Professionnalisation;;;45167897300699;6;https://labonnealternance.apprentissage.beta.gouv.fr/emploi/recruteurs_lba/45167897300699/castorama-france
CEMAFROID;MCO;Fresnes;94260;5 AVENUE DES PRES 94260 FRESNES;Autres activités de soutien aux entreprises n.c.a.;Animateur / Animatrice des ventes;Entreprise susceptible de recruter (candidature spontanée);;;Apprentissage, Professionnalisation;;;43251189700048;1;https://labonnealternance.apprentissage.beta.gouv.fr/emploi/recruteurs_lba/43251189700048/cemafroid
CHAUSSEA;MCO;Fresnes;94260;8 ALLEE DES MOISSONS 94260 FRESNES;Commerce de détail de la chaussure;"Responsable de boutique ; Vendeur / Vendeuse en prêt-à-porter ; Vendeur / Vendeuse d'articles de sport et loisirs ; Gérant / Gérante de magasin d'alimentation générale ; Directeur / Directrice de magasin de grande distribution";Entreprise susceptible de recruter (candidature spontanée);;;Apprentissage, Professionnalisation;;;33026769107760;5;https://labonnealternance.apprentissage.beta.gouv.fr/emploi/recruteurs_lba/33026769107760/chaussea
COLLECTIF CORDIAL;NDRC;Fresnes;94260;28 avenue des Pepinieres 94260 FRESNES;Commerce de gros (commerce interentreprises) de boissons;Commercial / Commerciale export;Entreprise susceptible de recruter (candidature spontanée);;;Apprentissage, Professionnalisation;;;89932566600027;1;https://labonnealternance.apprentissage.beta.gouv.fr/emploi/recruteurs_lba/89932566600027/collectif-cordial
DALMA;NDRC;Fresnes;94260;28 avenue des Pepinieres 94260 FRESNES;Activités des agents et courtiers d'assurances;"Conseiller / Conseillère en assurances ; Conseiller / Conseillère en gestion de patrimoine";Entreprise susceptible de recruter (candidature spontanée);;;Apprentissage, Professionnalisation;;;89145299700010;2;https://labonnealternance.apprentissage.beta.gouv.fr/emploi/recruteurs_lba/89145299700010/dalma
DARTY;MCO + NDRC;Fresnes;94260;2 RUE DE L'ABREUVOIR 94260 FRESNES;Commerce de détail d'appareils électroménagers en magasin spécialisé;"Vendeur / Vendeuse en équipement de la maison ; Conseiller commercial / Conseillère commerciale auprès des particuliers ; Responsable relation client (CRM)";Entreprise susceptible de recruter (candidature spontanée);;;Apprentissage, Professionnalisation;;;54208661600498;3;https://labonnealternance.apprentissage.beta.gouv.fr/emploi/recruteurs_lba/54208661600498/darty
FAMILY V;NDRC;Fresnes;94260;28 AVENUE DES PEPINIERES 94260 FRESNES;Location de courte durée de voitures et de véhicules automobiles légers;"Agent technico-commercial / Agente technico-commerciale en location de véhicules ; Conseiller / Conseillère client après-vente des véhicules";Entreprise susceptible de recruter (candidature spontanée);;;Apprentissage, Professionnalisation;;;90172867500017;2;https://labonnealternance.apprentissage.beta.gouv.fr/emploi/recruteurs_lba/90172867500017/family-v
GEMO;MCO;Fresnes;94260;8 allee des Jacheres 94260 FRESNES;Commerce de détail d'habillement en magasin spécialisé;"Vendeur / Vendeuse en prêt-à-porter ; Responsable de boutique ; Hôte / Hôtesse de caisse ; Directeur / Directrice de magasin de grande distribution";Entreprise susceptible de recruter (candidature spontanée);;;Apprentissage, Professionnalisation;;;32242434204053;4;https://labonnealternance.apprentissage.beta.gouv.fr/emploi/recruteurs_lba/32242434204053/gemo
GIFI;MCO;Fresnes;94260;10 ALLEE DE L'ABREUVOIR 94260 FRESNES;Autres commerces de détail en magasin non spécialisé;"Employé / Employée de rayon libre-service ; Responsable de boutique ; Hôte / Hôtesse de caisse ; Directeur / Directrice de magasin de grande distribution ; Chef / Cheffe de rayon de produits non alimentaires ; Chef / Cheffe de rayon produits alimentaires";Entreprise susceptible de recruter (candidature spontanée);;;Apprentissage, Professionnalisation;;;47872562501723;6;https://labonnealternance.apprentissage.beta.gouv.fr/emploi/recruteurs_lba/47872562501723/gifi
HALLE MARKET;MCO;Fresnes;94260;8 AVENUE DE STALINGRAD 94260 FRESNES;Commerce d'alimentation générale;"Employé / Employée de rayon libre-service ; Vendeur / Vendeuse en épicerie ; Hôte / Hôtesse de caisse ; Chef / Cheffe de rayon produits alimentaires ; Directeur / Directrice de magasin de grande distribution ; Gérant / Gérante de magasin d'alimentation générale";Entreprise susceptible de recruter (candidature spontanée);;;Apprentissage, Professionnalisation;;;88982288800018;6;https://labonnealternance.apprentissage.beta.gouv.fr/emploi/recruteurs_lba/88982288800018/halle-market
IGUS;NDRC;Fresnes;94260;1 avenue Edouard Herriot 94260 FRESNES;Commerce de gros (commerce interentreprises) de fournitures et équipements divers pour le commerce et les services;"Cadre Technico-commercial / Technico-commerciale ; Technico-commercial / Technico-commerciale ; Assistant commercial / Assistante commerciale";Entreprise susceptible de recruter (candidature spontanée);;;Apprentissage, Professionnalisation;;;42887278200043;3;https://labonnealternance.apprentissage.beta.gouv.fr/emploi/recruteurs_lba/42887278200043/igus
ITALIE DIESEL LOBJOY ET PELTRET;MCO + NDRC;Fresnes;94260;94260 Fresnes;Commerce de gros d'équipements automobiles;Vendeur / Vendeuse grossiste en équipement du foyer;Entreprise susceptible de recruter (candidature spontanée);;;Apprentissage, Professionnalisation;;;58207949700050;1;https://labonnealternance.apprentissage.beta.gouv.fr/emploi/recruteurs_lba/58207949700050/italie-diesel-lobjoy-et-peltret
KIABI;MCO;Fresnes;94260;10 RUE DES MOISSONS 94260 FRESNES;Commerce de détail d'habillement en magasin spécialisé;"Vendeur / Vendeuse en prêt-à-porter ; Responsable de boutique ; Hôte / Hôtesse de caisse ; Directeur / Directrice de magasin de grande distribution";Entreprise susceptible de recruter (candidature spontanée);;;Apprentissage, Professionnalisation;;;34410327001070;4;https://labonnealternance.apprentissage.beta.gouv.fr/emploi/recruteurs_lba/34410327001070/kiabi
KING JOUET;MCO + NDRC;Fresnes;94260;14 allee des Moissons 94260 FRESNES;Commerce de détail de jeux et jouets en magasin spécialisé;"Vendeur / Vendeuse de produits culturels et ludiques ; Hôte / Hôtesse de caisse ; Responsable de boutique ; Employé / Employée de rayon libre-service ; Directeur / Directrice des ventes ; Conseiller commercial / Conseillère commerciale auprès des particuliers";Entreprise susceptible de recruter (candidature spontanée);;;Apprentissage, Professionnalisation;;;34792671902726;6;https://labonnealternance.apprentissage.beta.gouv.fr/emploi/recruteurs_lba/34792671902726/king-jouet
KSM;MCO;Fresnes;94260;4 allee des Jacheres 94260 FRESNES;Commerce de détail de la chaussure;"Responsable de boutique ; Vendeur / Vendeuse en prêt-à-porter ; Vendeur / Vendeuse d'articles de sport et loisirs ; Gérant / Gérante de magasin d'alimentation générale ; Directeur / Directrice de magasin de grande distribution";Entreprise susceptible de recruter (candidature spontanée);;;Apprentissage, Professionnalisation;;;82158673200025;5;https://labonnealternance.apprentissage.beta.gouv.fr/emploi/recruteurs_lba/82158673200025/ksm
KY BVT;MCO;Fresnes;94260;31 RUE HENRI BARBUSSE 94260 FRESNES;Commerce d'alimentation générale;"Employé / Employée de rayon libre-service ; Vendeur / Vendeuse en épicerie ; Hôte / Hôtesse de caisse ; Chef / Cheffe de rayon produits alimentaires ; Directeur / Directrice de magasin de grande distribution ; Gérant / Gérante de magasin d'alimentation générale";Entreprise susceptible de recruter (candidature spontanée);;;Apprentissage, Professionnalisation;;;75186324200010;6;https://labonnealternance.apprentissage.beta.gouv.fr/emploi/recruteurs_lba/75186324200010/ky-bvt
LA  TUILERIE;NDRC;Fresnes;94260;1 RUE MAURICE TENINE 94260 FRESNES;Agences immobilières;Conseiller / Conseillère immobilier;Entreprise susceptible de recruter (candidature spontanée);;;Apprentissage, Professionnalisation;;;38935842500046;1;https://labonnealternance.apprentissage.beta.gouv.fr/emploi/recruteurs_lba/38935842500046/la-tuilerie
LAIVE;NDRC;Fresnes;94260;28 avenue des Pepinieres 94260 FRESNES;EDITION DE LOGICIELS APPLICATIFS;"Responsable Commercial / Commerciale ; Chargé / Chargée de relation client";Entreprise susceptible de recruter (candidature spontanée);;;Apprentissage, Professionnalisation;;;93399430300024;2;https://labonnealternance.apprentissage.beta.gouv.fr/emploi/recruteurs_lba/93399430300024/laive
LE FROMAGER DE FRESNES;MCO;Fresnes;94260;22 avenue de Stalingrad 94260 FRESNES;Autres commerces de détail alimentaires en magasin spécialisé;"Vendeur / Vendeuse en épicerie ; Employé / Employée de rayon libre-service ; Chef / Cheffe de rayon produits alimentaires ; Responsable de boutique";Entreprise susceptible de recruter (candidature spontanée);;;Apprentissage, Professionnalisation;;;82180610600026;4;https://labonnealternance.apprentissage.beta.gouv.fr/emploi/recruteurs_lba/82180610600026/le-fromager-de-fresnes
LES JARDINS DE FRESNES;MCO;Fresnes;94260;22 avenue de Stalingrad 94260 FRESNES;Commerce de détail de fruits et légumes en magasin spécialisé;"Vendeur / Vendeuse en épicerie ; Employé / Employée de rayon libre-service ; Hôte / Hôtesse de caisse ; Chef / Cheffe de rayon produits alimentaires ; Responsable de caisses";Entreprise susceptible de recruter (candidature spontanée);;;Apprentissage, Professionnalisation;;;82180580100023;5;https://labonnealternance.apprentissage.beta.gouv.fr/emploi/recruteurs_lba/82180580100023/les-jardins-de-fresnes
LINKUP TECHNOLOGIES;NDRC;Fresnes;94260;28 avenue des Pepinieres 94260 FRESNES;Traitement de données, hébergement et activités connexes;Conseiller / Conseillère en gestion de patrimoine;Entreprise susceptible de recruter (candidature spontanée);;;Apprentissage, Professionnalisation;;;93091074000024;1;https://labonnealternance.apprentissage.beta.gouv.fr/emploi/recruteurs_lba/93091074000024/linkup-technologies
MAXI BAZAR;MCO;Fresnes;94260;RUE DE LA VANNE 94260 FRESNES;Autres commerces de détail en magasin non spécialisé;"Employé / Employée de rayon libre-service ; Responsable de boutique ; Hôte / Hôtesse de caisse ; Directeur / Directrice de magasin de grande distribution ; Chef / Cheffe de rayon de produits non alimentaires ; Chef / Cheffe de rayon produits alimentaires";Entreprise susceptible de recruter (candidature spontanée);;;Apprentissage, Professionnalisation;;;31232697800839;6;https://labonnealternance.apprentissage.beta.gouv.fr/emploi/recruteurs_lba/31232697800839/maxi-bazar
NATUREO FRESNES;MCO;Fresnes;94260;Avenue de la Cerisaie 94260 Fresnes;Supermarchés;"Employé / Employée de rayon libre-service ; Directeur / Directrice de magasin de grande distribution ; Hôte / Hôtesse de caisse ; Responsable de caisses ; Chef / Cheffe de rayon produits alimentaires";Entreprise susceptible de recruter (candidature spontanée);;;Apprentissage, Professionnalisation;;;53085756400013;5;https://labonnealternance.apprentissage.beta.gouv.fr/emploi/recruteurs_lba/53085756400013/natureo-fresnes
OLSAN;MCO;Fresnes;94260;48 AVENUE PAUL VAILLANT-COUTURIER 94260 FRESNES;Supermarchés;"Employé / Employée de rayon libre-service ; Directeur / Directrice de magasin de grande distribution ; Hôte / Hôtesse de caisse ; Responsable de caisses ; Chef / Cheffe de rayon produits alimentaires";Entreprise susceptible de recruter (candidature spontanée);;;Apprentissage, Professionnalisation;;;34459919600013;5;https://labonnealternance.apprentissage.beta.gouv.fr/emploi/recruteurs_lba/34459919600013/olsan
RENAULT RENAIL GROUP FRESNES;MCO + NDRC;Fresnes;94260;4 AVENUE DE STALINGRAD 94260 FRESNES;Commerce de voitures et de véhicules automobiles légers;"Vendeur / Vendeuse automobile ; Conseiller / Conseillère client après-vente des véhicules";Entreprise susceptible de recruter (candidature spontanée);;;Apprentissage, Professionnalisation;;;31221230100229;2;https://labonnealternance.apprentissage.beta.gouv.fr/emploi/recruteurs_lba/31221230100229/renault-renail-group-fresnes
REXEL;MCO + NDRC;Fresnes;94260;2 RUE DE CHEVILLY 94260 FRESNES;Commerce de gros (commerce interentreprises) de matériel électrique;"Vendeur / Vendeuse grossiste en équipement du foyer ; Technico-commercial / Technico-commerciale";Entreprise susceptible de recruter (candidature spontanée);;;Apprentissage, Professionnalisation;;;30930461600571;2;https://labonnealternance.apprentissage.beta.gouv.fr/emploi/recruteurs_lba/30930461600571/rexel
RIVERSE;NDRC;Fresnes;94260;28 avenue des Pepinieres 94260 FRESNES;PORTAILS INTERNET;Commercial / Commerciale grands comptes et entreprises;Entreprise susceptible de recruter (candidature spontanée);;;Apprentissage, Professionnalisation;;;90808233200010;1;https://labonnealternance.apprentissage.beta.gouv.fr/emploi/recruteurs_lba/90808233200010/riverse
SOCIETE TROUSSELIER;MCO + NDRC;Fresnes;94260;23 AVENUE DES PRES 94260 FRESNES;COMMERCE DE GROS (COMMERCE INTERENTREPRISES) D'AUTRES BIENS DOMESTIQUES;"Assistant / Assistante administration des ventes ; Assistant commercial / Assistante commerciale";Entreprise susceptible de recruter (candidature spontanée);;;Apprentissage, Professionnalisation;;;32442115500031;2;https://labonnealternance.apprentissage.beta.gouv.fr/emploi/recruteurs_lba/32442115500031/societe-trousselier
TAPE A L'OEIL;MCO;Fresnes;94260;allee des Moissons 94260 FRESNES;Commerce de détail d'habillement en magasin spécialisé;"Vendeur / Vendeuse en prêt-à-porter ; Responsable de boutique ; Hôte / Hôtesse de caisse ; Directeur / Directrice de magasin de grande distribution";Entreprise susceptible de recruter (candidature spontanée);;;Apprentissage, Professionnalisation;;;38963263902632;4;https://labonnealternance.apprentissage.beta.gouv.fr/emploi/recruteurs_lba/38963263902632/tape-a-l-oeil
TECH 2 HEAL;NDRC;Fresnes;94260;28 avenue des Pepinieres 94260 FRESNES;PORTAILS INTERNET;Commercial / Commerciale grands comptes et entreprises;Entreprise susceptible de recruter (candidature spontanée);;;Apprentissage, Professionnalisation;;;90156823800025;1;https://labonnealternance.apprentissage.beta.gouv.fr/emploi/recruteurs_lba/90156823800025/tech-2-heal
Vendeur / Vendeuse en prêt-à-porter (H/F);MCO;Fresnes;94260;94260 Fresnes;;"Vendeur / Vendeuse en prêt-à-porter ; Vendeur / Vendeuse en prêt-à-porter (H/F)";Offre partenaire (France Travail…);Vendeur / Vendeuse en prêt-à-porter (H/F);;Apprentissage;2026-09-17;;;2;https://labonnealternance.apprentissage.beta.gouv.fr/emploi/offres_emploi_partenaires/6aac67b40dece6ea6e4195b5/vendeur-vendeuse-en-pret-a-porter-h-f
VERTU;MCO;Fresnes;94260;41 rue Henri Barbusse 94260 FRESNES;Boulangerie et boulangerie-pâtisserie;Vendeur / Vendeuse en épicerie;Entreprise susceptible de recruter (candidature spontanée);;;Apprentissage, Professionnalisation;;;95371181900029;1;https://labonnealternance.apprentissage.beta.gouv.fr/emploi/recruteurs_lba/95371181900029/vertu
ANTILOCK SECURITE;MCO + NDRC;Gentilly;94250;1 RUE RENE ANJOLVY 94250 GENTILLY;Commerce de gros d'équipements automobiles;Vendeur / Vendeuse grossiste en équipement du foyer;Entreprise susceptible de recruter (candidature spontanée);;;Apprentissage, Professionnalisation;;;80840939500031;1;https://labonnealternance.apprentissage.beta.gouv.fr/emploi/recruteurs_lba/80840939500031/antilock-securite
B.C.D.H;MCO;Gentilly;94250;9 rue de Verdun 94250 GENTILLY;Autres activités de soutien aux entreprises n.c.a.;Animateur / Animatrice des ventes;Entreprise susceptible de recruter (candidature spontanée);;;Apprentissage, Professionnalisation;;;40530368600027;1;https://labonnealternance.apprentissage.beta.gouv.fr/emploi/recruteurs_lba/40530368600027/b-c-d-h
BOULANGERIE PAO QUENTE;MCO;Gentilly;94250;2 rue des Champs Elysees 94250 GENTILLY;Boulangerie et boulangerie-pâtisserie;Vendeur / Vendeuse en épicerie;Entreprise susceptible de recruter (candidature spontanée);;;Apprentissage, Professionnalisation;;;90849347100019;1;https://labonnealternance.apprentissage.beta.gouv.fr/emploi/recruteurs_lba/90849347100019/boulangerie-pao-quente
CALA;NDRC;Gentilly;94250;74 AVENUE LENINE 94250 GENTILLY;PROGRAMMATION INFORMATIQUE;Commercial / Commerciale export;Entreprise susceptible de recruter (candidature spontanée);;;Apprentissage, Professionnalisation;;;83871460800059;1;https://labonnealternance.apprentissage.beta.gouv.fr/emploi/recruteurs_lba/83871460800059/cala
CGFP;NDRC;Gentilly;94250;2 AVENUE GALLIENI 94250 GENTILLY;Commerce de gros (commerce interentreprises) de bois et de matériaux de construction;"Technico-commercial / Technico-commerciale ; Commercial itinérant / Commerciale itinérante en entreprise de commerce de gros";Entreprise susceptible de recruter (candidature spontanée);;;Apprentissage, Professionnalisation;;;42129500700031;2;https://labonnealternance.apprentissage.beta.gouv.fr/emploi/recruteurs_lba/42129500700031/cgfp
COLLABFUT;NDRC;Gentilly;94250;153 avenue Paul Vaillant Couturier 94250 GENTILLY;Activités spécialisées, scientifiques et techniques diverses;Responsable Commercial / Commerciale;Entreprise susceptible de recruter (candidature spontanée);;;Apprentissage, Professionnalisation;;;85275377100017;1;https://labonnealternance.apprentissage.beta.gouv.fr/emploi/recruteurs_lba/85275377100017/collabfut
E-CONSTRUCTION ET BTP - EMPLOI PUBLIC - BIP ENERPRESSE - BULLETIN EUROPEEN - GROUPE MONITEUR - MARCH;NDRC;Gentilly;94250;20 rue des Aqueducs 94250 GENTILLY;Édition de journaux;Attaché commercial / Attachée commerciale;Entreprise susceptible de recruter (candidature spontanée);;;Apprentissage, Professionnalisation;;;40308082300244;1;https://labonnealternance.apprentissage.beta.gouv.fr/emploi/recruteurs_lba/40308082300244/e-construction-et-btp-emploi-public-bip-enerpresse-bulletin-europeen-groupe-moniteur-march
ETABLISSEMENTS COLORINE;MCO + NDRC;Gentilly;94250;23 RUE DU VAL DE MARNE 94250 GENTILLY;Commerce de gros (commerce interentreprises) d'appareils sanitaires et de produits de décoration;"Vendeur / Vendeuse grossiste en équipement du foyer ; Technico-commercial / Technico-commerciale ; Commercial / Commerciale auprès d'une clientèle d'entreprises ; Attaché commercial / Attachée commerciale";Entreprise susceptible de recruter (candidature spontanée);;;Apprentissage, Professionnalisation;;;77569293200178;4;https://labonnealternance.apprentissage.beta.gouv.fr/emploi/recruteurs_lba/77569293200178/etablissements-colorine
EVENTMAKER;NDRC;Gentilly;94250;20 rue des Aqueducs 94250 GENTILLY;PROGRAMMATION INFORMATIQUE;Commercial / Commerciale export;Entreprise susceptible de recruter (candidature spontanée);;;Apprentissage, Professionnalisation;;;51274767600074;1;https://labonnealternance.apprentissage.beta.gouv.fr/emploi/recruteurs_lba/51274767600074/eventmaker
FORSUP;NDRC;Gentilly;94250;20 rue des Aqueducs 94250 GENTILLY;EDITION DE LOGICIELS APPLICATIFS;Cadre Technico-commercial / Technico-commerciale;Entreprise susceptible de recruter (candidature spontanée);;;Apprentissage, Professionnalisation;;;44785462100052;1;https://labonnealternance.apprentissage.beta.gouv.fr/emploi/recruteurs_lba/44785462100052/forsup
GROUPE INDUSTRIE SERVICES INFO;NDRC;Gentilly;94250;20 rue des Aqueducs 94250 GENTILLY;Édition de journaux;Attaché commercial / Attachée commerciale;Entreprise susceptible de recruter (candidature spontanée);;;Apprentissage, Professionnalisation;;;44223341700090;1;https://labonnealternance.apprentissage.beta.gouv.fr/emploi/recruteurs_lba/44223341700090/groupe-industrie-services-info
Guy Hoquet;NDRC;Gentilly;94250;2 RUE DU DOCTEUR TENINE 94250 GENTILLY;Agences immobilières;Conseiller / Conseillère immobilier;Entreprise susceptible de recruter (candidature spontanée);;;Apprentissage, Professionnalisation;;;83889104200015;1;https://labonnealternance.apprentissage.beta.gouv.fr/emploi/recruteurs_lba/83889104200015/guy-hoquet
GUY HOQUET L'IMMOBILIER;NDRC;Gentilly;94250;39 AVENUE PAUL VAILLANT-COUTURIER 94250 GENTILLY;Location-bail de propriété intellectuelle et de produits similaires, à l'exception des œuvres soumises à copyright;"Conseiller / Conseillère immobilier ; Attaché commercial / Attachée commerciale";Entreprise susceptible de recruter (candidature spontanée);;;Apprentissage, Professionnalisation;;;38901153700096;2;https://labonnealternance.apprentissage.beta.gouv.fr/emploi/recruteurs_lba/38901153700096/guy-hoquet-l-immobilier
IBIS PARIS PORTE D'ITALIE;MCO;Gentilly;94250;13 RUE DU VAL DE MARNE 94250 GENTILLY;Autre mise à disposition de ressources humaines;Chef / Cheffe de rayon produits alimentaires;Entreprise susceptible de recruter (candidature spontanée);;;Apprentissage, Professionnalisation;;;40326772701406;1;https://labonnealternance.apprentissage.beta.gouv.fr/emploi/recruteurs_lba/40326772701406/ibis-paris-porte-d-italie
INFOPRO DIGITAL - INFOPRO DIGITA AUTOMOTIVE;NDRC;Gentilly;94250;20 rue des Aqueducs 94250 GENTILLY;Activités des agences de presse;Responsable Commercial / Commerciale;Entreprise susceptible de recruter (candidature spontanée);;;Apprentissage, Professionnalisation;;;80642036000174;1;https://labonnealternance.apprentissage.beta.gouv.fr/emploi/recruteurs_lba/80642036000174/infopro-digital-infopro-digita-automotive
IPD;NDRC;Gentilly;94250;20 rue des Aqueducs 94250 GENTILLY;PROGRAMMATION INFORMATIQUE;Commercial / Commerciale export;Entreprise susceptible de recruter (candidature spontanée);;;Apprentissage, Professionnalisation;;;49072763300086;1;https://labonnealternance.apprentissage.beta.gouv.fr/emploi/recruteurs_lba/49072763300086/ipd
JEXPLORE;NDRC;Gentilly;94250;6 avenue de la Republique 94250 GENTILLY;PROGRAMMATION INFORMATIQUE;Commercial / Commerciale export;Entreprise susceptible de recruter (candidature spontanée);;;Apprentissage, Professionnalisation;;;88266361000021;1;https://labonnealternance.apprentissage.beta.gouv.fr/emploi/recruteurs_lba/88266361000021/jexplore
La Poste;NDRC;Gentilly;94250;65 rue Charles Frerot 94250 GENTILLY;Activités de poste dans le cadre d'une obligation de service universel;Responsable relation client (CRM);Entreprise susceptible de recruter (candidature spontanée);;;Apprentissage, Professionnalisation;;;35600000050871;1;https://labonnealternance.apprentissage.beta.gouv.fr/emploi/recruteurs_lba/35600000050871/la-poste
La Poste;NDRC;Gentilly;94250;3 avenue Gallieni 94250 GENTILLY;Activités de poste dans le cadre d'une obligation de service universel;Responsable relation client (CRM);Entreprise susceptible de recruter (candidature spontanée);;;Apprentissage, Professionnalisation;;;35600000050862;1;https://labonnealternance.apprentissage.beta.gouv.fr/emploi/recruteurs_lba/35600000050862/la-poste
LE MARCHE FRANPRIX;MCO;Gentilly;94250;30 RUE AUGUSTE BLANQUI 94250 GENTILLY;Supérettes;"Employé / Employée de rayon libre-service ; Hôte / Hôtesse de caisse ; Directeur / Directrice de magasin de grande distribution ; Vendeur / Vendeuse en épicerie ; Responsable de caisses ; Chef / Cheffe de rayon produits alimentaires";Entreprise susceptible de recruter (candidature spontanée);;;Apprentissage, Professionnalisation;;;50454956900011;6;https://labonnealternance.apprentissage.beta.gouv.fr/emploi/recruteurs_lba/50454956900011/le-marche-franprix
LOOMIS FX, GOLD AND SERVICES;NDRC;Gentilly;94250;79 rue Benoit Malon 94250 GENTILLY;Autres activités auxiliaires de services financiers, hors assurance et caisses de retraite, n.c.a.;"Courtier / Courtière en banque ; Conseiller / Conseillère en gestion de patrimoine";Entreprise susceptible de recruter (candidature spontanée);;;Apprentissage, Professionnalisation;;;35257293700188;2;https://labonnealternance.apprentissage.beta.gouv.fr/emploi/recruteurs_lba/35257293700188/loomis-fx-gold-and-services
MARCHES PUBLICS FRANCE;NDRC;Gentilly;94250;20 RUE DES AQUEDUCS 94250 GENTILLY;CONSEIL POUR LES AFFAIRES ET AUTRES CONSEILS DE GESTION;"Courtier / Courtière affrètement maritime ; Négociateur / Négociatrice affrètement";Offre publiée sur La bonne alternance;Négociateur / Négociatrice affrètement;CAP, BEP (Infrabac);Apprentissage, Professionnalisation;2026-09-16;;;2;https://labonnealternance.apprentissage.beta.gouv.fr/emploi/offres_emploi_lba/6aaaabbb1124e4727884a969/negociateur-negociatrice-affretement
MDNQ MANAGEMENT;NDRC;Gentilly;94250;40 avenue Raspail 94250 GENTILLY;Activités des sociétés holding;Conseiller / Conseillère immobilier;Entreprise susceptible de recruter (candidature spontanée);;;Apprentissage, Professionnalisation;;;88143614100017;1;https://labonnealternance.apprentissage.beta.gouv.fr/emploi/recruteurs_lba/88143614100017/mdnq-management
MSA ILE DE FRANCE;NDRC;Gentilly;94250;131 avenue Paul Vaillant Couturier 94250 GENTILLY;Activités générales de sécurité sociale;Conseiller / Conseillère clientèle à distance;Entreprise susceptible de recruter (candidature spontanée);;;Apprentissage, Professionnalisation;;;31080225100044;1;https://labonnealternance.apprentissage.beta.gouv.fr/emploi/recruteurs_lba/31080225100044/msa-ile-de-france
OHG;NDRC;Gentilly;94250;82 AVENUE RASPAIL 94250 GENTILLY;Services administratifs combinés de bureau;Conseiller / Conseillère immobilier;Entreprise susceptible de recruter (candidature spontanée);;;Apprentissage, Professionnalisation;;;84471852800020;1;https://labonnealternance.apprentissage.beta.gouv.fr/emploi/recruteurs_lba/84471852800020/ohg
ORVIF;MCO + NDRC;Gentilly;94250;24 avenue Jean Jaures 94250 GENTILLY;Commerce de gros (commerce interentreprises) d'appareils sanitaires et de produits de décoration;"Vendeur / Vendeuse grossiste en équipement du foyer ; Technico-commercial / Technico-commerciale ; Commercial / Commerciale auprès d'une clientèle d'entreprises ; Attaché commercial / Attachée commerciale";Entreprise susceptible de recruter (candidature spontanée);;;Apprentissage, Professionnalisation;;;64200930200026;4;https://labonnealternance.apprentissage.beta.gouv.fr/emploi/recruteurs_lba/64200930200026/orvif
PARIS SUD IMMOBILIER;NDRC;Gentilly;94250;1 rue des Champs Elysees 94250 GENTILLY;Administration d'immeubles et autres biens immobiliers;Conseiller / Conseillère immobilier;Entreprise susceptible de recruter (candidature spontanée);;;Apprentissage, Professionnalisation;;;43217723600010;1;https://labonnealternance.apprentissage.beta.gouv.fr/emploi/recruteurs_lba/43217723600010/paris-sud-immobilier
PULITA MANAGEMENT;NDRC;Gentilly;94250;31 Rue de la Div du General Leclerc 94250 Gentilly;Activités des sociétés holding;Conseiller / Conseillère immobilier;Entreprise susceptible de recruter (candidature spontanée);;;Apprentissage, Professionnalisation;;;75002868000031;1;https://labonnealternance.apprentissage.beta.gouv.fr/emploi/recruteurs_lba/75002868000031/pulita-management
RECOMMERCE SOLUTIONS;NDRC;Gentilly;94250;54 avenue Lenine 94250 GENTILLY;Commerce de gros (commerce interentreprises) de composants et d'équipements électroniques et de télécommunication;"Technico-commercial / Technico-commerciale ; Assistant commercial / Assistante commerciale";Entreprise susceptible de recruter (candidature spontanée);;;Apprentissage, Professionnalisation;;;51396940200033;2;https://labonnealternance.apprentissage.beta.gouv.fr/emploi/recruteurs_lba/51396940200033/recommerce-solutions
SERGENT;MCO;Gentilly;94250;113 AVENUE RASPAIL 94250 GENTILLY;Supermarchés;"Employé / Employée de rayon libre-service ; Directeur / Directrice de magasin de grande distribution ; Hôte / Hôtesse de caisse ; Responsable de caisses ; Chef / Cheffe de rayon produits alimentaires";Entreprise susceptible de recruter (candidature spontanée);;;Apprentissage, Professionnalisation;;;90482493500012;5;https://labonnealternance.apprentissage.beta.gouv.fr/emploi/recruteurs_lba/90482493500012/sergent
SIM EQUIPEMENTS;NDRC;Gentilly;94250;8 rue Dedouvre 94250 GENTILLY;Commerce de gros (commerce interentreprises) non spécialisé;"Technico-commercial / Technico-commerciale ; Assistant commercial / Assistante commerciale ; Conseiller / Conseillère en gestion de patrimoine ; Commercial itinérant / Commerciale itinérante en entreprise de commerce de gros";Entreprise susceptible de recruter (candidature spontanée);;;Apprentissage, Professionnalisation;;;98368156000014;4;https://labonnealternance.apprentissage.beta.gouv.fr/emploi/recruteurs_lba/98368156000014/sim-equipements
1001 SERVICES;NDRC;Ivry-Sur-Seine;94200;11 RUE MAURICE GRANDCOING 94200 IVRY-SUR-SEINE;PORTAILS INTERNET;Commercial / Commerciale grands comptes et entreprises;Entreprise susceptible de recruter (candidature spontanée);;;Apprentissage, Professionnalisation;;;43008524100031;1;https://labonnealternance.apprentissage.beta.gouv.fr/emploi/recruteurs_lba/43008524100031/1001-services
AJM;MCO;Ivry-Sur-Seine;94200;67 BOULEVARD PAUL VAILLANT COUTURIE 94200 IVRY-SUR-SEINE;Autres activités de soutien aux entreprises n.c.a.;Animateur / Animatrice des ventes;Entreprise susceptible de recruter (candidature spontanée);;;Apprentissage, Professionnalisation;;;91174082700017;1;https://labonnealternance.apprentissage.beta.gouv.fr/emploi/recruteurs_lba/91174082700017/ajm
ANWR FRANCE;MCO + NDRC;Ivry-Sur-Seine;94200;6 rue Andre Voguet 94200 IVRY-SUR-SEINE;Centrales d'achat non alimentaires;"Responsable de boutique ; Vendeur / Vendeuse d'articles de sport et loisirs ; Vendeur / Vendeuse conseil en jardinerie ; Chef / Cheffe de secteur magasin ; Conseiller commercial / Conseillère commerciale auprès des particuliers";Entreprise susceptible de recruter (candidature spontanée);;;Apprentissage, Professionnalisation;;;38246440200041;5;https://labonnealternance.apprentissage.beta.gouv.fr/emploi/recruteurs_lba/38246440200041/anwr-france
ARTIS;MCO + NDRC;Ivry-Sur-Seine;94200;50 BOULEVARD DU COLONEL FABIEN 94200 IVRY-SUR-SEINE;Commerce de détail d'autres équipements du foyer;"Vendeur / Vendeuse en équipement de la maison ; Employé / Employée de rayon libre-service ; Responsable de boutique ; Hôte / Hôtesse de caisse ; Vendeur / Vendeuse grossiste en équipement du foyer ; Conseiller commercial / Conseillère commerciale auprès des particuliers";Entreprise susceptible de recruter (candidature spontanée);;;Apprentissage, Professionnalisation;;;41754347700034;6;https://labonnealternance.apprentissage.beta.gouv.fr/emploi/recruteurs_lba/41754347700034/artis
ASSUR O'POIL;NDRC;Ivry-Sur-Seine;94200;51 rue Hoche 94200 IVRY-SUR-SEINE;Activités des agents et courtiers d'assurances;"Conseiller / Conseillère en assurances ; Conseiller / Conseillère en gestion de patrimoine";Entreprise susceptible de recruter (candidature spontanée);;;Apprentissage, Professionnalisation;;;39532505300019;2;https://labonnealternance.apprentissage.beta.gouv.fr/emploi/recruteurs_lba/39532505300019/assur-o-poil
B & B HOTELS;NDRC;Ivry-Sur-Seine;94200;3 RUE CHARLES LEROY 94200 IVRY-SUR-SEINE;LOCATION DE TERRAINS ET D'AUTRES BIENS IMMOBILIERS;"Conseiller / Conseillère immobilier ; Conseiller commercial / Conseillère commerciale auprès des particuliers";Entreprise susceptible de recruter (candidature spontanée);;;Apprentissage, Professionnalisation;;;37804750001648;2;https://labonnealternance.apprentissage.beta.gouv.fr/emploi/recruteurs_lba/37804750001648/b-b-hotels
BANQUE POPULAIRE RIVES DE PARIS;NDRC;Ivry-Sur-Seine;94200;97 AVENUE GEORGES GOSNAT 94200 IVRY-SUR-SEINE;Autres intermédiations monétaires;"Conseiller / Conseillère de clientèle bancaire ; Chargé / Chargée d'accueil en banque ; Conseiller / Conseillère en gestion de patrimoine";Entreprise susceptible de recruter (candidature spontanée);;;Apprentissage, Professionnalisation;;;55200231301193;3;https://labonnealternance.apprentissage.beta.gouv.fr/emploi/recruteurs_lba/55200231301193/banque-populaire-rives-de-paris
BNP Paribas;NDRC;Ivry-Sur-Seine;94200;76 avenue Georges Gosnat 94200 IVRY-SUR-SEINE;Autres intermédiations monétaires;"Conseiller / Conseillère de clientèle bancaire ; Chargé / Chargée d'accueil en banque ; Conseiller / Conseillère en gestion de patrimoine";Entreprise susceptible de recruter (candidature spontanée);;;Apprentissage, Professionnalisation;;;66204244910906;3;https://labonnealternance.apprentissage.beta.gouv.fr/emploi/recruteurs_lba/66204244910906/bnp-paribas
CABINET JEAN HAMEON;NDRC;Ivry-Sur-Seine;94200;2 rue Louis Rousseau 94200 IVRY-SUR-SEINE;Administration d'immeubles et autres biens immobiliers;Conseiller / Conseillère immobilier;Entreprise susceptible de recruter (candidature spontanée);;;Apprentissage, Professionnalisation;;;30933188200022;1;https://labonnealternance.apprentissage.beta.gouv.fr/emploi/recruteurs_lba/30933188200022/cabinet-jean-hameon
CARREFOUR CITY;MCO;Ivry-Sur-Seine;94200;43 avenue de l Industrie 94200 IVRY-SUR-SEINE;Supermarchés;"Employé / Employée de rayon libre-service ; Directeur / Directrice de magasin de grande distribution ; Hôte / Hôtesse de caisse ; Responsable de caisses ; Chef / Cheffe de rayon produits alimentaires";Entreprise susceptible de recruter (candidature spontanée);;;Apprentissage, Professionnalisation;;;92102325500018;5;https://labonnealternance.apprentissage.beta.gouv.fr/emploi/recruteurs_lba/92102325500018/carrefour-city
CENTRALE EDITIONS DIFFUSION;NDRC;Ivry-Sur-Seine;94200;128 B AV JEAN JAURES 94200 IVRY-SUR-SEINE;Intermédiaires spécialisés dans le commerce d'autres produits spécifiques;"Cadre Technico-commercial / Technico-commerciale ; Technico-commercial / Technico-commerciale ; Attaché commercial / Attachée commerciale";Entreprise susceptible de recruter (candidature spontanée);;;Apprentissage, Professionnalisation;;;35196978700032;3;https://labonnealternance.apprentissage.beta.gouv.fr/emploi/recruteurs_lba/35196978700032/centrale-editions-diffusion
CIC IVRY SUR SEINE;NDRC;Ivry-Sur-Seine;94200;6 rue Raspail 94200 IVRY-SUR-SEINE;Autres intermédiations monétaires;"Conseiller / Conseillère de clientèle bancaire ; Chargé / Chargée d'accueil en banque ; Conseiller / Conseillère en gestion de patrimoine";Entreprise susceptible de recruter (candidature spontanée);;;Apprentissage, Professionnalisation;;;54201638102391;3;https://labonnealternance.apprentissage.beta.gouv.fr/emploi/recruteurs_lba/54201638102391/cic-ivry-sur-seine
CODIREP SNC;MCO + NDRC;Ivry-Sur-Seine;94200;9 rue des Bateaux Lavoirs 94200 IVRY-SUR-SEINE;Commerce de détail d'appareils électroménagers en magasin spécialisé;"Vendeur / Vendeuse en équipement de la maison ; Conseiller commercial / Conseillère commerciale auprès des particuliers ; Responsable relation client (CRM)";Entreprise susceptible de recruter (candidature spontanée);;;Apprentissage, Professionnalisation;;;34328238000272;3;https://labonnealternance.apprentissage.beta.gouv.fr/emploi/recruteurs_lba/34328238000272/codirep-snc
COMPAGNIE EUROPEENNE D'IMPORT EXPORT;NDRC;Ivry-Sur-Seine;94200;26 BOULEVARD PAUL VAILLANT COUTURIE 94200 IVRY-SUR-SEINE;Commerce de gros (commerce interentreprises) de bois et de matériaux de construction;"Technico-commercial / Technico-commerciale ; Commercial itinérant / Commerciale itinérante en entreprise de commerce de gros";Entreprise susceptible de recruter (candidature spontanée);;;Apprentissage, Professionnalisation;;;35239545300066;2;https://labonnealternance.apprentissage.beta.gouv.fr/emploi/recruteurs_lba/35239545300066/compagnie-europeenne-d-import-export
COUCOU CONCEPT;NDRC;Ivry-Sur-Seine;94200;12 avenue Maurice Thorez 94200 IVRY-SUR-SEINE;EDITION DE LOGICIELS APPLICATIFS;"Responsable Commercial / Commerciale ; Chargé / Chargée de relation client";Entreprise susceptible de recruter (candidature spontanée);;;Apprentissage, Professionnalisation;;;83205736800025;2;https://labonnealternance.apprentissage.beta.gouv.fr/emploi/recruteurs_lba/83205736800025/coucou-concept
CREDIT LYONNAIS;NDRC;Ivry-Sur-Seine;94200;95 avenue Georges Gosnat 94200 IVRY-SUR-SEINE;Autres intermédiations monétaires;"Conseiller / Conseillère de clientèle bancaire ; Chargé / Chargée d'accueil en banque ; Conseiller / Conseillère en gestion de patrimoine";Entreprise susceptible de recruter (candidature spontanée);;;Apprentissage, Professionnalisation;;;95450974122379;3;https://labonnealternance.apprentissage.beta.gouv.fr/emploi/recruteurs_lba/95450974122379/credit-lyonnais
CREDIT MUTUEL;NDRC;Ivry-Sur-Seine;94200;140 avenue Danielle Casanova 94200 IVRY-SUR-SEINE;Autres intermédiations monétaires;"Conseiller / Conseillère de clientèle bancaire ; Chargé / Chargée d'accueil en banque ; Conseiller / Conseillère en gestion de patrimoine";Entreprise susceptible de recruter (candidature spontanée);;;Apprentissage, Professionnalisation;;;69204371402229;3;https://labonnealternance.apprentissage.beta.gouv.fr/emploi/recruteurs_lba/69204371402229/credit-mutuel
DISTRIBUTION AMENAGEMENT ET ISOLATION;NDRC;Ivry-Sur-Seine;94200;51 rue Barbes 94200 IVRY-SUR-SEINE;Commerce de gros (commerce interentreprises) de bois et de matériaux de construction;"Technico-commercial / Technico-commerciale ; Commercial itinérant / Commerciale itinérante en entreprise de commerce de gros";Entreprise susceptible de recruter (candidature spontanée);;;Apprentissage, Professionnalisation;;;05781296800576;2;https://labonnealternance.apprentissage.beta.gouv.fr/emploi/recruteurs_lba/05781296800576/distribution-amenagement-et-isolation
DOCAPOSTE BPO;NDRC;Ivry-Sur-Seine;94200;45 bd Paul Vaillant Couturier 94200 IVRY-SUR-SEINE;Traitement de données, hébergement et activités connexes;Conseiller / Conseillère en gestion de patrimoine;Entreprise susceptible de recruter (candidature spontanée);;;Apprentissage, Professionnalisation;;;32021714401229;1;https://labonnealternance.apprentissage.beta.gouv.fr/emploi/recruteurs_lba/32021714401229/docaposte-bpo
DOCAPOSTE CSP;MCO;Ivry-Sur-Seine;94200;45 bd Paul Vaillant Couturier 94200 IVRY-SUR-SEINE;Autres activités de soutien aux entreprises n.c.a.;Animateur / Animatrice des ventes;Entreprise susceptible de recruter (candidature spontanée);;;Apprentissage, Professionnalisation;;;51109667900051;1;https://labonnealternance.apprentissage.beta.gouv.fr/emploi/recruteurs_lba/51109667900051/docaposte-csp
DOCAPOSTE DPS;NDRC;Ivry-Sur-Seine;94200;45 bd Paul Vaillant Couturier 94200 IVRY-SUR-SEINE;Traitement de données, hébergement et activités connexes;Conseiller / Conseillère en gestion de patrimoine;Entreprise susceptible de recruter (candidature spontanée);;;Apprentissage, Professionnalisation;;;31470405700376;1;https://labonnealternance.apprentissage.beta.gouv.fr/emploi/recruteurs_lba/31470405700376/docaposte-dps
DOCAPOSTE IOT;NDRC;Ivry-Sur-Seine;94200;45 BOULEVARD PAUL VAILLANT COUTURIE 94200 IVRY-SUR-SEINE;PROGRAMMATION INFORMATIQUE;Commercial / Commerciale export;Entreprise susceptible de recruter (candidature spontanée);;;Apprentissage, Professionnalisation;;;80815418100032;1;https://labonnealternance.apprentissage.beta.gouv.fr/emploi/recruteurs_lba/80815418100032/docaposte-iot
ELAB;NDRC;Ivry-Sur-Seine;94200;12 VILLA DES SORBIERS 94200 IVRY-SUR-SEINE;Activités des agents et courtiers d'assurances;"Conseiller / Conseillère en assurances ; Conseiller / Conseillère en gestion de patrimoine";Entreprise susceptible de recruter (candidature spontanée);;;Apprentissage, Professionnalisation;;;89413311500010;2;https://labonnealternance.apprentissage.beta.gouv.fr/emploi/recruteurs_lba/89413311500010/elab
EMULSION;MCO + NDRC;Ivry-Sur-Seine;94200;11 RUE MAURICE GRANDCOING 94200 IVRY-SUR-SEINE;Commerce de gros (commerce interentreprises) de vaisselle, verrerie et produits d'entretien;"Chef / Cheffe des ventes ; Commercial / Commerciale grands comptes et entreprises ; Commercial / Commerciale export";Entreprise susceptible de recruter (candidature spontanée);;;Apprentissage, Professionnalisation;;;80738414400026;3;https://labonnealternance.apprentissage.beta.gouv.fr/emploi/recruteurs_lba/80738414400026/emulsion
ENVIE DE LIRE;MCO;Ivry-Sur-Seine;94200;16 rue Gabriel Peri 94200 IVRY-SUR-SEINE;Commerce de détail de livres en magasin spécialisé;"Vendeur / Vendeuse de produits culturels et ludiques ; Hôte / Hôtesse de caisse ; Chef / Cheffe de rayon de produits non alimentaires ; Chef / Cheffe de secteur magasin";Entreprise susceptible de recruter (candidature spontanée);;;Apprentissage, Professionnalisation;;;42332419300014;4;https://labonnealternance.apprentissage.beta.gouv.fr/emploi/recruteurs_lba/42332419300014/envie-de-lire
EPIPHANIE PRESTIGE - EPIPHANIE PREMIUM;NDRC;Ivry-Sur-Seine;94200;51 RUE HOCHE 94200 IVRY-SUR-SEINE;Commerce de gros (commerce interentreprises) non spécialisé;"Technico-commercial / Technico-commerciale ; Assistant commercial / Assistante commerciale ; Conseiller / Conseillère en gestion de patrimoine";Entreprise susceptible de recruter (candidature spontanée);;;Apprentissage, Professionnalisation;;;79779538200036;3;https://labonnealternance.apprentissage.beta.gouv.fr/emploi/recruteurs_lba/79779538200036/epiphanie-prestige-epiphanie-premium
"EPIPHANIE-PREMIUM ; EPIPHANIE-PRESTIGE";NDRC;Ivry-Sur-Seine;94200;51 rue Hoche 94200 IVRY-SUR-SEINE;Commerce de gros (commerce interentreprises) non spécialisé;"Technico-commercial / Technico-commerciale ; Assistant commercial / Assistante commerciale ; Conseiller / Conseillère en gestion de patrimoine";Entreprise susceptible de recruter (candidature spontanée);;;Apprentissage, Professionnalisation;;;82131776500021;3;https://labonnealternance.apprentissage.beta.gouv.fr/emploi/recruteurs_lba/82131776500021/epiphanie-premium-epiphanie-prestige
ESPACE, ASSISTANCE, DEVELOPPEMENT ET SUPPORT - EADS;MCO;Ivry-Sur-Seine;94200;19 bd Paul Vaillant Couturier 94200 IVRY-SUR-SEINE;Autres activités de soutien aux entreprises n.c.a.;Animateur / Animatrice des ventes;Entreprise susceptible de recruter (candidature spontanée);;;Apprentissage, Professionnalisation;;;93183609200011;1;https://labonnealternance.apprentissage.beta.gouv.fr/emploi/recruteurs_lba/93183609200011/espace-assistance-developpement-et-support-eads
ETABLISSEMENT DE COMMUNICATION ET DE PRODUCTION AUDIOVISUELLE DE LA DEFENSE;NDRC;Ivry-Sur-Seine;94200;2 ROUTE DU FORT 94200 IVRY-SUR-SEINE;Production de films institutionnels et publicitaires;Directeur commercial / Directrice commerciale;Entreprise susceptible de recruter (candidature spontanée);;;Apprentissage, Professionnalisation;;;18009223100018;1;https://labonnealternance.apprentissage.beta.gouv.fr/emploi/recruteurs_lba/18009223100018/etablissement-de-communication-et-de-production-audiovisuelle-de-la-defense
ETABLISSEMENTS DARTY ET FILS;MCO + NDRC;Ivry-Sur-Seine;94200;9 rue des Bateaux Lavoirs 94200 IVRY-SUR-SEINE;Commerce de détail d'appareils électroménagers en magasin spécialisé;"Vendeur / Vendeuse en équipement de la maison ; Conseiller commercial / Conseillère commerciale auprès des particuliers ; Responsable relation client (CRM)";Entreprise susceptible de recruter (candidature spontanée);;;Apprentissage, Professionnalisation;;;54208661601736;3;https://labonnealternance.apprentissage.beta.gouv.fr/emploi/recruteurs_lba/54208661601736/etablissements-darty-et-fils
EURO TRADE;NDRC;Ivry-Sur-Seine;94200;26 BOULEVARD PAUL VAILLANT COUTURIE 94200 IVRY-SUR-SEINE;Commerce de gros (commerce interentreprises) de bois et de matériaux de construction;"Technico-commercial / Technico-commerciale ; Commercial itinérant / Commerciale itinérante en entreprise de commerce de gros";Entreprise susceptible de recruter (candidature spontanée);;;Apprentissage, Professionnalisation;;;38341433100041;2;https://labonnealternance.apprentissage.beta.gouv.fr/emploi/recruteurs_lba/38341433100041/euro-trade
FHC COSMETICS;MCO;Ivry-Sur-Seine;94200;49 RUE JEAN-JACQUES ROUSSEAU 94200 IVRY-SUR-SEINE;Commerce de détail de parfumerie et de produits de beauté en magasin spécialisé;"Responsable de boutique ; Employé / Employée de rayon libre-service";Entreprise susceptible de recruter (candidature spontanée);;;Apprentissage, Professionnalisation;;;93044938400013;2;https://labonnealternance.apprentissage.beta.gouv.fr/emploi/recruteurs_lba/93044938400013/fhc-cosmetics
FILMAR;NDRC;Ivry-Sur-Seine;94200;29B rue Jean Jacques Rousseau 94200 IVRY-SUR-SEINE;Production de films institutionnels et publicitaires;Directeur commercial / Directrice commerciale;Entreprise susceptible de recruter (candidature spontanée);;;Apprentissage, Professionnalisation;;;80494317300026;1;https://labonnealternance.apprentissage.beta.gouv.fr/emploi/recruteurs_lba/80494317300026/filmar
FINE ART CUBE SARL;NDRC;Ivry-Sur-Seine;94200;40 RUE JULES VANZUPPE 94200 IVRY-SUR-SEINE;Autre création artistique;Commercial / Commerciale auprès d'une clientèle d'entreprises;Entreprise susceptible de recruter (candidature spontanée);;;Apprentissage, Professionnalisation;;;80149505200012;1;https://labonnealternance.apprentissage.beta.gouv.fr/emploi/recruteurs_lba/80149505200012/fine-art-cube-sarl
FLUOW;MCO + NDRC;Ivry-Sur-Seine;94200;22 rue Robert Witchitz 94200 IVRY-SUR-SEINE;Commerce de détail d'articles de sport en magasin spécialisé;"Vendeur / Vendeuse d'articles de sport et loisirs ; Hôte / Hôtesse de caisse ; Chef / Cheffe de rayon de produits non alimentaires ; Vendeur / Vendeuse en prêt-à-porter ; Vendeur / Vendeuse grossiste en équipement du foyer";Entreprise susceptible de recruter (candidature spontanée);;;Apprentissage, Professionnalisation;;;84473126500022;5;https://labonnealternance.apprentissage.beta.gouv.fr/emploi/recruteurs_lba/84473126500022/fluow
FNAC DARTY PARTICIPATIONS ET SERVICES;MCO + NDRC;Ivry-Sur-Seine;94200;27 RUE VICTOR HUGO 94200 IVRY-SUR-SEINE;Centrales d'achat non alimentaires;"Responsable de boutique ; Vendeur / Vendeuse d'articles de sport et loisirs ; Vendeur / Vendeuse conseil en jardinerie ; Chef / Cheffe de secteur magasin ; Conseiller commercial / Conseillère commerciale auprès des particuliers";Entreprise susceptible de recruter (candidature spontanée);;;Apprentissage, Professionnalisation;;;77566139000796;5;https://labonnealternance.apprentissage.beta.gouv.fr/emploi/recruteurs_lba/77566139000796/fnac-darty-participations-et-services
FNAC PARIS;MCO + NDRC;Ivry-Sur-Seine;94200;9 rue des Bateaux Lavoirs 94200 IVRY-SUR-SEINE;Commerce de détail d'appareils électroménagers en magasin spécialisé;"Vendeur / Vendeuse en équipement de la maison ; Conseiller commercial / Conseillère commerciale auprès des particuliers ; Responsable relation client (CRM)";Entreprise susceptible de recruter (candidature spontanée);;;Apprentissage, Professionnalisation;;;35012746000284;3;https://labonnealternance.apprentissage.beta.gouv.fr/emploi/recruteurs_lba/35012746000284/fnac-paris
Franprix;MCO;Ivry-Sur-Seine;94200;15 BOULEVARD DE BRANDEBOURG 94200 IVRY-SUR-SEINE;Commerce d'alimentation générale;"Employé / Employée de rayon libre-service ; Vendeur / Vendeuse en épicerie ; Hôte / Hôtesse de caisse ; Chef / Cheffe de rayon produits alimentaires ; Directeur / Directrice de magasin de grande distribution ; Gérant / Gérante de magasin d'alimentation générale";Entreprise susceptible de recruter (candidature spontanée);;;Apprentissage, Professionnalisation;;;82827102300016;6;https://labonnealternance.apprentissage.beta.gouv.fr/emploi/recruteurs_lba/82827102300016/franprix
GARAGE DANIELLE CASANOVA;MCO + NDRC;Ivry-Sur-Seine;94200;53 AVENUE DANIELLE CASANOVA 94200 IVRY-SUR-SEINE;Commerce de voitures et de véhicules automobiles légers;"Vendeur / Vendeuse automobile ; Conseiller / Conseillère client après-vente des véhicules";Entreprise susceptible de recruter (candidature spontanée);;;Apprentissage, Professionnalisation;;;56207626500023;2;https://labonnealternance.apprentissage.beta.gouv.fr/emploi/recruteurs_lba/56207626500023/garage-danielle-casanova
GLOBAL CHARGER;MCO + NDRC;Ivry-Sur-Seine;94200;52 avenue Pierre Semard 94200 IVRY-SUR-SEINE;Commerce de gros (commerce interentreprises) d'ordinateurs, d'équipements informatiques périphériques et de logiciels;"Consultant / Consultante avant-vente ; Cadre Technico-commercial / Technico-commerciale";Entreprise susceptible de recruter (candidature spontanée);;;Apprentissage, Professionnalisation;;;81216928200025;2;https://labonnealternance.apprentissage.beta.gouv.fr/emploi/recruteurs_lba/81216928200025/global-charger
GUY HOQUET L'IMMOBILIER;NDRC;Ivry-Sur-Seine;94200;25 BOULEVARD DE BRANDEBOURG 94200 IVRY-SUR-SEINE;Agences immobilières;Conseiller / Conseillère immobilier;Entreprise susceptible de recruter (candidature spontanée);;;Apprentissage, Professionnalisation;;;89902163800015;1;https://labonnealternance.apprentissage.beta.gouv.fr/emploi/recruteurs_lba/89902163800015/guy-hoquet-l-immobilier
HD DISTRIBUTION;MCO;Ivry-Sur-Seine;94200;22 PROMENEE MARAT 94200 IVRY-SUR-SEINE;Supermarchés;"Employé / Employée de rayon libre-service ; Directeur / Directrice de magasin de grande distribution ; Hôte / Hôtesse de caisse ; Responsable de caisses ; Chef / Cheffe de rayon produits alimentaires";Entreprise susceptible de recruter (candidature spontanée);;;Apprentissage, Professionnalisation;;;88242413800015;5;https://labonnealternance.apprentissage.beta.gouv.fr/emploi/recruteurs_lba/88242413800015/hd-distribution
HESUS FRANCE;NDRC;Ivry-Sur-Seine;94200;33 boulevard de Brandebourg 94200 IVRY-SUR-SEINE;Commerce de gros (commerce interentreprises) non spécialisé;"Technico-commercial / Technico-commerciale ; Assistant commercial / Assistante commerciale ; Conseiller / Conseillère en gestion de patrimoine";Entreprise susceptible de recruter (candidature spontanée);;;Apprentissage, Professionnalisation;;;78881112300025;3;https://labonnealternance.apprentissage.beta.gouv.fr/emploi/recruteurs_lba/78881112300025/hesus-france
HOWDENS CUISINES;MCO + NDRC;Ivry-Sur-Seine;94200;102 AVENUE JEAN JAURES 94200 IVRY-SUR-SEINE;Commerce de gros (commerce interentreprises) de meubles, de tapis et d'appareils d'éclairage;"Vendeur / Vendeuse en équipement de la maison ; Attaché commercial / Attachée commerciale";Entreprise susceptible de recruter (candidature spontanée);;;Apprentissage, Professionnalisation;;;47758896600317;2;https://labonnealternance.apprentissage.beta.gouv.fr/emploi/recruteurs_lba/47758896600317/howdens-cuisines
INTERMARCHE;MCO;Ivry-Sur-Seine;94200;1bis Rue Barbès 94200 Ivry-sur-Seine;Commerce d'alimentation générale;"Employé / Employée de rayon libre-service ; Vendeur / Vendeuse en épicerie ; Hôte / Hôtesse de caisse ; Chef / Cheffe de rayon produits alimentaires ; Directeur / Directrice de magasin de grande distribution ; Gérant / Gérante de magasin d'alimentation générale";Entreprise susceptible de recruter (candidature spontanée);;;Apprentissage, Professionnalisation;;;82985220100021;6;https://labonnealternance.apprentissage.beta.gouv.fr/emploi/recruteurs_lba/82985220100021/intermarche
IPSI;NDRC;Ivry-Sur-Seine;94200;12 RUE TRUILLOT 94200 IVRY-SUR-SEINE;Commerce de gros (commerce interentreprises) de fournitures et équipements industriels divers;"Technico-commercial / Technico-commerciale ; Attaché commercial / Attachée commerciale";Entreprise susceptible de recruter (candidature spontanée);;;Apprentissage, Professionnalisation;;;34136142600230;2;https://labonnealternance.apprentissage.beta.gouv.fr/emploi/recruteurs_lba/34136142600230/ipsi
JEN'S MOBILES ACCESSORIES;MCO + NDRC;Ivry-Sur-Seine;94200;14 rue Jules Vanzuppe 94200 IVRY-SUR-SEINE;Commerce de gros (commerce interentreprises) d'ordinateurs, d'équipements informatiques périphériques et de logiciels;"Consultant / Consultante avant-vente ; Cadre Technico-commercial / Technico-commerciale";Entreprise susceptible de recruter (candidature spontanée);;;Apprentissage, Professionnalisation;;;50005315200046;2;https://labonnealternance.apprentissage.beta.gouv.fr/emploi/recruteurs_lba/50005315200046/jen-s-mobiles-accessories
K D I BERDIN;NDRC;Ivry-Sur-Seine;94200;28 RUE LENINE 94200 IVRY-SUR-SEINE;Commerce de gros (commerce interentreprises) de minerais et métaux;"Commercial itinérant / Commerciale itinérante en entreprise de commerce de gros ; Attaché commercial / Attachée commerciale";Entreprise susceptible de recruter (candidature spontanée);;;Apprentissage, Professionnalisation;;;35264550100912;2;https://labonnealternance.apprentissage.beta.gouv.fr/emploi/recruteurs_lba/35264550100912/k-d-i-berdin
KAVIARI;NDRC;Ivry-Sur-Seine;94200;3 ALLEE DE LA SEINE 94200 IVRY-SUR-SEINE;Services administratifs combinés de bureau;Conseiller / Conseillère immobilier;Entreprise susceptible de recruter (candidature spontanée);;;Apprentissage, Professionnalisation;;;31573419400147;1;https://labonnealternance.apprentissage.beta.gouv.fr/emploi/recruteurs_lba/31573419400147/kaviari
KAYSER;MCO;Ivry-Sur-Seine;94200;47 RUE MIRABEAU 94200 IVRY-SUR-SEINE;Boulangerie et boulangerie-pâtisserie;Vendeur / Vendeuse en épicerie;Entreprise susceptible de recruter (candidature spontanée);;;Apprentissage, Professionnalisation;;;52022049200026;1;https://labonnealternance.apprentissage.beta.gouv.fr/emploi/recruteurs_lba/52022049200026/kayser
KNOWMORE;NDRC;Ivry-Sur-Seine;94200;1 RUE PAUL MAZY 94200 IVRY-SUR-SEINE;PROGRAMMATION INFORMATIQUE;Commercial / Commerciale export;Entreprise susceptible de recruter (candidature spontanée);;;Apprentissage, Professionnalisation;;;43785841800019;1;https://labonnealternance.apprentissage.beta.gouv.fr/emploi/recruteurs_lba/43785841800019/knowmore
LA CLEF PRODUCTION;NDRC;Ivry-Sur-Seine;94200;84 rue Moliere 94200 IVRY-SUR-SEINE;Production de films institutionnels et publicitaires;Directeur commercial / Directrice commerciale;Entreprise susceptible de recruter (candidature spontanée);;;Apprentissage, Professionnalisation;;;79492320100030;1;https://labonnealternance.apprentissage.beta.gouv.fr/emploi/recruteurs_lba/79492320100030/la-clef-production
LA COUR CYCLETTE;NDRC;Ivry-Sur-Seine;94200;40 rue Marat 94200 IVRY-SUR-SEINE;Commerce et réparation de motocycles;"Conseiller commercial / Conseillère commerciale motocycles ; Conseiller / Conseillère client après-vente des véhicules";Entreprise susceptible de recruter (candidature spontanée);;;Apprentissage, Professionnalisation;;;83057399400035;2;https://labonnealternance.apprentissage.beta.gouv.fr/emploi/recruteurs_lba/83057399400035/la-cour-cyclette
LA GENERALE DU LIVRE;MCO + NDRC;Ivry-Sur-Seine;94200;128B avenue Jean Jaures 94200 IVRY-SUR-SEINE;COMMERCE DE GROS (COMMERCE INTERENTREPRISES) D'AUTRES BIENS DOMESTIQUES;"Assistant / Assistante administration des ventes ; Assistant commercial / Assistante commerciale";Entreprise susceptible de recruter (candidature spontanée);;;Apprentissage, Professionnalisation;;;51324070500030;2;https://labonnealternance.apprentissage.beta.gouv.fr/emploi/recruteurs_lba/51324070500030/la-generale-du-livre
LA PLATEFORME DU BATIMENT;NDRC;Ivry-Sur-Seine;94200;31 quai Marcel Boyer 94200 IVRY-SUR-SEINE;Commerce de gros (commerce interentreprises) de bois et de matériaux de construction;"Technico-commercial / Technico-commerciale ; Commercial itinérant / Commerciale itinérante en entreprise de commerce de gros";Entreprise susceptible de recruter (candidature spontanée);;;Apprentissage, Professionnalisation;;;40310425000838;2;https://labonnealternance.apprentissage.beta.gouv.fr/emploi/recruteurs_lba/40310425000838/la-plateforme-du-batiment
La Poste;NDRC;Ivry-Sur-Seine;94200;134 avenue Danielle Casanova 94200 IVRY-SUR-SEINE;Activités de poste dans le cadre d'une obligation de service universel;Responsable relation client (CRM);Entreprise susceptible de recruter (candidature spontanée);;;Apprentissage, Professionnalisation;;;35600000051069;1;https://labonnealternance.apprentissage.beta.gouv.fr/emploi/recruteurs_lba/35600000051069/la-poste
La Poste;NDRC;Ivry-Sur-Seine;94200;45 bd Paul Vaillant Couturier 94200 IVRY-SUR-SEINE;Activités de poste dans le cadre d'une obligation de service universel;Responsable relation client (CRM);Entreprise susceptible de recruter (candidature spontanée);;;Apprentissage, Professionnalisation;;;35600000051096;1;https://labonnealternance.apprentissage.beta.gouv.fr/emploi/recruteurs_lba/35600000051096/la-poste
La Poste;NDRC;Ivry-Sur-Seine;94200;2 rue Truillot 94200 IVRY-SUR-SEINE;Activités de poste dans le cadre d'une obligation de service universel;Responsable relation client (CRM);Entreprise susceptible de recruter (candidature spontanée);;;Apprentissage, Professionnalisation;;;35600000051078;1;https://labonnealternance.apprentissage.beta.gouv.fr/emploi/recruteurs_lba/35600000051078/la-poste
La Poste;NDRC;Ivry-Sur-Seine;94200;47 rue Ernest Renan 94200 IVRY-SUR-SEINE;Activités de poste dans le cadre d'une obligation de service universel;Responsable relation client (CRM);Entreprise susceptible de recruter (candidature spontanée);;;Apprentissage, Professionnalisation;;;35600000051104;1;https://labonnealternance.apprentissage.beta.gouv.fr/emploi/recruteurs_lba/35600000051104/la-poste
LE BLE D'OR;MCO;Ivry-Sur-Seine;94200;66 BOULEVARD PAUL VAILLANT COUTURIE 94200 IVRY-SUR-SEINE;Boulangerie et boulangerie-pâtisserie;Vendeur / Vendeuse en épicerie;Entreprise susceptible de recruter (candidature spontanée);;;Apprentissage, Professionnalisation;;;89130749800016;1;https://labonnealternance.apprentissage.beta.gouv.fr/emploi/recruteurs_lba/89130749800016/le-ble-d-or
LE FROID ATELIER;NDRC;Ivry-Sur-Seine;94200;14 RUE JULES VANZUPPE 94200 IVRY-SUR-SEINE;Commerce de gros (commerce interentreprises) de fournitures et équipements divers pour le commerce et les services;"Cadre Technico-commercial / Technico-commerciale ; Technico-commercial / Technico-commerciale ; Assistant commercial / Assistante commerciale";Entreprise susceptible de recruter (candidature spontanée);;;Apprentissage, Professionnalisation;;;38147684500098;3;https://labonnealternance.apprentissage.beta.gouv.fr/emploi/recruteurs_lba/38147684500098/le-froid-atelier
Le Froid Pecomark;NDRC;Ivry-Sur-Seine;94200;94200 Ivry-sur-Seine;Commerce de gros (commerce interentreprises) de fournitures et équipements divers pour le commerce et les services;"Technico-commercial / Technico-commerciale ; Apprenti Technico-Commercial Sédentaire H/F";Offre partenaire (France Travail…);Apprenti Technico-Commercial Sédentaire H/F;BTS, DEUST (Bac+2);Apprentissage, Professionnalisation;2026-09-17;;;2;https://labonnealternance.apprentissage.beta.gouv.fr/emploi/offres_emploi_partenaires/6a84d83adadca94871705b9b/apprenti-technico-commercial-sedentaire-h-f
LE MISTRAL;MCO;Ivry-Sur-Seine;94200;18 rue Gaston Monmousseau 94200 IVRY-SUR-SEINE;Boulangerie et boulangerie-pâtisserie;Vendeur / Vendeuse en épicerie;Entreprise susceptible de recruter (candidature spontanée);;;Apprentissage, Professionnalisation;;;82767822800012;1;https://labonnealternance.apprentissage.beta.gouv.fr/emploi/recruteurs_lba/82767822800012/le-mistral
Leroy Merlin;MCO + NDRC;Ivry-Sur-Seine;94200;2 RUE FRANCOIS MITTERRAND 94200 IVRY-SUR-SEINE;Commerce de détail de quincaillerie, peintures et verres en grandes surfaces (400 m2et plus);"Hôte / Hôtesse de caisse ; Vendeur / Vendeuse en équipement de la maison ; Vendeur / Vendeuse conseil en jardinerie ; Vendeur / Vendeuse grossiste en équipement du foyer ; Chef / Cheffe de secteur magasin ; Chef / Cheffe de rayon de produits non alimentaires";Entreprise susceptible de recruter (candidature spontanée);;;Apprentissage, Professionnalisation;;;38456094201167;6;https://labonnealternance.apprentissage.beta.gouv.fr/emploi/recruteurs_lba/38456094201167/leroy-merlin
LIDL;MCO;Ivry-Sur-Seine;94200;11 avenue Pierre Semard 94200 IVRY-SUR-SEINE;Supermarchés;"Employé / Employée de rayon libre-service ; Directeur / Directrice de magasin de grande distribution ; Hôte / Hôtesse de caisse ; Responsable de caisses ; Chef / Cheffe de rayon produits alimentaires";Entreprise susceptible de recruter (candidature spontanée);;;Apprentissage, Professionnalisation;;;34326262206617;5;https://labonnealternance.apprentissage.beta.gouv.fr/emploi/recruteurs_lba/34326262206617/lidl
MAILEVA;NDRC;Ivry-Sur-Seine;94200;45 bd Paul Vaillant Couturier 94200 IVRY-SUR-SEINE;PROGRAMMATION INFORMATIQUE;Commercial / Commerciale export;Entreprise susceptible de recruter (candidature spontanée);;;Apprentissage, Professionnalisation;;;42433569300083;1;https://labonnealternance.apprentissage.beta.gouv.fr/emploi/recruteurs_lba/42433569300083/maileva
MIKKA;MCO;Ivry-Sur-Seine;94200;10 RUE WESTERMEYER 94200 IVRY-SUR-SEINE;Hypermarchés;"Employé / Employée de rayon libre-service ; Hôte / Hôtesse de caisse ; Chef / Cheffe de rayon produits alimentaires ; Vendeur / Vendeuse en épicerie";Entreprise susceptible de recruter (candidature spontanée);;;Apprentissage, Professionnalisation;;;80202825800035;4;https://labonnealternance.apprentissage.beta.gouv.fr/emploi/recruteurs_lba/80202825800035/mikka
ON MEDIO;MCO;Ivry-Sur-Seine;94200;54 RUE MOLIERE 94200 IVRY-SUR-SEINE;Autres activités de soutien aux entreprises n.c.a.;Animateur / Animatrice des ventes;Entreprise susceptible de recruter (candidature spontanée);;;Apprentissage, Professionnalisation;;;49998373200037;1;https://labonnealternance.apprentissage.beta.gouv.fr/emploi/recruteurs_lba/49998373200037/on-medio
ORIGAMES;MCO + NDRC;Ivry-Sur-Seine;94200;52 AVENUE PIERRE SEMARD 94200 IVRY-SUR-SEINE;Commerce de détail de jeux et jouets en magasin spécialisé;"Vendeur / Vendeuse de produits culturels et ludiques ; Hôte / Hôtesse de caisse ; Responsable de boutique ; Employé / Employée de rayon libre-service ; Directeur / Directrice des ventes ; Conseiller commercial / Conseillère commerciale auprès des particuliers";Entreprise susceptible de recruter (candidature spontanée);;;Apprentissage, Professionnalisation;;;52328863700029;6;https://labonnealternance.apprentissage.beta.gouv.fr/emploi/recruteurs_lba/52328863700029/origames
PARTI SOCIALISTE;MCO;Ivry-Sur-Seine;94200;59 rue Jules Vanzuppe 94200 IVRY-SUR-SEINE;Activités des organisations politiques;Responsable e-commerce;Entreprise susceptible de recruter (candidature spontanée);;;Apprentissage, Professionnalisation;;;78441172000039;1;https://labonnealternance.apprentissage.beta.gouv.fr/emploi/recruteurs_lba/78441172000039/parti-socialiste
PIXELS INGENIERIE;NDRC;Ivry-Sur-Seine;94200;107 rue Moliere 94200 IVRY-SUR-SEINE;PROGRAMMATION INFORMATIQUE;Commercial / Commerciale export;Entreprise susceptible de recruter (candidature spontanée);;;Apprentissage, Professionnalisation;;;52489903600023;1;https://labonnealternance.apprentissage.beta.gouv.fr/emploi/recruteurs_lba/52489903600023/pixels-ingenierie
POINT P;NDRC;Ivry-Sur-Seine;94200;29 QUAI MARCEL BOYER 94200 IVRY-SUR-SEINE;Commerce de gros (commerce interentreprises) de bois et de matériaux de construction;"Technico-commercial / Technico-commerciale ; Commercial itinérant / Commerciale itinérante en entreprise de commerce de gros";Entreprise susceptible de recruter (candidature spontanée);;;Apprentissage, Professionnalisation;;;69568010800732;2;https://labonnealternance.apprentissage.beta.gouv.fr/emploi/recruteurs_lba/69568010800732/point-p
PPG ILE DE FRANCE;MCO + NDRC;Ivry-Sur-Seine;94200;4 BOULEVARD PAUL VAILLANT COUTURIE 94200 IVRY-SUR-SEINE;Commerce de gros (commerce interentreprises) d'appareils sanitaires et de produits de décoration;"Vendeur / Vendeuse grossiste en équipement du foyer ; Technico-commercial / Technico-commerciale ; Commercial / Commerciale auprès d'une clientèle d'entreprises ; Attaché commercial / Attachée commerciale";Entreprise susceptible de recruter (candidature spontanée);;;Apprentissage, Professionnalisation;;;60205865300299;4;https://labonnealternance.apprentissage.beta.gouv.fr/emploi/recruteurs_lba/60205865300299/ppg-ile-de-france
PRIM'ARTE IDF SUD;NDRC;Ivry-Sur-Seine;94200;1 RUE ANDRE VOGUET 94200 IVRY-SUR-SEINE;Promotion immobilière de logements;Chargé / Chargée d'affaires immobilières;Entreprise susceptible de recruter (candidature spontanée);;;Apprentissage, Professionnalisation;;;91374678000018;1;https://labonnealternance.apprentissage.beta.gouv.fr/emploi/recruteurs_lba/91374678000018/prim-arte-idf-sud
PRODICONSEIL;NDRC;Ivry-Sur-Seine;94200;9 Terrasse Jeanne Hachette 94200 Ivry-sur-Seine;Commerce de gros (commerce interentreprises) d'autres produits intermédiaires;"Assistant commercial / Assistante commerciale ; Commercial / Commerciale auprès d'une clientèle d'entreprises";Entreprise susceptible de recruter (candidature spontanée);;;Apprentissage, Professionnalisation;;;38244592200034;2;https://labonnealternance.apprentissage.beta.gouv.fr/emploi/recruteurs_lba/38244592200034/prodiconseil
PROFIL CAR CHUNG;MCO + NDRC;Ivry-Sur-Seine;94200;66 RUE MAURICE GUNSBOURG 94200 IVRY-SUR-SEINE;Commerce de voitures et de véhicules automobiles légers;"Vendeur / Vendeuse automobile ; Conseiller / Conseillère client après-vente des véhicules";Entreprise susceptible de recruter (candidature spontanée);;;Apprentissage, Professionnalisation;;;38439486200021;2;https://labonnealternance.apprentissage.beta.gouv.fr/emploi/recruteurs_lba/38439486200021/profil-car-chung
RESIDE ETUDES SENIORS;NDRC;Ivry-Sur-Seine;94200;2 RUE DES JOUTES 94200 IVRY-SUR-SEINE;Services administratifs combinés de bureau;Conseiller / Conseillère immobilier;Entreprise susceptible de recruter (candidature spontanée);;;Apprentissage, Professionnalisation;;;79748872300801;1;https://labonnealternance.apprentissage.beta.gouv.fr/emploi/recruteurs_lba/79748872300801/reside-etudes-seniors
REXEL;MCO + NDRC;Ivry-Sur-Seine;94200;4 BOULEVARD PAUL VAILLANT COUTURIE 94200 IVRY-SUR-SEINE;Commerce de gros (commerce interentreprises) de matériel électrique;"Vendeur / Vendeuse grossiste en équipement du foyer ; Technico-commercial / Technico-commerciale";Entreprise susceptible de recruter (candidature spontanée);;;Apprentissage, Professionnalisation;;;30930461605786;2;https://labonnealternance.apprentissage.beta.gouv.fr/emploi/recruteurs_lba/30930461605786/rexel
SAS DIGITAL BANG BANG;MCO;Ivry-Sur-Seine;94200;45 RUE BARBES 94200 IVRY-SUR-SEINE;Activités photographiques;Vendeur / Vendeuse de produits culturels et ludiques;Entreprise susceptible de recruter (candidature spontanée);;;Apprentissage, Professionnalisation;;;83906900200039;1;https://labonnealternance.apprentissage.beta.gouv.fr/emploi/recruteurs_lba/83906900200039/sas-digital-bang-bang
SEFAS INNOVATION;NDRC;Ivry-Sur-Seine;94200;45 bd Paul Vaillant Couturier 94200 IVRY-SUR-SEINE;EDITION DE LOGICIELS APPLICATIFS;"Responsable Commercial / Commerciale ; Chargé / Chargée de relation client";Entreprise susceptible de recruter (candidature spontanée);;;Apprentissage, Professionnalisation;;;54207317600092;2;https://labonnealternance.apprentissage.beta.gouv.fr/emploi/recruteurs_lba/54207317600092/sefas-innovation
SELECTOUR ENTREPRISE;MCO;Ivry-Sur-Seine;94200;5 AVENUE DE VERDUN 94200 IVRY-SUR-SEINE;Autres activités de soutien aux entreprises n.c.a.;Animateur / Animatrice des ventes;Entreprise susceptible de recruter (candidature spontanée);;;Apprentissage, Professionnalisation;;;39271580100065;1;https://labonnealternance.apprentissage.beta.gouv.fr/emploi/recruteurs_lba/39271580100065/selectour-entreprise
SEN NO SEN;NDRC;Ivry-Sur-Seine;94200;15B RUE J JACQUES ROUSSEAU 94200 IVRY-SUR-SEINE;Édition de revues et périodiques;Commercial / Commerciale grands comptes et entreprises;Entreprise susceptible de recruter (candidature spontanée);;;Apprentissage, Professionnalisation;;;82081308700021;1;https://labonnealternance.apprentissage.beta.gouv.fr/emploi/recruteurs_lba/82081308700021/sen-no-sen
SERES;NDRC;Ivry-Sur-Seine;94200;45 bd Paul Vaillant Couturier 94200 IVRY-SUR-SEINE;Traitement de données, hébergement et activités connexes;Conseiller / Conseillère en gestion de patrimoine;Entreprise susceptible de recruter (candidature spontanée);;;Apprentissage, Professionnalisation;;;34377816300117;1;https://labonnealternance.apprentissage.beta.gouv.fr/emploi/recruteurs_lba/34377816300117/seres
SFIC;NDRC;Ivry-Sur-Seine;94200;1B rue Paul Mazy 94200 IVRY-SUR-SEINE;Commerce de gros (commerce interentreprises) de bois et de matériaux de construction;"Technico-commercial / Technico-commerciale ; Commercial itinérant / Commerciale itinérante en entreprise de commerce de gros";Entreprise susceptible de recruter (candidature spontanée);;;Apprentissage, Professionnalisation;;;05781296800600;2;https://labonnealternance.apprentissage.beta.gouv.fr/emploi/recruteurs_lba/05781296800600/sfic
SIMPLY MARKET;MCO;Ivry-Sur-Seine;94200;107 RUE HOCHE 94200 IVRY-SUR-SEINE;Supermarchés;"Employé / Employée de rayon libre-service ; Directeur / Directrice de magasin de grande distribution ; Hôte / Hôtesse de caisse ; Responsable de caisses ; Chef / Cheffe de rayon produits alimentaires";Entreprise susceptible de recruter (candidature spontanée);;;Apprentissage, Professionnalisation;;;41040901503984;5;https://labonnealternance.apprentissage.beta.gouv.fr/emploi/recruteurs_lba/41040901503984/simply-market
SO IMMOBILIER IVRY;NDRC;Ivry-Sur-Seine;94200;1 place Leon Gambetta 94200 IVRY-SUR-SEINE;Agences immobilières;Conseiller / Conseillère immobilier;Entreprise susceptible de recruter (candidature spontanée);;;Apprentissage, Professionnalisation;;;90771223600021;1;https://labonnealternance.apprentissage.beta.gouv.fr/emploi/recruteurs_lba/90771223600021/so-immobilier-ivry
SOC COOPER GROUPEM ACHAT CENTRE LECLERC;MCO;Ivry-Sur-Seine;94200;26 quai Marcel Boyer 94200 IVRY-SUR-SEINE;Centrales d'achat alimentaires;"Chef / Cheffe de rayon produits alimentaires ; Responsable de département en grande distribution ; Hôte / Hôtesse de caisse ; Chef / Cheffe de rayon de produits non alimentaires";Entreprise susceptible de recruter (candidature spontanée);;;Apprentissage, Professionnalisation;;;64200799100069;4;https://labonnealternance.apprentissage.beta.gouv.fr/emploi/recruteurs_lba/64200799100069/soc-cooper-groupem-achat-centre-leclerc
SOCIETE GENERALE;NDRC;Ivry-Sur-Seine;94200;103 AVENUE GEORGES GOSNAT 94200 IVRY-SUR-SEINE;Autres intermédiations monétaires;"Conseiller / Conseillère de clientèle bancaire ; Chargé / Chargée d'accueil en banque ; Conseiller / Conseillère en gestion de patrimoine";Entreprise susceptible de recruter (candidature spontanée);;;Apprentissage, Professionnalisation;;;55212022222892;3;https://labonnealternance.apprentissage.beta.gouv.fr/emploi/recruteurs_lba/55212022222892/societe-generale
SP@RE;NDRC;Ivry-Sur-Seine;94200;40 RUE WESTERMEYER 94200 IVRY-SUR-SEINE;Commerce de gros (commerce interentreprises) de fournitures et équipements divers pour le commerce et les services;"Cadre Technico-commercial / Technico-commerciale ; Technico-commercial / Technico-commerciale ; Assistant commercial / Assistante commerciale";Entreprise susceptible de recruter (candidature spontanée);;;Apprentissage, Professionnalisation;;;45138931600030;3;https://labonnealternance.apprentissage.beta.gouv.fr/emploi/recruteurs_lba/45138931600030/sp-re
STELLAE INTERNATIONAL FRANCE;MCO;Ivry-Sur-Seine;94200;128B avenue Jean Jaures 94200 IVRY-SUR-SEINE;Autres activités de soutien aux entreprises n.c.a.;Animateur / Animatrice des ventes;Entreprise susceptible de recruter (candidature spontanée);;;Apprentissage, Professionnalisation;;;52979728400021;1;https://labonnealternance.apprentissage.beta.gouv.fr/emploi/recruteurs_lba/52979728400021/stellae-international-france
STUDIO KREMLIN;NDRC;Ivry-Sur-Seine;94200;25 rue Lenine 94200 IVRY-SUR-SEINE;LOCATION DE TERRAINS ET D'AUTRES BIENS IMMOBILIERS;"Conseiller / Conseillère immobilier ; Conseiller commercial / Conseillère commerciale auprès des particuliers";Entreprise susceptible de recruter (candidature spontanée);;;Apprentissage, Professionnalisation;;;84102071200029;2;https://labonnealternance.apprentissage.beta.gouv.fr/emploi/recruteurs_lba/84102071200029/studio-kremlin
THANH BINH JEUNE;MCO + NDRC;Ivry-Sur-Seine;94200;20 AVENUE DE VERDUN 94200 IVRY-SUR-SEINE;COMMERCE DE GROS (COMMERCE INTERENTREPRISES) D'AUTRES BIENS DOMESTIQUES;"Assistant / Assistante administration des ventes ; Assistant commercial / Assistante commerciale";Entreprise susceptible de recruter (candidature spontanée);;;Apprentissage, Professionnalisation;;;33842187800046;2;https://labonnealternance.apprentissage.beta.gouv.fr/emploi/recruteurs_lba/33842187800046/thanh-binh-jeune
TRANCHE ! ATELIER;MCO;Ivry-Sur-Seine;94200;9 rue Truillot 94200 IVRY-SUR-SEINE;Boulangerie et boulangerie-pâtisserie;Vendeur / Vendeuse en épicerie;Entreprise susceptible de recruter (candidature spontanée);;;Apprentissage, Professionnalisation;;;98749428300011;1;https://labonnealternance.apprentissage.beta.gouv.fr/emploi/recruteurs_lba/98749428300011/tranche-atelier
Truffaut;MCO;Ivry-Sur-Seine;94200;5 RUE FRANCOIS MITTERRAND 94200 IVRY-SUR-SEINE;Commerce de détail de fleurs, plantes, graines, engrais, animaux de compagnie et aliments pour ces animaux en magasin spécialisé;"Responsable de boutique ; Vendeur / Vendeuse conseil en jardinerie ; Vendeur / Vendeuse en animalerie ; Hôte / Hôtesse de caisse ; Chef / Cheffe de rayon de produits non alimentaires";Entreprise susceptible de recruter (candidature spontanée);;;Apprentissage, Professionnalisation;;;73980623000689;5;https://labonnealternance.apprentissage.beta.gouv.fr/emploi/recruteurs_lba/73980623000689/truffaut
V. NAILS DIFFUSION;NDRC;Ivry-Sur-Seine;94200;28 RUE MARCEAU 94200 IVRY-SUR-SEINE;Commerce de gros (commerce interentreprises) de fournitures et équipements divers pour le commerce et les services;"Cadre Technico-commercial / Technico-commerciale ; Technico-commercial / Technico-commerciale ; Assistant commercial / Assistante commerciale";Entreprise susceptible de recruter (candidature spontanée);;;Apprentissage, Professionnalisation;;;52198627300014;3;https://labonnealternance.apprentissage.beta.gouv.fr/emploi/recruteurs_lba/52198627300014/v-nails-diffusion
VELOGIK MANAGEMENT + MAINTENANCE;NDRC;Ivry-Sur-Seine;94200;128B avenue Jean Jaures 94200 IVRY-SUR-SEINE;Commerce et réparation de motocycles;"Conseiller commercial / Conseillère commerciale motocycles ; Conseiller / Conseillère client après-vente des véhicules";Entreprise susceptible de recruter (candidature spontanée);;;Apprentissage, Professionnalisation;;;85398142100011;2;https://labonnealternance.apprentissage.beta.gouv.fr/emploi/recruteurs_lba/85398142100011/velogik-management-maintenance
VIEWSONIC;NDRC;Ivry-Sur-Seine;94200;11 rue Baudin 94200 IVRY-SUR-SEINE;Commerce de gros (commerce interentreprises) d'ordinateurs, d'équipements informatiques périphériques et de logiciels;Technico-commercial / Technico-commerciale;Entreprise susceptible de recruter (candidature spontanée);;;Apprentissage, Professionnalisation;;;40422013900079;1;https://labonnealternance.apprentissage.beta.gouv.fr/emploi/recruteurs_lba/40422013900079/viewsonic
16E ISSIME;MCO;Joinville-Le-Pont;94340;6 rue Henri Vel Durand 94340 JOINVILLE-LE-PONT;Commerce de détail d'habillement en magasin spécialisé;"Vendeur / Vendeuse en prêt-à-porter ; Responsable de boutique ; Hôte / Hôtesse de caisse ; Directeur / Directrice de magasin de grande distribution";Entreprise susceptible de recruter (candidature spontanée);;;Apprentissage, Professionnalisation;;;98047325000010;4;https://labonnealternance.apprentissage.beta.gouv.fr/emploi/recruteurs_lba/98047325000010/16e-issime
A.D.J. GESTION;NDRC;Joinville-Le-Pont;94340;15 avenue du General Gallieni 94340 JOINVILLE-LE-PONT;Administration d'immeubles et autres biens immobiliers;Conseiller / Conseillère immobilier;Entreprise susceptible de recruter (candidature spontanée);;;Apprentissage, Professionnalisation;;;60203245000010;1;https://labonnealternance.apprentissage.beta.gouv.fr/emploi/recruteurs_lba/60203245000010/a-d-j-gestion
ALLIANZ PIERRE-JEAN BAILLY;NDRC;Joinville-Le-Pont;94340;2 avenue Jean d Estienne d Orves 94340 JOINVILLE-LE-PONT;Activités des agents et courtiers d'assurances;"Conseiller / Conseillère en assurances ; Conseiller / Conseillère en gestion de patrimoine";Entreprise susceptible de recruter (candidature spontanée);;;Apprentissage, Professionnalisation;;;89163194700019;2;https://labonnealternance.apprentissage.beta.gouv.fr/emploi/recruteurs_lba/89163194700019/allianz-pierre-jean-bailly
BELLAGIO;MCO;Joinville-Le-Pont;94340;28 RUE DE PARIS 94340 JOINVILLE-LE-PONT;Boulangerie et boulangerie-pâtisserie;Vendeur / Vendeuse en épicerie;Entreprise susceptible de recruter (candidature spontanée);;;Apprentissage, Professionnalisation;;;40470525300015;1;https://labonnealternance.apprentissage.beta.gouv.fr/emploi/recruteurs_lba/40470525300015/bellagio
BNP Paribas;NDRC;Joinville-Le-Pont;94340;17 avenue du General Gallieni 94340 JOINVILLE-LE-PONT;Autres intermédiations monétaires;"Conseiller / Conseillère de clientèle bancaire ; Chargé / Chargée d'accueil en banque ; Conseiller / Conseillère en gestion de patrimoine";Entreprise susceptible de recruter (candidature spontanée);;;Apprentissage, Professionnalisation;;;66204244934104;3;https://labonnealternance.apprentissage.beta.gouv.fr/emploi/recruteurs_lba/66204244934104/bnp-paribas
BRED Banque Populaire;NDRC;Joinville-Le-Pont;94340;29 AVENUE DU GENERAL GALLIENI 94340 JOINVILLE-LE-PONT;Autres intermédiations monétaires;"Conseiller / Conseillère de clientèle bancaire ; Chargé / Chargée d'accueil en banque ; Conseiller / Conseillère en gestion de patrimoine";Entreprise susceptible de recruter (candidature spontanée);;;Apprentissage, Professionnalisation;;;55209179502704;3;https://labonnealternance.apprentissage.beta.gouv.fr/emploi/recruteurs_lba/55209179502704/bred-banque-populaire
CARREFOUR CITY;MCO;Joinville-Le-Pont;94340;37 avenue du General Gallieni 94340 JOINVILLE-LE-PONT;Supermarchés;"Employé / Employée de rayon libre-service ; Directeur / Directrice de magasin de grande distribution ; Hôte / Hôtesse de caisse ; Responsable de caisses ; Chef / Cheffe de rayon produits alimentaires";Entreprise susceptible de recruter (candidature spontanée);;;Apprentissage, Professionnalisation;;;89325991100012;5;https://labonnealternance.apprentissage.beta.gouv.fr/emploi/recruteurs_lba/89325991100012/carrefour-city
GREECE FP4;MCO;Joinville-Le-Pont;94340;3 avenue du General Gallieni 94340 JOINVILLE-LE-PONT;Supermarchés;"Employé / Employée de rayon libre-service ; Directeur / Directrice de magasin de grande distribution ; Hôte / Hôtesse de caisse ; Responsable de caisses ; Chef / Cheffe de rayon produits alimentaires";Entreprise susceptible de recruter (candidature spontanée);;;Apprentissage, Professionnalisation;;;97865237800024;5;https://labonnealternance.apprentissage.beta.gouv.fr/emploi/recruteurs_lba/97865237800024/greece-fp4
IMMOBILIERE PETIT;NDRC;Joinville-Le-Pont;94340;61 avenue du General Gallieni 94340 JOINVILLE-LE-PONT;Agences immobilières;Conseiller / Conseillère immobilier;Entreprise susceptible de recruter (candidature spontanée);;;Apprentissage, Professionnalisation;;;41107091500011;1;https://labonnealternance.apprentissage.beta.gouv.fr/emploi/recruteurs_lba/41107091500011/immobiliere-petit
INFOSCRIBE;NDRC;Joinville-Le-Pont;94340;15 AVENUE GUY MOQUET 94340 JOINVILLE-LE-PONT;Traitement de données, hébergement et activités connexes;Conseiller / Conseillère en gestion de patrimoine;Entreprise susceptible de recruter (candidature spontanée);;;Apprentissage, Professionnalisation;;;82149792200020;1;https://labonnealternance.apprentissage.beta.gouv.fr/emploi/recruteurs_lba/82149792200020/infoscribe
KEEP VISTA - CARE BOX - LEAD COM. - MEDIALEASE;MCO + NDRC;Joinville-Le-Pont;94340;15B AVENUE JEAN JAURES 94340 JOINVILLE-LE-PONT;COMMERCE DE GROS (COMMERCE INTERENTREPRISES) D'AUTRES BIENS DOMESTIQUES;"Assistant / Assistante administration des ventes ; Assistant commercial / Assistante commerciale";Entreprise susceptible de recruter (candidature spontanée);;;Apprentissage, Professionnalisation;;;81425288800031;2;https://labonnealternance.apprentissage.beta.gouv.fr/emploi/recruteurs_lba/81425288800031/keep-vista-care-box-lead-com-medialease
L'ANTRE DE PAGES;MCO;Joinville-Le-Pont;94340;27 rue de Paris 94340 JOINVILLE-LE-PONT;Commerce de détail de journaux et papeterie en magasin spécialisé;"Employé / Employée de rayon libre-service ; Chef / Cheffe de rayon de produits non alimentaires ; Vendeur / Vendeuse de produits culturels et ludiques";Entreprise susceptible de recruter (candidature spontanée);;;Apprentissage, Professionnalisation;;;48786483700025;3;https://labonnealternance.apprentissage.beta.gouv.fr/emploi/recruteurs_lba/48786483700025/l-antre-de-pages
La Poste;NDRC;Joinville-Le-Pont;94340;48 avenue du General Gallieni 94340 JOINVILLE-LE-PONT;Activités de poste dans le cadre d'une obligation de service universel;Responsable relation client (CRM);Entreprise susceptible de recruter (candidature spontanée);;;Apprentissage, Professionnalisation;;;35600000051131;1;https://labonnealternance.apprentissage.beta.gouv.fr/emploi/recruteurs_lba/35600000051131/la-poste
LTA TRADING;MCO + NDRC;Joinville-Le-Pont;94340;20 avenue Charles Floquet 94340 JOINVILLE-LE-PONT;Commerce de voitures et de véhicules automobiles légers;"Vendeur / Vendeuse automobile ; Conseiller / Conseillère client après-vente des véhicules";Entreprise susceptible de recruter (candidature spontanée);;;Apprentissage, Professionnalisation;;;82776483800013;2;https://labonnealternance.apprentissage.beta.gouv.fr/emploi/recruteurs_lba/82776483800013/lta-trading
MAISON DES DELICES;MCO;Joinville-Le-Pont;94340;21 AVENUE DU GENERAL GALLIENI 94340 JOINVILLE-LE-PONT;Boulangerie et boulangerie-pâtisserie;Vendeur / Vendeuse en épicerie;Entreprise susceptible de recruter (candidature spontanée);;;Apprentissage, Professionnalisation;;;91396110800010;1;https://labonnealternance.apprentissage.beta.gouv.fr/emploi/recruteurs_lba/91396110800010/maison-des-delices
Monoprix;MCO;Joinville-Le-Pont;94340;20 RUE DE PARIS 94340 JOINVILLE-LE-PONT;Magasins multi-commerces;"Employé / Employée de rayon libre-service ; Hôte / Hôtesse de caisse ; Vendeur / Vendeuse en épicerie ; Responsable de caisses ; Responsable de département en grande distribution ; Chef / Cheffe de rayon produits alimentaires";Entreprise susceptible de recruter (candidature spontanée);;;Apprentissage, Professionnalisation;;;79149517900024;6;https://labonnealternance.apprentissage.beta.gouv.fr/emploi/recruteurs_lba/79149517900024/monoprix
RENT A CAR SYSTEM;NDRC;Joinville-Le-Pont;94340;1 QUAI GABRIEL PERI 94340 JOINVILLE-LE-PONT;Location de courte durée de voitures et de véhicules automobiles légers;"Agent technico-commercial / Agente technico-commerciale en location de véhicules ; Conseiller / Conseillère client après-vente des véhicules";Entreprise susceptible de recruter (candidature spontanée);;;Apprentissage, Professionnalisation;;;31059164900705;2;https://labonnealternance.apprentissage.beta.gouv.fr/emploi/recruteurs_lba/31059164900705/rent-a-car-system
SOCIETE GENERALE;NDRC;Joinville-Le-Pont;94340;1 AVENUE DU GENERAL GALLIENI 94340 JOINVILLE-LE-PONT;Autres intermédiations monétaires;"Conseiller / Conseillère de clientèle bancaire ; Chargé / Chargée d'accueil en banque ; Conseiller / Conseillère en gestion de patrimoine";Entreprise susceptible de recruter (candidature spontanée);;;Apprentissage, Professionnalisation;;;55212022217330;3;https://labonnealternance.apprentissage.beta.gouv.fr/emploi/recruteurs_lba/55212022217330/societe-generale
SOLI'ASSURANCES;NDRC;Joinville-Le-Pont;94340;54 avenue du General Gallieni 94340 JOINVILLE-LE-PONT;Activités des agents et courtiers d'assurances;"Conseiller / Conseillère en assurances ; Conseiller / Conseillère en gestion de patrimoine";Entreprise susceptible de recruter (candidature spontanée);;;Apprentissage, Professionnalisation;;;98339683900026;2;https://labonnealternance.apprentissage.beta.gouv.fr/emploi/recruteurs_lba/98339683900026/soli-assurances
STELLANTIS &YOU JOINVILLE I;MCO + NDRC;Joinville-Le-Pont;94340;49 avenue du General Gallieni 94340 JOINVILLE-LE-PONT;Commerce de voitures et de véhicules automobiles légers;"Vendeur / Vendeuse automobile ; Conseiller / Conseillère client après-vente des véhicules";Entreprise susceptible de recruter (candidature spontanée);;;Apprentissage, Professionnalisation;;;30247504103194;2;https://labonnealternance.apprentissage.beta.gouv.fr/emploi/recruteurs_lba/30247504103194/stellantis-you-joinville-i
TRIMBLE FRANCE SA;NDRC;Joinville-Le-Pont;94340;1 quai Gabriel Peri 94340 JOINVILLE-LE-PONT;Intermédiaires spécialisés dans le commerce d'autres produits spécifiques;"Cadre Technico-commercial / Technico-commerciale ; Technico-commercial / Technico-commerciale ; Attaché commercial / Attachée commerciale";Entreprise susceptible de recruter (candidature spontanée);;;Apprentissage, Professionnalisation;;;78522742200124;3;https://labonnealternance.apprentissage.beta.gouv.fr/emploi/recruteurs_lba/78522742200124/trimble-france-sa
AG CONSEILS;NDRC;L'Haÿ-Les-Roses;94240;13 RUE JEAN JAURES 94240 L'HAY-LES-ROSES;Agences immobilières;Conseiller / Conseillère immobilier;Entreprise susceptible de recruter (candidature spontanée);;;Apprentissage, Professionnalisation;;;82065684100013;1;https://labonnealternance.apprentissage.beta.gouv.fr/emploi/recruteurs_lba/82065684100013/ag-conseils
ALTERLITE;MCO + NDRC;L'Haÿ-Les-Roses;94240;10 RUE DES MARRONNIERS 94240 L'HAY-LES-ROSES;Commerce de gros (commerce interentreprises) de matériel électrique;"Vendeur / Vendeuse grossiste en équipement du foyer ; Technico-commercial / Technico-commerciale";Entreprise susceptible de recruter (candidature spontanée);;;Apprentissage, Professionnalisation;;;75024959100025;2;https://labonnealternance.apprentissage.beta.gouv.fr/emploi/recruteurs_lba/75024959100025/alterlite
ATELIER AUX FLEURS;MCO;L'Haÿ-Les-Roses;94240;22 rue Jean Jaures 94240 L'HAY-LES-ROSES;Commerce de détail de fleurs, plantes, graines, engrais, animaux de compagnie et aliments pour ces animaux en magasin spécialisé;"Responsable de boutique ; Vendeur / Vendeuse conseil en jardinerie ; Vendeur / Vendeuse en animalerie ; Hôte / Hôtesse de caisse ; Chef / Cheffe de rayon de produits non alimentaires";Entreprise susceptible de recruter (candidature spontanée);;;Apprentissage, Professionnalisation;;;81469330500017;5;https://labonnealternance.apprentissage.beta.gouv.fr/emploi/recruteurs_lba/81469330500017/atelier-aux-fleurs
BNPPARIBAS;NDRC;L'Haÿ-Les-Roses;94240;3 avenue Aristide Briand 94240 L'HAY-LES-ROSES;Autres intermédiations monétaires;"Conseiller / Conseillère de clientèle bancaire ; Chargé / Chargée d'accueil en banque ; Conseiller / Conseillère en gestion de patrimoine";Entreprise susceptible de recruter (candidature spontanée);;;Apprentissage, Professionnalisation;;;66204244910914;3;https://labonnealternance.apprentissage.beta.gouv.fr/emploi/recruteurs_lba/66204244910914/bnpparibas
BOULANGERIE KELLERMANN;MCO;L'Haÿ-Les-Roses;94240;63 RUE PAUL HOCHART 94240 L'HAY-LES-ROSES;Boulangerie et boulangerie-pâtisserie;Vendeur / Vendeuse en épicerie;Entreprise susceptible de recruter (candidature spontanée);;;Apprentissage, Professionnalisation;;;44530470200027;1;https://labonnealternance.apprentissage.beta.gouv.fr/emploi/recruteurs_lba/44530470200027/boulangerie-kellermann
BOULANGERIE ST AUGUSTIN;MCO;L'Haÿ-Les-Roses;94240;3 avenue Henri Barbusse 94240 L'HAY-LES-ROSES;Boulangerie et boulangerie-pâtisserie;Vendeur / Vendeuse en épicerie;Entreprise susceptible de recruter (candidature spontanée);;;Apprentissage, Professionnalisation;;;95121503700015;1;https://labonnealternance.apprentissage.beta.gouv.fr/emploi/recruteurs_lba/95121503700015/boulangerie-st-augustin
CAISSE REGIONALE DE CREDIT MUTUEL D'ILE DE FRANCE;NDRC;L'Haÿ-Les-Roses;94240;36 rue Jean Jaures 94240 L'HAY-LES-ROSES;Autres intermédiations monétaires;"Conseiller / Conseillère de clientèle bancaire ; Chargé / Chargée d'accueil en banque ; Conseiller / Conseillère en gestion de patrimoine";Entreprise susceptible de recruter (candidature spontanée);;;Apprentissage, Professionnalisation;;;69204371400231;3;https://labonnealternance.apprentissage.beta.gouv.fr/emploi/recruteurs_lba/69204371400231/caisse-regionale-de-credit-mutuel-d-ile-de-france
Carrefour;MCO;L'Haÿ-Les-Roses;94240;94240 L'Haÿ-les-Roses;Activités des sièges sociaux;"Employé / Employée de rayon libre-service ; Employé de Rayon Alimentaire Titre Professionnel en Alternance H/F";Offre partenaire (France Travail…);Employé de Rayon Alimentaire Titre Professionnel en Alternance H/F;;Apprentissage, Professionnalisation;2026-09-16;;;2;https://labonnealternance.apprentissage.beta.gouv.fr/emploi/offres_emploi_partenaires/6aab130d9dceff7dd4ba048d/employe-de-rayon-alimentaire-titre-professionnel-en-alternance-h-f
Carrefour;MCO;L'Haÿ-Les-Roses;94240;81 AVENUE DU GENERAL DE GAULLE 94240 L'HAY-LES-ROSES;Hypermarchés;"Employé / Employée de rayon libre-service ; Hôte / Hôtesse de caisse ; Chef / Cheffe de rayon produits alimentaires ; Vendeur / Vendeuse en épicerie";Entreprise susceptible de recruter (candidature spontanée);;;Apprentissage, Professionnalisation;;;45132133500866;4;https://labonnealternance.apprentissage.beta.gouv.fr/emploi/recruteurs_lba/45132133500866/carrefour
CONSTANCE ENERGY SAS;NDRC;L'Haÿ-Les-Roses;94240;81 rue de la Cosarde 94240 L'HAY-LES-ROSES;PROGRAMMATION INFORMATIQUE;Commercial / Commerciale export;Entreprise susceptible de recruter (candidature spontanée);;;Apprentissage, Professionnalisation;;;84345988400014;1;https://labonnealternance.apprentissage.beta.gouv.fr/emploi/recruteurs_lba/84345988400014/constance-energy-sas
CREDIT LYONNAIS;NDRC;L'Haÿ-Les-Roses;94240;19 rue Jean Jaures 94240 L'HAY-LES-ROSES;Autres intermédiations monétaires;"Conseiller / Conseillère de clientèle bancaire ; Chargé / Chargée d'accueil en banque ; Conseiller / Conseillère en gestion de patrimoine";Entreprise susceptible de recruter (candidature spontanée);;;Apprentissage, Professionnalisation;;;95450974121413;3;https://labonnealternance.apprentissage.beta.gouv.fr/emploi/recruteurs_lba/95450974121413/credit-lyonnais
DISPADIS;MCO;L'Haÿ-Les-Roses;94240;6 rue Dispan 94240 L'HAY-LES-ROSES;Supérettes;"Employé / Employée de rayon libre-service ; Hôte / Hôtesse de caisse ; Directeur / Directrice de magasin de grande distribution ; Vendeur / Vendeuse en épicerie ; Responsable de caisses ; Chef / Cheffe de rayon produits alimentaires";Entreprise susceptible de recruter (candidature spontanée);;;Apprentissage, Professionnalisation;;;44140294800026;6;https://labonnealternance.apprentissage.beta.gouv.fr/emploi/recruteurs_lba/44140294800026/dispadis
Employé de rayon alimentaire (F/H) Titre professionnel en alternance - L HAY LES ROSES;MCO;L'Haÿ-Les-Roses;94240;94240 L'Haÿ-les-Roses;;"Employé / Employée de rayon libre-service ; Employé de rayon alimentaire (F/H) Titre professionnel en alternance - L HAY LES ROSES";Offre partenaire (France Travail…);Employé de rayon alimentaire (F/H) Titre professionnel en alternance - L HAY LES ROSES;;Professionnalisation;2026-09-17;;;2;https://labonnealternance.apprentissage.beta.gouv.fr/emploi/offres_emploi_partenaires/6aac67b40dece6ea6e4195cd/employe-de-rayon-alimentaire-f-h-titre-professionnel-en-alternance-l-hay-les-roses
FEU VERT;MCO + NDRC;L'Haÿ-Les-Roses;94240;52 AVENUE DU GENERAL DE GAULLE 94240 L'HAY-LES-ROSES;Commerce de détail d'équipements automobiles;"Conseiller / Conseillère de vente en pièces de rechange et accessoires de véhicules ; Conseiller / Conseillère client après-vente des véhicules";Entreprise susceptible de recruter (candidature spontanée);;;Apprentissage, Professionnalisation;;;32735998000247;2;https://labonnealternance.apprentissage.beta.gouv.fr/emploi/recruteurs_lba/32735998000247/feu-vert
GBS;NDRC;L'Haÿ-Les-Roses;94240;54 avenue Hache 94240 L'HAY-LES-ROSES;Services administratifs combinés de bureau;Conseiller / Conseillère immobilier;Entreprise susceptible de recruter (candidature spontanée);;;Apprentissage, Professionnalisation;;;89015713400010;1;https://labonnealternance.apprentissage.beta.gouv.fr/emploi/recruteurs_lba/89015713400010/gbs
GIE GESCOP;MCO;L'Haÿ-Les-Roses;94240;44 avenue du General De Gaulle 94240 L'HAY-LES-ROSES;Autres activités de soutien aux entreprises n.c.a.;Animateur / Animatrice des ventes;Entreprise susceptible de recruter (candidature spontanée);;;Apprentissage, Professionnalisation;;;70300182600048;1;https://labonnealternance.apprentissage.beta.gouv.fr/emploi/recruteurs_lba/70300182600048/gie-gescop
GOURMETS PRESTIGE;MCO;L'Haÿ-Les-Roses;94240;1 rue des Tournelles 94240 L'HAY-LES-ROSES;Boulangerie et boulangerie-pâtisserie;Vendeur / Vendeuse en épicerie;Entreprise susceptible de recruter (candidature spontanée);;;Apprentissage, Professionnalisation;;;44810267300010;1;https://labonnealternance.apprentissage.beta.gouv.fr/emploi/recruteurs_lba/44810267300010/gourmets-prestige
GROUPE JARNIAS;NDRC;L'Haÿ-Les-Roses;94240;15 RUE DES MARRONNIERS 94240 L'HAY-LES-ROSES;Activités des sociétés holding;Conseiller / Conseillère immobilier;Entreprise susceptible de recruter (candidature spontanée);;;Apprentissage, Professionnalisation;;;43971493200035;1;https://labonnealternance.apprentissage.beta.gouv.fr/emploi/recruteurs_lba/43971493200035/groupe-jarnias
La Poste;NDRC;L'Haÿ-Les-Roses;94240;8 rue des Tournelles 94240 L'HAY-LES-ROSES;Activités de poste dans le cadre d'une obligation de service universel;Responsable relation client (CRM);Entreprise susceptible de recruter (candidature spontanée);;;Apprentissage, Professionnalisation;;;35600000050880;1;https://labonnealternance.apprentissage.beta.gouv.fr/emploi/recruteurs_lba/35600000050880/la-poste
LA ROSIERE;MCO;L'Haÿ-Les-Roses;94240;115 RUE DE BICETRE 94240 L'HAY-LES-ROSES;Boulangerie et boulangerie-pâtisserie;Vendeur / Vendeuse en épicerie;Entreprise susceptible de recruter (candidature spontanée);;;Apprentissage, Professionnalisation;;;84476334200012;1;https://labonnealternance.apprentissage.beta.gouv.fr/emploi/recruteurs_lba/84476334200012/la-rosiere
STEPHANE PLAZA IMMOBILIER;NDRC;L'Haÿ-Les-Roses;94240;37 RUE JEAN JAURES 94240 L'HAY-LES-ROSES;Agences immobilières;Conseiller / Conseillère immobilier;Entreprise susceptible de recruter (candidature spontanée);;;Apprentissage, Professionnalisation;;;87858785600013;1;https://labonnealternance.apprentissage.beta.gouv.fr/emploi/recruteurs_lba/87858785600013/stephane-plaza-immobilier
BOULANGERIE CO'PAIN CAUDACIEN;MCO;La Queue-En-Brie;94510;38 RUE JEAN JAURES 94510 LA QUEUE-EN-BRIE;Boulangerie et boulangerie-pâtisserie;Vendeur / Vendeuse en épicerie;Entreprise susceptible de recruter (candidature spontanée);;;Apprentissage, Professionnalisation;;;91468335400015;1;https://labonnealternance.apprentissage.beta.gouv.fr/emploi/recruteurs_lba/91468335400015/boulangerie-co-pain-caudacien
BOULANGERIE LOUISE;MCO;La Queue-En-Brie;94510;11 AVENUE DE L HIPPODROME 94510 LA QUEUE-EN-BRIE;Boulangerie et boulangerie-pâtisserie;Vendeur / Vendeuse en épicerie;Entreprise susceptible de recruter (candidature spontanée);;;Apprentissage, Professionnalisation;;;80531331900024;1;https://labonnealternance.apprentissage.beta.gouv.fr/emploi/recruteurs_lba/80531331900024/boulangerie-louise
BUT;MCO;La Queue-En-Brie;94510;ROUTE DE NOISEAU 94510 LA QUEUE-EN-BRIE;Commerce de détail de meubles;"Vendeur / Vendeuse en équipement de la maison ; Hôte / Hôtesse de caisse";Entreprise susceptible de recruter (candidature spontanée);;;Apprentissage, Professionnalisation;;;72204186001765;2;https://labonnealternance.apprentissage.beta.gouv.fr/emploi/recruteurs_lba/72204186001765/but
COPRIMA;NDRC;La Queue-En-Brie;94510;22 RUE GUSTAVE EIFFEL 94510 LA QUEUE-EN-BRIE;Commerce de gros (commerce interentreprises) de fournitures et équipements industriels divers;"Technico-commercial / Technico-commerciale ; Attaché commercial / Attachée commerciale";Entreprise susceptible de recruter (candidature spontanée);;;Apprentissage, Professionnalisation;;;68203505000033;2;https://labonnealternance.apprentissage.beta.gouv.fr/emploi/recruteurs_lba/68203505000033/coprima
Cultura;MCO;La Queue-En-Brie;94510;3 avenue de l hippodrome 94510 LA QUEUE-EN-BRIE;Commerce de détail de livres en magasin spécialisé;"Vendeur / Vendeuse de produits culturels et ludiques ; Hôte / Hôtesse de caisse ; Chef / Cheffe de rayon de produits non alimentaires";Entreprise susceptible de recruter (candidature spontanée);;;Apprentissage, Professionnalisation;;;51978079500612;3;https://labonnealternance.apprentissage.beta.gouv.fr/emploi/recruteurs_lba/51978079500612/cultura
EPDM TPO;NDRC;La Queue-En-Brie;94510;3 RUE DES FRERES LUMIERE 94510 LA QUEUE-EN-BRIE;Commerce de gros (commerce interentreprises) de bois et de matériaux de construction;"Technico-commercial / Technico-commerciale ; Commercial itinérant / Commerciale itinérante en entreprise de commerce de gros";Entreprise susceptible de recruter (candidature spontanée);;;Apprentissage, Professionnalisation;;;51196888500026;2;https://labonnealternance.apprentissage.beta.gouv.fr/emploi/recruteurs_lba/51196888500026/epdm-tpo
Franprix;MCO;La Queue-En-Brie;94510;31 rue du chemin Vert 94510 LA QUEUE-EN-BRIE;Supérettes;"Employé / Employée de rayon libre-service ; Hôte / Hôtesse de caisse ; Directeur / Directrice de magasin de grande distribution ; Vendeur / Vendeuse en épicerie ; Responsable de caisses ; Chef / Cheffe de rayon produits alimentaires";Entreprise susceptible de recruter (candidature spontanée);;;Apprentissage, Professionnalisation;;;75037819200033;6;https://labonnealternance.apprentissage.beta.gouv.fr/emploi/recruteurs_lba/75037819200033/franprix
GARAGE DU CHEMIN VERT;MCO + NDRC;La Queue-En-Brie;94510;31 rue du chemin Vert 94510 LA QUEUE-EN-BRIE;Commerce de voitures et de véhicules automobiles légers;"Vendeur / Vendeuse automobile ; Conseiller / Conseillère client après-vente des véhicules";Entreprise susceptible de recruter (candidature spontanée);;;Apprentissage, Professionnalisation;;;48132958900016;2;https://labonnealternance.apprentissage.beta.gouv.fr/emploi/recruteurs_lba/48132958900016/garage-du-chemin-vert
JARDILAND;MCO;La Queue-En-Brie;94510;2 RUE ARMAND PEUGEOT 94510 LA QUEUE-EN-BRIE;Commerce de détail de fleurs, plantes, graines, engrais, animaux de compagnie et aliments pour ces animaux en magasin spécialisé;"Responsable de boutique ; Vendeur / Vendeuse conseil en jardinerie ; Vendeur / Vendeuse en animalerie ; Hôte / Hôtesse de caisse ; Chef / Cheffe de rayon de produits non alimentaires";Entreprise susceptible de recruter (candidature spontanée);;;Apprentissage, Professionnalisation;;;30684462200457;5;https://labonnealternance.apprentissage.beta.gouv.fr/emploi/recruteurs_lba/30684462200457/jardiland
La Halle;MCO;La Queue-En-Brie;94510;Chemin de Champlain 94510 La Queue-en-Brie;Commerce de détail d'habillement en magasin spécialisé;"Vendeur / Vendeuse en prêt-à-porter ; Responsable de boutique ; Hôte / Hôtesse de caisse ; Directeur / Directrice de magasin de grande distribution";Entreprise susceptible de recruter (candidature spontanée);;;Apprentissage, Professionnalisation;;;88362887701737;4;https://labonnealternance.apprentissage.beta.gouv.fr/emploi/recruteurs_lba/88362887701737/la-halle
NORAUTO;MCO + NDRC;La Queue-En-Brie;94510;7 AVENUE DE L HIPPODROME 94510 LA QUEUE-EN-BRIE;Commerce de détail d'équipements automobiles;"Conseiller / Conseillère de vente en pièces de rechange et accessoires de véhicules ; Conseiller / Conseillère client après-vente des véhicules";Entreprise susceptible de recruter (candidature spontanée);;;Apprentissage, Professionnalisation;;;48047015201044;2;https://labonnealternance.apprentissage.beta.gouv.fr/emploi/recruteurs_lba/48047015201044/norauto
SMYTHS TOYS SUPERSTORES;MCO + NDRC;La Queue-En-Brie;94510;1 AVENUE DE LHIPPODROME 94510 LA QUEUE-EN-BRIE;Commerce de détail de jeux et jouets en magasin spécialisé;"Vendeur / Vendeuse de produits culturels et ludiques ; Hôte / Hôtesse de caisse ; Responsable de boutique ; Employé / Employée de rayon libre-service ; Directeur / Directrice des ventes ; Conseiller commercial / Conseillère commerciale auprès des particuliers";Entreprise susceptible de recruter (candidature spontanée);;;Apprentissage, Professionnalisation;;;91289292400347;6;https://labonnealternance.apprentissage.beta.gouv.fr/emploi/recruteurs_lba/91289292400347/smyths-toys-superstores
TRUJAS PARIS EST;MCO + NDRC;La Queue-En-Brie;94510;55 RUE DU GENERAL DE GAULLE 94510 LA QUEUE-EN-BRIE;Commerce de voitures et de véhicules automobiles légers;"Vendeur / Vendeuse automobile ; Conseiller / Conseillère client après-vente des véhicules";Entreprise susceptible de recruter (candidature spontanée);;;Apprentissage, Professionnalisation;;;83782566000082;2;https://labonnealternance.apprentissage.beta.gouv.fr/emploi/recruteurs_lba/83782566000082/trujas-paris-est
Action;MCO;Le Kremlin-Bicêtre;94270;AVENUE DE FONTAINEBLEAU 94270 LE KREMLIN-BICETRE;Autres commerces de détail en magasin non spécialisé;"Employé / Employée de rayon libre-service ; Responsable de boutique ; Hôte / Hôtesse de caisse ; Directeur / Directrice de magasin de grande distribution ; Chef / Cheffe de rayon de produits non alimentaires ; Chef / Cheffe de rayon produits alimentaires";Entreprise susceptible de recruter (candidature spontanée);;;Apprentissage, Professionnalisation;;;75330823802997;6;https://labonnealternance.apprentissage.beta.gouv.fr/emploi/recruteurs_lba/75330823802997/action
AMAL MODE;MCO;Le Kremlin-Bicêtre;94270;36 AVENUE DE FONTAINEBLEAU 94270 LE KREMLIN-BICETRE;Commerce de détail d'habillement en magasin spécialisé;"Vendeur / Vendeuse en prêt-à-porter ; Responsable de boutique ; Hôte / Hôtesse de caisse ; Directeur / Directrice de magasin de grande distribution";Entreprise susceptible de recruter (candidature spontanée);;;Apprentissage, Professionnalisation;;;75187155900017;4;https://labonnealternance.apprentissage.beta.gouv.fr/emploi/recruteurs_lba/75187155900017/amal-mode
APPUI PERMIS;NDRC;Le Kremlin-Bicêtre;94270;26 rue du General Leclerc 94270 LE KREMLIN-BICETRE;Location de courte durée de voitures et de véhicules automobiles légers;"Agent technico-commercial / Agente technico-commerciale en location de véhicules ; Conseiller / Conseillère client après-vente des véhicules";Entreprise susceptible de recruter (candidature spontanée);;;Apprentissage, Professionnalisation;;;82896904800028;2;https://labonnealternance.apprentissage.beta.gouv.fr/emploi/recruteurs_lba/82896904800028/appui-permis
ATTIJARIWAFA BANK;NDRC;Le Kremlin-Bicêtre;94270;45 AVENUE DE FONTAINEBLEAU 94270 LE KREMLIN-BICETRE;Autres intermédiations monétaires;"Conseiller / Conseillère de clientèle bancaire ; Chargé / Chargée d'accueil en banque ; Conseiller / Conseillère en gestion de patrimoine";Entreprise susceptible de recruter (candidature spontanée);;;Apprentissage, Professionnalisation;;;48503118100236;3;https://labonnealternance.apprentissage.beta.gouv.fr/emploi/recruteurs_lba/48503118100236/attijariwafa-bank
AU PETIT CAPITAL;MCO;Le Kremlin-Bicêtre;94270;36 avenue de Fontainebleau 94270 LE KREMLIN-BICETRE;Autres commerces de détail en magasin non spécialisé;"Employé / Employée de rayon libre-service ; Responsable de boutique ; Hôte / Hôtesse de caisse ; Directeur / Directrice de magasin de grande distribution ; Chef / Cheffe de rayon de produits non alimentaires ; Chef / Cheffe de rayon produits alimentaires";Entreprise susceptible de recruter (candidature spontanée);;;Apprentissage, Professionnalisation;;;82910050200014;6;https://labonnealternance.apprentissage.beta.gouv.fr/emploi/recruteurs_lba/82910050200014/au-petit-capital
AUCHAN;MCO;Le Kremlin-Bicêtre;94270;94270 Le Kremlin-Bicêtre;Hypermarchés;;Offre partenaire (France Travail…);Pâtissier en alternance F/H;;Apprentissage, Professionnalisation;2026-09-16;;;1;https://labonnealternance.apprentissage.beta.gouv.fr/emploi/offres_emploi_partenaires/6aab11799dceff7dd4b9abca/patissier-en-alternance-f-h
AUCHAN;MCO;Le Kremlin-Bicêtre;94270;55 avenue de Fontainebleau 94270 LE KREMLIN-BICETRE;Hypermarchés;"Employé / Employée de rayon libre-service ; Hôte / Hôtesse de caisse ; Chef / Cheffe de rayon produits alimentaires ; Vendeur / Vendeuse en épicerie";Entreprise susceptible de recruter (candidature spontanée);;;Apprentissage, Professionnalisation;;;41040946001986;4;https://labonnealternance.apprentissage.beta.gouv.fr/emploi/recruteurs_lba/41040946001986/auchan
AUGEO SOFTWARE;NDRC;Le Kremlin-Bicêtre;94270;18 rue Pasteur 94270 LE KREMLIN-BICETRE;EDITION DE LOGICIELS APPLICATIFS;"Responsable Commercial / Commerciale ; Chargé / Chargée de relation client";Entreprise susceptible de recruter (candidature spontanée);;;Apprentissage, Professionnalisation;;;38283845600079;2;https://labonnealternance.apprentissage.beta.gouv.fr/emploi/recruteurs_lba/38283845600079/augeo-software
BEBE 9;MCO;Le Kremlin-Bicêtre;94270;57 AVENUE DE FONTAINEBLEAU 94270 LE KREMLIN-BICETRE;Commerce de détail d'habillement en magasin spécialisé;"Vendeur / Vendeuse en prêt-à-porter ; Responsable de boutique ; Hôte / Hôtesse de caisse ; Directeur / Directrice de magasin de grande distribution";Entreprise susceptible de recruter (candidature spontanée);;;Apprentissage, Professionnalisation;;;79251395400018;4;https://labonnealternance.apprentissage.beta.gouv.fr/emploi/recruteurs_lba/79251395400018/bebe-9
BELLES LETTRES DIFFUSION DISTRIBUTION;MCO;Le Kremlin-Bicêtre;94270;25 rue du General Leclerc 94270 LE KREMLIN-BICETRE;Commerce de détail de livres en magasin spécialisé;"Vendeur / Vendeuse de produits culturels et ludiques ; Hôte / Hôtesse de caisse ; Chef / Cheffe de rayon de produits non alimentaires";Entreprise susceptible de recruter (candidature spontanée);;;Apprentissage, Professionnalisation;;;45126144000015;3;https://labonnealternance.apprentissage.beta.gouv.fr/emploi/recruteurs_lba/45126144000015/belles-lettres-diffusion-distribution
BOOSKA P;NDRC;Le Kremlin-Bicêtre;94270;79 avenue de Fontainebleau 94270 LE KREMLIN-BICETRE;Édition de journaux;Attaché commercial / Attachée commerciale;Entreprise susceptible de recruter (candidature spontanée);;;Apprentissage, Professionnalisation;;;92977399200029;1;https://labonnealternance.apprentissage.beta.gouv.fr/emploi/recruteurs_lba/92977399200029/booska-p
BRAINWORKS;NDRC;Le Kremlin-Bicêtre;94270;12 RUE ROGER SALENGRO 94270 LE KREMLIN-BICETRE;Activités des agences de presse;"Directeur commercial / Directrice commerciale ; Cadre Technico-commercial / Technico-commerciale ; Responsable relation client (CRM)";Entreprise susceptible de recruter (candidature spontanée);;;Apprentissage, Professionnalisation;;;80467188100030;3;https://labonnealternance.apprentissage.beta.gouv.fr/emploi/recruteurs_lba/80467188100030/brainworks
CAISSE D'EPARGNE ET DE PREVOYANCE ILE-DE-FRANCE;NDRC;Le Kremlin-Bicêtre;94270;100 AVENUE DE FONTAINEBLEAU 94270 LE KREMLIN-BICETRE;Autres intermédiations monétaires;"Conseiller / Conseillère de clientèle bancaire ; Chargé / Chargée d'accueil en banque ; Conseiller / Conseillère en gestion de patrimoine";Entreprise susceptible de recruter (candidature spontanée);;;Apprentissage, Professionnalisation;;;38290094202077;3;https://labonnealternance.apprentissage.beta.gouv.fr/emploi/recruteurs_lba/38290094202077/caisse-d-epargne-et-de-prevoyance-ile-de-france
CHAUSSEA;MCO;Le Kremlin-Bicêtre;94270;55 avenue de Fontainebleau 94270 LE KREMLIN-BICETRE;Commerce de détail de la chaussure;"Responsable de boutique ; Vendeur / Vendeuse en prêt-à-porter ; Vendeur / Vendeuse d'articles de sport et loisirs ; Gérant / Gérante de magasin d'alimentation générale ; Directeur / Directrice de magasin de grande distribution";Entreprise susceptible de recruter (candidature spontanée);;;Apprentissage, Professionnalisation;;;33026769107828;5;https://labonnealternance.apprentissage.beta.gouv.fr/emploi/recruteurs_lba/33026769107828/chaussea
EURO PNEUMATIQUE;MCO + NDRC;Le Kremlin-Bicêtre;94270;116 AVENUE DE FONTAINEBLEAU 94270 LE KREMLIN-BICETRE;Commerce de détail d'équipements automobiles;"Conseiller / Conseillère de vente en pièces de rechange et accessoires de véhicules ; Conseiller / Conseillère client après-vente des véhicules";Entreprise susceptible de recruter (candidature spontanée);;;Apprentissage, Professionnalisation;;;91458957700016;2;https://labonnealternance.apprentissage.beta.gouv.fr/emploi/recruteurs_lba/91458957700016/euro-pneumatique
FLUIGENT HOLDING;NDRC;Le Kremlin-Bicêtre;94270;57 avenue de Fontainebleau 94270 LE KREMLIN-BICETRE;Activités des sociétés holding;Conseiller / Conseillère immobilier;Entreprise susceptible de recruter (candidature spontanée);;;Apprentissage, Professionnalisation;;;82009108000029;1;https://labonnealternance.apprentissage.beta.gouv.fr/emploi/recruteurs_lba/82009108000029/fluigent-holding
GRDF;NDRC;Le Kremlin-Bicêtre;94270;77 AVENUE DE FONTAINEBLEAU 94270 LE KREMLIN-BICETRE;Distribution de combustibles gazeux par conduites;Assistant commercial / Assistante commerciale;Entreprise susceptible de recruter (candidature spontanée);;;Apprentissage, Professionnalisation;;;44478651106508;1;https://labonnealternance.apprentissage.beta.gouv.fr/emploi/recruteurs_lba/44478651106508/grdf
JN COIFFURE ESTHETIQUE;MCO;Le Kremlin-Bicêtre;94270;21 AVENUE DE FONTAINEBLEAU 94270 LE KREMLIN-BICETRE;Commerce de détail d'habillement en magasin spécialisé;"Vendeur / Vendeuse en prêt-à-porter ; Responsable de boutique ; Hôte / Hôtesse de caisse ; Directeur / Directrice de magasin de grande distribution";Entreprise susceptible de recruter (candidature spontanée);;;Apprentissage, Professionnalisation;;;53899101900018;4;https://labonnealternance.apprentissage.beta.gouv.fr/emploi/recruteurs_lba/53899101900018/jn-coiffure-esthetique
KGIC;NDRC;Le Kremlin-Bicêtre;94270;64 AVENUE CHARLES GIDE 94270 LE KREMLIN-BICETRE;PROGRAMMATION INFORMATIQUE;Commercial / Commerciale export;Entreprise susceptible de recruter (candidature spontanée);;;Apprentissage, Professionnalisation;;;88291692700016;1;https://labonnealternance.apprentissage.beta.gouv.fr/emploi/recruteurs_lba/88291692700016/kgic
KIABI;MCO;Le Kremlin-Bicêtre;94270;64 AVENUE DE FONTAINEBLEAU 94270 LE KREMLIN-BICETRE;Commerce de détail d'habillement en magasin spécialisé;"Vendeur / Vendeuse en prêt-à-porter ; Responsable de boutique ; Hôte / Hôtesse de caisse ; Directeur / Directrice de magasin de grande distribution";Entreprise susceptible de recruter (candidature spontanée);;;Apprentissage, Professionnalisation;;;34410327003225;4;https://labonnealternance.apprentissage.beta.gouv.fr/emploi/recruteurs_lba/34410327003225/kiabi
KREMLIN DISTRIBUTION;MCO;Le Kremlin-Bicêtre;94270;104 AVENUE DE FONTAINEBLEAU 94270 LE KREMLIN-BICETRE;Supermarchés;"Employé / Employée de rayon libre-service ; Directeur / Directrice de magasin de grande distribution ; Hôte / Hôtesse de caisse ; Responsable de caisses ; Chef / Cheffe de rayon produits alimentaires";Entreprise susceptible de recruter (candidature spontanée);;;Apprentissage, Professionnalisation;;;35010868400019;5;https://labonnealternance.apprentissage.beta.gouv.fr/emploi/recruteurs_lba/35010868400019/kremlin-distribution
L ADRESSE IMMOBILIERE DU KREMLIN BICET;NDRC;Le Kremlin-Bicêtre;94270;31 RUE DU GENERAL LECLERC 94270 LE KREMLIN-BICETRE;Agences immobilières;Conseiller / Conseillère immobilier;Entreprise susceptible de recruter (candidature spontanée);;;Apprentissage, Professionnalisation;;;80808071700016;1;https://labonnealternance.apprentissage.beta.gouv.fr/emploi/recruteurs_lba/80808071700016/l-adresse-immobiliere-du-kremlin-bicet
L'ADRESSE;NDRC;Le Kremlin-Bicêtre;94270;31 rue du General Leclerc 94270 LE KREMLIN-BICETRE;Agences immobilières;Conseiller / Conseillère immobilier;Entreprise susceptible de recruter (candidature spontanée);;;Apprentissage, Professionnalisation;;;89213130100012;1;https://labonnealternance.apprentissage.beta.gouv.fr/emploi/recruteurs_lba/89213130100012/l-adresse
LA FOLIE DU PAIN;MCO;Le Kremlin-Bicêtre;94270;25 AVENUE CHARLES GIDE 94270 LE KREMLIN-BICETRE;Boulangerie et boulangerie-pâtisserie;Vendeur / Vendeuse en épicerie;Entreprise susceptible de recruter (candidature spontanée);;;Apprentissage, Professionnalisation;;;50510362200013;1;https://labonnealternance.apprentissage.beta.gouv.fr/emploi/recruteurs_lba/50510362200013/la-folie-du-pain
LA ROSE DE KREMLIN;MCO;Le Kremlin-Bicêtre;94270;83 avenue de Fontainebleau 94270 LE KREMLIN-BICETRE;Pâtisserie;Vendeur / Vendeuse en épicerie;Entreprise susceptible de recruter (candidature spontanée);;;Apprentissage, Professionnalisation;;;83434903700020;1;https://labonnealternance.apprentissage.beta.gouv.fr/emploi/recruteurs_lba/83434903700020/la-rose-de-kremlin
LIDL;MCO;Le Kremlin-Bicêtre;94270;27 avenue de Fontainebleau 94270 LE KREMLIN-BICETRE;Supermarchés;"Employé / Employée de rayon libre-service ; Directeur / Directrice de magasin de grande distribution ; Hôte / Hôtesse de caisse ; Responsable de caisses ; Chef / Cheffe de rayon produits alimentaires";Entreprise susceptible de recruter (candidature spontanée);;;Apprentissage, Professionnalisation;;;34326262220394;5;https://labonnealternance.apprentissage.beta.gouv.fr/emploi/recruteurs_lba/34326262220394/lidl
MAVIP;MCO + NDRC;Le Kremlin-Bicêtre;94270;17 rue Pierre Curie 94270 LE KREMLIN-BICETRE;COMMERCE DE GROS (COMMERCE INTERENTREPRISES) D'AUTRES BIENS DOMESTIQUES;"Assistant / Assistante administration des ventes ; Assistant commercial / Assistante commerciale";Entreprise susceptible de recruter (candidature spontanée);;;Apprentissage, Professionnalisation;;;38909868200039;2;https://labonnealternance.apprentissage.beta.gouv.fr/emploi/recruteurs_lba/38909868200039/mavip
MEDSOFT;MCO + NDRC;Le Kremlin-Bicêtre;94270;52 rue du General Leclerc 94270 LE KREMLIN-BICETRE;Vente à distance sur catalogue spécialisé;"Conseiller vendeur / Conseillère vendeuse à domicile ; Vendeur / Vendeuse en prêt-à-porter ; Responsable de boutique ; Délégué médical hospitalier / Déléguée médicale hospitalière ; Chargé / Chargée de relation client";Entreprise susceptible de recruter (candidature spontanée);;;Apprentissage, Professionnalisation;;;50493386200030;5;https://labonnealternance.apprentissage.beta.gouv.fr/emploi/recruteurs_lba/50493386200030/medsoft
MUTUELLE DES SAPEURS POMPIERS DE PARIS;NDRC;Le Kremlin-Bicêtre;94270;104 AVENUE DE FONTAINEBLEAU 94270 LE KREMLIN-BICETRE;AUTRES ASSURANCES;"Conseiller / Conseillère en assurances ; Conseiller / Conseillère en gestion de patrimoine";Entreprise susceptible de recruter (candidature spontanée);;;Apprentissage, Professionnalisation;;;39103618300021;2;https://labonnealternance.apprentissage.beta.gouv.fr/emploi/recruteurs_lba/39103618300021/mutuelle-des-sapeurs-pompiers-de-paris
N R X;NDRC;Le Kremlin-Bicêtre;94270;67 AVENUE DE FONTAINEBLEAU 94270 LE KREMLIN-BICETRE;Commerce de gros (commerce interentreprises) d'ordinateurs, d'équipements informatiques périphériques et de logiciels;Technico-commercial / Technico-commerciale;Entreprise susceptible de recruter (candidature spontanée);;;Apprentissage, Professionnalisation;;;45241450100034;1;https://labonnealternance.apprentissage.beta.gouv.fr/emploi/recruteurs_lba/45241450100034/n-r-x
NATURALIA;MCO;Le Kremlin-Bicêtre;94270;96 AVENUE DE FONTAINEBLEAU 94270 LE KREMLIN-BICETRE;Autres commerces de détail alimentaires en magasin spécialisé;"Vendeur / Vendeuse en épicerie ; Employé / Employée de rayon libre-service ; Chef / Cheffe de rayon produits alimentaires ; Responsable de boutique";Entreprise susceptible de recruter (candidature spontanée);;;Apprentissage, Professionnalisation;;;30247464801886;4;https://labonnealternance.apprentissage.beta.gouv.fr/emploi/recruteurs_lba/30247464801886/naturalia
ORCHESTRA PREMAMAN;MCO;Le Kremlin-Bicêtre;94270;57 AVENUE DE FONTAINEBLEAU 94270 LE KREMLIN-BICETRE;Commerce de détail d'habillement en magasin spécialisé;"Vendeur / Vendeuse en prêt-à-porter ; Responsable de boutique ; Hôte / Hôtesse de caisse ; Directeur / Directrice de magasin de grande distribution";Entreprise susceptible de recruter (candidature spontanée);;;Apprentissage, Professionnalisation;;;88280858701033;4;https://labonnealternance.apprentissage.beta.gouv.fr/emploi/recruteurs_lba/88280858701033/orchestra-premaman
RENOV TOUT;NDRC;Le Kremlin-Bicêtre;94270;116 AVENUE DE FONTAINEBLEAU 94270 LE KREMLIN-BICETRE;Autres travaux de finition;Assistant commercial / Assistante commerciale;Offre publiée sur La bonne alternance;Bâtiment;CAP, BEP (Infrabac);Apprentissage, Professionnalisation;2026-09-11;;;1;https://labonnealternance.apprentissage.beta.gouv.fr/emploi/offres_emploi_lba/6aa3afc8744920529feb664a/batiment
RT LE KREMLIN BICETRE;NDRC;Le Kremlin-Bicêtre;94270;80 avenue de Fontainebleau 94270 LE KREMLIN-BICETRE;Autres intermédiations monétaires;"Conseiller / Conseillère de clientèle bancaire ; Chargé / Chargée d'accueil en banque ; Conseiller / Conseillère en gestion de patrimoine ; Chargé / Chargée d'affaires bancaires entreprise";Entreprise susceptible de recruter (candidature spontanée);;;Apprentissage, Professionnalisation;;;54201638103001;4;https://labonnealternance.apprentissage.beta.gouv.fr/emploi/recruteurs_lba/54201638103001/rt-le-kremlin-bicetre
SOCIETE DE TRAITEMENT DE PRESSE;NDRC;Le Kremlin-Bicêtre;94270;67 AVENUE DE FONTAINEBLEAU 94270 LE KREMLIN-BICETRE;Activités de poste dans le cadre d'une obligation de service universel;Responsable relation client (CRM);Entreprise susceptible de recruter (candidature spontanée);;;Apprentissage, Professionnalisation;;;40910811500141;1;https://labonnealternance.apprentissage.beta.gouv.fr/emploi/recruteurs_lba/40910811500141/societe-de-traitement-de-presse
SRD CUISINES AMENAGEMENTS;MCO;Le Kremlin-Bicêtre;94270;138 AVENUE DE FONTAINEBLEAU 94270 LE KREMLIN-BICETRE;Commerce de détail de meubles;"Vendeur / Vendeuse en équipement de la maison ; Hôte / Hôtesse de caisse";Entreprise susceptible de recruter (candidature spontanée);;;Apprentissage, Professionnalisation;;;88104615500027;2;https://labonnealternance.apprentissage.beta.gouv.fr/emploi/recruteurs_lba/88104615500027/srd-cuisines-amenagements
STAFFME FREELANCE BY NOWJOBS;NDRC;Le Kremlin-Bicêtre;94270;67 AVENUE DE FONTAINEBLEAU 94270 LE KREMLIN-BICETRE;PORTAILS INTERNET;Commercial / Commerciale grands comptes et entreprises;Entreprise susceptible de recruter (candidature spontanée);;;Apprentissage, Professionnalisation;;;85183498600016;1;https://labonnealternance.apprentissage.beta.gouv.fr/emploi/recruteurs_lba/85183498600016/staffme-freelance-by-nowjobs
ABCTHERAPEUTES.FR;NDRC;Le Perreux-Sur-Marne;94170;25B AVENUE DE NEUILLY - PLAISANCE 94170 LE PERREUX-SUR-MARNE;PROGRAMMATION INFORMATIQUE;Commercial / Commerciale export;Entreprise susceptible de recruter (candidature spontanée);;;Apprentissage, Professionnalisation;;;89070713600010;1;https://labonnealternance.apprentissage.beta.gouv.fr/emploi/recruteurs_lba/89070713600010/abctherapeutes-fr
ALLIANZ;NDRC;Le Perreux-Sur-Marne;94170;3 AVENUE GABRIEL PERI 94170 LE PERREUX-SUR-MARNE;Activités des agents et courtiers d'assurances;"Conseiller / Conseillère en assurances ; Conseiller / Conseillère en gestion de patrimoine";Entreprise susceptible de recruter (candidature spontanée);;;Apprentissage, Professionnalisation;;;52318040400023;2;https://labonnealternance.apprentissage.beta.gouv.fr/emploi/recruteurs_lba/52318040400023/allianz
ASSU'R;NDRC;Le Perreux-Sur-Marne;94170;2 rue Laterale au Viaduc 94170 LE PERREUX-SUR-MARNE;Activités des agents et courtiers d'assurances;"Conseiller / Conseillère en assurances ; Conseiller / Conseillère en gestion de patrimoine";Entreprise susceptible de recruter (candidature spontanée);;;Apprentissage, Professionnalisation;;;90905305000011;2;https://labonnealternance.apprentissage.beta.gouv.fr/emploi/recruteurs_lba/90905305000011/assu-r
AU PARFAIT GIGOT;MCO + NDRC;Le Perreux-Sur-Marne;94170;77 avenue Ledru Rollin 94170 LE PERREUX-SUR-MARNE;Commerce de détail de viandes et de produits à base de viande en magasin spécialisé;"Vendeur / Vendeuse en épicerie ; Vendeur / Vendeuse grossiste en produits frais";Entreprise susceptible de recruter (candidature spontanée);;;Apprentissage, Professionnalisation;;;89110185900017;2;https://labonnealternance.apprentissage.beta.gouv.fr/emploi/recruteurs_lba/89110185900017/au-parfait-gigot
BRED LE PERREUX;NDRC;Le Perreux-Sur-Marne;94170;123 AVENUE DU GENERAL DE GAULLE 94170 LE PERREUX-SUR-MARNE;Autres intermédiations monétaires;"Conseiller / Conseillère de clientèle bancaire ; Chargé / Chargée d'accueil en banque ; Conseiller / Conseillère en gestion de patrimoine";Entreprise susceptible de recruter (candidature spontanée);;;Apprentissage, Professionnalisation;;;55209179502126;3;https://labonnealternance.apprentissage.beta.gouv.fr/emploi/recruteurs_lba/55209179502126/bred-le-perreux
CARVI;MCO;Le Perreux-Sur-Marne;94170;3 RUE DE LA STATION 94170 LE PERREUX-SUR-MARNE;Boulangerie et boulangerie-pâtisserie;Vendeur / Vendeuse en épicerie;Entreprise susceptible de recruter (candidature spontanée);;;Apprentissage, Professionnalisation;;;83082146800014;1;https://labonnealternance.apprentissage.beta.gouv.fr/emploi/recruteurs_lba/83082146800014/carvi
CHARLES MARTY IMMOBILIER LE PERREUX EN ABREGE CMI-LPX;NDRC;Le Perreux-Sur-Marne;94170;100 avenue du General De Gaulle 94170 LE PERREUX-SUR-MARNE;Agences immobilières;Conseiller / Conseillère immobilier;Entreprise susceptible de recruter (candidature spontanée);;;Apprentissage, Professionnalisation;;;43040589400055;1;https://labonnealternance.apprentissage.beta.gouv.fr/emploi/recruteurs_lba/43040589400055/charles-marty-immobilier-le-perreux-en-abrege-cmi-lpx
CHARLIE'S AGENCY;MCO + NDRC;Le Perreux-Sur-Marne;94170;38 AVENUE MONTAIGNE 94170 LE PERREUX-SUR-MARNE;CONSEIL EN RELATIONS PUBLIQUES ET COMMUNICATION;"Animateur / Animatrice des ventes ; Commercial / Commerciale auprès d'une clientèle d'entreprises";Entreprise susceptible de recruter (candidature spontanée);;;Apprentissage, Professionnalisation;;;89050820300019;2;https://labonnealternance.apprentissage.beta.gouv.fr/emploi/recruteurs_lba/89050820300019/charlie-s-agency
CITYA GALLIENI;NDRC;Le Perreux-Sur-Marne;94170;102 avenue du General De Gaulle 94170 LE PERREUX-SUR-MARNE;Administration d'immeubles et autres biens immobiliers;Conseiller / Conseillère immobilier;Entreprise susceptible de recruter (candidature spontanée);;;Apprentissage, Professionnalisation;;;30940817700074;1;https://labonnealternance.apprentissage.beta.gouv.fr/emploi/recruteurs_lba/30940817700074/citya-gallieni
CREDIT LYONNAIS;NDRC;Le Perreux-Sur-Marne;94170;74B avenue Ledru Rollin 94170 LE PERREUX-SUR-MARNE;Autres intermédiations monétaires;"Conseiller / Conseillère de clientèle bancaire ; Chargé / Chargée d'accueil en banque ; Conseiller / Conseillère en gestion de patrimoine";Entreprise susceptible de recruter (candidature spontanée);;;Apprentissage, Professionnalisation;;;95450974126453;3;https://labonnealternance.apprentissage.beta.gouv.fr/emploi/recruteurs_lba/95450974126453/credit-lyonnais
CREDIT LYONNAIS;NDRC;Le Perreux-Sur-Marne;94170;226 avenue Pierre Brossolette 94170 LE PERREUX-SUR-MARNE;Autres intermédiations monétaires;"Conseiller / Conseillère de clientèle bancaire ; Chargé / Chargée d'accueil en banque ; Conseiller / Conseillère en gestion de patrimoine ; Chargé / Chargée d'affaires bancaires entreprise";Entreprise susceptible de recruter (candidature spontanée);;;Apprentissage, Professionnalisation;;;95450974119516;4;https://labonnealternance.apprentissage.beta.gouv.fr/emploi/recruteurs_lba/95450974119516/credit-lyonnais
E.CARS;MCO + NDRC;Le Perreux-Sur-Marne;94170;2 rue Laterale au Viaduc 94170 LE PERREUX-SUR-MARNE;Commerce de voitures et de véhicules automobiles légers;"Vendeur / Vendeuse automobile ; Conseiller / Conseillère client après-vente des véhicules";Entreprise susceptible de recruter (candidature spontanée);;;Apprentissage, Professionnalisation;;;95224410100020;2;https://labonnealternance.apprentissage.beta.gouv.fr/emploi/recruteurs_lba/95224410100020/e-cars
ELVY LA FLEUR;MCO;Le Perreux-Sur-Marne;94170;45 AVENUE PIERRE BROSSOLETTE 94170 LE PERREUX-SUR-MARNE;Commerce de détail de fleurs, plantes, graines, engrais, animaux de compagnie et aliments pour ces animaux en magasin spécialisé;"Responsable de boutique ; Vendeur / Vendeuse conseil en jardinerie ; Vendeur / Vendeuse en animalerie ; Hôte / Hôtesse de caisse ; Chef / Cheffe de rayon de produits non alimentaires";Entreprise susceptible de recruter (candidature spontanée);;;Apprentissage, Professionnalisation;;;52471798000014;5;https://labonnealternance.apprentissage.beta.gouv.fr/emploi/recruteurs_lba/52471798000014/elvy-la-fleur
GARAGE HOEL;MCO + NDRC;Le Perreux-Sur-Marne;94170;46 avenue de Bry 94170 LE PERREUX-SUR-MARNE;Commerce de voitures et de véhicules automobiles légers;"Vendeur / Vendeuse automobile ; Conseiller / Conseillère client après-vente des véhicules";Entreprise susceptible de recruter (candidature spontanée);;;Apprentissage, Professionnalisation;;;62201823200018;2;https://labonnealternance.apprentissage.beta.gouv.fr/emploi/recruteurs_lba/62201823200018/garage-hoel
GIE IMAGERIE MEDICALE EST FRANCILIEN- EN ABREGE GIE IMEF;MCO;Le Perreux-Sur-Marne;94170;10 rue de l Orangerie 94170 LE PERREUX-SUR-MARNE;Autres activités de soutien aux entreprises n.c.a.;Animateur / Animatrice des ventes;Entreprise susceptible de recruter (candidature spontanée);;;Apprentissage, Professionnalisation;;;49466888200082;1;https://labonnealternance.apprentissage.beta.gouv.fr/emploi/recruteurs_lba/49466888200082/gie-imagerie-medicale-est-francilien-en-abrege-gie-imef
HELLO KIDS;MCO;Le Perreux-Sur-Marne;94170;120 avenue Pierre Brossolette 94170 LE PERREUX-SUR-MARNE;Autres activités de soutien aux entreprises n.c.a.;Animateur / Animatrice des ventes;Entreprise susceptible de recruter (candidature spontanée);;;Apprentissage, Professionnalisation;;;53758960800067;1;https://labonnealternance.apprentissage.beta.gouv.fr/emploi/recruteurs_lba/53758960800067/hello-kids
IL ETAIT UNE FOIS;MCO;Le Perreux-Sur-Marne;94170;254 AVENUE PIERRE BROSSOLETTE 94170 LE PERREUX-SUR-MARNE;Boulangerie et boulangerie-pâtisserie;Vendeur / Vendeuse en épicerie;Entreprise susceptible de recruter (candidature spontanée);;;Apprentissage, Professionnalisation;;;83407511100023;1;https://labonnealternance.apprentissage.beta.gouv.fr/emploi/recruteurs_lba/83407511100023/il-etait-une-fois
LEQUAI;MCO;Le Perreux-Sur-Marne;94170;221 avenue Pierre Brossolette 94170 LE PERREUX-SUR-MARNE;Commerce d'alimentation générale;"Employé / Employée de rayon libre-service ; Vendeur / Vendeuse en épicerie ; Hôte / Hôtesse de caisse ; Chef / Cheffe de rayon produits alimentaires ; Directeur / Directrice de magasin de grande distribution ; Gérant / Gérante de magasin d'alimentation générale";Entreprise susceptible de recruter (candidature spontanée);;;Apprentissage, Professionnalisation;;;81020100400019;6;https://labonnealternance.apprentissage.beta.gouv.fr/emploi/recruteurs_lba/81020100400019/lequai
LES DELICES DE FRED;MCO;Le Perreux-Sur-Marne;94170;58 AVENUE PIERRE BROSSOLETTE 94170 LE PERREUX-SUR-MARNE;Boulangerie et boulangerie-pâtisserie;Vendeur / Vendeuse en épicerie;Entreprise susceptible de recruter (candidature spontanée);;;Apprentissage, Professionnalisation;;;48331220300019;1;https://labonnealternance.apprentissage.beta.gouv.fr/emploi/recruteurs_lba/48331220300019/les-delices-de-fred
LES PAPILLONS;MCO;Le Perreux-Sur-Marne;94170;131 AVENUE PIERRE BROSSOLETTE 94170 LE PERREUX-SUR-MARNE;Autres commerces de détail alimentaires en magasin spécialisé;"Vendeur / Vendeuse en épicerie ; Employé / Employée de rayon libre-service ; Chef / Cheffe de rayon produits alimentaires ; Responsable de boutique";Entreprise susceptible de recruter (candidature spontanée);;;Apprentissage, Professionnalisation;;;47810481300017;4;https://labonnealternance.apprentissage.beta.gouv.fr/emploi/recruteurs_lba/47810481300017/les-papillons
LOISEAU MARCHES SAS;NDRC;Le Perreux-Sur-Marne;94170;147 boulevard d Alsace Lorraine 94170 LE PERREUX-SUR-MARNE;Administration d'immeubles et autres biens immobiliers;Conseiller / Conseillère immobilier;Entreprise susceptible de recruter (candidature spontanée);;;Apprentissage, Professionnalisation;;;80306626500015;1;https://labonnealternance.apprentissage.beta.gouv.fr/emploi/recruteurs_lba/80306626500015/loiseau-marches-sas
MONCEAU FLEURS;MCO;Le Perreux-Sur-Marne;94170;44 BOULEVARD D ALSACE LORRAINE 94170 LE PERREUX-SUR-MARNE;Commerce de détail de fleurs, plantes, graines, engrais, animaux de compagnie et aliments pour ces animaux en magasin spécialisé;"Vendeur / Vendeuse conseil en jardinerie ; Responsable de boutique ; Vendeur / Vendeuse en animalerie ; Hôte / Hôtesse de caisse ; Chef / Cheffe de rayon de produits non alimentaires";Entreprise susceptible de recruter (candidature spontanée);;;Apprentissage, Professionnalisation;;;79861811200022;5;https://labonnealternance.apprentissage.beta.gouv.fr/emploi/recruteurs_lba/79861811200022/monceau-fleurs
Monoprix;MCO;Le Perreux-Sur-Marne;94170;117 AVENUE DU GENERAL DE GAULLE 94170 LE PERREUX-SUR-MARNE;Supermarchés;"Employé / Employée de rayon libre-service ; Directeur / Directrice de magasin de grande distribution ; Hôte / Hôtesse de caisse ; Responsable de caisses ; Chef / Cheffe de rayon produits alimentaires";Entreprise susceptible de recruter (candidature spontanée);;;Apprentissage, Professionnalisation;;;50475466400036;5;https://labonnealternance.apprentissage.beta.gouv.fr/emploi/recruteurs_lba/50475466400036/monoprix
Peugeot - Gueudet 1880;NDRC;Le Perreux-Sur-Marne;94170;94170 Le Perreux-sur-Marne;Activités des sociétés holding;Conseiller / Conseillère client après-vente des véhicules;Offre partenaire (France Travail…);Apprenti Réceptionnaire Automobile H/F;BTS, DEUST (Bac+2);Apprentissage, Professionnalisation;2026-09-14;;;1;https://labonnealternance.apprentissage.beta.gouv.fr/emploi/offres_emploi_partenaires/6a5805416a281b681b48239a/apprenti-receptionnaire-automobile-h-f
RECOLTES;MCO;Le Perreux-Sur-Marne;94170;124 AVENUE DU GENERAL DE GAULLE 94170 LE PERREUX-SUR-MARNE;Commerce de détail de boissons en magasin spécialisé;Vendeur / Vendeuse en épicerie;Entreprise susceptible de recruter (candidature spontanée);;;Apprentissage, Professionnalisation;;;84299942700011;1;https://labonnealternance.apprentissage.beta.gouv.fr/emploi/recruteurs_lba/84299942700011/recoltes
S A G A;MCO + NDRC;Le Perreux-Sur-Marne;94170;127 AVENUE PIERRE BROSSOLETTE 94170 LE PERREUX-SUR-MARNE;Commerce de voitures et de véhicules automobiles légers;"Vendeur / Vendeuse automobile ; Conseiller / Conseillère client après-vente des véhicules";Entreprise susceptible de recruter (candidature spontanée);;;Apprentissage, Professionnalisation;;;57215131400018;2;https://labonnealternance.apprentissage.beta.gouv.fr/emploi/recruteurs_lba/57215131400018/s-a-g-a
SED PLESSIS;MCO;Le Perreux-Sur-Marne;94170;21 rue de la Station 94170 LE PERREUX-SUR-MARNE;Commerce d'alimentation générale;"Employé / Employée de rayon libre-service ; Vendeur / Vendeuse en épicerie ; Hôte / Hôtesse de caisse ; Chef / Cheffe de rayon produits alimentaires ; Directeur / Directrice de magasin de grande distribution ; Gérant / Gérante de magasin d'alimentation générale";Entreprise susceptible de recruter (candidature spontanée);;;Apprentissage, Professionnalisation;;;92809554600018;6;https://labonnealternance.apprentissage.beta.gouv.fr/emploi/recruteurs_lba/92809554600018/sed-plessis
SOCIETE GENERALE;NDRC;Le Perreux-Sur-Marne;94170;121 AVENUE DU GENERAL DE GAULLE 94170 LE PERREUX-SUR-MARNE;Autres intermédiations monétaires;"Conseiller / Conseillère de clientèle bancaire ; Chargé / Chargée d'accueil en banque ; Conseiller / Conseillère en gestion de patrimoine";Entreprise susceptible de recruter (candidature spontanée);;;Apprentissage, Professionnalisation;;;55212022216878;3;https://labonnealternance.apprentissage.beta.gouv.fr/emploi/recruteurs_lba/55212022216878/societe-generale
THE WEDGE-CLUB IMMOBILIER;NDRC;Le Perreux-Sur-Marne;94170;16 boulevard de la Liberte 94170 LE PERREUX-SUR-MARNE;Agences immobilières;Conseiller / Conseillère immobilier;Entreprise susceptible de recruter (candidature spontanée);;;Apprentissage, Professionnalisation;;;44074499300013;1;https://labonnealternance.apprentissage.beta.gouv.fr/emploi/recruteurs_lba/44074499300013/the-wedge-club-immobilier
ADDIS COMPOSANTS ELECTRONIQUES;MCO + NDRC;Le Plessis-Trévise;94420;4 avenue Joseph Cugnot 94420 LE PLESSIS-TREVISE;Commerce de gros (commerce interentreprises) de matériel électrique;"Vendeur / Vendeuse grossiste en équipement du foyer ; Technico-commercial / Technico-commerciale";Entreprise susceptible de recruter (candidature spontanée);;;Apprentissage, Professionnalisation;;;43184069300037;2;https://labonnealternance.apprentissage.beta.gouv.fr/emploi/recruteurs_lba/43184069300037/addis-composants-electroniques
AGENCE GINDRA;NDRC;Le Plessis-Trévise;94420;25 avenue du General De Gaulle 94420 LE PLESSIS-TREVISE;Agences immobilières;Conseiller / Conseillère immobilier;Entreprise susceptible de recruter (candidature spontanée);;;Apprentissage, Professionnalisation;;;31665423500027;1;https://labonnealternance.apprentissage.beta.gouv.fr/emploi/recruteurs_lba/31665423500027/agence-gindra
Alternance Conseiller Commercial - Le Plessis-Trévise (F/H);NDRC;Le Plessis-Trévise;94420;94420 Le Plessis-Trévise;;"Conseiller commercial / Conseillère commerciale auprès des particuliers ; Alternance Conseiller Commercial - Le Plessis-Trévise (F/H)";Offre partenaire (France Travail…);Alternance Conseiller Commercial - Le Plessis-Trévise (F/H);;Professionnalisation;2026-09-19;;;2;https://labonnealternance.apprentissage.beta.gouv.fr/emploi/offres_emploi_partenaires/6aaf0a669b5a0cfb25b05116/alternance-conseiller-commercial-le-plessis-trevise-f-h
AUCHAN SUPERMARCHE;MCO;Le Plessis-Trévise;94420;28 AVENUE CHERET 94420 LE PLESSIS-TREVISE;Autres commerces de détail en magasin non spécialisé;"Employé / Employée de rayon libre-service ; Responsable de boutique ; Hôte / Hôtesse de caisse ; Directeur / Directrice de magasin de grande distribution ; Chef / Cheffe de rayon de produits non alimentaires ; Chef / Cheffe de rayon produits alimentaires";Entreprise susceptible de recruter (candidature spontanée);;;Apprentissage, Professionnalisation;;;89507436700023;6;https://labonnealternance.apprentissage.beta.gouv.fr/emploi/recruteurs_lba/89507436700023/auchan-supermarche
AUX DELICES DE STEPH ET YANN;MCO;Le Plessis-Trévise;94420;7T AVENUE ARDOUIN 94420 LE PLESSIS-TREVISE;Boulangerie et boulangerie-pâtisserie;Vendeur / Vendeuse en épicerie;Entreprise susceptible de recruter (candidature spontanée);;;Apprentissage, Professionnalisation;;;98252736800012;1;https://labonnealternance.apprentissage.beta.gouv.fr/emploi/recruteurs_lba/98252736800012/aux-delices-de-steph-et-yann
BOULANGERIE - PATISSERIE DU PLESSIS;MCO;Le Plessis-Trévise;94420;1 avenue Gonzalve 94420 LE PLESSIS-TREVISE;Boulangerie et boulangerie-pâtisserie;Vendeur / Vendeuse en épicerie;Entreprise susceptible de recruter (candidature spontanée);;;Apprentissage, Professionnalisation;;;89924623500027;1;https://labonnealternance.apprentissage.beta.gouv.fr/emploi/recruteurs_lba/89924623500027/boulangerie-patisserie-du-plessis
BOULANGERIE GABRIEL;MCO;Le Plessis-Trévise;94420;38 AVENUE ARDOUIN 94420 LE PLESSIS-TREVISE;Boulangerie et boulangerie-pâtisserie;Vendeur / Vendeuse en épicerie;Entreprise susceptible de recruter (candidature spontanée);;;Apprentissage, Professionnalisation;;;85002772300012;1;https://labonnealternance.apprentissage.beta.gouv.fr/emploi/recruteurs_lba/85002772300012/boulangerie-gabriel
CIRCOR INDUSTRIA;NDRC;Le Plessis-Trévise;94420;28 avenue Clara 94420 LE PLESSIS-TREVISE;Fabrication d'équipements hydrauliques et pneumatiques;Cadre Technico-commercial / Technico-commerciale;Entreprise susceptible de recruter (candidature spontanée);;;Apprentissage, Professionnalisation;;;51906296200013;1;https://labonnealternance.apprentissage.beta.gouv.fr/emploi/recruteurs_lba/51906296200013/circor-industria
COLORS CONCEPT;MCO + NDRC;Le Plessis-Trévise;94420;1 AVENUE CLEMENT ADER 94420 LE PLESSIS-TREVISE;Commerce de voitures et de véhicules automobiles légers;"Vendeur / Vendeuse automobile ; Conseiller / Conseillère client après-vente des véhicules";Entreprise susceptible de recruter (candidature spontanée);;;Apprentissage, Professionnalisation;;;79902656200014;2;https://labonnealternance.apprentissage.beta.gouv.fr/emploi/recruteurs_lba/79902656200014/colors-concept
DES-CAS;NDRC;Le Plessis-Trévise;94420;7 avenue Joseph Cugnot 94420 LE PLESSIS-TREVISE;Réparation de meubles et d'équipements du foyer;Chargé / Chargée de relation client;Entreprise susceptible de recruter (candidature spontanée);;;Apprentissage, Professionnalisation;;;49943060100025;1;https://labonnealternance.apprentissage.beta.gouv.fr/emploi/recruteurs_lba/49943060100025/des-cas
EXPERTISE & CONCEPT PARIS;NDRC;Le Plessis-Trévise;94420;4 allee des Ambalais 94420 LE PLESSIS-TREVISE;Évaluation des risques et dommages;Souscripteur / Souscriptrice en assurances;Entreprise susceptible de recruter (candidature spontanée);;;Apprentissage, Professionnalisation;;;37777195100045;1;https://labonnealternance.apprentissage.beta.gouv.fr/emploi/recruteurs_lba/37777195100045/expertise-concept-paris
IMMOBILIERE THOMAS DEPRESLE;NDRC;Le Plessis-Trévise;94420;27 avenue du General De Gaulle 94420 LE PLESSIS-TREVISE;Agences immobilières;Conseiller / Conseillère immobilier;Entreprise susceptible de recruter (candidature spontanée);;;Apprentissage, Professionnalisation;;;49302919300015;1;https://labonnealternance.apprentissage.beta.gouv.fr/emploi/recruteurs_lba/49302919300015/immobiliere-thomas-depresle
PLESSIS DISTRIBUTION ALIMENTAIRE;MCO;Le Plessis-Trévise;94420;4 avenue Ardouin 94420 LE PLESSIS-TREVISE;Supermarchés;"Employé / Employée de rayon libre-service ; Directeur / Directrice de magasin de grande distribution ; Hôte / Hôtesse de caisse ; Responsable de caisses ; Chef / Cheffe de rayon produits alimentaires";Entreprise susceptible de recruter (candidature spontanée);;;Apprentissage, Professionnalisation;;;35117137600012;5;https://labonnealternance.apprentissage.beta.gouv.fr/emploi/recruteurs_lba/35117137600012/plessis-distribution-alimentaire
ROSADESTOCK;MCO;Le Plessis-Trévise;94420;26 avenue de Chennevieres 94420 LE PLESSIS-TREVISE;Autres commerces de détail en magasin non spécialisé;"Employé / Employée de rayon libre-service ; Responsable de boutique ; Hôte / Hôtesse de caisse ; Directeur / Directrice de magasin de grande distribution ; Chef / Cheffe de rayon de produits non alimentaires ; Chef / Cheffe de rayon produits alimentaires";Entreprise susceptible de recruter (candidature spontanée);;;Apprentissage, Professionnalisation;;;89528582300012;6;https://labonnealternance.apprentissage.beta.gouv.fr/emploi/recruteurs_lba/89528582300012/rosadestock
SARL GARAGE DU PONROY;MCO + NDRC;Le Plessis-Trévise;94420;22 AVENUE CLEMENT ADER 94420 LE PLESSIS-TREVISE;Commerce de voitures et de véhicules automobiles légers;"Vendeur / Vendeuse automobile ; Conseiller / Conseillère client après-vente des véhicules";Entreprise susceptible de recruter (candidature spontanée);;;Apprentissage, Professionnalisation;;;42891633200029;2;https://labonnealternance.apprentissage.beta.gouv.fr/emploi/recruteurs_lba/42891633200029/sarl-garage-du-ponroy
SCUTUM INCENDIE;NDRC;Le Plessis-Trévise;94420;5 AVENUE JOSEPH CUGNOT 94420 LE PLESSIS-TREVISE;Commerce de gros (commerce interentreprises) de fournitures et équipements industriels divers;"Technico-commercial / Technico-commerciale ; Attaché commercial / Attachée commerciale";Entreprise susceptible de recruter (candidature spontanée);;;Apprentissage, Professionnalisation;;;33179043600025;2;https://labonnealternance.apprentissage.beta.gouv.fr/emploi/recruteurs_lba/33179043600025/scutum-incendie
ARTEMUS;MCO;Limeil-Brévannes;94450;24t Avenue des 2 Clochers 94450 Limeil-Brévannes;Fabrication de bière;Chef / Cheffe de secteur magasin;Entreprise susceptible de recruter (candidature spontanée);;;Apprentissage, Professionnalisation;;;84434290700012;1;https://labonnealternance.apprentissage.beta.gouv.fr/emploi/recruteurs_lba/84434290700012/artemus
AUCHAN SUPERMARCHE;MCO;Limeil-Brévannes;94450;3 RUE LOUIS SALLE 94450 LIMEIL-BREVANNES;Supermarchés;"Employé / Employée de rayon libre-service ; Directeur / Directrice de magasin de grande distribution ; Hôte / Hôtesse de caisse ; Responsable de caisses ; Chef / Cheffe de rayon produits alimentaires";Entreprise susceptible de recruter (candidature spontanée);;;Apprentissage, Professionnalisation;;;41040901503562;5;https://labonnealternance.apprentissage.beta.gouv.fr/emploi/recruteurs_lba/41040901503562/auchan-supermarche
BNP Paribas;NDRC;Limeil-Brévannes;94450;1 place Eugene Collau 94450 LIMEIL-BREVANNES;Autres intermédiations monétaires;"Conseiller / Conseillère de clientèle bancaire ; Chargé / Chargée d'accueil en banque ; Conseiller / Conseillère en gestion de patrimoine";Entreprise susceptible de recruter (candidature spontanée);;;Apprentissage, Professionnalisation;;;66204244935275;3;https://labonnealternance.apprentissage.beta.gouv.fr/emploi/recruteurs_lba/66204244935275/bnp-paribas
BOISSY AUTOMOBILES;MCO + NDRC;Limeil-Brévannes;94450;18 AVENUE DE VALENTON 94450 LIMEIL-BREVANNES;Commerce de voitures et de véhicules automobiles légers;"Vendeur / Vendeuse automobile ; Conseiller / Conseillère client après-vente des véhicules";Entreprise susceptible de recruter (candidature spontanée);;;Apprentissage, Professionnalisation;;;78873562900057;2;https://labonnealternance.apprentissage.beta.gouv.fr/emploi/recruteurs_lba/78873562900057/boissy-automobiles
C.A;MCO + NDRC;Limeil-Brévannes;94450;43 rue du tertre 94450 LIMEIL-BREVANNES;Autres intermédiaires du commerce en produits divers;"Vendeur / Vendeuse automobile ; Conseiller commercial / Conseillère commerciale auprès des particuliers ; Responsable Commercial / Commerciale ; Attaché commercial / Attachée commerciale";Entreprise susceptible de recruter (candidature spontanée);;;Apprentissage, Professionnalisation;;;89984937600020;4;https://labonnealternance.apprentissage.beta.gouv.fr/emploi/recruteurs_lba/89984937600020/c-a
DISTRIBUTION LIMEIL;MCO;Limeil-Brévannes;94450;avenue de Valenton 94450 LIMEIL-BREVANNES;Autres commerces de détail en magasin non spécialisé;"Employé / Employée de rayon libre-service ; Responsable de boutique ; Hôte / Hôtesse de caisse ; Directeur / Directrice de magasin de grande distribution ; Chef / Cheffe de rayon de produits non alimentaires ; Chef / Cheffe de rayon produits alimentaires";Entreprise susceptible de recruter (candidature spontanée);;;Apprentissage, Professionnalisation;;;81306121500014;6;https://labonnealternance.apprentissage.beta.gouv.fr/emploi/recruteurs_lba/81306121500014/distribution-limeil
HADJADJ IMMOBILIER;NDRC;Limeil-Brévannes;94450;12 place Arthur Rimbaud 94450 LIMEIL-BREVANNES;Agences immobilières;Conseiller / Conseillère immobilier;Entreprise susceptible de recruter (candidature spontanée);;;Apprentissage, Professionnalisation;;;92244339500020;1;https://labonnealternance.apprentissage.beta.gouv.fr/emploi/recruteurs_lba/92244339500020/hadjadj-immobilier
IOLI FLEURS;MCO;Limeil-Brévannes;94450;ALLEE DES TULIPIERS 94450 LIMEIL-BREVANNES;Commerce de détail de fleurs, plantes, graines, engrais, animaux de compagnie et aliments pour ces animaux en magasin spécialisé;"Responsable de boutique ; Vendeur / Vendeuse conseil en jardinerie ; Vendeur / Vendeuse en animalerie ; Hôte / Hôtesse de caisse ; Chef / Cheffe de rayon de produits non alimentaires";Entreprise susceptible de recruter (candidature spontanée);;;Apprentissage, Professionnalisation;;;51968516800014;5;https://labonnealternance.apprentissage.beta.gouv.fr/emploi/recruteurs_lba/51968516800014/ioli-fleurs
MKB GROUP;MCO + NDRC;Limeil-Brévannes;94450;10 allee Van Gogh 94450 LIMEIL-BREVANNES;Commerce de voitures et de véhicules automobiles légers;"Vendeur / Vendeuse automobile ; Conseiller / Conseillère client après-vente des véhicules";Entreprise susceptible de recruter (candidature spontanée);;;Apprentissage, Professionnalisation;;;90845481200029;2;https://labonnealternance.apprentissage.beta.gouv.fr/emploi/recruteurs_lba/90845481200029/mkb-group
PHARMACIE DES TILLEULS;MCO;Limeil-Brévannes;94450;4 RUE JULIE-VICTOIRE DAUBIE 94450 LIMEIL-BREVANNES;Commerce de détail d'articles médicaux et orthopédiques en magasin spécialisé;;Entreprise susceptible de recruter (candidature spontanée);;;Apprentissage, Professionnalisation;;;89249946800015;1;https://labonnealternance.apprentissage.beta.gouv.fr/emploi/recruteurs_lba/89249946800015/pharmacie-des-tilleuls
PRESLES MARKET;MCO;Limeil-Brévannes;94450;14 RUE DES HERBAGES DE SEZE 94450 LIMEIL-BREVANNES;Commerce d'alimentation générale;"Employé / Employée de rayon libre-service ; Vendeur / Vendeuse en épicerie ; Hôte / Hôtesse de caisse ; Chef / Cheffe de rayon produits alimentaires ; Directeur / Directrice de magasin de grande distribution ; Gérant / Gérante de magasin d'alimentation générale";Entreprise susceptible de recruter (candidature spontanée);;;Apprentissage, Professionnalisation;;;95240109900017;6;https://labonnealternance.apprentissage.beta.gouv.fr/emploi/recruteurs_lba/95240109900017/presles-market
TESTER700;MCO + NDRC;Limeil-Brévannes;94450;1 rue d Aquitaine 94450 LIMEIL-BREVANNES;Commerce de voitures et de véhicules automobiles légers;"Vendeur / Vendeuse automobile ; Conseiller / Conseillère client après-vente des véhicules";Entreprise susceptible de recruter (candidature spontanée);;;Apprentissage, Professionnalisation;;;93287721000017;2;https://labonnealternance.apprentissage.beta.gouv.fr/emploi/recruteurs_lba/93287721000017/tester700
ALPITOUR FRANCE;NDRC;Maisons-Alfort;94700;13 avenue du General Leclerc 94700 MAISONS-ALFORT;Activités des voyagistes;Commercial / Commerciale export;Entreprise susceptible de recruter (candidature spontanée);;;Apprentissage, Professionnalisation;;;82918536200029;1;https://labonnealternance.apprentissage.beta.gouv.fr/emploi/recruteurs_lba/82918536200029/alpitour-france
Alternance Chargé de développement commercial - Maisons-Alfort (F/H);NDRC;Maisons-Alfort;94700;94700 Maisons-Alfort;;Alternance Chargé de développement commercial - Maisons-Alfort (F/H);Offre partenaire (France Travail…);Alternance Chargé de développement commercial - Maisons-Alfort (F/H);;Professionnalisation;2026-09-12;;;1;https://labonnealternance.apprentissage.beta.gouv.fr/emploi/offres_emploi_partenaires/6aa5d026a4e8e7f2aeacb6b6/alternance-charge-de-developpement-commercial-maisons-alfort-f-h
ASUPER 2;MCO;Maisons-Alfort;94700;rue Eugene Renault 94700 MAISONS-ALFORT;Supermarchés;"Employé / Employée de rayon libre-service ; Directeur / Directrice de magasin de grande distribution ; Hôte / Hôtesse de caisse ; Responsable de caisses ; Chef / Cheffe de rayon produits alimentaires";Entreprise susceptible de recruter (candidature spontanée);;;Apprentissage, Professionnalisation;;;98489329700064;5;https://labonnealternance.apprentissage.beta.gouv.fr/emploi/recruteurs_lba/98489329700064/asuper-2
AU COEUR D'ALOYAU;MCO + NDRC;Maisons-Alfort;94700;75 AVENUE GEORGES CLEMENCEAU 94700 MAISONS-ALFORT;Commerce de détail alimentaire sur éventaires et marchés;"Vendeur / Vendeuse en épicerie ; Vendeur / Vendeuse grossiste en produits frais";Entreprise susceptible de recruter (candidature spontanée);;;Apprentissage, Professionnalisation;;;78860093000010;2;https://labonnealternance.apprentissage.beta.gouv.fr/emploi/recruteurs_lba/78860093000010/au-coeur-d-aloyau
AU FOURNIL DES JUILLIOTTES;MCO;Maisons-Alfort;94700;19 COURS DES JUILLIOTTES 94700 MAISONS-ALFORT;Boulangerie et boulangerie-pâtisserie;Vendeur / Vendeuse en épicerie;Entreprise susceptible de recruter (candidature spontanée);;;Apprentissage, Professionnalisation;;;87860347100029;1;https://labonnealternance.apprentissage.beta.gouv.fr/emploi/recruteurs_lba/87860347100029/au-fournil-des-juilliottes
AUCHAN SUPERMARCHE;MCO;Maisons-Alfort;94700;135 RUE JEAN JAURES 94700 MAISONS-ALFORT;Supermarchés;"Employé / Employée de rayon libre-service ; Directeur / Directrice de magasin de grande distribution ; Hôte / Hôtesse de caisse ; Responsable de caisses ; Chef / Cheffe de rayon produits alimentaires";Entreprise susceptible de recruter (candidature spontanée);;;Apprentissage, Professionnalisation;;;41040901503547;5;https://labonnealternance.apprentissage.beta.gouv.fr/emploi/recruteurs_lba/41040901503547/auchan-supermarche
AUCHAN SUPERMARCHE;MCO;Maisons-Alfort;94700;13 AVENUE DU PROFESSEUR CADIOT 94700 MAISONS-ALFORT;Supermarchés;"Employé / Employée de rayon libre-service ; Directeur / Directrice de magasin de grande distribution ; Hôte / Hôtesse de caisse ; Responsable de caisses ; Chef / Cheffe de rayon produits alimentaires";Entreprise susceptible de recruter (candidature spontanée);;;Apprentissage, Professionnalisation;;;41040901503554;5;https://labonnealternance.apprentissage.beta.gouv.fr/emploi/recruteurs_lba/41040901503554/auchan-supermarche
BELLETOILE IMMOBILIER;NDRC;Maisons-Alfort;94700;1 avenue Gambetta 94700 MAISONS-ALFORT;Administration d'immeubles et autres biens immobiliers;Conseiller / Conseillère immobilier;Entreprise susceptible de recruter (candidature spontanée);;;Apprentissage, Professionnalisation;;;38106597800029;1;https://labonnealternance.apprentissage.beta.gouv.fr/emploi/recruteurs_lba/38106597800029/belletoile-immobilier
BEST DRIVE;MCO + NDRC;Maisons-Alfort;94700;249 avenue de la Republique 94700 MAISONS-ALFORT;Commerce de détail d'équipements automobiles;"Conseiller / Conseillère de vente en pièces de rechange et accessoires de véhicules ; Conseiller / Conseillère client après-vente des véhicules";Entreprise susceptible de recruter (candidature spontanée);;;Apprentissage, Professionnalisation;;;55207328000042;2;https://labonnealternance.apprentissage.beta.gouv.fr/emploi/recruteurs_lba/55207328000042/best-drive
BNPPARIBAS;NDRC;Maisons-Alfort;94700;4 rue Eugene Renault 94700 MAISONS-ALFORT;Autres intermédiations monétaires;"Conseiller / Conseillère de clientèle bancaire ; Chargé / Chargée d'accueil en banque ; Conseiller / Conseillère en gestion de patrimoine";Entreprise susceptible de recruter (candidature spontanée);;;Apprentissage, Professionnalisation;;;66204244942685;3;https://labonnealternance.apprentissage.beta.gouv.fr/emploi/recruteurs_lba/66204244942685/bnpparibas
BOUCHERIE YANNICK MANCEAU;MCO + NDRC;Maisons-Alfort;94700;63 AVENUE DU GENERAL DE GAULLE 94700 MAISONS-ALFORT;Commerce de détail de viandes et de produits à base de viande en magasin spécialisé;"Vendeur / Vendeuse en épicerie ; Vendeur / Vendeuse grossiste en produits frais";Entreprise susceptible de recruter (candidature spontanée);;;Apprentissage, Professionnalisation;;;81849835400013;2;https://labonnealternance.apprentissage.beta.gouv.fr/emploi/recruteurs_lba/81849835400013/boucherie-yannick-manceau
BOULANGERIE MIROOSH;MCO;Maisons-Alfort;94700;24 RUE EUGENE RENAULT 94700 MAISONS-ALFORT;Boulangerie et boulangerie-pâtisserie;Vendeur / Vendeuse en épicerie;Entreprise susceptible de recruter (candidature spontanée);;;Apprentissage, Professionnalisation;;;84331863500029;1;https://labonnealternance.apprentissage.beta.gouv.fr/emploi/recruteurs_lba/84331863500029/boulangerie-miroosh
BPCE SOLUTIONS CLIENTS;NDRC;Maisons-Alfort;94700;4 rue Eugene Renault 94700 MAISONS-ALFORT;Autre distribution de crédit;"Conseiller / Conseillère de clientèle bancaire ; Courtier / Courtière en banque ; Conseiller commercial / Conseillère commerciale auprès des particuliers";Entreprise susceptible de recruter (candidature spontanée);;;Apprentissage, Professionnalisation;;;38461173700121;3;https://labonnealternance.apprentissage.beta.gouv.fr/emploi/recruteurs_lba/38461173700121/bpce-solutions-clients
BPIFRANCE;NDRC;Maisons-Alfort;94700;27 avenue du General Leclerc 94700 MAISONS-ALFORT;Autre distribution de crédit;"Conseiller / Conseillère de clientèle bancaire ; Courtier / Courtière en banque ; Conseiller commercial / Conseillère commerciale auprès des particuliers";Entreprise susceptible de recruter (candidature spontanée);;;Apprentissage, Professionnalisation;;;32025248901075;3;https://labonnealternance.apprentissage.beta.gouv.fr/emploi/recruteurs_lba/32025248901075/bpifrance
BPIFRANCE ASSURANCE EXPORT;NDRC;Maisons-Alfort;94700;27 AVENUE DU GENERAL LECLERC 94700 MAISONS-ALFORT;AUTRES ASSURANCES;"Conseiller / Conseillère en assurances ; Conseiller / Conseillère en gestion de patrimoine";Entreprise susceptible de recruter (candidature spontanée);;;Apprentissage, Professionnalisation;;;81527630800013;2;https://labonnealternance.apprentissage.beta.gouv.fr/emploi/recruteurs_lba/81527630800013/bpifrance-assurance-export
CARREFOUR CONTACT;MCO;Maisons-Alfort;94700;39 avenue du General Leclerc 94700 MAISONS-ALFORT;Supermarchés;"Employé / Employée de rayon libre-service ; Directeur / Directrice de magasin de grande distribution ; Hôte / Hôtesse de caisse ; Responsable de caisses ; Chef / Cheffe de rayon produits alimentaires";Entreprise susceptible de recruter (candidature spontanée);;;Apprentissage, Professionnalisation;;;91408462900015;5;https://labonnealternance.apprentissage.beta.gouv.fr/emploi/recruteurs_lba/91408462900015/carrefour-contact
CEDEO-CLIM+-CDL ELEC-ENVIE DE SALLE DE B;MCO + NDRC;Maisons-Alfort;94700;84 AVENUE DE LA REPUBLIQUE 94700 MAISONS-ALFORT;Commerce de gros (commerce interentreprises) d'appareils sanitaires et de produits de décoration;"Vendeur / Vendeuse grossiste en équipement du foyer ; Technico-commercial / Technico-commerciale ; Commercial / Commerciale auprès d'une clientèle d'entreprises ; Attaché commercial / Attachée commerciale";Entreprise susceptible de recruter (candidature spontanée);;;Apprentissage, Professionnalisation;;;57214188506967;4;https://labonnealternance.apprentissage.beta.gouv.fr/emploi/recruteurs_lba/57214188506967/cedeo-clim-cdl-elec-envie-de-salle-de-b
CENTRE ESTHETIQUE IMANE BEAUTY;MCO;Maisons-Alfort;94700;41 avenue du General De Gaulle 94700 MAISONS-ALFORT;Commerce de détail de parfumerie et de produits de beauté en magasin spécialisé;"Responsable de boutique ; Employé / Employée de rayon libre-service";Entreprise susceptible de recruter (candidature spontanée);;;Apprentissage, Professionnalisation;;;49175913000025;2;https://labonnealternance.apprentissage.beta.gouv.fr/emploi/recruteurs_lba/49175913000025/centre-esthetique-imane-beauty
CENTURY 21;NDRC;Maisons-Alfort;94700;251 AVENUE DU GENERAL LECLERC 94700 MAISONS-ALFORT;LOCATION DE TERRAINS ET D'AUTRES BIENS IMMOBILIERS;"Conseiller / Conseillère immobilier ; Conseiller commercial / Conseillère commerciale auprès des particuliers";Entreprise susceptible de recruter (candidature spontanée);;;Apprentissage, Professionnalisation;;;81056773500024;2;https://labonnealternance.apprentissage.beta.gouv.fr/emploi/recruteurs_lba/81056773500024/century-21
CENTURY 21 LB IMMOBILIER;NDRC;Maisons-Alfort;94700;40 AVENUE DU GENERAL DE GAULLE 94700 MAISONS-ALFORT;Agences immobilières;Conseiller / Conseillère immobilier;Entreprise susceptible de recruter (candidature spontanée);;;Apprentissage, Professionnalisation;;;49309802400018;1;https://labonnealternance.apprentissage.beta.gouv.fr/emploi/recruteurs_lba/49309802400018/century-21-lb-immobilier
CREDIT LYONNAIS;NDRC;Maisons-Alfort;94700;90 avenue Gambetta 94700 MAISONS-ALFORT;Autres intermédiations monétaires;"Conseiller / Conseillère de clientèle bancaire ; Chargé / Chargée d'accueil en banque ; Conseiller / Conseillère en gestion de patrimoine";Entreprise susceptible de recruter (candidature spontanée);;;Apprentissage, Professionnalisation;;;95450974120688;3;https://labonnealternance.apprentissage.beta.gouv.fr/emploi/recruteurs_lba/95450974120688/credit-lyonnais
DM2E;MCO + NDRC;Maisons-Alfort;94700;44 rue de la Belle Image 94700 MAISONS-ALFORT;Commerce de gros (commerce interentreprises) de matériel électrique;"Vendeur / Vendeuse grossiste en équipement du foyer ; Technico-commercial / Technico-commerciale";Entreprise susceptible de recruter (candidature spontanée);;;Apprentissage, Professionnalisation;;;45289797800022;2;https://labonnealternance.apprentissage.beta.gouv.fr/emploi/recruteurs_lba/45289797800022/dm2e
DMA DISTRIBUTION;MCO;Maisons-Alfort;94700;40 AVENUE DE LA REPUBLIQUE 94700 MAISONS-ALFORT;Commerce d'alimentation générale;"Employé / Employée de rayon libre-service ; Vendeur / Vendeuse en épicerie ; Hôte / Hôtesse de caisse ; Chef / Cheffe de rayon produits alimentaires ; Directeur / Directrice de magasin de grande distribution ; Gérant / Gérante de magasin d'alimentation générale";Entreprise susceptible de recruter (candidature spontanée);;;Apprentissage, Professionnalisation;;;87817679100027;6;https://labonnealternance.apprentissage.beta.gouv.fr/emploi/recruteurs_lba/87817679100027/dma-distribution
FONCIA VAL DE MARNE;NDRC;Maisons-Alfort;94700;259 avenue du General Leclerc 94700 MAISONS-ALFORT;Administration d'immeubles et autres biens immobiliers;Conseiller / Conseillère immobilier;Entreprise susceptible de recruter (candidature spontanée);;;Apprentissage, Professionnalisation;;;96920079900233;1;https://labonnealternance.apprentissage.beta.gouv.fr/emploi/recruteurs_lba/96920079900233/foncia-val-de-marne
Franprix;MCO;Maisons-Alfort;94700;60 AVENUE GAMBETTA 94700 MAISONS-ALFORT;Supermarchés;"Employé / Employée de rayon libre-service ; Directeur / Directrice de magasin de grande distribution ; Hôte / Hôtesse de caisse ; Responsable de caisses ; Chef / Cheffe de rayon produits alimentaires";Entreprise susceptible de recruter (candidature spontanée);;;Apprentissage, Professionnalisation;;;41057038600012;5;https://labonnealternance.apprentissage.beta.gouv.fr/emploi/recruteurs_lba/41057038600012/franprix
G20;MCO;Maisons-Alfort;94700;78 AVENUE DU GENERAL LECLERC 94700 MAISONS-ALFORT;Commerce d'alimentation générale;"Employé / Employée de rayon libre-service ; Vendeur / Vendeuse en épicerie ; Hôte / Hôtesse de caisse ; Chef / Cheffe de rayon produits alimentaires ; Directeur / Directrice de magasin de grande distribution ; Gérant / Gérante de magasin d'alimentation générale";Entreprise susceptible de recruter (candidature spontanée);;;Apprentissage, Professionnalisation;;;91256124800028;6;https://labonnealternance.apprentissage.beta.gouv.fr/emploi/recruteurs_lba/91256124800028/g20
GEEK FACTORY;MCO + NDRC;Maisons-Alfort;94700;65 RUE DE PERPIGNAN 94700 MAISONS-ALFORT;Commerce de détail de jeux et jouets en magasin spécialisé;"Vendeur / Vendeuse de produits culturels et ludiques ; Hôte / Hôtesse de caisse ; Responsable de boutique ; Employé / Employée de rayon libre-service ; Directeur / Directrice des ventes ; Conseiller commercial / Conseillère commerciale auprès des particuliers";Entreprise susceptible de recruter (candidature spontanée);;;Apprentissage, Professionnalisation;;;91059745900015;6;https://labonnealternance.apprentissage.beta.gouv.fr/emploi/recruteurs_lba/91059745900015/geek-factory
GEKIPS;MCO;Maisons-Alfort;94700;77 rue du 14 Juillet 94700 MAISONS-ALFORT;Autres activités de soutien aux entreprises n.c.a.;Animateur / Animatrice des ventes;Entreprise susceptible de recruter (candidature spontanée);;;Apprentissage, Professionnalisation;;;49921710700022;1;https://labonnealternance.apprentissage.beta.gouv.fr/emploi/recruteurs_lba/49921710700022/gekips
GHT IMMO;NDRC;Maisons-Alfort;94700;78 rue de Reims 94700 MAISONS-ALFORT;Agences immobilières;Conseiller / Conseillère immobilier;Entreprise susceptible de recruter (candidature spontanée);;;Apprentissage, Professionnalisation;;;79370235800037;1;https://labonnealternance.apprentissage.beta.gouv.fr/emploi/recruteurs_lba/79370235800037/ght-immo
Groupement Mousquetaires;MCO;Maisons-Alfort;94700;94700 Maisons-Alfort;Activités des sièges sociaux;"Vendeur / Vendeuse en épicerie ; Apprenti Rayon Marée H/F";Offre partenaire (France Travail…);Apprenti Rayon Marée H/F;CAP, BEP (Infrabac);Apprentissage, Professionnalisation;2026-09-23;;;2;https://labonnealternance.apprentissage.beta.gouv.fr/emploi/offres_emploi_partenaires/6968b8502fd23d7ccdf72e24/apprenti-rayon-maree-h-f
HYPER CITY EXPRESS;MCO;Maisons-Alfort;94700;102 avenue Gambetta 94700 MAISONS-ALFORT;Commerce d'alimentation générale;"Employé / Employée de rayon libre-service ; Vendeur / Vendeuse en épicerie ; Hôte / Hôtesse de caisse ; Chef / Cheffe de rayon produits alimentaires ; Directeur / Directrice de magasin de grande distribution ; Gérant / Gérante de magasin d'alimentation générale";Entreprise susceptible de recruter (candidature spontanée);;;Apprentissage, Professionnalisation;;;89331533300011;6;https://labonnealternance.apprentissage.beta.gouv.fr/emploi/recruteurs_lba/89331533300011/hyper-city-express
I-RUN;MCO;Maisons-Alfort;94700;32 AVENUE DU GENERAL LECLERC 94700 MAISONS-ALFORT;Commerce de détail de la chaussure;"Responsable de boutique ; Vendeur / Vendeuse en prêt-à-porter ; Vendeur / Vendeuse d'articles de sport et loisirs ; Gérant / Gérante de magasin d'alimentation générale ; Directeur / Directrice de magasin de grande distribution";Entreprise susceptible de recruter (candidature spontanée);;;Apprentissage, Professionnalisation;;;44315886000157;5;https://labonnealternance.apprentissage.beta.gouv.fr/emploi/recruteurs_lba/44315886000157/i-run
INFINI LEGNO;NDRC;Maisons-Alfort;94700;11 avenue du General De Gaulle 94700 MAISONS-ALFORT;Commerce de gros (commerce interentreprises) non spécialisé;"Technico-commercial / Technico-commerciale ; Assistant commercial / Assistante commerciale ; Conseiller / Conseillère en gestion de patrimoine";Entreprise susceptible de recruter (candidature spontanée);;;Apprentissage, Professionnalisation;;;52191859900015;3;https://labonnealternance.apprentissage.beta.gouv.fr/emploi/recruteurs_lba/52191859900015/infini-legno
L'ATELIER DU ROULE TOUJOURS;NDRC;Maisons-Alfort;94700;35 RUE CARNOT 94700 MAISONS-ALFORT;Commerce et réparation de motocycles;"Conseiller commercial / Conseillère commerciale motocycles ; Conseiller / Conseillère client après-vente des véhicules";Entreprise susceptible de recruter (candidature spontanée);;;Apprentissage, Professionnalisation;;;40533208100026;2;https://labonnealternance.apprentissage.beta.gouv.fr/emploi/recruteurs_lba/40533208100026/l-atelier-du-roule-toujours
L'HONORE DE LA GOULETTE;MCO;Maisons-Alfort;94700;17 AVENUE DE LA REPUBLIQUE 94700 MAISONS-ALFORT;Boulangerie et boulangerie-pâtisserie;Vendeur / Vendeuse en épicerie;Entreprise susceptible de recruter (candidature spontanée);;;Apprentissage, Professionnalisation;;;90957296800016;1;https://labonnealternance.apprentissage.beta.gouv.fr/emploi/recruteurs_lba/90957296800016/l-honore-de-la-goulette
LA CROUSTILLEPI;MCO;Maisons-Alfort;94700;288 rue Jean Jaures 94700 MAISONS-ALFORT;Boulangerie et boulangerie-pâtisserie;Vendeur / Vendeuse en épicerie;Entreprise susceptible de recruter (candidature spontanée);;;Apprentissage, Professionnalisation;;;89279761400013;1;https://labonnealternance.apprentissage.beta.gouv.fr/emploi/recruteurs_lba/89279761400013/la-croustillepi
La Poste;NDRC;Maisons-Alfort;94700;68 avenue du General De Gaulle 94700 MAISONS-ALFORT;Activités de poste dans le cadre d'une obligation de service universel;Responsable relation client (CRM);Entreprise susceptible de recruter (candidature spontanée);;;Apprentissage, Professionnalisation;;;35600000051370;1;https://labonnealternance.apprentissage.beta.gouv.fr/emploi/recruteurs_lba/35600000051370/la-poste
La Poste;NDRC;Maisons-Alfort;94700;28 avenue du Professeur Cadiot 94700 MAISONS-ALFORT;Activités de poste dans le cadre d'une obligation de service universel;Responsable relation client (CRM);Entreprise susceptible de recruter (candidature spontanée);;;Apprentissage, Professionnalisation;;;35600000051366;1;https://labonnealternance.apprentissage.beta.gouv.fr/emploi/recruteurs_lba/35600000051366/la-poste
LES DELICES DE GABRIEL;MCO;Maisons-Alfort;94700;75 AVENUE DU GENERAL DE GAULLE 94700 MAISONS-ALFORT;Boulangerie et boulangerie-pâtisserie;Vendeur / Vendeuse en épicerie;Entreprise susceptible de recruter (candidature spontanée);;;Apprentissage, Professionnalisation;;;91891867300016;1;https://labonnealternance.apprentissage.beta.gouv.fr/emploi/recruteurs_lba/91891867300016/les-delices-de-gabriel
LIDL;MCO;Maisons-Alfort;94700;34 avenue Georges Clemenceau 94700 MAISONS-ALFORT;Supermarchés;"Employé / Employée de rayon libre-service ; Directeur / Directrice de magasin de grande distribution ; Hôte / Hôtesse de caisse ; Responsable de caisses ; Chef / Cheffe de rayon produits alimentaires";Entreprise susceptible de recruter (candidature spontanée);;;Apprentissage, Professionnalisation;;;34326262216079;5;https://labonnealternance.apprentissage.beta.gouv.fr/emploi/recruteurs_lba/34326262216079/lidl
LOISICYLE;NDRC;Maisons-Alfort;94700;91 RUE CARNOT 94700 MAISONS-ALFORT;Commerce et réparation de motocycles;"Conseiller commercial / Conseillère commerciale motocycles ; Conseiller / Conseillère client après-vente des véhicules";Entreprise susceptible de recruter (candidature spontanée);;;Apprentissage, Professionnalisation;;;81297183600026;2;https://labonnealternance.apprentissage.beta.gouv.fr/emploi/recruteurs_lba/81297183600026/loisicyle
MAESA DES NATIONS;MCO + NDRC;Maisons-Alfort;94700;8 AVENUE DU PROFESSEUR CADIOT 94700 MAISONS-ALFORT;Commerce de voitures et de véhicules automobiles légers;"Vendeur / Vendeuse automobile ; Conseiller / Conseillère client après-vente des véhicules";Entreprise susceptible de recruter (candidature spontanée);;;Apprentissage, Professionnalisation;;;31877215900014;2;https://labonnealternance.apprentissage.beta.gouv.fr/emploi/recruteurs_lba/31877215900014/maesa-des-nations
MAISAL;MCO;Maisons-Alfort;94700;12 avenue Gambetta 94700 MAISONS-ALFORT;Supermarchés;"Employé / Employée de rayon libre-service ; Directeur / Directrice de magasin de grande distribution ; Hôte / Hôtesse de caisse ; Responsable de caisses ; Chef / Cheffe de rayon produits alimentaires";Entreprise susceptible de recruter (candidature spontanée);;;Apprentissage, Professionnalisation;;;33951300400012;5;https://labonnealternance.apprentissage.beta.gouv.fr/emploi/recruteurs_lba/33951300400012/maisal
MARCEAU LE FLEURISTE;MCO;Maisons-Alfort;94700;42 AVENUE DU GENERAL DE GAULLE 94700 MAISONS-ALFORT;Commerce de détail de fleurs, plantes, graines, engrais, animaux de compagnie et aliments pour ces animaux en magasin spécialisé;"Responsable de boutique ; Vendeur / Vendeuse conseil en jardinerie ; Vendeur / Vendeuse en animalerie ; Hôte / Hôtesse de caisse ; Chef / Cheffe de rayon de produits non alimentaires";Entreprise susceptible de recruter (candidature spontanée);;;Apprentissage, Professionnalisation;;;84370382800015;5;https://labonnealternance.apprentissage.beta.gouv.fr/emploi/recruteurs_lba/84370382800015/marceau-le-fleuriste
NEOLYNK;NDRC;Maisons-Alfort;94700;58 RUE DELALAIN 94700 MAISONS-ALFORT;PORTAILS INTERNET;Commercial / Commerciale grands comptes et entreprises;Entreprise susceptible de recruter (candidature spontanée);;;Apprentissage, Professionnalisation;;;78940097500056;1;https://labonnealternance.apprentissage.beta.gouv.fr/emploi/recruteurs_lba/78940097500056/neolynk
NEPHELIE TECHNOLOGIES;NDRC;Maisons-Alfort;94700;4 RUE ETIENNE DOLET 94700 MAISONS-ALFORT;PROGRAMMATION INFORMATIQUE;Commercial / Commerciale export;Entreprise susceptible de recruter (candidature spontanée);;;Apprentissage, Professionnalisation;;;79443068600046;1;https://labonnealternance.apprentissage.beta.gouv.fr/emploi/recruteurs_lba/79443068600046/nephelie-technologies
Nestenn;NDRC;Maisons-Alfort;94700;14 rue Eugene Renault 94700 MAISONS-ALFORT;Agences immobilières;Conseiller / Conseillère immobilier;Entreprise susceptible de recruter (candidature spontanée);;;Apprentissage, Professionnalisation;;;92224682200014;1;https://labonnealternance.apprentissage.beta.gouv.fr/emploi/recruteurs_lba/92224682200014/nestenn
NEXITY STUDEA;NDRC;Maisons-Alfort;94700;30 RUE EUGENE RENAULT 94700 MAISONS-ALFORT;LOCATION DE TERRAINS ET D'AUTRES BIENS IMMOBILIERS;"Conseiller / Conseillère immobilier ; Conseiller commercial / Conseillère commerciale auprès des particuliers";Entreprise susceptible de recruter (candidature spontanée);;;Apprentissage, Professionnalisation;;;34209083400249;2;https://labonnealternance.apprentissage.beta.gouv.fr/emploi/recruteurs_lba/34209083400249/nexity-studea
NOISYDISTRIB;MCO;Maisons-Alfort;94700;60 AVENUE DE LA REPUBLIQUE 94700 MAISONS-ALFORT;Autres commerces de détail alimentaires en magasin spécialisé;"Vendeur / Vendeuse en épicerie ; Employé / Employée de rayon libre-service ; Chef / Cheffe de rayon produits alimentaires ; Responsable de boutique";Entreprise susceptible de recruter (candidature spontanée);;;Apprentissage, Professionnalisation;;;90760043100015;4;https://labonnealternance.apprentissage.beta.gouv.fr/emploi/recruteurs_lba/90760043100015/noisydistrib
OKPROD;MCO + NDRC;Maisons-Alfort;94700;13 rue Rodier 94700 MAISONS-ALFORT;Vente à distance sur catalogue spécialisé;"Conseiller vendeur / Conseillère vendeuse à domicile ; Vendeur / Vendeuse en prêt-à-porter ; Responsable de boutique ; Délégué médical hospitalier / Déléguée médicale hospitalière ; Chargé / Chargée de relation client";Entreprise susceptible de recruter (candidature spontanée);;;Apprentissage, Professionnalisation;;;89406859200019;5;https://labonnealternance.apprentissage.beta.gouv.fr/emploi/recruteurs_lba/89406859200019/okprod
REXEL;MCO + NDRC;Maisons-Alfort;94700;115 AVENUE DE LA REPUBLIQUE 94700 MAISONS-ALFORT;Commerce de gros (commerce interentreprises) de matériel électrique;"Vendeur / Vendeuse grossiste en équipement du foyer ; Technico-commercial / Technico-commerciale";Entreprise susceptible de recruter (candidature spontanée);;;Apprentissage, Professionnalisation;;;30930461606834;2;https://labonnealternance.apprentissage.beta.gouv.fr/emploi/recruteurs_lba/30930461606834/rexel
SBE-BIO;MCO;Maisons-Alfort;94700;11 RUE EUGENE RENAULT 94700 MAISONS-ALFORT;Commerce de détail de fruits et légumes en magasin spécialisé;"Vendeur / Vendeuse en épicerie ; Employé / Employée de rayon libre-service ; Hôte / Hôtesse de caisse ; Chef / Cheffe de rayon produits alimentaires ; Responsable de caisses";Entreprise susceptible de recruter (candidature spontanée);;;Apprentissage, Professionnalisation;;;90076221200018;5;https://labonnealternance.apprentissage.beta.gouv.fr/emploi/recruteurs_lba/90076221200018/sbe-bio
SWEETCH;MCO;Maisons-Alfort;94700;31 COURS DES JUILLIOTTES 94700 MAISONS-ALFORT;Autre mise à disposition de ressources humaines;Chef / Cheffe de rayon produits alimentaires;Entreprise susceptible de recruter (candidature spontanée);;;Apprentissage, Professionnalisation;;;90850891400011;1;https://labonnealternance.apprentissage.beta.gouv.fr/emploi/recruteurs_lba/90850891400011/sweetch
V.A.M.P.;NDRC;Maisons-Alfort;94700;211 avenue du General Leclerc 94700 MAISONS-ALFORT;Services administratifs combinés de bureau;Conseiller / Conseillère immobilier;Entreprise susceptible de recruter (candidature spontanée);;;Apprentissage, Professionnalisation;;;82257448900040;1;https://labonnealternance.apprentissage.beta.gouv.fr/emploi/recruteurs_lba/82257448900040/v-a-m-p
VALRYVE;MCO;Maisons-Alfort;94700;17 cours des Juilliottes 94700 MAISONS-ALFORT;Supermarchés;"Employé / Employée de rayon libre-service ; Directeur / Directrice de magasin de grande distribution ; Hôte / Hôtesse de caisse ; Responsable de caisses ; Chef / Cheffe de rayon produits alimentaires";Entreprise susceptible de recruter (candidature spontanée);;;Apprentissage, Professionnalisation;;;41135313900016;5;https://labonnealternance.apprentissage.beta.gouv.fr/emploi/recruteurs_lba/41135313900016/valryve
AUX DELICES DES ANGES;MCO;Mandres-Les-Roses;94520;19 RUE DU GENERAL LECLERC 94520 MANDRES-LES-ROSES;Boulangerie et boulangerie-pâtisserie;Vendeur / Vendeuse en épicerie;Entreprise susceptible de recruter (candidature spontanée);;;Apprentissage, Professionnalisation;;;90999553200019;1;https://labonnealternance.apprentissage.beta.gouv.fr/emploi/recruteurs_lba/90999553200019/aux-delices-des-anges
EVO-COLOR;MCO + NDRC;Mandres-Les-Roses;94520;1 ALLEE DU PAVILLON 94520 MANDRES-LES-ROSES;Commerce de gros d'équipements automobiles;Vendeur / Vendeuse grossiste en équipement du foyer;Entreprise susceptible de recruter (candidature spontanée);;;Apprentissage, Professionnalisation;;;88210535600019;1;https://labonnealternance.apprentissage.beta.gouv.fr/emploi/recruteurs_lba/88210535600019/evo-color
INTER SERVICE GESTION;MCO;Mandres-Les-Roses;94520;38 RUE FRANCOIS COPPEE 94520 MANDRES-LES-ROSES;Autres activités de soutien aux entreprises n.c.a.;Animateur / Animatrice des ventes;Entreprise susceptible de recruter (candidature spontanée);;;Apprentissage, Professionnalisation;;;49155361600013;1;https://labonnealternance.apprentissage.beta.gouv.fr/emploi/recruteurs_lba/49155361600013/inter-service-gestion
CARREFOUR CITY;MCO;Marolles-En-Brie;94440;13 rue des Marchands 94440 MAROLLES-EN-BRIE;Supermarchés;"Employé / Employée de rayon libre-service ; Directeur / Directrice de magasin de grande distribution ; Hôte / Hôtesse de caisse ; Responsable de caisses ; Chef / Cheffe de rayon produits alimentaires";Entreprise susceptible de recruter (candidature spontanée);;;Apprentissage, Professionnalisation;;;51472703100072;5;https://labonnealternance.apprentissage.beta.gouv.fr/emploi/recruteurs_lba/51472703100072/carrefour-city
CLECOR DISTRIBUTION;NDRC;Marolles-En-Brie;94440;50 AVENUE DE GROSBOIS 94440 MAROLLES-EN-BRIE;Commerce de gros (commerce interentreprises) de composants et d'équipements électroniques et de télécommunication;"Technico-commercial / Technico-commerciale ; Assistant commercial / Assistante commerciale";Entreprise susceptible de recruter (candidature spontanée);;;Apprentissage, Professionnalisation;;;32928836900054;2;https://labonnealternance.apprentissage.beta.gouv.fr/emploi/recruteurs_lba/32928836900054/clecor-distribution
ESCAPE;MCO + NDRC;Marolles-En-Brie;94440;10 LA TUILERIE 94440 MAROLLES-EN-BRIE;Commerce de détail d'articles de sport en magasin spécialisé;"Vendeur / Vendeuse d'articles de sport et loisirs ; Hôte / Hôtesse de caisse ; Chef / Cheffe de rayon de produits non alimentaires ; Vendeur / Vendeuse en prêt-à-porter ; Vendeur / Vendeuse grossiste en équipement du foyer";Entreprise susceptible de recruter (candidature spontanée);;;Apprentissage, Professionnalisation;;;33438188600038;5;https://labonnealternance.apprentissage.beta.gouv.fr/emploi/recruteurs_lba/33438188600038/escape
LABOANDCO;MCO + NDRC;Marolles-En-Brie;94440;50 avenue de Grosbois 94440 MAROLLES-EN-BRIE;Intermédiaires du commerce en machines, équipements industriels, navires et avions;"Chef / Cheffe de secteur magasin ; Vendeur / Vendeuse automobile ; Responsable Commercial / Commerciale";Entreprise susceptible de recruter (candidature spontanée);;;Apprentissage, Professionnalisation;;;42057651400038;3;https://labonnealternance.apprentissage.beta.gouv.fr/emploi/recruteurs_lba/42057651400038/laboandco
LCC DEGUSTATIONS;MCO;Marolles-En-Brie;94440;50 avenue de Grosbois 94440 MAROLLES-EN-BRIE;Commerce de détail de boissons en magasin spécialisé;Vendeur / Vendeuse en épicerie;Entreprise susceptible de recruter (candidature spontanée);;;Apprentissage, Professionnalisation;;;88184113400011;1;https://labonnealternance.apprentissage.beta.gouv.fr/emploi/recruteurs_lba/88184113400011/lcc-degustations
NEOGROUPE;NDRC;Marolles-En-Brie;94440;14 rue des Selliers 94440 MAROLLES-EN-BRIE;EDITION DE LOGICIELS APPLICATIFS;Cadre Technico-commercial / Technico-commerciale;Entreprise susceptible de recruter (candidature spontanée);;;Apprentissage, Professionnalisation;;;44776568600012;1;https://labonnealternance.apprentissage.beta.gouv.fr/emploi/recruteurs_lba/44776568600012/neogroupe
770 AUDITION;MCO + NDRC;Nogent-Sur-Marne;94130;10 RUE EUGENE GALBRUN 94130 NOGENT-SUR-MARNE;Commerce de détail d'articles médicaux et orthopédiques en magasin spécialisé;Délégué médical hospitalier / Déléguée médicale hospitalière;Entreprise susceptible de recruter (candidature spontanée);;;Apprentissage, Professionnalisation;;;91058716100019;2;https://labonnealternance.apprentissage.beta.gouv.fr/emploi/recruteurs_lba/91058716100019/770-audition
AGENCE JOFFARD SARL;NDRC;Nogent-Sur-Marne;94130;9 avenue Georges Clemenceau 94130 NOGENT-SUR-MARNE;Agences immobilières;Conseiller / Conseillère immobilier;Entreprise susceptible de recruter (candidature spontanée);;;Apprentissage, Professionnalisation;;;99865061800015;1;https://labonnealternance.apprentissage.beta.gouv.fr/emploi/recruteurs_lba/99865061800015/agence-joffard-sarl
AGH DESIGN;MCO;Nogent-Sur-Marne;94130;162 Grande Rue Charles De Gaulle 94130 NOGENT-SUR-MARNE;Commerce de détail de meubles;"Vendeur / Vendeuse en équipement de la maison ; Hôte / Hôtesse de caisse";Entreprise susceptible de recruter (candidature spontanée);;;Apprentissage, Professionnalisation;;;87862460000010;2;https://labonnealternance.apprentissage.beta.gouv.fr/emploi/recruteurs_lba/87862460000010/agh-design
ATEXIA;NDRC;Nogent-Sur-Marne;94130;14 Grande Rue Charles De Gaulle 94130 NOGENT-SUR-MARNE;Agences immobilières;Conseiller / Conseillère immobilier;Entreprise susceptible de recruter (candidature spontanée);;;Apprentissage, Professionnalisation;;;89165833800027;1;https://labonnealternance.apprentissage.beta.gouv.fr/emploi/recruteurs_lba/89165833800027/atexia
BESTOVE;MCO + NDRC;Nogent-Sur-Marne;94130;10 rue du General Faidherbe 94130 NOGENT-SUR-MARNE;COMMERCE DE GROS (COMMERCE INTERENTREPRISES) DE FOURNITURES POUR LA PLOMBERIE ET LE CHAUFFAGE;"Vendeur / Vendeuse grossiste en équipement du foyer ; Technico-commercial / Technico-commerciale ; Commercial itinérant / Commerciale itinérante en entreprise de commerce de gros";Entreprise susceptible de recruter (candidature spontanée);;;Apprentissage, Professionnalisation;;;79386934800045;3;https://labonnealternance.apprentissage.beta.gouv.fr/emploi/recruteurs_lba/79386934800045/bestove
BIO C'BON;MCO;Nogent-Sur-Marne;94130;7 AVENUE DE JOINVILLE 94130 NOGENT-SUR-MARNE;Autres commerces de détail alimentaires en magasin spécialisé;"Vendeur / Vendeuse en épicerie ; Employé / Employée de rayon libre-service ; Chef / Cheffe de rayon produits alimentaires ; Responsable de boutique";Entreprise susceptible de recruter (candidature spontanée);;;Apprentissage, Professionnalisation;;;49930885600941;4;https://labonnealternance.apprentissage.beta.gouv.fr/emploi/recruteurs_lba/49930885600941/bio-c-bon
BIO-NOGENT;MCO;Nogent-Sur-Marne;94130;167 GRANDE RUE CHARLES DE GAULLE 94130 NOGENT-SUR-MARNE;Commerce d'alimentation générale;"Employé / Employée de rayon libre-service ; Vendeur / Vendeuse en épicerie ; Hôte / Hôtesse de caisse ; Chef / Cheffe de rayon produits alimentaires ; Directeur / Directrice de magasin de grande distribution ; Gérant / Gérante de magasin d'alimentation générale";Entreprise susceptible de recruter (candidature spontanée);;;Apprentissage, Professionnalisation;;;89918303200023;6;https://labonnealternance.apprentissage.beta.gouv.fr/emploi/recruteurs_lba/89918303200023/bio-nogent
BNPPARIBAS;NDRC;Nogent-Sur-Marne;94130;143 Grande Rue Charles De Gaulle 94130 NOGENT-SUR-MARNE;Autres intermédiations monétaires;"Conseiller / Conseillère de clientèle bancaire ; Chargé / Chargée d'accueil en banque ; Conseiller / Conseillère en gestion de patrimoine ; Chargé / Chargée d'affaires bancaires entreprise";Entreprise susceptible de recruter (candidature spontanée);;;Apprentissage, Professionnalisation;;;66204244928817;4;https://labonnealternance.apprentissage.beta.gouv.fr/emploi/recruteurs_lba/66204244928817/bnpparibas
Bourrelier Group;MCO;Nogent-Sur-Marne;94130;5 rue Jean Monnet 94130 NOGENT-SUR-MARNE;Autre mise à disposition de ressources humaines;Chef / Cheffe de rayon produits alimentaires;Entreprise susceptible de recruter (candidature spontanée);;;Apprentissage, Professionnalisation;;;95750460800879;1;https://labonnealternance.apprentissage.beta.gouv.fr/emploi/recruteurs_lba/95750460800879/bourrelier-group
BRED Banque Populaire;NDRC;Nogent-Sur-Marne;94130;160 GRANDE RUE CHARLES DE GAULLE 94130 NOGENT-SUR-MARNE;Autres intermédiations monétaires;"Conseiller / Conseillère de clientèle bancaire ; Chargé / Chargée d'accueil en banque ; Conseiller / Conseillère en gestion de patrimoine";Entreprise susceptible de recruter (candidature spontanée);;;Apprentissage, Professionnalisation;;;55209179500062;3;https://labonnealternance.apprentissage.beta.gouv.fr/emploi/recruteurs_lba/55209179500062/bred-banque-populaire
BRICORAMA;MCO + NDRC;Nogent-Sur-Marne;94130;6 boulevard de Strasbourg 94130 NOGENT-SUR-MARNE;Commerce de détail de quincaillerie, peintures et verres en grandes surfaces (400 m2et plus);"Hôte / Hôtesse de caisse ; Vendeur / Vendeuse en équipement de la maison ; Vendeur / Vendeuse conseil en jardinerie ; Vendeur / Vendeuse grossiste en équipement du foyer ; Chef / Cheffe de secteur magasin ; Chef / Cheffe de rayon de produits non alimentaires";Entreprise susceptible de recruter (candidature spontanée);;;Apprentissage, Professionnalisation;;;88856704700020;6;https://labonnealternance.apprentissage.beta.gouv.fr/emploi/recruteurs_lba/88856704700020/bricorama
CABINET GUEZELLE;NDRC;Nogent-Sur-Marne;94130;23 rue Thiers 94130 NOGENT-SUR-MARNE;Activités des agents et courtiers d'assurances;"Conseiller / Conseillère en assurances ; Conseiller / Conseillère en gestion de patrimoine";Entreprise susceptible de recruter (candidature spontanée);;;Apprentissage, Professionnalisation;;;31762635600040;2;https://labonnealternance.apprentissage.beta.gouv.fr/emploi/recruteurs_lba/31762635600040/cabinet-guezelle
CAISSE D'EPARGNE ET DE PREVOYANCE ILE-DE-FRANCE;NDRC;Nogent-Sur-Marne;94130;141 GRANDE RUE CHARLES DE GAULLE 94130 NOGENT-SUR-MARNE;Autres intermédiations monétaires;"Conseiller / Conseillère de clientèle bancaire ; Chargé / Chargée d'accueil en banque ; Conseiller / Conseillère en gestion de patrimoine";Entreprise susceptible de recruter (candidature spontanée);;;Apprentissage, Professionnalisation;;;38290094201459;3;https://labonnealternance.apprentissage.beta.gouv.fr/emploi/recruteurs_lba/38290094201459/caisse-d-epargne-et-de-prevoyance-ile-de-france
CAISSE D'EPARGNE ET DE PREVOYANCE ILE-DE-FRANCE;NDRC;Nogent-Sur-Marne;94130;31 AVENUE WATTEAU 94130 NOGENT-SUR-MARNE;Autres intermédiations monétaires;"Conseiller / Conseillère de clientèle bancaire ; Chargé / Chargée d'accueil en banque ; Conseiller / Conseillère en gestion de patrimoine";Entreprise susceptible de recruter (candidature spontanée);;;Apprentissage, Professionnalisation;;;38290094207175;3;https://labonnealternance.apprentissage.beta.gouv.fr/emploi/recruteurs_lba/38290094207175/caisse-d-epargne-et-de-prevoyance-ile-de-france
CARREFOUR CITY;MCO;Nogent-Sur-Marne;94130;2 Grande Rue Charles De Gaulle 94130 NOGENT-SUR-MARNE;Supermarchés;"Employé / Employée de rayon libre-service ; Directeur / Directrice de magasin de grande distribution ; Hôte / Hôtesse de caisse ; Responsable de caisses ; Chef / Cheffe de rayon produits alimentaires";Entreprise susceptible de recruter (candidature spontanée);;;Apprentissage, Professionnalisation;;;95344948500010;5;https://labonnealternance.apprentissage.beta.gouv.fr/emploi/recruteurs_lba/95344948500010/carrefour-city
CEDRIC MINIOT;NDRC;Nogent-Sur-Marne;94130;1 RUE JEAN MOULIN 94130 NOGENT-SUR-MARNE;Production de films institutionnels et publicitaires;Directeur commercial / Directrice commerciale;Entreprise susceptible de recruter (candidature spontanée);;;Apprentissage, Professionnalisation;;;83460214600013;1;https://labonnealternance.apprentissage.beta.gouv.fr/emploi/recruteurs_lba/83460214600013/cedric-miniot
CREDIT LYONNAIS;NDRC;Nogent-Sur-Marne;94130;171 Grande Rue Charles De Gaulle 94130 NOGENT-SUR-MARNE;Autres intermédiations monétaires;"Conseiller / Conseillère de clientèle bancaire ; Chargé / Chargée d'accueil en banque ; Conseiller / Conseillère en gestion de patrimoine";Entreprise susceptible de recruter (candidature spontanée);;;Apprentissage, Professionnalisation;;;95450974119961;3;https://labonnealternance.apprentissage.beta.gouv.fr/emploi/recruteurs_lba/95450974119961/credit-lyonnais
DAIKIN AIRCONDITIONING FRANCE;NDRC;Nogent-Sur-Marne;94130;4 avenue de Joinville 94130 NOGENT-SUR-MARNE;Commerce de gros (commerce interentreprises) de fournitures et équipements industriels divers;"Technico-commercial / Technico-commerciale ; Attaché commercial / Attachée commerciale";Entreprise susceptible de recruter (candidature spontanée);;;Apprentissage, Professionnalisation;;;96750106500445;2;https://labonnealternance.apprentissage.beta.gouv.fr/emploi/recruteurs_lba/96750106500445/daikin-airconditioning-france
DO THE RIGHT FILMS;MCO;Nogent-Sur-Marne;94130;11 rue de l Amiral Courbet 94130 NOGENT-SUR-MARNE;Études de marché et sondages;Chef / Cheffe de promotion des ventes;Entreprise susceptible de recruter (candidature spontanée);;;Apprentissage, Professionnalisation;;;81882291800020;1;https://labonnealternance.apprentissage.beta.gouv.fr/emploi/recruteurs_lba/81882291800020/do-the-right-films
DS AFFAIRES;MCO;Nogent-Sur-Marne;94130;13 route de Stalingrad 94130 NOGENT-SUR-MARNE;Commerce de détail de biens d'occasion en magasin;"Vendeur / Vendeuse en équipement de la maison ; Vendeur / Vendeuse en prêt-à-porter";Entreprise susceptible de recruter (candidature spontanée);;;Apprentissage, Professionnalisation;;;82774163800015;2;https://labonnealternance.apprentissage.beta.gouv.fr/emploi/recruteurs_lba/82774163800015/ds-affaires
DUMAS MARKET;MCO;Nogent-Sur-Marne;94130;7 rue Andre Pontier 94130 NOGENT-SUR-MARNE;Supérettes;"Employé / Employée de rayon libre-service ; Hôte / Hôtesse de caisse ; Directeur / Directrice de magasin de grande distribution ; Vendeur / Vendeuse en épicerie ; Responsable de caisses ; Chef / Cheffe de rayon produits alimentaires";Entreprise susceptible de recruter (candidature spontanée);;;Apprentissage, Professionnalisation;;;88208435300011;6;https://labonnealternance.apprentissage.beta.gouv.fr/emploi/recruteurs_lba/88208435300011/dumas-market
ECONOVIA;MCO + NDRC;Nogent-Sur-Marne;94130;45B AVENUE DE LA BELLE GABRIELLE 94130 NOGENT-SUR-MARNE;CONSEIL EN RELATIONS PUBLIQUES ET COMMUNICATION;"Animateur / Animatrice des ventes ; Commercial / Commerciale auprès d'une clientèle d'entreprises";Entreprise susceptible de recruter (candidature spontanée);;;Apprentissage, Professionnalisation;;;51260863900054;2;https://labonnealternance.apprentissage.beta.gouv.fr/emploi/recruteurs_lba/51260863900054/econovia
ESCAPADE;MCO;Nogent-Sur-Marne;94130;40 RUE DES HEROS NOGENTAIS 94130 NOGENT-SUR-MARNE;Commerce de détail d'habillement en magasin spécialisé;"Vendeur / Vendeuse en prêt-à-porter ; Responsable de boutique ; Hôte / Hôtesse de caisse ; Directeur / Directrice de magasin de grande distribution";Entreprise susceptible de recruter (candidature spontanée);;;Apprentissage, Professionnalisation;;;39913445100018;4;https://labonnealternance.apprentissage.beta.gouv.fr/emploi/recruteurs_lba/39913445100018/escapade
Franprix;MCO;Nogent-Sur-Marne;94130;27 RUE HOCHE 94130 NOGENT-SUR-MARNE;Supermarchés;"Employé / Employée de rayon libre-service ; Directeur / Directrice de magasin de grande distribution ; Hôte / Hôtesse de caisse ; Responsable de caisses ; Chef / Cheffe de rayon produits alimentaires";Entreprise susceptible de recruter (candidature spontanée);;;Apprentissage, Professionnalisation;;;82172164400028;5;https://labonnealternance.apprentissage.beta.gouv.fr/emploi/recruteurs_lba/82172164400028/franprix
Franprix;MCO;Nogent-Sur-Marne;94130;21 RUE DES HEROS NOGENTAIS 94130 NOGENT-SUR-MARNE;Supermarchés;"Employé / Employée de rayon libre-service ; Directeur / Directrice de magasin de grande distribution ; Hôte / Hôtesse de caisse ; Responsable de caisses ; Chef / Cheffe de rayon produits alimentaires";Entreprise susceptible de recruter (candidature spontanée);;;Apprentissage, Professionnalisation;;;78527819300020;5;https://labonnealternance.apprentissage.beta.gouv.fr/emploi/recruteurs_lba/78527819300020/franprix
GEEK FACTORY;MCO + NDRC;Nogent-Sur-Marne;94130;4 PLACE DU GENERAL LECLERC 94130 NOGENT-SUR-MARNE;Commerce de détail de jeux et jouets en magasin spécialisé;"Vendeur / Vendeuse de produits culturels et ludiques ; Hôte / Hôtesse de caisse ; Responsable de boutique ; Employé / Employée de rayon libre-service ; Directeur / Directrice des ventes ; Conseiller commercial / Conseillère commerciale auprès des particuliers";Entreprise susceptible de recruter (candidature spontanée);;;Apprentissage, Professionnalisation;;;81021068200011;6;https://labonnealternance.apprentissage.beta.gouv.fr/emploi/recruteurs_lba/81021068200011/geek-factory
GOOD DIGITAL SERVICES;NDRC;Nogent-Sur-Marne;94130;28 avenue Charles V 94130 NOGENT-SUR-MARNE;PROGRAMMATION INFORMATIQUE;Commercial / Commerciale export;Entreprise susceptible de recruter (candidature spontanée);;;Apprentissage, Professionnalisation;;;84814760900020;1;https://labonnealternance.apprentissage.beta.gouv.fr/emploi/recruteurs_lba/84814760900020/good-digital-services
GUY HOQUET L'IMMOBILIER;NDRC;Nogent-Sur-Marne;94130;45 rue des Heros Nogentais 94130 NOGENT-SUR-MARNE;Agences immobilières;Conseiller / Conseillère immobilier;Entreprise susceptible de recruter (candidature spontanée);;;Apprentissage, Professionnalisation;;;97746074000011;1;https://labonnealternance.apprentissage.beta.gouv.fr/emploi/recruteurs_lba/97746074000011/guy-hoquet-l-immobilier
JOBER IMMOBILIER;NDRC;Nogent-Sur-Marne;94130;2 avenue de Joinville 94130 NOGENT-SUR-MARNE;Administration d'immeubles et autres biens immobiliers;Conseiller / Conseillère immobilier;Entreprise susceptible de recruter (candidature spontanée);;;Apprentissage, Professionnalisation;;;35285524100027;1;https://labonnealternance.apprentissage.beta.gouv.fr/emploi/recruteurs_lba/35285524100027/jober-immobilier
KS MARKET;MCO;Nogent-Sur-Marne;94130;5 rond point du Marechal Foch 94130 NOGENT-SUR-MARNE;Commerce d'alimentation générale;"Employé / Employée de rayon libre-service ; Vendeur / Vendeuse en épicerie ; Hôte / Hôtesse de caisse ; Chef / Cheffe de rayon produits alimentaires ; Directeur / Directrice de magasin de grande distribution ; Gérant / Gérante de magasin d'alimentation générale";Entreprise susceptible de recruter (candidature spontanée);;;Apprentissage, Professionnalisation;;;78985168000015;6;https://labonnealternance.apprentissage.beta.gouv.fr/emploi/recruteurs_lba/78985168000015/ks-market
L ADRESSE;NDRC;Nogent-Sur-Marne;94130;11 boulevard de Strasbourg 94130 NOGENT-SUR-MARNE;Agences immobilières;Conseiller / Conseillère immobilier;Entreprise susceptible de recruter (candidature spontanée);;;Apprentissage, Professionnalisation;;;50738949200012;1;https://labonnealternance.apprentissage.beta.gouv.fr/emploi/recruteurs_lba/50738949200012/l-adresse
La Poste;NDRC;Nogent-Sur-Marne;94130;12 boulevard Gallieni 94130 NOGENT-SUR-MARNE;Activités de poste dans le cadre d'une obligation de service universel;Responsable relation client (CRM);Entreprise susceptible de recruter (candidature spontanée);;;Apprentissage, Professionnalisation;;;35600000051398;1;https://labonnealternance.apprentissage.beta.gouv.fr/emploi/recruteurs_lba/35600000051398/la-poste
LAURE ET YANN;MCO;Nogent-Sur-Marne;94130;5 AVENUE DE JOINVILLE 94130 NOGENT-SUR-MARNE;Pâtisserie;Vendeur / Vendeuse en épicerie;Entreprise susceptible de recruter (candidature spontanée);;;Apprentissage, Professionnalisation;;;81834971400019;1;https://labonnealternance.apprentissage.beta.gouv.fr/emploi/recruteurs_lba/81834971400019/laure-et-yann
MALIKA ZENOUDI;NDRC;Nogent-Sur-Marne;94130;70B RUE DES HEROS NOGENTAIS 94130 NOGENT-SUR-MARNE;Activités des agents et courtiers d'assurances;"Conseiller / Conseillère en assurances ; Conseiller / Conseillère en gestion de patrimoine";Entreprise susceptible de recruter (candidature spontanée);;;Apprentissage, Professionnalisation;;;91508667200010;2;https://labonnealternance.apprentissage.beta.gouv.fr/emploi/recruteurs_lba/91508667200010/malika-zenoudi
MBCL BEAUTE;MCO;Nogent-Sur-Marne;94130;108B GR RUE CHARLES DE GAU 94130 NOGENT-SUR-MARNE;Commerce de détail de parfumerie et de produits de beauté en magasin spécialisé;"Responsable de boutique ; Employé / Employée de rayon libre-service";Entreprise susceptible de recruter (candidature spontanée);;;Apprentissage, Professionnalisation;;;83785864600016;2;https://labonnealternance.apprentissage.beta.gouv.fr/emploi/recruteurs_lba/83785864600016/mbcl-beaute
MEDIA MARIAGE;MCO + NDRC;Nogent-Sur-Marne;94130;24 avenue de Joinville 94130 NOGENT-SUR-MARNE;CONSEIL EN RELATIONS PUBLIQUES ET COMMUNICATION;"Animateur / Animatrice des ventes ; Commercial / Commerciale auprès d'une clientèle d'entreprises";Entreprise susceptible de recruter (candidature spontanée);;;Apprentissage, Professionnalisation;;;95092076900011;2;https://labonnealternance.apprentissage.beta.gouv.fr/emploi/recruteurs_lba/95092076900011/media-mariage
Monoprix;MCO;Nogent-Sur-Marne;94130;170 GRANDE RUE CHARLES DE GAULLE 94130 NOGENT-SUR-MARNE;Magasins multi-commerces;"Employé / Employée de rayon libre-service ; Hôte / Hôtesse de caisse ; Vendeur / Vendeuse en épicerie ; Responsable de caisses ; Responsable de département en grande distribution ; Chef / Cheffe de rayon produits alimentaires";Entreprise susceptible de recruter (candidature spontanée);;;Apprentissage, Professionnalisation;;;50475466400028;6;https://labonnealternance.apprentissage.beta.gouv.fr/emploi/recruteurs_lba/50475466400028/monoprix
MUTUELLE ASSURANCE TRAVAILLEUR MUTUALISTE;NDRC;Nogent-Sur-Marne;94130;4 AVENUE DE JOINVILLE 94130 NOGENT-SUR-MARNE;AUTRES ASSURANCES;"Conseiller / Conseillère en assurances ; Conseiller / Conseillère en gestion de patrimoine";Entreprise susceptible de recruter (candidature spontanée);;;Apprentissage, Professionnalisation;;;77570147715049;2;https://labonnealternance.apprentissage.beta.gouv.fr/emploi/recruteurs_lba/77570147715049/mutuelle-assurance-travailleur-mutualiste
MY RH LINE;NDRC;Nogent-Sur-Marne;94130;23B RUE ANDRE PONTIER 94130 NOGENT-SUR-MARNE;PROGRAMMATION INFORMATIQUE;Commercial / Commerciale export;Entreprise susceptible de recruter (candidature spontanée);;;Apprentissage, Professionnalisation;;;51382061300042;1;https://labonnealternance.apprentissage.beta.gouv.fr/emploi/recruteurs_lba/51382061300042/my-rh-line
Naturalia France;MCO;Nogent-Sur-Marne;94130;66 Grande Rue Charles De Gaulle 94130 NOGENT-SUR-MARNE;Autres commerces de détail alimentaires en magasin spécialisé;"Vendeur / Vendeuse en épicerie ; Employé / Employée de rayon libre-service ; Chef / Cheffe de rayon produits alimentaires ; Responsable de boutique";Entreprise susceptible de recruter (candidature spontanée);;;Apprentissage, Professionnalisation;;;30247464800367;4;https://labonnealternance.apprentissage.beta.gouv.fr/emploi/recruteurs_lba/30247464800367/naturalia-france
NEO FAMILY;MCO;Nogent-Sur-Marne;94130;4 avenue du Val de Beaute 94130 NOGENT-SUR-MARNE;Commerce de détail de parfumerie et de produits de beauté en magasin spécialisé;"Responsable de boutique ; Employé / Employée de rayon libre-service";Entreprise susceptible de recruter (candidature spontanée);;;Apprentissage, Professionnalisation;;;88755111700013;2;https://labonnealternance.apprentissage.beta.gouv.fr/emploi/recruteurs_lba/88755111700013/neo-family
NOGENT BIKE;NDRC;Nogent-Sur-Marne;94130;60 Grande Rue Charles De Gaulle 94130 NOGENT-SUR-MARNE;Commerce et réparation de motocycles;"Conseiller commercial / Conseillère commerciale motocycles ; Conseiller / Conseillère client après-vente des véhicules";Entreprise susceptible de recruter (candidature spontanée);;;Apprentissage, Professionnalisation;;;81012883500024;2;https://labonnealternance.apprentissage.beta.gouv.fr/emploi/recruteurs_lba/81012883500024/nogent-bike
NOUVELLES VOIX;MCO + NDRC;Nogent-Sur-Marne;94130;17 RUE THIERS 94130 NOGENT-SUR-MARNE;CONSEIL EN RELATIONS PUBLIQUES ET COMMUNICATION;"Animateur / Animatrice des ventes ; Commercial / Commerciale auprès d'une clientèle d'entreprises";Entreprise susceptible de recruter (candidature spontanée);;;Apprentissage, Professionnalisation;;;89260431500010;2;https://labonnealternance.apprentissage.beta.gouv.fr/emploi/recruteurs_lba/89260431500010/nouvelles-voix
OMRON ELECTRONICS;MCO + NDRC;Nogent-Sur-Marne;94130;3 PARVIS DE LA GARE NOGENT BALTARD 94130 NOGENT-SUR-MARNE;Commerce de gros (commerce interentreprises) de matériel électrique;"Vendeur / Vendeuse grossiste en équipement du foyer ; Technico-commercial / Technico-commerciale";Entreprise susceptible de recruter (candidature spontanée);;;Apprentissage, Professionnalisation;;;31685333200211;2;https://labonnealternance.apprentissage.beta.gouv.fr/emploi/recruteurs_lba/31685333200211/omron-electronics
OPHILDEFLO;NDRC;Nogent-Sur-Marne;94130;124 Grande Rue Charles De Gaulle 94130 NOGENT-SUR-MARNE;LOCATION DE TERRAINS ET D'AUTRES BIENS IMMOBILIERS;"Conseiller / Conseillère immobilier ; Conseiller commercial / Conseillère commerciale auprès des particuliers";Entreprise susceptible de recruter (candidature spontanée);;;Apprentissage, Professionnalisation;;;80470199300011;2;https://labonnealternance.apprentissage.beta.gouv.fr/emploi/recruteurs_lba/80470199300011/ophildeflo
ORANGE;MCO;Nogent-Sur-Marne;94130;108 GRANDE RUE CHARLES DE GAULLE 94130 NOGENT-SUR-MARNE;Commerce de détail de matériels de télécommunication en magasin spécialisé;"Vendeur / Vendeuse en équipement de la maison ; Conseiller vendeur / Conseillère vendeuse à domicile ; Chef / Cheffe de rayon de produits non alimentaires";Entreprise susceptible de recruter (candidature spontanée);;;Apprentissage, Professionnalisation;;;43772384405851;3;https://labonnealternance.apprentissage.beta.gouv.fr/emploi/recruteurs_lba/43772384405851/orange
PAPAYA & CO;MCO;Nogent-Sur-Marne;94130;81 GRANDE RUE CHARLES DE GAULLE 94130 NOGENT-SUR-MARNE;Commerce de détail de fruits et légumes en magasin spécialisé;Vendeur / Vendeuse en épicerie;Offre publiée sur La bonne alternance;Marchand / Marchande de fruits et légumes;Bac, Bac Pro, BP (Bac);Apprentissage;2026-09-17;;;1;https://labonnealternance.apprentissage.beta.gouv.fr/emploi/offres_emploi_lba/6aac1cc94b19d4aa6c69c415/marchand-marchande-de-fruits-et-legumes
PATRIGNANI AEDIFICAT;NDRC;Nogent-Sur-Marne;94130;41 Grande Rue Charles De Gaulle 94130 NOGENT-SUR-MARNE;Promotion immobilière de logements;Chargé / Chargée d'affaires immobilières;Entreprise susceptible de recruter (candidature spontanée);;;Apprentissage, Professionnalisation;;;39919042000030;1;https://labonnealternance.apprentissage.beta.gouv.fr/emploi/recruteurs_lba/39919042000030/patrignani-aedificat
REFLETS;MCO;Nogent-Sur-Marne;94130;3 rue Manessier 94130 NOGENT-SUR-MARNE;Commerce de détail de fleurs, plantes, graines, engrais, animaux de compagnie et aliments pour ces animaux en magasin spécialisé;"Responsable de boutique ; Vendeur / Vendeuse conseil en jardinerie ; Vendeur / Vendeuse en animalerie ; Hôte / Hôtesse de caisse ; Chef / Cheffe de rayon de produits non alimentaires";Entreprise susceptible de recruter (candidature spontanée);;;Apprentissage, Professionnalisation;;;45373697700043;5;https://labonnealternance.apprentissage.beta.gouv.fr/emploi/recruteurs_lba/45373697700043/reflets
SERVICE POELE SOLUTIONS (SPS);MCO;Nogent-Sur-Marne;94130;10 RUE DU GENERAL FAIDHERBE 94130 NOGENT-SUR-MARNE;Autres activités de soutien aux entreprises n.c.a.;Animateur / Animatrice des ventes;Entreprise susceptible de recruter (candidature spontanée);;;Apprentissage, Professionnalisation;;;84164372900038;1;https://labonnealternance.apprentissage.beta.gouv.fr/emploi/recruteurs_lba/84164372900038/service-poele-solutions-sps
SHOK ID;MCO + NDRC;Nogent-Sur-Marne;94130;4 BOULEVARD ALBERT 1ER 94130 NOGENT-SUR-MARNE;COMMERCE DE GROS (COMMERCE INTERENTREPRISES) D'AUTRES BIENS DOMESTIQUES;"Assistant / Assistante administration des ventes ; Assistant commercial / Assistante commerciale";Entreprise susceptible de recruter (candidature spontanée);;;Apprentissage, Professionnalisation;;;49187972200024;2;https://labonnealternance.apprentissage.beta.gouv.fr/emploi/recruteurs_lba/49187972200024/shok-id
SOCIETE COMMERCIALE DE L'OREE DU BOIS;MCO;Nogent-Sur-Marne;94130;5 AVENUE DE JOINVILLE 94130 NOGENT-SUR-MARNE;Supérettes;"Employé / Employée de rayon libre-service ; Hôte / Hôtesse de caisse ; Directeur / Directrice de magasin de grande distribution ; Vendeur / Vendeuse en épicerie ; Responsable de caisses ; Chef / Cheffe de rayon produits alimentaires";Entreprise susceptible de recruter (candidature spontanée);;;Apprentissage, Professionnalisation;;;30832347600017;6;https://labonnealternance.apprentissage.beta.gouv.fr/emploi/recruteurs_lba/30832347600017/societe-commerciale-de-l-oree-du-bois
SOCIETE GENERALE;NDRC;Nogent-Sur-Marne;94130;2 RUE DE COULMIERS 94130 NOGENT-SUR-MARNE;Autres intermédiations monétaires;"Conseiller / Conseillère de clientèle bancaire ; Chargé / Chargée d'accueil en banque ; Conseiller / Conseillère en gestion de patrimoine";Entreprise susceptible de recruter (candidature spontanée);;;Apprentissage, Professionnalisation;;;55212022200146;3;https://labonnealternance.apprentissage.beta.gouv.fr/emploi/recruteurs_lba/55212022200146/societe-generale
SWITCHUP COMMUNICATIONS;MCO + NDRC;Nogent-Sur-Marne;94130;1 RUE VICTOR BASCH 94130 NOGENT-SUR-MARNE;CONSEIL EN RELATIONS PUBLIQUES ET COMMUNICATION;"Animateur / Animatrice des ventes ; Commercial / Commerciale auprès d'une clientèle d'entreprises";Entreprise susceptible de recruter (candidature spontanée);;;Apprentissage, Professionnalisation;;;91811500700018;2;https://labonnealternance.apprentissage.beta.gouv.fr/emploi/recruteurs_lba/91811500700018/switchup-communications
TEAM'PARENTS;NDRC;Nogent-Sur-Marne;94130;8 RUE DU ROI DAGOBERT 94130 NOGENT-SUR-MARNE;PORTAILS INTERNET;Commercial / Commerciale grands comptes et entreprises;Entreprise susceptible de recruter (candidature spontanée);;;Apprentissage, Professionnalisation;;;91977742500019;1;https://labonnealternance.apprentissage.beta.gouv.fr/emploi/recruteurs_lba/91977742500019/team-parents
THE GREAT BREWERY;MCO;Nogent-Sur-Marne;94130;2 rue du Lieutenant Ohresser 94130 NOGENT-SUR-MARNE;Commerce de détail de boissons en magasin spécialisé;Vendeur / Vendeuse en épicerie;Entreprise susceptible de recruter (candidature spontanée);;;Apprentissage, Professionnalisation;;;88369681700021;1;https://labonnealternance.apprentissage.beta.gouv.fr/emploi/recruteurs_lba/88369681700021/the-great-brewery
VIBRATIONS GOURMANDES;MCO;Nogent-Sur-Marne;94130;101 GRANDE RUE CHARLES DE GAULLE 94130 NOGENT-SUR-MARNE;Boulangerie et boulangerie-pâtisserie;Vendeur / Vendeuse en épicerie;Entreprise susceptible de recruter (candidature spontanée);;;Apprentissage, Professionnalisation;;;80003867100015;1;https://labonnealternance.apprentissage.beta.gouv.fr/emploi/recruteurs_lba/80003867100015/vibrations-gourmandes
VISIT EUROPE;NDRC;Nogent-Sur-Marne;94130;4 allee Victor Baltard 94130 NOGENT-SUR-MARNE;Activités des voyagistes;Commercial / Commerciale export;Entreprise susceptible de recruter (candidature spontanée);;;Apprentissage, Professionnalisation;;;33445771000120;1;https://labonnealternance.apprentissage.beta.gouv.fr/emploi/recruteurs_lba/33445771000120/visit-europe
W8COM;MCO + NDRC;Nogent-Sur-Marne;94130;109 BOULEVARD DE STRASBOURG 94130 NOGENT-SUR-MARNE;Autres intermédiaires du commerce en produits divers;"Vendeur / Vendeuse automobile ; Conseiller commercial / Conseillère commerciale auprès des particuliers ; Responsable Commercial / Commerciale ; Attaché commercial / Attachée commerciale";Entreprise susceptible de recruter (candidature spontanée);;;Apprentissage, Professionnalisation;;;49884515500015;4;https://labonnealternance.apprentissage.beta.gouv.fr/emploi/recruteurs_lba/49884515500015/w8com
NARDAIS;MCO;Noiseau;94880;rue Sadi Carnot 94880 NOISEAU;Supermarchés;"Employé / Employée de rayon libre-service ; Directeur / Directrice de magasin de grande distribution ; Hôte / Hôtesse de caisse ; Responsable de caisses ; Chef / Cheffe de rayon produits alimentaires";Entreprise susceptible de recruter (candidature spontanée);;;Apprentissage, Professionnalisation;;;38937804300019;5;https://labonnealternance.apprentissage.beta.gouv.fr/emploi/recruteurs_lba/38937804300019/nardais
AUTO-EQUIP IDEAL CONCEPT;MCO + NDRC;Orly;94310;rue de la Soie 94310 ORLY;Commerce de gros d'équipements automobiles;Vendeur / Vendeuse grossiste en équipement du foyer;Entreprise susceptible de recruter (candidature spontanée);;;Apprentissage, Professionnalisation;;;52219082600068;1;https://labonnealternance.apprentissage.beta.gouv.fr/emploi/recruteurs_lba/52219082600068/auto-equip-ideal-concept
BNP Paribas;NDRC;Orly;94310;2 rue du Verger 94310 ORLY;Autres intermédiations monétaires;"Conseiller / Conseillère de clientèle bancaire ; Chargé / Chargée d'accueil en banque ; Conseiller / Conseillère en gestion de patrimoine";Entreprise susceptible de recruter (candidature spontanée);;;Apprentissage, Professionnalisation;;;66204244935564;3;https://labonnealternance.apprentissage.beta.gouv.fr/emploi/recruteurs_lba/66204244935564/bnp-paribas
BOBAN RISTIC;MCO;Orly;94310;94310 Orly;Commerce de détail de journaux et papeterie en magasin spécialisé;"Employé / Employée de rayon libre-service ; Chef / Cheffe de rayon de produits non alimentaires ; Vendeur / Vendeuse de produits culturels et ludiques";Entreprise susceptible de recruter (candidature spontanée);;;Apprentissage, Professionnalisation;;;53465539400052;3;https://labonnealternance.apprentissage.beta.gouv.fr/emploi/recruteurs_lba/53465539400052/boban-ristic
C.T.N / L.T.I;MCO + NDRC;Orly;94310;2 RUE DU PUITS DIXME 94310 ORLY;COMMERCE DE GROS (COMMERCE INTERENTREPRISES) D'AUTRES BIENS DOMESTIQUES;"Assistant / Assistante administration des ventes ; Assistant commercial / Assistante commerciale";Entreprise susceptible de recruter (candidature spontanée);;;Apprentissage, Professionnalisation;;;30332240800103;2;https://labonnealternance.apprentissage.beta.gouv.fr/emploi/recruteurs_lba/30332240800103/c-t-n-l-t-i
CHOCO'S;MCO + NDRC;Orly;94310;8 PLACE GASTON VIENS 94310 ORLY;Commerce de détail de pain, pâtisserie et confiserie en magasin spécialisé;"Vendeur / Vendeuse en épicerie ; Conseiller / Conseillère clientèle à distance";Entreprise susceptible de recruter (candidature spontanée);;;Apprentissage, Professionnalisation;;;91739287000015;2;https://labonnealternance.apprentissage.beta.gouv.fr/emploi/recruteurs_lba/91739287000015/choco-s
CITY ONE ACCUEIL PASSAGER;MCO;Orly;94310;94310 Orly;Autres activités de soutien aux entreprises n.c.a.;Animateur / Animatrice des ventes;Entreprise susceptible de recruter (candidature spontanée);;;Apprentissage, Professionnalisation;;;48389736900037;1;https://labonnealternance.apprentissage.beta.gouv.fr/emploi/recruteurs_lba/48389736900037/city-one-accueil-passager
COLLECTIONS VERSATILE;MCO;Orly;94310;60 AVENUE DE LA PAIX 94310 ORLY;Commerce de détail d'habillement en magasin spécialisé;"Vendeur / Vendeuse en prêt-à-porter ; Responsable de boutique ; Hôte / Hôtesse de caisse ; Directeur / Directrice de magasin de grande distribution";Entreprise susceptible de recruter (candidature spontanée);;;Apprentissage, Professionnalisation;;;91505974500017;4;https://labonnealternance.apprentissage.beta.gouv.fr/emploi/recruteurs_lba/91505974500017/collections-versatile
DAHER BUSINESS SUPPORT;NDRC;Orly;94310;7 avenue de l Union 94310 ORLY;Services administratifs combinés de bureau;Conseiller / Conseillère immobilier;Entreprise susceptible de recruter (candidature spontanée);;;Apprentissage, Professionnalisation;;;98300733700014;1;https://labonnealternance.apprentissage.beta.gouv.fr/emploi/recruteurs_lba/98300733700014/daher-business-support
DEL MONTE;NDRC;Orly;94310;7 avenue de l Union 94310 ORLY;Commerce de gros (commerce interentreprises) de fruits et légumes;Commercial itinérant / Commerciale itinérante en entreprise de commerce de gros;Entreprise susceptible de recruter (candidature spontanée);;;Apprentissage, Professionnalisation;;;32049748000097;1;https://labonnealternance.apprentissage.beta.gouv.fr/emploi/recruteurs_lba/32049748000097/del-monte
ENTERPRISE HOLDINGS FRANCE;NDRC;Orly;94310;94310 Orly;Location de courte durée de voitures et de véhicules automobiles légers;"Agent technico-commercial / Agente technico-commerciale en location de véhicules ; Conseiller / Conseillère client après-vente des véhicules";Entreprise susceptible de recruter (candidature spontanée);;;Apprentissage, Professionnalisation;;;31877199500483;2;https://labonnealternance.apprentissage.beta.gouv.fr/emploi/recruteurs_lba/31877199500483/enterprise-holdings-france
Europcar France;NDRC;Orly;94310;94310 Orly;Location de courte durée de voitures et de véhicules automobiles légers;"Agent technico-commercial / Agente technico-commerciale en location de véhicules ; Conseiller / Conseillère client après-vente des véhicules";Entreprise susceptible de recruter (candidature spontanée);;;Apprentissage, Professionnalisation;;;30365684700132;2;https://labonnealternance.apprentissage.beta.gouv.fr/emploi/recruteurs_lba/30365684700132/europcar-france
FDG GROUP;MCO + NDRC;Orly;94310;13 rue Paul Vaillant Couturier 94310 ORLY;Commerce de gros (commerce interentreprises) de textiles;"Chef / Cheffe de promotion des ventes ; Vendeur / Vendeuse en prêt-à-porter ; Chef / Cheffe des ventes ; Assistant commercial / Assistante commerciale";Entreprise susceptible de recruter (candidature spontanée);;;Apprentissage, Professionnalisation;;;49343990500032;4;https://labonnealternance.apprentissage.beta.gouv.fr/emploi/recruteurs_lba/49343990500032/fdg-group
HERTZ FRANCE;NDRC;Orly;94310;94310 Orly;Location de courte durée de voitures et de véhicules automobiles légers;"Agent technico-commercial / Agente technico-commerciale en location de véhicules ; Conseiller / Conseillère client après-vente des véhicules";Entreprise susceptible de recruter (candidature spontanée);;;Apprentissage, Professionnalisation;;;37783966701045;2;https://labonnealternance.apprentissage.beta.gouv.fr/emploi/recruteurs_lba/37783966701045/hertz-france
INFO TIME;NDRC;Orly;94310;31 rue du Docteur Calmette 94310 ORLY;Services administratifs combinés de bureau;Conseiller / Conseillère immobilier;Entreprise susceptible de recruter (candidature spontanée);;;Apprentissage, Professionnalisation;;;82426123400036;1;https://labonnealternance.apprentissage.beta.gouv.fr/emploi/recruteurs_lba/82426123400036/info-time
La Poste;NDRC;Orly;94310;16 rue du Commerce 94310 ORLY;Activités de poste dans le cadre d'une obligation de service universel;Responsable relation client (CRM);Entreprise susceptible de recruter (candidature spontanée);;;Apprentissage, Professionnalisation;;;35600000051410;1;https://labonnealternance.apprentissage.beta.gouv.fr/emploi/recruteurs_lba/35600000051410/la-poste
LADUREE;MCO + NDRC;Orly;94310;94310 Orly;Commerce de détail de pain, pâtisserie et confiserie en magasin spécialisé;"Vendeur / Vendeuse en épicerie ; Conseiller / Conseillère clientèle à distance";Entreprise susceptible de recruter (candidature spontanée);;;Apprentissage, Professionnalisation;;;57204554000315;2;https://labonnealternance.apprentissage.beta.gouv.fr/emploi/recruteurs_lba/57204554000315/laduree
LADUREE;MCO + NDRC;Orly;94310;94310 Orly;Commerce de détail de pain, pâtisserie et confiserie en magasin spécialisé;"Vendeur / Vendeuse en épicerie ; Conseiller / Conseillère clientèle à distance";Entreprise susceptible de recruter (candidature spontanée);;;Apprentissage, Professionnalisation;;;57204554000117;2;https://labonnealternance.apprentissage.beta.gouv.fr/emploi/recruteurs_lba/57204554000117/laduree
LASC BEAUTE;MCO;Orly;94310;PLACE GASTON VIENS 94310 ORLY;Commerce de détail de parfumerie et de produits de beauté en magasin spécialisé;"Responsable de boutique ; Employé / Employée de rayon libre-service";Entreprise susceptible de recruter (candidature spontanée);;;Apprentissage, Professionnalisation;;;79790835700024;2;https://labonnealternance.apprentissage.beta.gouv.fr/emploi/recruteurs_lba/79790835700024/lasc-beaute
LES VOYAGES DE SYBILLES;MCO;Orly;94310;1 RUE CAMILLE GUERIN 94310 ORLY;Activités des agences de voyage;"Employé / Employée de rayon libre-service ; Hôte / Hôtesse de caisse";Entreprise susceptible de recruter (candidature spontanée);;;Apprentissage, Professionnalisation;;;89990745500013;2;https://labonnealternance.apprentissage.beta.gouv.fr/emploi/recruteurs_lba/89990745500013/les-voyages-de-sybilles
MIDEXPRESS;NDRC;Orly;94310;94310 Orly;Commerce de gros (commerce interentreprises) non spécialisé;"Technico-commercial / Technico-commerciale ; Assistant commercial / Assistante commerciale ; Conseiller / Conseillère en gestion de patrimoine";Entreprise susceptible de recruter (candidature spontanée);;;Apprentissage, Professionnalisation;;;52324054700019;3;https://labonnealternance.apprentissage.beta.gouv.fr/emploi/recruteurs_lba/52324054700019/midexpress
ORLY DISTRIBUTION;MCO;Orly;94310;8 PLACE GASTON VIENS 94310 ORLY;Hypermarchés;"Employé / Employée de rayon libre-service ; Hôte / Hôtesse de caisse ; Chef / Cheffe de rayon produits alimentaires ; Vendeur / Vendeuse en épicerie";Entreprise susceptible de recruter (candidature spontanée);;;Apprentissage, Professionnalisation;;;38149915100011;4;https://labonnealternance.apprentissage.beta.gouv.fr/emploi/recruteurs_lba/38149915100011/orly-distribution
PRIMEURS PASSION;NDRC;Orly;94310;10 rue des Lances 94310 ORLY;Commerce de gros (commerce interentreprises) de fruits et légumes;Commercial itinérant / Commerciale itinérante en entreprise de commerce de gros;Entreprise susceptible de recruter (candidature spontanée);;;Apprentissage, Professionnalisation;;;32130455200045;1;https://labonnealternance.apprentissage.beta.gouv.fr/emploi/recruteurs_lba/32130455200045/primeurs-passion
SKITA;NDRC;Orly;94310;29 RUE DU MAILLARD 94310 ORLY;Intermédiaires spécialisés dans le commerce d'autres produits spécifiques;"Cadre Technico-commercial / Technico-commerciale ; Technico-commercial / Technico-commerciale ; Attaché commercial / Attachée commerciale";Entreprise susceptible de recruter (candidature spontanée);;;Apprentissage, Professionnalisation;;;51066488100040;3;https://labonnealternance.apprentissage.beta.gouv.fr/emploi/recruteurs_lba/51066488100040/skita
SOCIETE AIR FRANCE;NDRC;Orly;94310;94310 Orly;Transports aériens de passagers;Personnel Navigant Commercial - PNC -;Entreprise susceptible de recruter (candidature spontanée);;;Apprentissage, Professionnalisation;;;42049517800139;1;https://labonnealternance.apprentissage.beta.gouv.fr/emploi/recruteurs_lba/42049517800139/societe-air-france
SOFRILOG ORLY;MCO;Orly;94310;58 RUE DU KEFIR 94310 ORLY;Commerce de gros (commerce interentreprises) de produits surgelés;Chef / Cheffe de secteur magasin;Entreprise susceptible de recruter (candidature spontanée);;;Apprentissage, Professionnalisation;;;34186412200013;1;https://labonnealternance.apprentissage.beta.gouv.fr/emploi/recruteurs_lba/34186412200013/sofrilog-orly
START AIR;NDRC;Orly;94310;RUE DE LA SOIE 94310 ORLY;Entretien et réparation d'autres véhicules automobiles;Conseiller / Conseillère client après-vente des véhicules;Entreprise susceptible de recruter (candidature spontanée);;;Apprentissage, Professionnalisation;;;82755821400041;1;https://labonnealternance.apprentissage.beta.gouv.fr/emploi/recruteurs_lba/82755821400041/start-air
TIE RACK;MCO;Orly;94310;94310 Orly;Commerce de détail d'habillement en magasin spécialisé;"Vendeur / Vendeuse en prêt-à-porter ; Responsable de boutique ; Hôte / Hôtesse de caisse ; Directeur / Directrice de magasin de grande distribution";Entreprise susceptible de recruter (candidature spontanée);;;Apprentissage, Professionnalisation;;;57215659400200;4;https://labonnealternance.apprentissage.beta.gouv.fr/emploi/recruteurs_lba/57215659400200/tie-rack
AZ IMMOBILIER;NDRC;Ormesson-Sur-Marne;94490;99 avenue du General De Gaulle 94490 ORMESSON-SUR-MARNE;Agences immobilières;Conseiller / Conseillère immobilier;Entreprise susceptible de recruter (candidature spontanée);;;Apprentissage, Professionnalisation;;;90100409300026;1;https://labonnealternance.apprentissage.beta.gouv.fr/emploi/recruteurs_lba/90100409300026/az-immobilier
CABINET D'AFFAIRES HEAVEN IMMOBILIER GROUPE;NDRC;Ormesson-Sur-Marne;94490;37 RUE DU DOCTEUR ANDRE LIBERT 94490 ORMESSON-SUR-MARNE;LOCATION DE TERRAINS ET D'AUTRES BIENS IMMOBILIERS;"Conseiller / Conseillère immobilier ; Conseiller commercial / Conseillère commerciale auprès des particuliers";Entreprise susceptible de recruter (candidature spontanée);;;Apprentissage, Professionnalisation;;;84789312000034;2;https://labonnealternance.apprentissage.beta.gouv.fr/emploi/recruteurs_lba/84789312000034/cabinet-d-affaires-heaven-immobilier-groupe
Carrefour;MCO;Ormesson-Sur-Marne;94490;94490 Ormesson-sur-Marne;Activités des sociétés holding;"Chef / Cheffe de rayon produits alimentaires ; Employé de rayon alimentaire (F/H) CQP en alternance";Offre partenaire (France Travail…);Employé de rayon alimentaire (F/H) CQP en alternance;;Apprentissage, Professionnalisation;2026-09-24;;;2;https://labonnealternance.apprentissage.beta.gouv.fr/emploi/offres_emploi_partenaires/6ab59d8f68233dbb8f6a5082/employe-de-rayon-alimentaire-f-h-cqp-en-alternance
Carrefour;MCO;Ormesson-Sur-Marne;94490;94490 Ormesson-sur-Marne;Activités des sociétés holding;Vendeur en produits de la mer (F/H) CQP en alternance;Offre partenaire (France Travail…);Vendeur en produits de la mer (F/H) CQP en alternance;;Apprentissage, Professionnalisation;2026-09-24;;;1;https://labonnealternance.apprentissage.beta.gouv.fr/emploi/offres_emploi_partenaires/6ab59d8f68233dbb8f6a5088/vendeur-en-produits-de-la-mer-f-h-cqp-en-alternance
Carrefour;MCO;Ormesson-Sur-Marne;94490;94490 Ormesson-sur-Marne;Activités des sociétés holding;"Employé / Employée de rayon libre-service ; Employé de rayon boulangerie pâtisserie (F/H) CQP en alternance";Offre partenaire (France Travail…);Employé de rayon boulangerie pâtisserie (F/H) CQP en alternance;;Apprentissage, Professionnalisation;2026-09-24;;;2;https://labonnealternance.apprentissage.beta.gouv.fr/emploi/offres_emploi_partenaires/6ab59d8f68233dbb8f6a508a/employe-de-rayon-boulangerie-patisserie-f-h-cqp-en-alternance
Carrefour;MCO;Ormesson-Sur-Marne;94490;94490 Ormesson-sur-Marne;Activités des sociétés holding;"Chef / Cheffe de rayon de produits non alimentaires ; Employé de rayon non alimentaire (F/H) Titre professionnel en alternance";Offre partenaire (France Travail…);Employé de rayon non alimentaire (F/H) Titre professionnel en alternance;;Apprentissage, Professionnalisation;2026-09-24;;;2;https://labonnealternance.apprentissage.beta.gouv.fr/emploi/offres_emploi_partenaires/6ab59d8f68233dbb8f6a507d/employe-de-rayon-non-alimentaire-f-h-titre-professionnel-en-alternance
Carrefour;MCO + NDRC;Ormesson-Sur-Marne;94490;94490 Ormesson-sur-Marne;Activités des sociétés holding;"Employé commercial caisse & services (F/H) CQP en alternance ; Conseiller commercial / Conseillère commerciale auprès des particuliers";Offre partenaire (France Travail…);Employé commercial caisse & services (F/H) CQP en alternance;;Apprentissage, Professionnalisation;2026-09-24;;;2;https://labonnealternance.apprentissage.beta.gouv.fr/emploi/offres_emploi_partenaires/6ab59d8f68233dbb8f6a5081/employe-commercial-caisse-services-f-h-cqp-en-alternance
Carrefour;MCO;Ormesson-Sur-Marne;94490;94490 Ormesson-sur-Marne;Activités des sociétés holding;Vendeur rayon charcuterie (F/H) CQP en alternance;Offre partenaire (France Travail…);Vendeur rayon charcuterie (F/H) CQP en alternance;;Apprentissage, Professionnalisation;2026-09-24;;;1;https://labonnealternance.apprentissage.beta.gouv.fr/emploi/offres_emploi_partenaires/6ab59d8f68233dbb8f6a5089/vendeur-rayon-charcuterie-f-h-cqp-en-alternance
Carrefour;MCO;Ormesson-Sur-Marne;94490;85 ROUTE DE PROVINS 94490 ORMESSON-SUR-MARNE;Hypermarchés;"Employé / Employée de rayon libre-service ; Hôte / Hôtesse de caisse ; Chef / Cheffe de rayon produits alimentaires ; Vendeur / Vendeuse en épicerie";Entreprise susceptible de recruter (candidature spontanée);;;Apprentissage, Professionnalisation;;;45132133501112;4;https://labonnealternance.apprentissage.beta.gouv.fr/emploi/recruteurs_lba/45132133501112/carrefour
CARREFOUR BANQUE;NDRC;Ormesson-Sur-Marne;94490;85 route de Provins 94490 ORMESSON-SUR-MARNE;Autre distribution de crédit;"Conseiller / Conseillère de clientèle bancaire ; Courtier / Courtière en banque ; Conseiller commercial / Conseillère commerciale auprès des particuliers";Entreprise susceptible de recruter (candidature spontanée);;;Apprentissage, Professionnalisation;;;31381151501001;3;https://labonnealternance.apprentissage.beta.gouv.fr/emploi/recruteurs_lba/31381151501001/carrefour-banque
Employé commercial caisse & services (F/H) CQP en alternance - ORMESSON SUR MARNE;MCO + NDRC;Ormesson-Sur-Marne;94490;94490 Ormesson-sur-Marne;;"Hôte / Hôtesse de caisse ; Employé commercial caisse & services (F/H) CQP en alternance - ORMESSON SUR MARNE";Offre partenaire (France Travail…);Employé commercial caisse & services (F/H) CQP en alternance - ORMESSON SUR MARNE;;Professionnalisation;2026-09-09;;;2;https://labonnealternance.apprentissage.beta.gouv.fr/emploi/offres_emploi_partenaires/6aa1dbe9d4cd2f3dc00fe99b/employe-commercial-caisse-services-f-h-cqp-en-alternance-ormesson-sur-marne
Employé de rayon alimentaire (F/H) CQP en alternance - ORMESSON SUR MARNE;MCO;Ormesson-Sur-Marne;94490;94490 Ormesson-sur-Marne;;"Employé / Employée de rayon libre-service ; Employé de rayon alimentaire (F/H) CQP en alternance - ORMESSON SUR MARNE";Offre partenaire (France Travail…);Employé de rayon alimentaire (F/H) CQP en alternance - ORMESSON SUR MARNE;;Professionnalisation;2026-09-09;;;2;https://labonnealternance.apprentissage.beta.gouv.fr/emploi/offres_emploi_partenaires/6aa1dbead4cd2f3dc00fe9a9/employe-de-rayon-alimentaire-f-h-cqp-en-alternance-ormesson-sur-marne
Employé de rayon boulangerie pâtisserie (F/H) CQP en alternance - ORMESSON SUR MARNE;MCO;Ormesson-Sur-Marne;94490;94490 Ormesson-sur-Marne;;"Employé / Employée de rayon libre-service ; Employé de rayon boulangerie pâtisserie (F/H) CQP en alternance - ORMESSON SUR MARNE";Offre partenaire (France Travail…);Employé de rayon boulangerie pâtisserie (F/H) CQP en alternance - ORMESSON SUR MARNE;;Professionnalisation;2026-09-09;;;2;https://labonnealternance.apprentissage.beta.gouv.fr/emploi/offres_emploi_partenaires/6aa1dbe9d4cd2f3dc00fe9a2/employe-de-rayon-boulangerie-patisserie-f-h-cqp-en-alternance-ormesson-sur-marne
Employé de rayon non alimentaire (F/H) Titre professionnel en alternance - ORMESSON SUR MARNE;MCO;Ormesson-Sur-Marne;94490;94490 Ormesson-sur-Marne;;"Employé / Employée de rayon libre-service ; Employé de rayon non alimentaire (F/H) Titre professionnel en alternance - ORMESSON SUR MARNE";Offre partenaire (France Travail…);Employé de rayon non alimentaire (F/H) Titre professionnel en alternance - ORMESSON SUR MARNE;;Professionnalisation;2026-09-09;;;2;https://labonnealternance.apprentissage.beta.gouv.fr/emploi/offres_emploi_partenaires/6aa1dbe9d4cd2f3dc00fe99a/employe-de-rayon-non-alimentaire-f-h-titre-professionnel-en-alternance-ormesson-sur-marne
LA MARO;MCO;Ormesson-Sur-Marne;94490;81 route de Provins 94490 ORMESSON-SUR-MARNE;Commerce de détail de maroquinerie et d'articles de voyage;"Vendeur / Vendeuse en prêt-à-porter ; Gérant / Gérante de magasin d'alimentation générale";Entreprise susceptible de recruter (candidature spontanée);;;Apprentissage, Professionnalisation;;;90422114000026;2;https://labonnealternance.apprentissage.beta.gouv.fr/emploi/recruteurs_lba/90422114000026/la-maro
THOM;MCO;Ormesson-Sur-Marne;94490;ROUTE DE PROVINS 94490 ORMESSON-SUR-MARNE;Commerce de détail d'articles d'horlogerie et de bijouterie en magasin spécialisé;"Vendeur / Vendeuse en prêt-à-porter ; Conseiller vendeur / Conseillère vendeuse à domicile ; Responsable de boutique";Entreprise susceptible de recruter (candidature spontanée);;;Apprentissage, Professionnalisation;;;37958790001065;3;https://labonnealternance.apprentissage.beta.gouv.fr/emploi/recruteurs_lba/37958790001065/thom
Vendeur en produits de la mer (F/H) CQP en alternance - ORMESSON SUR MARNE;MCO;Ormesson-Sur-Marne;94490;94490 Ormesson-sur-Marne;;Vendeur en produits de la mer (F/H) CQP en alternance - ORMESSON SUR MARNE;Offre partenaire (France Travail…);Vendeur en produits de la mer (F/H) CQP en alternance - ORMESSON SUR MARNE;;Professionnalisation;2026-09-09;;;1;https://labonnealternance.apprentissage.beta.gouv.fr/emploi/offres_emploi_partenaires/6aa1dbe9d4cd2f3dc00fe99f/vendeur-en-produits-de-la-mer-f-h-cqp-en-alternance-ormesson-sur-marne
Vendeur rayon charcuterie (F/H) CQP en alternance - ORMESSON SUR MARNE;MCO;Ormesson-Sur-Marne;94490;94490 Ormesson-sur-Marne;;"Vendeur / Vendeuse en épicerie ; Vendeur rayon charcuterie (F/H) CQP en alternance - ORMESSON SUR MARNE";Offre partenaire (France Travail…);Vendeur rayon charcuterie (F/H) CQP en alternance - ORMESSON SUR MARNE;;Professionnalisation;2026-09-09;;;2;https://labonnealternance.apprentissage.beta.gouv.fr/emploi/offres_emploi_partenaires/6aa1dbe9d4cd2f3dc00fe9a1/vendeur-rayon-charcuterie-f-h-cqp-en-alternance-ormesson-sur-marne
AUREIS FORMATION;MCO;Paris;75020;322 RUE DES PYRENEES 75020 PARIS;Commerce de détail de boissons en magasin spécialisé;Vendeur en glacier – Alternance BTS MCO - (92) Antony (H/F);Offre publiée sur La bonne alternance;Vendeur en glacier – Alternance BTS MCO - (92) Antony (H/F);BTS, DEUST (Bac+2);Apprentissage;2026-05-29;Oui;;1;https://labonnealternance.apprentissage.beta.gouv.fr/emploi/offres_emploi_lba/6a19bb89b614f1892e955efa/vendeur-en-glacier-alternance-bts-mco-92-antony-h-f
AUREIS FORMATION;NDRC;Paris;75020;322 RUE DES PYRENEES 75020 PARIS;Restauration de type rapide;"Conseiller commercial / Conseillère commerciale auprès des particuliers ; Conseiller commercial / Conseillère commerciale auprès d'une clientèle de particuliers";Offre publiée sur La bonne alternance;Conseiller commercial / Conseillère commerciale auprès d'une clientèle de particuliers;BTS, DEUST (Bac+2);Apprentissage;2026-05-27;Oui;;2;https://labonnealternance.apprentissage.beta.gouv.fr/emploi/offres_emploi_lba/6a170c924bd3e45c550ea436/conseiller-commercial-conseillere-commerciale-aupres-d-une-clientele-de-particuliers
AUREIS FORMATION;MCO + NDRC;Paris;75020;322 RUE DES PYRENEES 75020 PARIS;Débits de boissons;"Vendeur / Vendeuse grossiste en équipement du foyer ; Vendeur / Vendeuse grossiste en équipement de la personne";Offre publiée sur La bonne alternance;Vendeur / Vendeuse grossiste en équipement de la personne;BTS, DEUST (Bac+2);Apprentissage;2026-07-13;Oui;;2;https://labonnealternance.apprentissage.beta.gouv.fr/emploi/offres_emploi_lba/6a549deca8013626d33a5b83/vendeur-vendeuse-grossiste-en-equipement-de-la-personne
AUREIS FORMATION;MCO;Paris;75020;322 RUE DES PYRENEES 75020 PARIS;Travaux de maçonnerie générale et gros œuvre de bâtiment;"Vendeur / Vendeuse en prêt-à-porter ; Vendeur / Vendeuse en chaussures";Offre publiée sur La bonne alternance;Vendeur / Vendeuse en chaussures;BTS, DEUST (Bac+2);Apprentissage;2026-07-10;Oui;;2;https://labonnealternance.apprentissage.beta.gouv.fr/emploi/offres_emploi_lba/6a50d228a8013626d3357242/vendeur-vendeuse-en-chaussures
AUREIS FORMATION;NDRC;Paris;75020;322 RUE DES PYRENEES 75020 PARIS;Autres organisations fonctionnant par adhésion volontaire;"Assistant commercial / Assistante commerciale ; Assistant / Assistante de gestion commerciale";Offre publiée sur La bonne alternance;Assistant / Assistante de gestion commerciale;BTS, DEUST (Bac+2);Apprentissage;2026-08-11;Oui;;2;https://labonnealternance.apprentissage.beta.gouv.fr/emploi/offres_emploi_lba/6a7b4df122a147e1a1fa0640/assistant-assistante-de-gestion-commerciale
AUREIS FORMATION;MCO;Paris;75020;322 RUE DES PYRENEES 75020 PARIS;LOCATION DE LOGEMENTS;"Vendeur / Vendeuse en épicerie ; Vendeur / Vendeuse de fruits et légumes";Offre publiée sur La bonne alternance;Vendeur / Vendeuse de fruits et légumes;BTS, DEUST (Bac+2);Apprentissage;2026-07-13;Oui;;2;https://labonnealternance.apprentissage.beta.gouv.fr/emploi/offres_emploi_lba/6a551fd2a8013626d33af01f/vendeur-vendeuse-de-fruits-et-legumes
AUREIS FORMATION;MCO;Paris;75020;322 RUE DES PYRENEES 75020 PARIS;Fabrication d'éléments en plâtre pour la construction;"Assistant / Assistante administration des ventes ; Assistant / Assistante des ventes";Offre publiée sur La bonne alternance;Assistant / Assistante des ventes;BTS, DEUST (Bac+2);Apprentissage;2026-08-22;Oui;;2;https://labonnealternance.apprentissage.beta.gouv.fr/emploi/offres_emploi_lba/6a8963ebfdf18b33358a98e0/assistant-assistante-des-ventes
AUREIS FORMATION;NDRC;Paris;75020;322 RUE DES PYRENEES 75020 PARIS;Activités de soutien au spectacle vivant;Assistant commercial / Assistante commerciale;Offre publiée sur La bonne alternance;Assistant(e) de direction H/F;BTS, DEUST (Bac+2);Apprentissage;2026-06-08;Oui;;1;https://labonnealternance.apprentissage.beta.gouv.fr/emploi/offres_emploi_lba/6a26ed20267c97419aff8c67/assistant-e-de-direction-h-f
AUREIS FORMATION;MCO;Paris;75020;322 RUE DES PYRENEES 75020 PARIS;Fabrication de produits de consommation courante en matières plastiques;"Vendeur / Vendeuse en prêt-à-porter ; Vendeur / Vendeuse en prêt-à-porter de luxe";Offre publiée sur La bonne alternance;Vendeur / Vendeuse en prêt-à-porter de luxe;BTS, DEUST (Bac+2);Apprentissage;2026-08-21;Oui;;2;https://labonnealternance.apprentissage.beta.gouv.fr/emploi/offres_emploi_lba/6a887c485b058a5f48595ba8/vendeur-vendeuse-en-pret-a-porter-de-luxe
AUREIS FORMATION;MCO;Paris;75020;322 RUE DES PYRENEES 75020 PARIS;Commerce de détail d'équipements automobiles;;Offre publiée sur La bonne alternance;Assistant administratif / Assistante administrative;BTS, DEUST (Bac+2);Apprentissage;2026-08-04;Oui;;1;https://labonnealternance.apprentissage.beta.gouv.fr/emploi/offres_emploi_lba/6a7210a270f5c146a4404936/assistant-administratif-assistante-administrative
AUREIS FORMATION;NDRC;Paris;75020;322 RUE DES PYRENEES 75020 PARIS;Travaux d'installation électrique dans tous locaux;"Assistant commercial / Assistante commerciale ; Assistant administratif et commercial / Assistante administrative et commerciale";Offre publiée sur La bonne alternance;Assistant administratif et commercial / Assistante administrative et commerciale;BTS, DEUST (Bac+2);Apprentissage;2026-09-16;Oui;;2;https://labonnealternance.apprentissage.beta.gouv.fr/emploi/offres_emploi_lba/6aaac6f21124e4727884bdb7/assistant-administratif-et-commercial-assistante-administrative-et-commerciale
AUREIS FORMATION;NDRC;Paris;75020;322 RUE DES PYRENEES 75020 PARIS;Autres commerces de détail en magasin non spécialisé;"Conseiller commercial / Conseillère commerciale auprès des particuliers ; Conseiller commercial / Conseillère commerciale auprès d'une clientèle de particuliers";Offre publiée sur La bonne alternance;Conseiller commercial / Conseillère commerciale auprès d'une clientèle de particuliers;BTS, DEUST (Bac+2);Apprentissage;2026-08-05;Oui;;2;https://labonnealternance.apprentissage.beta.gouv.fr/emploi/offres_emploi_lba/6a735e57bb092dca9f15027f/conseiller-commercial-conseillere-commerciale-aupres-d-une-clientele-de-particuliers
GROUPE IGF;NDRC;Paris;75012;8 RUE DE LA VEGA 75012 PARIS;Activités des agences de publicité;"Attaché commercial / Attachée commerciale ; Commercial / Commerciale";Offre publiée sur La bonne alternance;Commercial / Commerciale;BTS, DEUST (Bac+2);Apprentissage;2026-08-31;;;2;https://labonnealternance.apprentissage.beta.gouv.fr/emploi/offres_emploi_lba/6a953a8e896188246acecd6e/commercial-commerciale
INATEC (INATEC BUSINESS SCHOOL);MCO;Paris;75008;58 RUE DE MONCEAU 75008 PARIS;Commerce de détail d'appareils électroménagers en magasin spécialisé;;Offre publiée sur La bonne alternance;Assistant / Assistante de gestion d'entreprise;BTS, DEUST (Bac+2);Apprentissage;2026-09-16;;;1;https://labonnealternance.apprentissage.beta.gouv.fr/emploi/offres_emploi_lba/6aaa58ed1124e472788455e4/assistant-assistante-de-gestion-d-entreprise
INATEC (INATEC BUSINESS SCHOOL);MCO + NDRC;Paris;75008;58 RUE DE MONCEAU 75008 PARIS;Commerce de détail d'appareils électroménagers en magasin spécialisé;"Conseiller commercial / Conseillère commerciale auprès des particuliers ; Conseiller commercial / Conseillère commerciale auprès d'une clientèle de particuliers";Offre publiée sur La bonne alternance;Conseiller commercial / Conseillère commerciale auprès d'une clientèle de particuliers;BTS, DEUST (Bac+2);Apprentissage;2026-09-16;;;3;https://labonnealternance.apprentissage.beta.gouv.fr/emploi/offres_emploi_lba/6aaa5a1f1124e4727884573a/conseiller-commercial-conseillere-commerciale-aupres-d-une-clientele-de-particuliers
INATEC (INATEC BUSINESS SCHOOL);MCO + NDRC;Paris;75008;58 RUE DE MONCEAU 75008 PARIS;Commerce de détail d'appareils électroménagers en magasin spécialisé;"Assistant commercial / Assistante commerciale ; Assistant / Assistante de gestion commerciale";Offre publiée sur La bonne alternance;Assistant / Assistante de gestion commerciale;BTS, DEUST (Bac+2);Apprentissage;2026-09-16;;;3;https://labonnealternance.apprentissage.beta.gouv.fr/emploi/offres_emploi_lba/6aaa58b81734e71a67c88418/assistant-assistante-de-gestion-commerciale
INATEC (INATEC BUSINESS SCHOOL);MCO;Paris;75008;58 RUE DE MONCEAU 75008 PARIS;Commerce de détail d'appareils électroménagers en magasin spécialisé;;Offre publiée sur La bonne alternance;Assistant administratif / Assistante administrative;BTS, DEUST (Bac+2);Apprentissage;2026-08-04;;;1;https://labonnealternance.apprentissage.beta.gouv.fr/emploi/offres_emploi_lba/6a71cc38bb092dca9f133f50/assistant-administratif-assistante-administrative
INATEC (INATEC BUSINESS SCHOOL);MCO;Paris;75008;58 RUE DE MONCEAU 75008 PARIS;Commerce de détail d'appareils électroménagers en magasin spécialisé;;Offre publiée sur La bonne alternance;Assistant / Assistante chef de projet;BTS, DEUST (Bac+2);Apprentissage;2026-09-16;;;1;https://labonnealternance.apprentissage.beta.gouv.fr/emploi/offres_emploi_lba/6aaa59af1734e71a67c88536/assistant-assistante-chef-de-projet
INATEC (INATEC BUSINESS SCHOOL);MCO;Paris;75008;58 RUE DE MONCEAU 75008 PARIS;Commerce de détail d'appareils électroménagers en magasin spécialisé;;Offre publiée sur La bonne alternance;Assistant / Assistante de gestion d'entreprise;BTS, DEUST (Bac+2);Apprentissage;2026-09-16;;;1;https://labonnealternance.apprentissage.beta.gouv.fr/emploi/offres_emploi_lba/6aaa5c501734e71a67c8883d/assistant-assistante-de-gestion-d-entreprise
INATEC (INATEC BUSINESS SCHOOL);MCO;Paris;75008;58 RUE DE MONCEAU 75008 PARIS;Commerce de détail d'appareils électroménagers en magasin spécialisé;;Offre publiée sur La bonne alternance;Assistant / Assistante à la direction d'un restaurant;BTS, DEUST (Bac+2);Apprentissage;2026-08-04;;;1;https://labonnealternance.apprentissage.beta.gouv.fr/emploi/offres_emploi_lba/6a71ce3dbb092dca9f134138/assistant-assistante-a-la-direction-d-un-restaurant
INATEC (INATEC BUSINESS SCHOOL);MCO + NDRC;Paris;75008;58 RUE DE MONCEAU 75008 PARIS;Commerce de détail d'appareils électroménagers en magasin spécialisé;"Technico-commercial / Technico-commerciale ; Technico-commercial / Technico-commerciale grands comptes";Offre publiée sur La bonne alternance;Technico-commercial / Technico-commerciale grands comptes;BTS, DEUST (Bac+2);Apprentissage;2026-09-16;;;3;https://labonnealternance.apprentissage.beta.gouv.fr/emploi/offres_emploi_lba/6aaa59e31124e47278845710/technico-commercial-technico-commerciale-grands-comptes
INATEC (INATEC BUSINESS SCHOOL);MCO + NDRC;Paris;75008;58 RUE DE MONCEAU 75008 PARIS;Commerce de détail d'appareils électroménagers en magasin spécialisé;"Conseiller commercial / Conseillère commerciale auprès des particuliers ; Conseiller commercial / Conseillère commerciale auprès d'une clientèle de particuliers";Offre publiée sur La bonne alternance;Conseiller commercial / Conseillère commerciale auprès d'une clientèle de particuliers;BTS, DEUST (Bac+2);Apprentissage;2026-08-04;;;3;https://labonnealternance.apprentissage.beta.gouv.fr/emploi/offres_emploi_lba/6a71ccf070f5c146a4400b7f/conseiller-commercial-conseillere-commerciale-aupres-d-une-clientele-de-particuliers
INATEC (INATEC BUSINESS SCHOOL);MCO;Paris;75008;58 RUE DE MONCEAU 75008 PARIS;Commerce de détail d'appareils électroménagers en magasin spécialisé;;Offre publiée sur La bonne alternance;Assistant / Assistante à la direction d'un restaurant;BTS, DEUST (Bac+2);Apprentissage;2026-08-04;;;1;https://labonnealternance.apprentissage.beta.gouv.fr/emploi/offres_emploi_lba/6a71cfcd70f5c146a4400e2c/assistant-assistante-a-la-direction-d-un-restaurant
INATEC (INATEC BUSINESS SCHOOL);MCO;Paris;75008;58 RUE DE MONCEAU 75008 PARIS;Commerce de détail d'appareils électroménagers en magasin spécialisé;"Vendeur / Vendeuse d'articles de sport et loisirs ; Vendeur / Vendeuse en jeux électroniques";Offre publiée sur La bonne alternance;Vendeur / Vendeuse en jeux électroniques;BTS, DEUST (Bac+2);Apprentissage;2026-08-04;;;2;https://labonnealternance.apprentissage.beta.gouv.fr/emploi/offres_emploi_lba/6a71cc6dbb092dca9f133f86/vendeur-vendeuse-en-jeux-electroniques
INATEC (INATEC BUSINESS SCHOOL);MCO;Paris;75008;58 RUE DE MONCEAU 75008 PARIS;Commerce de détail d'appareils électroménagers en magasin spécialisé;"Assistant / Assistante administration des ventes ; Assistant / Assistante des ventes";Offre publiée sur La bonne alternance;Assistant / Assistante des ventes;BTS, DEUST (Bac+2);Apprentissage;2026-08-04;;;2;https://labonnealternance.apprentissage.beta.gouv.fr/emploi/offres_emploi_lba/6a71cc1370f5c146a4400aa0/assistant-assistante-des-ventes
INATEC (INATEC BUSINESS SCHOOL);MCO;Paris;75008;58 RUE DE MONCEAU 75008 PARIS;Commerce de détail d'appareils électroménagers en magasin spécialisé;;Offre publiée sur La bonne alternance;Secrétaire administratif / Secrétaire administrative;BTS, DEUST (Bac+2);Apprentissage;2026-08-04;;;1;https://labonnealternance.apprentissage.beta.gouv.fr/emploi/offres_emploi_lba/6a71cca8bb092dca9f133fbd/secretaire-administratif-secretaire-administrative
INATEC (INATEC BUSINESS SCHOOL);MCO;Paris;75008;58 RUE DE MONCEAU 75008 PARIS;Commerce de détail d'appareils électroménagers en magasin spécialisé;;Offre publiée sur La bonne alternance;Assistant / Assistante de gestion administrative du personnel;BTS, DEUST (Bac+2);Apprentissage;2026-08-04;;;1;https://labonnealternance.apprentissage.beta.gouv.fr/emploi/offres_emploi_lba/6a71cd4170f5c146a4400be1/assistant-assistante-de-gestion-administrative-du-personnel
INATEC (INATEC BUSINESS SCHOOL);MCO;Paris;75008;58 RUE DE MONCEAU 75008 PARIS;Commerce de détail d'appareils électroménagers en magasin spécialisé;;Offre publiée sur La bonne alternance;Gestionnaire paie et administration du personnel;BTS, DEUST (Bac+2);Apprentissage;2026-08-04;;;1;https://labonnealternance.apprentissage.beta.gouv.fr/emploi/offres_emploi_lba/6a71cd0c70f5c146a4400b9c/gestionnaire-paie-et-administration-du-personnel
MINIMARCHE VAL-DE-MARNE;MCO;Paris;94430;2 Route du Plessis 94430 PARIS;Supermarchés;"Employé / Employée de rayon libre-service ; Directeur / Directrice de magasin de grande distribution ; Hôte / Hôtesse de caisse ; Responsable de caisses ; Chef / Cheffe de rayon produits alimentaires";Entreprise susceptible de recruter (candidature spontanée);;;Apprentissage, Professionnalisation;;;30328373300044;5;https://labonnealternance.apprentissage.beta.gouv.fr/emploi/recruteurs_lba/30328373300044/minimarche-val-de-marne
20/20 CONCOURS ET EXAMENS - ESPACE JEAN;MCO;Rungis;94150;47 RUE DES SOLETS 94150 RUNGIS;Autres activités de soutien aux entreprises n.c.a.;Animateur / Animatrice des ventes;Entreprise susceptible de recruter (candidature spontanée);;;Apprentissage, Professionnalisation;;;37715014900062;1;https://labonnealternance.apprentissage.beta.gouv.fr/emploi/recruteurs_lba/37715014900062/20-20-concours-et-examens-espace-jean
A. MENARINI DIAGNOSTICS - FRANCE;NDRC;Rungis;94150;3 rue du Jura 94150 RUNGIS;Commerce de gros (commerce interentreprises) de fournitures et équipements industriels divers;"Technico-commercial / Technico-commerciale ; Attaché commercial / Attachée commerciale";Entreprise susceptible de recruter (candidature spontanée);;;Apprentissage, Professionnalisation;;;45130908200027;2;https://labonnealternance.apprentissage.beta.gouv.fr/emploi/recruteurs_lba/45130908200027/a-menarini-diagnostics-france
ABBOTT MEDICAL FRANCE SAS;NDRC;Rungis;94150;40 rue d Arcueil 94150 RUNGIS;Intermédiaires spécialisés dans le commerce d'autres produits spécifiques;"Cadre Technico-commercial / Technico-commerciale ; Technico-commercial / Technico-commerciale ; Attaché commercial / Attachée commerciale";Entreprise susceptible de recruter (candidature spontanée);;;Apprentissage, Professionnalisation;;;39804335600102;3;https://labonnealternance.apprentissage.beta.gouv.fr/emploi/recruteurs_lba/39804335600102/abbott-medical-france-sas
ADMINISTRATION PIERRE IMMOBILIER;NDRC;Rungis;94150;17 RUE DES HALLIERS 94150 RUNGIS;Agences immobilières;Conseiller / Conseillère immobilier;Entreprise susceptible de recruter (candidature spontanée);;;Apprentissage, Professionnalisation;;;44524838800016;1;https://labonnealternance.apprentissage.beta.gouv.fr/emploi/recruteurs_lba/44524838800016/administration-pierre-immobilier
AGRO TRADE PARIS;NDRC;Rungis;94150;94150 Rungis;Commerce de gros (commerce interentreprises) non spécialisé;"Technico-commercial / Technico-commerciale ; Assistant commercial / Assistante commerciale ; Conseiller / Conseillère en gestion de patrimoine";Entreprise susceptible de recruter (candidature spontanée);;;Apprentissage, Professionnalisation;;;91486794000027;3;https://labonnealternance.apprentissage.beta.gouv.fr/emploi/recruteurs_lba/91486794000027/agro-trade-paris
AU SAVETIER DE RUNGIS;MCO;Rungis;94150;9 avenue des 3 Marches 94150 RUNGIS;Commerce de détail d'habillement en magasin spécialisé;"Vendeur / Vendeuse en prêt-à-porter ; Responsable de boutique ; Hôte / Hôtesse de caisse ; Directeur / Directrice de magasin de grande distribution";Entreprise susceptible de recruter (candidature spontanée);;;Apprentissage, Professionnalisation;;;48355656900026;4;https://labonnealternance.apprentissage.beta.gouv.fr/emploi/recruteurs_lba/48355656900026/au-savetier-de-rungis
BANQUE EUROPEENNE DU CREDIT MUTUEL;NDRC;Rungis;94150;20 rue Saarinen 94150 RUNGIS;Autres intermédiations monétaires;"Conseiller / Conseillère de clientèle bancaire ; Chargé / Chargée d'accueil en banque ; Conseiller / Conseillère en gestion de patrimoine";Entreprise susceptible de recruter (candidature spontanée);;;Apprentissage, Professionnalisation;;;37952260000715;3;https://labonnealternance.apprentissage.beta.gouv.fr/emploi/recruteurs_lba/37952260000715/banque-europeenne-du-credit-mutuel
BOUCHERIE DE RUNGIS;MCO + NDRC;Rungis;94150;24 place Louis XIII 94150 RUNGIS;Commerce de détail de viandes et de produits à base de viande en magasin spécialisé;"Vendeur / Vendeuse en épicerie ; Vendeur / Vendeuse grossiste en produits frais";Entreprise susceptible de recruter (candidature spontanée);;;Apprentissage, Professionnalisation;;;52308483800029;2;https://labonnealternance.apprentissage.beta.gouv.fr/emploi/recruteurs_lba/52308483800029/boucherie-de-rungis
C N E R - CONSEIL ET NEGOCE EUROPEEN EN RESTAURATION;MCO;Rungis;94150;30 avenue de Normandie 94150 RUNGIS;Autres intermédiaires du commerce en denrées, boissons et tabac;"Vendeur / Vendeuse en épicerie ; Chef / Cheffe de rayon de produits non alimentaires ; Chef / Cheffe de rayon produits alimentaires ; Animateur / Animatrice des ventes ; Responsable de département en grande distribution";Entreprise susceptible de recruter (candidature spontanée);;;Apprentissage, Professionnalisation;;;42319079200030;5;https://labonnealternance.apprentissage.beta.gouv.fr/emploi/recruteurs_lba/42319079200030/c-n-e-r-conseil-et-negoce-europeen-en-restauration
CARREFOUR BANQUE;NDRC;Rungis;94150;94150 Rungis;Autre distribution de crédit;"Conseiller / Conseillère de clientèle bancaire ; Courtier / Courtière en banque ; Conseiller commercial / Conseillère commerciale auprès des particuliers";Entreprise susceptible de recruter (candidature spontanée);;;Apprentissage, Professionnalisation;;;31381151500680;3;https://labonnealternance.apprentissage.beta.gouv.fr/emploi/recruteurs_lba/31381151500680/carrefour-banque
CEDRAL;NDRC;Rungis;94150;2 rue du Poitou 94150 RUNGIS;Commerce de gros (commerce interentreprises) de produits à base de viande;Commercial itinérant / Commerciale itinérante en entreprise de commerce de gros;Entreprise susceptible de recruter (candidature spontanée);;;Apprentissage, Professionnalisation;;;69203643700022;1;https://labonnealternance.apprentissage.beta.gouv.fr/emploi/recruteurs_lba/69203643700022/cedral
CEMEX FRANCE SERVICES;MCO;Rungis;94150;13 rue du Capricorne 94150 RUNGIS;Autres activités de soutien aux entreprises n.c.a.;Animateur / Animatrice des ventes;Entreprise susceptible de recruter (candidature spontanée);;;Apprentissage, Professionnalisation;;;72200784600040;1;https://labonnealternance.apprentissage.beta.gouv.fr/emploi/recruteurs_lba/72200784600040/cemex-france-services
CIAO GUSTO;MCO;Rungis;94150;Gare Routiere Sogaris 94150 RUNGIS;Commerce de gros (commerce interentreprises) alimentaire spécialisé divers;"Chef / Cheffe de secteur magasin ; Chef / Cheffe de promotion des ventes";Entreprise susceptible de recruter (candidature spontanée);;;Apprentissage, Professionnalisation;;;80125108300060;2;https://labonnealternance.apprentissage.beta.gouv.fr/emploi/recruteurs_lba/80125108300060/ciao-gusto
COLOM;NDRC;Rungis;94150;10 QUAI DE BOULOGNE 94150 RUNGIS;Commerce de gros (commerce interentreprises) de fruits et légumes;Commercial itinérant / Commerciale itinérante en entreprise de commerce de gros;Entreprise susceptible de recruter (candidature spontanée);;;Apprentissage, Professionnalisation;;;50001882500066;1;https://labonnealternance.apprentissage.beta.gouv.fr/emploi/recruteurs_lba/50001882500066/colom
COMRUNGIS;MCO + NDRC;Rungis;94150;2 rue du Gers Min 94150 RUNGIS;CONSEIL EN RELATIONS PUBLIQUES ET COMMUNICATION;"Animateur / Animatrice des ventes ; Commercial / Commerciale auprès d'une clientèle d'entreprises";Entreprise susceptible de recruter (candidature spontanée);;;Apprentissage, Professionnalisation;;;82497079200027;2;https://labonnealternance.apprentissage.beta.gouv.fr/emploi/recruteurs_lba/82497079200027/comrungis
COOPERATIVE U;MCO;Rungis;94150;20 rue d Arcueil 94150 RUNGIS;Centrales d'achat alimentaires;"Chef / Cheffe de rayon produits alimentaires ; Responsable de département en grande distribution ; Hôte / Hôtesse de caisse ; Chef / Cheffe de rayon de produits non alimentaires";Entreprise susceptible de recruter (candidature spontanée);;;Apprentissage, Professionnalisation;;;30460295600142;4;https://labonnealternance.apprentissage.beta.gouv.fr/emploi/recruteurs_lba/30460295600142/cooperative-u
DEB FRANCE;MCO + NDRC;Rungis;94150;3 rue du Pont des Halles 94150 RUNGIS;Commerce de gros (commerce interentreprises) de vaisselle, verrerie et produits d'entretien;"Chef / Cheffe des ventes ; Commercial / Commerciale grands comptes et entreprises ; Commercial / Commerciale export";Entreprise susceptible de recruter (candidature spontanée);;;Apprentissage, Professionnalisation;;;77733695900047;3;https://labonnealternance.apprentissage.beta.gouv.fr/emploi/recruteurs_lba/77733695900047/deb-france
DRAGON BLEU;MCO + NDRC;Rungis;94150;5 rue du Sagittaire 94150 RUNGIS;COMMERCE DE GROS (COMMERCE INTERENTREPRISES) D'AUTRES BIENS DOMESTIQUES;"Assistant / Assistante administration des ventes ; Assistant commercial / Assistante commerciale";Entreprise susceptible de recruter (candidature spontanée);;;Apprentissage, Professionnalisation;;;45339881000037;2;https://labonnealternance.apprentissage.beta.gouv.fr/emploi/recruteurs_lba/45339881000037/dragon-bleu
ENIRAM;NDRC;Rungis;94150;6 PLACE LOUIS XIII 94150 RUNGIS;Activités des voyagistes;Commercial / Commerciale export;Entreprise susceptible de recruter (candidature spontanée);;;Apprentissage, Professionnalisation;;;33232104100037;1;https://labonnealternance.apprentissage.beta.gouv.fr/emploi/recruteurs_lba/33232104100037/eniram
EURODELICES;MCO + NDRC;Rungis;94150;PLACE DE LA LOGISTIQUE 94150 RUNGIS;Autres intermédiaires du commerce en produits divers;"Vendeur / Vendeuse automobile ; Conseiller commercial / Conseillère commerciale auprès des particuliers ; Responsable Commercial / Commerciale ; Attaché commercial / Attachée commerciale";Entreprise susceptible de recruter (candidature spontanée);;;Apprentissage, Professionnalisation;;;44153537400058;4;https://labonnealternance.apprentissage.beta.gouv.fr/emploi/recruteurs_lba/44153537400058/eurodelices
EVS PROFESSIONNEL FRANCE;NDRC;Rungis;94150;80 RUE D'ARCUEIL 94150 RUNGIS;Commerce de gros (commerce interentreprises) d'appareils électroménagers;"Assistant commercial / Assistante commerciale ; Technico-commercial / Technico-commerciale";Entreprise susceptible de recruter (candidature spontanée);;;Apprentissage, Professionnalisation;;;48750297300109;2;https://labonnealternance.apprentissage.beta.gouv.fr/emploi/recruteurs_lba/48750297300109/evs-professionnel-france
FRANCE FOOD;NDRC;Rungis;94150;33 rue du Poitou 94150 RUNGIS;Commerce de gros (commerce interentreprises) de fruits et légumes;Commercial itinérant / Commerciale itinérante en entreprise de commerce de gros;Entreprise susceptible de recruter (candidature spontanée);;;Apprentissage, Professionnalisation;;;31613712400160;1;https://labonnealternance.apprentissage.beta.gouv.fr/emploi/recruteurs_lba/31613712400160/france-food
GIROPHARM LA COOPERATIVE;MCO;Rungis;94150;19 rue d Arcueil 94150 RUNGIS;Autres activités de soutien aux entreprises n.c.a.;Animateur / Animatrice des ventes;Entreprise susceptible de recruter (candidature spontanée);;;Apprentissage, Professionnalisation;;;38357465400075;1;https://labonnealternance.apprentissage.beta.gouv.fr/emploi/recruteurs_lba/38357465400075/giropharm-la-cooperative
GROUPE DYNAMIS;NDRC;Rungis;94150;94150 Rungis;Commerce de gros (commerce interentreprises) de fruits et légumes;Commercial itinérant / Commerciale itinérante en entreprise de commerce de gros;Entreprise susceptible de recruter (candidature spontanée);;;Apprentissage, Professionnalisation;;;42429866900096;1;https://labonnealternance.apprentissage.beta.gouv.fr/emploi/recruteurs_lba/42429866900096/groupe-dynamis
HALLES MANDAR;MCO;Rungis;94150;25 rue des Antilles 94150 RUNGIS;Commerce de détail de fruits et légumes en magasin spécialisé;"Vendeur / Vendeuse en épicerie ; Employé / Employée de rayon libre-service ; Hôte / Hôtesse de caisse ; Chef / Cheffe de rayon produits alimentaires ; Responsable de caisses";Entreprise susceptible de recruter (candidature spontanée);;;Apprentissage, Professionnalisation;;;31105112200126;5;https://labonnealternance.apprentissage.beta.gouv.fr/emploi/recruteurs_lba/31105112200126/halles-mandar
HALLS FRANCE;NDRC;Rungis;94150;94150 Rungis;Commerce de gros (commerce interentreprises) de fruits et légumes;Commercial itinérant / Commerciale itinérante en entreprise de commerce de gros;Entreprise susceptible de recruter (candidature spontanée);;;Apprentissage, Professionnalisation;;;89448196900026;1;https://labonnealternance.apprentissage.beta.gouv.fr/emploi/recruteurs_lba/89448196900026/halls-france
HAMILTON FRANCE;NDRC;Rungis;94150;54 rue d Arcueil 94150 RUNGIS;Commerce de gros (commerce interentreprises) de fournitures et équipements industriels divers;"Technico-commercial / Technico-commerciale ; Attaché commercial / Attachée commerciale";Entreprise susceptible de recruter (candidature spontanée);;;Apprentissage, Professionnalisation;;;42342908300052;2;https://labonnealternance.apprentissage.beta.gouv.fr/emploi/recruteurs_lba/42342908300052/hamilton-france
ICADE MANAGEMENT;NDRC;Rungis;94150;56 RUE D ARCUEIL 94150 RUNGIS;LOCATION DE TERRAINS ET D'AUTRES BIENS IMMOBILIERS;"Conseiller / Conseillère immobilier ; Conseiller commercial / Conseillère commerciale auprès des particuliers";Entreprise susceptible de recruter (candidature spontanée);;;Apprentissage, Professionnalisation;;;31860720700251;2;https://labonnealternance.apprentissage.beta.gouv.fr/emploi/recruteurs_lba/31860720700251/icade-management
ISOAR;NDRC;Rungis;94150;11 rue de Villeneuve 94150 RUNGIS;EDITION DE LOGICIELS APPLICATIFS;"Responsable Commercial / Commerciale ; Chargé / Chargée de relation client";Entreprise susceptible de recruter (candidature spontanée);;;Apprentissage, Professionnalisation;;;38861519700059;2;https://labonnealternance.apprentissage.beta.gouv.fr/emploi/recruteurs_lba/38861519700059/isoar
Jungheinrich;NDRC;Rungis;94150;PLACE-DES-PECHEURS 94150 RUNGIS;Commerce de gros (commerce interentreprises) de fournitures et équipements industriels divers;"Technico-commercial / Technico-commerciale ; Attaché commercial / Attachée commerciale";Entreprise susceptible de recruter (candidature spontanée);;;Apprentissage, Professionnalisation;;;62985730100465;2;https://labonnealternance.apprentissage.beta.gouv.fr/emploi/recruteurs_lba/62985730100465/jungheinrich
LA BARONNE;NDRC;Rungis;94150;quai de Boulogne 94150 RUNGIS;Commerce de gros (commerce interentreprises) de fruits et légumes;Commercial itinérant / Commerciale itinérante en entreprise de commerce de gros;Entreprise susceptible de recruter (candidature spontanée);;;Apprentissage, Professionnalisation;;;83075277000032;1;https://labonnealternance.apprentissage.beta.gouv.fr/emploi/recruteurs_lba/83075277000032/la-baronne
La Poste;NDRC;Rungis;94150;106 place de la Logistique 94150 RUNGIS;Activités de poste dans le cadre d'une obligation de service universel;Responsable relation client (CRM);Entreprise susceptible de recruter (candidature spontanée);;;Apprentissage, Professionnalisation;;;35600000067332;1;https://labonnealternance.apprentissage.beta.gouv.fr/emploi/recruteurs_lba/35600000067332/la-poste
LEOFRESH;NDRC;Rungis;94150;2 QUAI DE BOULOGNE 94150 RUNGIS;Commerce de gros (commerce interentreprises) de boissons;Commercial / Commerciale export;Entreprise susceptible de recruter (candidature spontanée);;;Apprentissage, Professionnalisation;;;48326689600024;1;https://labonnealternance.apprentissage.beta.gouv.fr/emploi/recruteurs_lba/48326689600024/leofresh
LES HALLES TROTTEMANT RUNGIS;NDRC;Rungis;94150;5 rue du Poitou 94150 RUNGIS;Commerce de gros (commerce interentreprises) de fruits et légumes;Commercial itinérant / Commerciale itinérante en entreprise de commerce de gros;Entreprise susceptible de recruter (candidature spontanée);;;Apprentissage, Professionnalisation;;;44140599000017;1;https://labonnealternance.apprentissage.beta.gouv.fr/emploi/recruteurs_lba/44140599000017/les-halles-trottemant-rungis
LES SAVEURS DE RUNGIS;MCO;Rungis;94150;3 AVENUE LUCIEN GRELINGER 94150 RUNGIS;Boulangerie et boulangerie-pâtisserie;Vendeur / Vendeuse en épicerie;Entreprise susceptible de recruter (candidature spontanée);;;Apprentissage, Professionnalisation;;;52518855300016;1;https://labonnealternance.apprentissage.beta.gouv.fr/emploi/recruteurs_lba/52518855300016/les-saveurs-de-rungis
LES VERGERS SAINT-EUSTACHE -RUNGIS;NDRC;Rungis;94150;1 rue de Provence 94150 RUNGIS;Commerce de gros (commerce interentreprises) de fruits et légumes;Commercial itinérant / Commerciale itinérante en entreprise de commerce de gros;Entreprise susceptible de recruter (candidature spontanée);;;Apprentissage, Professionnalisation;;;43252151600034;1;https://labonnealternance.apprentissage.beta.gouv.fr/emploi/recruteurs_lba/43252151600034/les-vergers-saint-eustache-rungis
MACEO DISTRIBUTION;NDRC;Rungis;94150;2 rue de Provence 94150 RUNGIS;Commerce de gros (commerce interentreprises) de fruits et légumes;Commercial itinérant / Commerciale itinérante en entreprise de commerce de gros;Entreprise susceptible de recruter (candidature spontanée);;;Apprentissage, Professionnalisation;;;35066817400054;1;https://labonnealternance.apprentissage.beta.gouv.fr/emploi/recruteurs_lba/35066817400054/maceo-distribution
MANDAR;MCO;Rungis;94150;25 RUE DES ANTILLES 94150 RUNGIS;Commerce de détail de fruits et légumes en magasin spécialisé;"Vendeur / Vendeuse en épicerie ; Employé / Employée de rayon libre-service ; Hôte / Hôtesse de caisse ; Chef / Cheffe de rayon produits alimentaires ; Responsable de caisses";Entreprise susceptible de recruter (candidature spontanée);;;Apprentissage, Professionnalisation;;;40096868100074;5;https://labonnealternance.apprentissage.beta.gouv.fr/emploi/recruteurs_lba/40096868100074/mandar
MANDAR HOS;MCO;Rungis;94150;25 rue des Antilles 94150 RUNGIS;Commerce de détail de fruits et légumes en magasin spécialisé;"Vendeur / Vendeuse en épicerie ; Employé / Employée de rayon libre-service ; Hôte / Hôtesse de caisse ; Chef / Cheffe de rayon produits alimentaires ; Responsable de caisses";Entreprise susceptible de recruter (candidature spontanée);;;Apprentissage, Professionnalisation;;;38905370300101;5;https://labonnealternance.apprentissage.beta.gouv.fr/emploi/recruteurs_lba/38905370300101/mandar-hos
MIDEA HVAC FRANCE;MCO + NDRC;Rungis;94150;45 rue de Villeneuve 94150 RUNGIS;Commerce de détail d'équipements automobiles;"Conseiller / Conseillère de vente en pièces de rechange et accessoires de véhicules ; Conseiller / Conseillère client après-vente des véhicules";Entreprise susceptible de recruter (candidature spontanée);;;Apprentissage, Professionnalisation;;;84279547800028;2;https://labonnealternance.apprentissage.beta.gouv.fr/emploi/recruteurs_lba/84279547800028/midea-hvac-france
NOVEXX SOLUTIONS;NDRC;Rungis;94150;18 RUE DE L ESTEREL 94150 RUNGIS;Commerce de gros (commerce interentreprises) de fournitures et équipements industriels divers;"Technico-commercial / Technico-commerciale ; Attaché commercial / Attachée commerciale";Entreprise susceptible de recruter (candidature spontanée);;;Apprentissage, Professionnalisation;;;81065288300028;2;https://labonnealternance.apprentissage.beta.gouv.fr/emploi/recruteurs_lba/81065288300028/novexx-solutions
OD RESSOURCES;NDRC;Rungis;94150;1 PLACE PAUL OMER DECUGIS 94150 RUNGIS;Commerce de gros (commerce interentreprises) de fruits et légumes;Commercial itinérant / Commerciale itinérante en entreprise de commerce de gros;Entreprise susceptible de recruter (candidature spontanée);;;Apprentissage, Professionnalisation;;;85156801400027;1;https://labonnealternance.apprentissage.beta.gouv.fr/emploi/recruteurs_lba/85156801400027/od-ressources
OLYMPUS FRANCE;NDRC;Rungis;94150;55 RUE DE MONTLHERY 94150 RUNGIS;Commerce de gros (commerce interentreprises) d'appareils électroménagers;"Assistant commercial / Assistante commerciale ; Technico-commercial / Technico-commerciale";Entreprise susceptible de recruter (candidature spontanée);;;Apprentissage, Professionnalisation;;;58202632400233;2;https://labonnealternance.apprentissage.beta.gouv.fr/emploi/recruteurs_lba/58202632400233/olympus-france
OMER - DECUGIS & CIE;NDRC;Rungis;94150;1 place Paul Omer Decugis 94150 RUNGIS;Activités des sociétés holding;Conseiller / Conseillère immobilier;Entreprise susceptible de recruter (candidature spontanée);;;Apprentissage, Professionnalisation;;;53961667200033;1;https://labonnealternance.apprentissage.beta.gouv.fr/emploi/recruteurs_lba/53961667200033/omer-decugis-cie
PARIS HERBES;NDRC;Rungis;94150;94150 Rungis;Commerce de gros (commerce interentreprises) de fruits et légumes;Commercial itinérant / Commerciale itinérante en entreprise de commerce de gros;Entreprise susceptible de recruter (candidature spontanée);;;Apprentissage, Professionnalisation;;;80904310200023;1;https://labonnealternance.apprentissage.beta.gouv.fr/emploi/recruteurs_lba/80904310200023/paris-herbes
PATISFRANCE - PURATOS;MCO;Rungis;94150;40 RUE DE MONTLHERY 94150 RUNGIS;Commerce de gros (commerce interentreprises) alimentaire spécialisé divers;"Chef / Cheffe de secteur magasin ; Chef / Cheffe de promotion des ventes";Entreprise susceptible de recruter (candidature spontanée);;;Apprentissage, Professionnalisation;;;55200423600261;2;https://labonnealternance.apprentissage.beta.gouv.fr/emploi/recruteurs_lba/55200423600261/patisfrance-puratos
PIERRE HERME FRANCE;MCO;Rungis;94150;16 RUE DU JURA 94150 RUNGIS;Pâtisserie;Vendeur / Vendeuse en épicerie;Entreprise susceptible de recruter (candidature spontanée);;;Apprentissage, Professionnalisation;;;43485195200235;1;https://labonnealternance.apprentissage.beta.gouv.fr/emploi/recruteurs_lba/43485195200235/pierre-herme-france
PRIM'FRUITS;NDRC;Rungis;94150;55 rue des Antilles 94150 RUNGIS;Commerce de gros (commerce interentreprises) de fruits et légumes;Commercial itinérant / Commerciale itinérante en entreprise de commerce de gros;Entreprise susceptible de recruter (candidature spontanée);;;Apprentissage, Professionnalisation;;;43955518600030;1;https://labonnealternance.apprentissage.beta.gouv.fr/emploi/recruteurs_lba/43955518600030/prim-fruits
PRIMEUR MONDIAL;NDRC;Rungis;94150;45 rue de Villeneuve 94150 RUNGIS;Commerce de gros (commerce interentreprises) de fruits et légumes;Commercial itinérant / Commerciale itinérante en entreprise de commerce de gros;Entreprise susceptible de recruter (candidature spontanée);;;Apprentissage, Professionnalisation;;;89270287900016;1;https://labonnealternance.apprentissage.beta.gouv.fr/emploi/recruteurs_lba/89270287900016/primeur-mondial
PRO A PRO;NDRC;Rungis;94150;PLACE DE LA LOGISTIQUE 94150 RUNGIS;Commerce de gros (commerce interentreprises) non spécialisé;"Technico-commercial / Technico-commerciale ; Assistant commercial / Assistante commerciale ; Conseiller / Conseillère en gestion de patrimoine";Entreprise susceptible de recruter (candidature spontanée);;;Apprentissage, Professionnalisation;;;38500623400426;3;https://labonnealternance.apprentissage.beta.gouv.fr/emploi/recruteurs_lba/38500623400426/pro-a-pro
RICOH FRANCE;MCO + NDRC;Rungis;94150;7 avenue Robert Schuman 94150 RUNGIS;Commerce de gros (commerce interentreprises) d'autres machines et équipements de bureau;"Directeur / Directrice des ventes ; Attaché commercial / Attachée commerciale";Entreprise susceptible de recruter (candidature spontanée);;;Apprentissage, Professionnalisation;;;33762184100903;2;https://labonnealternance.apprentissage.beta.gouv.fr/emploi/recruteurs_lba/33762184100903/ricoh-france
SG-RUNGIS (04177);NDRC;Rungis;94150;4 ALLEE DE L'ASTROLABE 94150 RUNGIS;Autres intermédiations monétaires;"Conseiller / Conseillère de clientèle bancaire ; Chargé / Chargée d'accueil en banque ; Conseiller / Conseillère en gestion de patrimoine";Entreprise susceptible de recruter (candidature spontanée);;;Apprentissage, Professionnalisation;;;55212022238591;3;https://labonnealternance.apprentissage.beta.gouv.fr/emploi/recruteurs_lba/55212022238591/sg-rungis-04177
SIIM - SOCIETE INTERNATIONALE D'IMPORTATION;NDRC;Rungis;94150;1 place Paul Omer Decugis 94150 RUNGIS;Commerce de gros (commerce interentreprises) de fruits et légumes;Commercial itinérant / Commerciale itinérante en entreprise de commerce de gros;Entreprise susceptible de recruter (candidature spontanée);;;Apprentissage, Professionnalisation;;;31346819100082;1;https://labonnealternance.apprentissage.beta.gouv.fr/emploi/recruteurs_lba/31346819100082/siim-societe-internationale-d-importation
SOFIMAS;NDRC;Rungis;94150;54 AVENUE DE NORMANDIE 94150 RUNGIS;Activités des sociétés holding;Conseiller / Conseillère immobilier;Entreprise susceptible de recruter (candidature spontanée);;;Apprentissage, Professionnalisation;;;33777940900016;1;https://labonnealternance.apprentissage.beta.gouv.fr/emploi/recruteurs_lba/33777940900016/sofimas
SOGARIS;NDRC;Rungis;94150;place de la Logistique 94150 RUNGIS;LOCATION DE TERRAINS ET D'AUTRES BIENS IMMOBILIERS;"Conseiller / Conseillère immobilier ; Conseiller commercial / Conseillère commerciale auprès des particuliers";Entreprise susceptible de recruter (candidature spontanée);;;Apprentissage, Professionnalisation;;;60204611200010;2;https://labonnealternance.apprentissage.beta.gouv.fr/emploi/recruteurs_lba/60204611200010/sogaris
STELIAU INTERNATIONAL;NDRC;Rungis;94150;6 rue des Gemeaux 94150 RUNGIS;Commerce de gros (commerce interentreprises) de composants et d'équipements électroniques et de télécommunication;"Technico-commercial / Technico-commerciale ; Assistant commercial / Assistante commerciale";Entreprise susceptible de recruter (candidature spontanée);;;Apprentissage, Professionnalisation;;;85354180300039;2;https://labonnealternance.apprentissage.beta.gouv.fr/emploi/recruteurs_lba/85354180300039/steliau-international
SYLPA HOLDING;NDRC;Rungis;94150;15 rue du Jura 94150 RUNGIS;Activités des sociétés holding;Conseiller / Conseillère immobilier;Entreprise susceptible de recruter (candidature spontanée);;;Apprentissage, Professionnalisation;;;87888462600010;1;https://labonnealternance.apprentissage.beta.gouv.fr/emploi/recruteurs_lba/87888462600010/sylpa-holding
TIDF;NDRC;Rungis;94150;26 rue Saarinen 94150 RUNGIS;Réparation d'ordinateurs et d'équipements périphériques;Responsable Commercial / Commerciale;Entreprise susceptible de recruter (candidature spontanée);;;Apprentissage, Professionnalisation;;;31037088700153;1;https://labonnealternance.apprentissage.beta.gouv.fr/emploi/recruteurs_lba/31037088700153/tidf
TROPIC ISLAND;NDRC;Rungis;94150;13 avenue de Normandie 94150 RUNGIS;Commerce de gros (commerce interentreprises) de fruits et légumes;Commercial itinérant / Commerciale itinérante en entreprise de commerce de gros;Entreprise susceptible de recruter (candidature spontanée);;;Apprentissage, Professionnalisation;;;47757756300026;1;https://labonnealternance.apprentissage.beta.gouv.fr/emploi/recruteurs_lba/47757756300026/tropic-island
TROX FRANCE SARL;NDRC;Rungis;94150;2 PLACE MARCEL THIROUIN 94150 RUNGIS;Commerce de gros (commerce interentreprises) de fournitures et équipements industriels divers;"Technico-commercial / Technico-commerciale ; Attaché commercial / Attachée commerciale";Entreprise susceptible de recruter (candidature spontanée);;;Apprentissage, Professionnalisation;;;64200239800120;2;https://labonnealternance.apprentissage.beta.gouv.fr/emploi/recruteurs_lba/64200239800120/trox-france-sarl
Vendeur / Vendeuse en prêt-à-porter (H/F);MCO;Rungis;94150;94150 Rungis;;"Vendeur / Vendeuse en prêt-à-porter ; Vendeur / Vendeuse en prêt-à-porter (H/F)";Offre partenaire (France Travail…);Vendeur / Vendeuse en prêt-à-porter (H/F);;Apprentissage;2026-09-17;;;2;https://labonnealternance.apprentissage.beta.gouv.fr/emploi/offres_emploi_partenaires/6aac67b40dece6ea6e4195b7/vendeur-vendeuse-en-pret-a-porter-h-f
Vendeur / Vendeuse en prêt-à-porter (H/F);MCO;Rungis;94150;94150 Rungis;;"Vendeur / Vendeuse en prêt-à-porter ; Vendeur / Vendeuse en prêt-à-porter (H/F)";Offre partenaire (France Travail…);Vendeur / Vendeuse en prêt-à-porter (H/F);;Apprentissage;2026-09-17;;;2;https://labonnealternance.apprentissage.beta.gouv.fr/emploi/offres_emploi_partenaires/6aac67b40dece6ea6e4195bb/vendeur-vendeuse-en-pret-a-porter-h-f
VERTIV FRANCE;NDRC;Rungis;94150;3 rue le Corbusier 94150 RUNGIS;Commerce de gros (commerce interentreprises) de fournitures et équipements industriels divers;"Technico-commercial / Technico-commerciale ; Attaché commercial / Attachée commerciale";Entreprise susceptible de recruter (candidature spontanée);;;Apprentissage, Professionnalisation;;;31946812000161;2;https://labonnealternance.apprentissage.beta.gouv.fr/emploi/recruteurs_lba/31946812000161/vertiv-france
VESTEL FRANCE;NDRC;Rungis;94150;17 rue de la Couture 94150 RUNGIS;Commerce de gros (commerce interentreprises) d'appareils électroménagers;"Assistant commercial / Assistante commerciale ; Technico-commercial / Technico-commerciale";Entreprise susceptible de recruter (candidature spontanée);;;Apprentissage, Professionnalisation;;;40924042100027;2;https://labonnealternance.apprentissage.beta.gouv.fr/emploi/recruteurs_lba/40924042100027/vestel-france
WESTFALIA FRUIT FRANCE;NDRC;Rungis;94150;94150 Rungis;Commerce de gros (commerce interentreprises) de fruits et légumes;Commercial itinérant / Commerciale itinérante en entreprise de commerce de gros;Entreprise susceptible de recruter (candidature spontanée);;;Apprentissage, Professionnalisation;;;33469181300052;1;https://labonnealternance.apprentissage.beta.gouv.fr/emploi/recruteurs_lba/33469181300052/westfalia-fruit-france
1492 STUDIO;NDRC;Saint-Mandé;94160;2 avenue Pasteur 94160 SAINT-MANDE;Édition de jeux électroniques;Responsable Commercial / Commerciale;Entreprise susceptible de recruter (candidature spontanée);;;Apprentissage, Professionnalisation;;;79194043000055;1;https://labonnealternance.apprentissage.beta.gouv.fr/emploi/recruteurs_lba/79194043000055/1492-studio
AGENCE SAINT MANDE TOURELLE;NDRC;Saint-Mandé;94160;2 rue du Talus du cours 94160 SAINT-MANDE;Autres intermédiations monétaires;"Conseiller / Conseillère de clientèle bancaire ; Chargé / Chargée d'accueil en banque ; Conseiller / Conseillère en gestion de patrimoine";Entreprise susceptible de recruter (candidature spontanée);;;Apprentissage, Professionnalisation;;;66204244919030;3;https://labonnealternance.apprentissage.beta.gouv.fr/emploi/recruteurs_lba/66204244919030/agence-saint-mande-tourelle
Alternance Business Developer . - Saint-Mandé (F/H);NDRC;Saint-Mandé;94160;94160 Saint-Mandé;;"Responsable Commercial / Commerciale ; Alternance Business Developer . - Saint-Mandé (F/H)";Offre partenaire (France Travail…);Alternance Business Developer . - Saint-Mandé (F/H);;Professionnalisation;2026-09-09;;;2;https://labonnealternance.apprentissage.beta.gouv.fr/emploi/offres_emploi_partenaires/6aa1dbead4cd2f3dc00fe9a5/alternance-business-developer-saint-mande-f-h
BNC DIFFUSION;MCO;Saint-Mandé;94160;15 avenue du General De Gaulle 94160 SAINT-MANDE;Commerce de détail d'habillement en magasin spécialisé;"Vendeur / Vendeuse en prêt-à-porter ; Responsable de boutique ; Hôte / Hôtesse de caisse ; Directeur / Directrice de magasin de grande distribution";Entreprise susceptible de recruter (candidature spontanée);;;Apprentissage, Professionnalisation;;;87862459200035;4;https://labonnealternance.apprentissage.beta.gouv.fr/emploi/recruteurs_lba/87862459200035/bnc-diffusion
BNP Paribas;NDRC;Saint-Mandé;94160;1 rue Allard 94160 SAINT-MANDE;Autres intermédiations monétaires;"Conseiller / Conseillère de clientèle bancaire ; Chargé / Chargée d'accueil en banque ; Conseiller / Conseillère en gestion de patrimoine ; Chargé / Chargée d'affaires bancaires entreprise";Entreprise susceptible de recruter (candidature spontanée);;;Apprentissage, Professionnalisation;;;66204244919055;4;https://labonnealternance.apprentissage.beta.gouv.fr/emploi/recruteurs_lba/66204244919055/bnp-paribas
BRED Banque Populaire;NDRC;Saint-Mandé;94160;178 AVENUE GALLIENI 94160 SAINT-MANDE;Autres intermédiations monétaires;"Conseiller / Conseillère de clientèle bancaire ; Chargé / Chargée d'accueil en banque ; Conseiller / Conseillère en gestion de patrimoine";Entreprise susceptible de recruter (candidature spontanée);;;Apprentissage, Professionnalisation;;;55209179500054;3;https://labonnealternance.apprentissage.beta.gouv.fr/emploi/recruteurs_lba/55209179500054/bred-banque-populaire
CARREFOUR CITY;MCO;Saint-Mandé;94160;101 AVENUE DE PARIS 94160 SAINT-MANDE;Supermarchés;"Employé / Employée de rayon libre-service ; Directeur / Directrice de magasin de grande distribution ; Hôte / Hôtesse de caisse ; Responsable de caisses ; Chef / Cheffe de rayon produits alimentaires";Entreprise susceptible de recruter (candidature spontanée);;;Apprentissage, Professionnalisation;;;79179563600020;5;https://labonnealternance.apprentissage.beta.gouv.fr/emploi/recruteurs_lba/79179563600020/carrefour-city
CG PAILLIETTE;MCO;Saint-Mandé;94160;121 AVENUE DE PARIS 94160 SAINT-MANDE;Boulangerie et boulangerie-pâtisserie;Vendeur / Vendeuse en épicerie;Entreprise susceptible de recruter (candidature spontanée);;;Apprentissage, Professionnalisation;;;84846989600015;1;https://labonnealternance.apprentissage.beta.gouv.fr/emploi/recruteurs_lba/84846989600015/cg-pailliette
CHRISTIAN COLLIN FLEURS;MCO;Saint-Mandé;94160;23 AVENUE DU GENERAL DE GAULLE 94160 SAINT-MANDE;Commerce de détail de fleurs, plantes, graines, engrais, animaux de compagnie et aliments pour ces animaux en magasin spécialisé;"Responsable de boutique ; Vendeur / Vendeuse conseil en jardinerie ; Vendeur / Vendeuse en animalerie ; Hôte / Hôtesse de caisse ; Chef / Cheffe de rayon de produits non alimentaires";Entreprise susceptible de recruter (candidature spontanée);;;Apprentissage, Professionnalisation;;;40906659400030;5;https://labonnealternance.apprentissage.beta.gouv.fr/emploi/recruteurs_lba/40906659400030/christian-collin-fleurs
FIDUCAR;MCO + NDRC;Saint-Mandé;94160;1 rue Renault 94160 SAINT-MANDE;Commerce de voitures et de véhicules automobiles légers;"Vendeur / Vendeuse automobile ; Conseiller / Conseillère client après-vente des véhicules";Entreprise susceptible de recruter (candidature spontanée);;;Apprentissage, Professionnalisation;;;89515082900011;2;https://labonnealternance.apprentissage.beta.gouv.fr/emploi/recruteurs_lba/89515082900011/fiducar
GOLOSITA;MCO;Saint-Mandé;94160;3 avenue du General De Gaulle 94160 SAINT-MANDE;Boulangerie et boulangerie-pâtisserie;Vendeur / Vendeuse en épicerie;Entreprise susceptible de recruter (candidature spontanée);;;Apprentissage, Professionnalisation;;;53388904400012;1;https://labonnealternance.apprentissage.beta.gouv.fr/emploi/recruteurs_lba/53388904400012/golosita
HAPPYPAL;NDRC;Saint-Mandé;94160;14 AVENUE DU GENERAL DE GAULLE 94160 SAINT-MANDE;PROGRAMMATION INFORMATIQUE;Commercial / Commerciale export;Entreprise susceptible de recruter (candidature spontanée);;;Apprentissage, Professionnalisation;;;87846372800021;1;https://labonnealternance.apprentissage.beta.gouv.fr/emploi/recruteurs_lba/87846372800021/happypal
INFLUENTIA;MCO + NDRC;Saint-Mandé;94160;5 avenue du General De Gaulle 94160 SAINT-MANDE;CONSEIL EN RELATIONS PUBLIQUES ET COMMUNICATION;"Animateur / Animatrice des ventes ; Commercial / Commerciale auprès d'une clientèle d'entreprises";Entreprise susceptible de recruter (candidature spontanée);;;Apprentissage, Professionnalisation;;;84875159000029;2;https://labonnealternance.apprentissage.beta.gouv.fr/emploi/recruteurs_lba/84875159000029/influentia
INVESTIR DANS L'ANCIEN;NDRC;Saint-Mandé;94160;8 square Nungesser 94160 SAINT-MANDE;Agences immobilières;Conseiller / Conseillère immobilier;Entreprise susceptible de recruter (candidature spontanée);;;Apprentissage, Professionnalisation;;;84530670300024;1;https://labonnealternance.apprentissage.beta.gouv.fr/emploi/recruteurs_lba/84530670300024/investir-dans-l-ancien
LE TROUVILLE SAINT MANDE;NDRC;Saint-Mandé;94160;1 place Charles Digeon 94160 SAINT-MANDE;LOCATION DE TERRAINS ET D'AUTRES BIENS IMMOBILIERS;"Conseiller / Conseillère immobilier ; Conseiller commercial / Conseillère commerciale auprès des particuliers";Entreprise susceptible de recruter (candidature spontanée);;;Apprentissage, Professionnalisation;;;81390290500021;2;https://labonnealternance.apprentissage.beta.gouv.fr/emploi/recruteurs_lba/81390290500021/le-trouville-saint-mande
MAGALI SAINT-MANDE;MCO + NDRC;Saint-Mandé;94160;117 avenue de Paris 94160 SAINT-MANDE;Commerce de détail de pain, pâtisserie et confiserie en magasin spécialisé;"Vendeur / Vendeuse en épicerie ; Conseiller / Conseillère clientèle à distance";Entreprise susceptible de recruter (candidature spontanée);;;Apprentissage, Professionnalisation;;;90082233900017;2;https://labonnealternance.apprentissage.beta.gouv.fr/emploi/recruteurs_lba/90082233900017/magali-saint-mande
Monoprix;MCO;Saint-Mandé;94160;5 AVENUE DU GENERAL DE GAULLE 94160 SAINT-MANDE;Supermarchés;"Employé / Employée de rayon libre-service ; Directeur / Directrice de magasin de grande distribution ; Hôte / Hôtesse de caisse ; Responsable de caisses ; Chef / Cheffe de rayon produits alimentaires";Entreprise susceptible de recruter (candidature spontanée);;;Apprentissage, Professionnalisation;;;55208329701075;5;https://labonnealternance.apprentissage.beta.gouv.fr/emploi/recruteurs_lba/55208329701075/monoprix
MOOJITO SAS;NDRC;Saint-Mandé;94160;14 avenue du General De Gaulle 94160 SAINT-MANDE;EDITION DE LOGICIELS APPLICATIFS;Cadre Technico-commercial / Technico-commerciale;Entreprise susceptible de recruter (candidature spontanée);;;Apprentissage, Professionnalisation;;;84059244800038;1;https://labonnealternance.apprentissage.beta.gouv.fr/emploi/recruteurs_lba/84059244800038/moojito-sas
MORISS IMMOBILIER;NDRC;Saint-Mandé;94160;2 PLACE DU GENERAL LECLERC 94160 SAINT-MANDE;Agences immobilières;Conseiller / Conseillère immobilier;Entreprise susceptible de recruter (candidature spontanée);;;Apprentissage, Professionnalisation;;;53850401000017;1;https://labonnealternance.apprentissage.beta.gouv.fr/emploi/recruteurs_lba/53850401000017/moriss-immobilier
ODESSA IMMOBILIER;NDRC;Saint-Mandé;94160;93 avenue du General De Gaulle 94160 SAINT-MANDE;Agences immobilières;Conseiller / Conseillère immobilier;Entreprise susceptible de recruter (candidature spontanée);;;Apprentissage, Professionnalisation;;;87819437200032;1;https://labonnealternance.apprentissage.beta.gouv.fr/emploi/recruteurs_lba/87819437200032/odessa-immobilier
ORUS;NDRC;Saint-Mandé;94160;14 avenue du General De Gaulle 94160 SAINT-MANDE;PROGRAMMATION INFORMATIQUE;Commercial / Commerciale export;Entreprise susceptible de recruter (candidature spontanée);;;Apprentissage, Professionnalisation;;;89979363200048;1;https://labonnealternance.apprentissage.beta.gouv.fr/emploi/recruteurs_lba/89979363200048/orus
QANTEV;NDRC;Saint-Mandé;94160;14 avenue du General De Gaulle 94160 SAINT-MANDE;PROGRAMMATION INFORMATIQUE;Commercial / Commerciale export;Entreprise susceptible de recruter (candidature spontanée);;;Apprentissage, Professionnalisation;;;84775278900069;1;https://labonnealternance.apprentissage.beta.gouv.fr/emploi/recruteurs_lba/84775278900069/qantev
SARL DIGIPLACE FRANCE;NDRC;Saint-Mandé;94160;35 AVENUE JOFFRE 94160 SAINT-MANDE;PROGRAMMATION INFORMATIQUE;Commercial / Commerciale export;Entreprise susceptible de recruter (candidature spontanée);;;Apprentissage, Professionnalisation;;;43880906300029;1;https://labonnealternance.apprentissage.beta.gouv.fr/emploi/recruteurs_lba/43880906300029/sarl-digiplace-france
SAS LA FLORANGERIE;MCO;Saint-Mandé;94160;1 AVENUE DU GENERAL DE GAULLE 94160 SAINT-MANDE;Commerce de détail de fleurs, plantes, graines, engrais, animaux de compagnie et aliments pour ces animaux en magasin spécialisé;"Responsable de boutique ; Vendeur / Vendeuse conseil en jardinerie ; Vendeur / Vendeuse en animalerie ; Hôte / Hôtesse de caisse ; Chef / Cheffe de rayon de produits non alimentaires";Entreprise susceptible de recruter (candidature spontanée);;;Apprentissage, Professionnalisation;;;38971897400014;5;https://labonnealternance.apprentissage.beta.gouv.fr/emploi/recruteurs_lba/38971897400014/sas-la-florangerie
UBISOFT EMEA;NDRC;Saint-Mandé;94160;2 AVENUE PASTEUR 94160 SAINT-MANDE;Édition de jeux électroniques;Responsable Commercial / Commerciale;Entreprise susceptible de recruter (candidature spontanée);;;Apprentissage, Professionnalisation;;;43257362400025;1;https://labonnealternance.apprentissage.beta.gouv.fr/emploi/recruteurs_lba/43257362400025/ubisoft-emea
ZEITNAT;NDRC;Saint-Mandé;94160;63 AVENUE DU GENERAL DE GAULLE 94160 SAINT-MANDE;PROGRAMMATION INFORMATIQUE;Commercial / Commerciale export;Entreprise susceptible de recruter (candidature spontanée);;;Apprentissage, Professionnalisation;;;85094150100015;1;https://labonnealternance.apprentissage.beta.gouv.fr/emploi/recruteurs_lba/85094150100015/zeitnat
A.J.P AUTOMOBILES JACQUES PIRON;MCO + NDRC;Saint-Maur-Des-Fossés;94100;39 RUE DE LA VARENNE 94100 SAINT-MAUR-DES-FOSSES;Commerce de voitures et de véhicules automobiles légers;"Vendeur / Vendeuse automobile ; Conseiller / Conseillère client après-vente des véhicules";Entreprise susceptible de recruter (candidature spontanée);;;Apprentissage, Professionnalisation;;;38458034600052;2;https://labonnealternance.apprentissage.beta.gouv.fr/emploi/recruteurs_lba/38458034600052/a-j-p-automobiles-jacques-piron
ADDEXPERT;MCO;Saint-Maur-Des-Fossés;94100;28 AVENUE DE MARINVILLE 94100 SAINT-MAUR-DES-FOSSES;Autres activités de soutien aux entreprises n.c.a.;Animateur / Animatrice des ventes;Entreprise susceptible de recruter (candidature spontanée);;;Apprentissage, Professionnalisation;;;79188399400083;1;https://labonnealternance.apprentissage.beta.gouv.fr/emploi/recruteurs_lba/79188399400083/addexpert
ADDEXPERT RH;MCO;Saint-Maur-Des-Fossés;94100;28 avenue de Marinville 94100 SAINT-MAUR-DES-FOSSES;Autres activités de soutien aux entreprises n.c.a.;Animateur / Animatrice des ventes;Entreprise susceptible de recruter (candidature spontanée);;;Apprentissage, Professionnalisation;;;85098180400022;1;https://labonnealternance.apprentissage.beta.gouv.fr/emploi/recruteurs_lba/85098180400022/addexpert-rh
AGENCE RASLE  LES QUATRE CHEMINS;NDRC;Saint-Maur-Des-Fossés;94210;2 B avenue du Bac 94210 SAINT-MAUR-DES-FOSSES;Agences immobilières;Conseiller / Conseillère immobilier;Entreprise susceptible de recruter (candidature spontanée);;;Apprentissage, Professionnalisation;;;35063592600016;1;https://labonnealternance.apprentissage.beta.gouv.fr/emploi/recruteurs_lba/35063592600016/agence-rasle-les-quatre-chemins
AIE PHONE;MCO;Saint-Maur-Des-Fossés;94210;51 AVENUE DU BAC 94210 SAINT-MAUR-DES-FOSSES;Réparation d'équipements de communication;Vendeur / Vendeuse en équipement de la maison;Entreprise susceptible de recruter (candidature spontanée);;;Apprentissage, Professionnalisation;;;85261419700014;1;https://labonnealternance.apprentissage.beta.gouv.fr/emploi/recruteurs_lba/85261419700014/aie-phone
ALLIANTIC;NDRC;Saint-Maur-Des-Fossés;94100;30 rue de la Varenne 94100 SAINT-MAUR-DES-FOSSES;EDITION DE LOGICIELS APPLICATIFS;"Responsable Commercial / Commerciale ; Chargé / Chargée de relation client";Entreprise susceptible de recruter (candidature spontanée);;;Apprentissage, Professionnalisation;;;44434267900032;2;https://labonnealternance.apprentissage.beta.gouv.fr/emploi/recruteurs_lba/44434267900032/alliantic
Alternance Employé commercial - Saint-Maur-des-Fossés (F/H);NDRC;Saint-Maur-Des-Fossés;94100;94100 Saint-Maur-des-Fossés;;Alternance Employé commercial - Saint-Maur-des-Fossés (F/H);Offre partenaire (France Travail…);Alternance Employé commercial - Saint-Maur-des-Fossés (F/H);;Professionnalisation;2026-08-14;;;1;https://labonnealternance.apprentissage.beta.gouv.fr/emploi/offres_emploi_partenaires/6a7f95fb9e6c7d0c91e13875/alternance-employe-commercial-saint-maur-des-fosses-f-h
AMEDEO PORRO;MCO + NDRC;Saint-Maur-Des-Fossés;94100;7 rue de la Procession 94100 SAINT-MAUR-DES-FOSSES;Vente à distance sur catalogue spécialisé;"Conseiller vendeur / Conseillère vendeuse à domicile ; Vendeur / Vendeuse en prêt-à-porter ; Responsable de boutique ; Délégué médical hospitalier / Déléguée médicale hospitalière ; Chargé / Chargée de relation client";Entreprise susceptible de recruter (candidature spontanée);;;Apprentissage, Professionnalisation;;;93816008200013;5;https://labonnealternance.apprentissage.beta.gouv.fr/emploi/recruteurs_lba/93816008200013/amedeo-porro
ANI'MARCHES;MCO;Saint-Maur-Des-Fossés;94100;127 boulevard du General Giraud 94100 SAINT-MAUR-DES-FOSSES;Autres activités de soutien aux entreprises n.c.a.;Animateur / Animatrice des ventes;Entreprise susceptible de recruter (candidature spontanée);;;Apprentissage, Professionnalisation;;;82334631700022;1;https://labonnealternance.apprentissage.beta.gouv.fr/emploi/recruteurs_lba/82334631700022/ani-marches
ARVES;MCO;Saint-Maur-Des-Fossés;94100;65 avenue Jean Jaures 94100 SAINT-MAUR-DES-FOSSES;Boulangerie et boulangerie-pâtisserie;Vendeur / Vendeuse en épicerie;Entreprise susceptible de recruter (candidature spontanée);;;Apprentissage, Professionnalisation;;;98328736800010;1;https://labonnealternance.apprentissage.beta.gouv.fr/emploi/recruteurs_lba/98328736800010/arves
ATELIER HELBECQUE;NDRC;Saint-Maur-Des-Fossés;94100;108 avenue Beaurepaire 94100 SAINT-MAUR-DES-FOSSES;Réparation de meubles et d'équipements du foyer;Chargé / Chargée de relation client;Entreprise susceptible de recruter (candidature spontanée);;;Apprentissage, Professionnalisation;;;51010358300017;1;https://labonnealternance.apprentissage.beta.gouv.fr/emploi/recruteurs_lba/51010358300017/atelier-helbecque
AU JARDIN D'ORCHIDEES;MCO;Saint-Maur-Des-Fossés;94210;91 avenue du Bac 94210 SAINT-MAUR-DES-FOSSES;Commerce de détail de fleurs, plantes, graines, engrais, animaux de compagnie et aliments pour ces animaux en magasin spécialisé;"Responsable de boutique ; Vendeur / Vendeuse conseil en jardinerie ; Vendeur / Vendeuse en animalerie ; Hôte / Hôtesse de caisse ; Chef / Cheffe de rayon de produits non alimentaires";Entreprise susceptible de recruter (candidature spontanée);;;Apprentissage, Professionnalisation;;;52336914800011;5;https://labonnealternance.apprentissage.beta.gouv.fr/emploi/recruteurs_lba/52336914800011/au-jardin-d-orchidees
AU PETIT FOURNIL;MCO;Saint-Maur-Des-Fossés;94100;71 AVENUE DE LA REPUBLIQUE 94100 SAINT-MAUR-DES-FOSSES;Boulangerie et boulangerie-pâtisserie;Vendeur / Vendeuse en épicerie;Entreprise susceptible de recruter (candidature spontanée);;;Apprentissage, Professionnalisation;;;85363807000013;1;https://labonnealternance.apprentissage.beta.gouv.fr/emploi/recruteurs_lba/85363807000013/au-petit-fournil
AUCHAN SUPERMARCHE;MCO;Saint-Maur-Des-Fossés;94100;194 BOULEVARD DE CRETEIL 94100 SAINT-MAUR-DES-FOSSES;Supermarchés;"Employé / Employée de rayon libre-service ; Directeur / Directrice de magasin de grande distribution ; Hôte / Hôtesse de caisse ; Responsable de caisses ; Chef / Cheffe de rayon produits alimentaires";Entreprise susceptible de recruter (candidature spontanée);;;Apprentissage, Professionnalisation;;;41040901500055;5;https://labonnealternance.apprentissage.beta.gouv.fr/emploi/recruteurs_lba/41040901500055/auchan-supermarche
AUX DELICES VIENNOIS;MCO;Saint-Maur-Des-Fossés;94100;1T rue des Remises 94100 SAINT-MAUR-DES-FOSSES;Boulangerie et boulangerie-pâtisserie;Vendeur / Vendeuse en épicerie;Entreprise susceptible de recruter (candidature spontanée);;;Apprentissage, Professionnalisation;;;75357039900018;1;https://labonnealternance.apprentissage.beta.gouv.fr/emploi/recruteurs_lba/75357039900018/aux-delices-viennois
AVELY;MCO;Saint-Maur-Des-Fossés;94100;97 boulevard de Creteil 94100 SAINT-MAUR-DES-FOSSES;Boulangerie et boulangerie-pâtisserie;Vendeur / Vendeuse en épicerie;Entreprise susceptible de recruter (candidature spontanée);;;Apprentissage, Professionnalisation;;;91387453300015;1;https://labonnealternance.apprentissage.beta.gouv.fr/emploi/recruteurs_lba/91387453300015/avely
AXITEST;MCO + NDRC;Saint-Maur-Des-Fossés;94100;16 rue des 3 Yvonnes 94100 SAINT-MAUR-DES-FOSSES;Commerce de gros (commerce interentreprises) de matériel électrique;"Vendeur / Vendeuse grossiste en équipement du foyer ; Technico-commercial / Technico-commerciale";Entreprise susceptible de recruter (candidature spontanée);;;Apprentissage, Professionnalisation;;;42134225400024;2;https://labonnealternance.apprentissage.beta.gouv.fr/emploi/recruteurs_lba/42134225400024/axitest
BEMA VITESSE;NDRC;Saint-Maur-Des-Fossés;94100;82 avenue Carnot 94100 SAINT-MAUR-DES-FOSSES;Commerce d'autres véhicules automobiles;Conseiller / Conseillère client après-vente des véhicules;Entreprise susceptible de recruter (candidature spontanée);;;Apprentissage, Professionnalisation;;;89218339300040;1;https://labonnealternance.apprentissage.beta.gouv.fr/emploi/recruteurs_lba/89218339300040/bema-vitesse
BEREC IMMOBILIER;NDRC;Saint-Maur-Des-Fossés;94100;32 rue du Four 94100 SAINT-MAUR-DES-FOSSES;Agences immobilières;Conseiller / Conseillère immobilier;Entreprise susceptible de recruter (candidature spontanée);;;Apprentissage, Professionnalisation;;;35340344700058;1;https://labonnealternance.apprentissage.beta.gouv.fr/emploi/recruteurs_lba/35340344700058/berec-immobilier
BIOCOOP DE LA VARENN;MCO;Saint-Maur-Des-Fossés;94210;26B AVENUE DU BAC 94210 SAINT-MAUR-DES-FOSSES;Commerce d'alimentation générale;"Employé / Employée de rayon libre-service ; Vendeur / Vendeuse en épicerie ; Hôte / Hôtesse de caisse ; Chef / Cheffe de rayon produits alimentaires ; Directeur / Directrice de magasin de grande distribution ; Gérant / Gérante de magasin d'alimentation générale";Entreprise susceptible de recruter (candidature spontanée);;;Apprentissage, Professionnalisation;;;83855619900019;6;https://labonnealternance.apprentissage.beta.gouv.fr/emploi/recruteurs_lba/83855619900019/biocoop-de-la-varenn
BNP Paribas;NDRC;Saint-Maur-Des-Fossés;94210;32B avenue du Bac 94210 SAINT-MAUR-DES-FOSSES;Autres intermédiations monétaires;"Conseiller / Conseillère de clientèle bancaire ; Chargé / Chargée d'accueil en banque ; Conseiller / Conseillère en gestion de patrimoine";Entreprise susceptible de recruter (candidature spontanée);;;Apprentissage, Professionnalisation;;;66204244910815;3;https://labonnealternance.apprentissage.beta.gouv.fr/emploi/recruteurs_lba/66204244910815/bnp-paribas
BNP Paribas;NDRC;Saint-Maur-Des-Fossés;94210;15 avenue Chanzy 94210 SAINT-MAUR-DES-FOSSES;Autres intermédiations monétaires;"Conseiller / Conseillère de clientèle bancaire ; Chargé / Chargée d'accueil en banque ; Conseiller / Conseillère en gestion de patrimoine";Entreprise susceptible de recruter (candidature spontanée);;;Apprentissage, Professionnalisation;;;66204244933072;3;https://labonnealternance.apprentissage.beta.gouv.fr/emploi/recruteurs_lba/66204244933072/bnp-paribas
BNP Paribas;NDRC;Saint-Maur-Des-Fossés;94100;21 rue de la Varenne 94100 SAINT-MAUR-DES-FOSSES;Autres intermédiations monétaires;"Conseiller / Conseillère de clientèle bancaire ; Chargé / Chargée d'accueil en banque ; Conseiller / Conseillère en gestion de patrimoine";Entreprise susceptible de recruter (candidature spontanée);;;Apprentissage, Professionnalisation;;;66204244910823;3;https://labonnealternance.apprentissage.beta.gouv.fr/emploi/recruteurs_lba/66204244910823/bnp-paribas
BNP Paribas;NDRC;Saint-Maur-Des-Fossés;94210;111 avenue du Bac 94210 SAINT-MAUR-DES-FOSSES;Autres intermédiations monétaires;"Conseiller / Conseillère de clientèle bancaire ; Chargé / Chargée d'accueil en banque ; Conseiller / Conseillère en gestion de patrimoine";Entreprise susceptible de recruter (candidature spontanée);;;Apprentissage, Professionnalisation;;;66204244937958;3;https://labonnealternance.apprentissage.beta.gouv.fr/emploi/recruteurs_lba/66204244937958/bnp-paribas
BNP Paribas;NDRC;Saint-Maur-Des-Fossés;94100;1 rue Andre de Cayeux 94100 SAINT-MAUR-DES-FOSSES;Autres intermédiations monétaires;"Conseiller / Conseillère de clientèle bancaire ; Chargé / Chargée d'accueil en banque ; Conseiller / Conseillère en gestion de patrimoine";Entreprise susceptible de recruter (candidature spontanée);;;Apprentissage, Professionnalisation;;;66204244939962;3;https://labonnealternance.apprentissage.beta.gouv.fr/emploi/recruteurs_lba/66204244939962/bnp-paribas
BRASSERIE 3IENCHS;MCO;Saint-Maur-Des-Fossés;94100;2Bis Rue Vassal 94100 Saint-Maur-des-Fossés;Fabrication de bière;Chef / Cheffe de secteur magasin;Entreprise susceptible de recruter (candidature spontanée);;;Apprentissage, Professionnalisation;;;83879869200029;1;https://labonnealternance.apprentissage.beta.gouv.fr/emploi/recruteurs_lba/83879869200029/brasserie-3ienchs
BRED Banque Populaire;NDRC;Saint-Maur-Des-Fossés;94100;24 AVENUE DE LA REPUBLIQUE 94100 SAINT-MAUR-DES-FOSSES;Autres intermédiations monétaires;"Conseiller / Conseillère de clientèle bancaire ; Chargé / Chargée d'accueil en banque ; Conseiller / Conseillère en gestion de patrimoine";Entreprise susceptible de recruter (candidature spontanée);;;Apprentissage, Professionnalisation;;;55209179505244;3;https://labonnealternance.apprentissage.beta.gouv.fr/emploi/recruteurs_lba/55209179505244/bred-banque-populaire
CABINET CONSEIL LEGENDRE;NDRC;Saint-Maur-Des-Fossés;94210;41 AVENUE DU BAC 94210 SAINT-MAUR-DES-FOSSES;Agences immobilières;Conseiller / Conseillère immobilier;Entreprise susceptible de recruter (candidature spontanée);;;Apprentissage, Professionnalisation;;;35272109600019;1;https://labonnealternance.apprentissage.beta.gouv.fr/emploi/recruteurs_lba/35272109600019/cabinet-conseil-legendre
CAISSE D'EPARGNE ET DE PREVOYANCE ILE-DE-FRANCE;NDRC;Saint-Maur-Des-Fossés;94100;18 AVENUE EMILE ZOLA 94100 SAINT-MAUR-DES-FOSSES;Autres intermédiations monétaires;"Conseiller / Conseillère de clientèle bancaire ; Chargé / Chargée d'accueil en banque ; Conseiller / Conseillère en gestion de patrimoine";Entreprise susceptible de recruter (candidature spontanée);;;Apprentissage, Professionnalisation;;;38290094203158;3;https://labonnealternance.apprentissage.beta.gouv.fr/emploi/recruteurs_lba/38290094203158/caisse-d-epargne-et-de-prevoyance-ile-de-france
CAISSE REGIONALE DE CREDIT MUTUEL D'ILE DE FRANCE;NDRC;Saint-Maur-Des-Fossés;94100;10 avenue Foch 94100 SAINT-MAUR-DES-FOSSES;Autres intermédiations monétaires;"Conseiller / Conseillère de clientèle bancaire ; Chargé / Chargée d'accueil en banque ; Conseiller / Conseillère en gestion de patrimoine";Entreprise susceptible de recruter (candidature spontanée);;;Apprentissage, Professionnalisation;;;69204371400868;3;https://labonnealternance.apprentissage.beta.gouv.fr/emploi/recruteurs_lba/69204371400868/caisse-regionale-de-credit-mutuel-d-ile-de-france
CAR SYSTEME DIFFUSION;MCO + NDRC;Saint-Maur-Des-Fossés;94100;53 QUAI DU PORT AU FOUARRE 94100 SAINT-MAUR-DES-FOSSES;Commerce de gros d'équipements automobiles;Vendeur / Vendeuse grossiste en équipement du foyer;Entreprise susceptible de recruter (candidature spontanée);;;Apprentissage, Professionnalisation;;;35028343800041;1;https://labonnealternance.apprentissage.beta.gouv.fr/emploi/recruteurs_lba/35028343800041/car-systeme-diffusion
CARREFOUR CITY;MCO;Saint-Maur-Des-Fossés;94210;93 AVENUE DU BAC 94210 SAINT-MAUR-DES-FOSSES;Supermarchés;"Employé / Employée de rayon libre-service ; Directeur / Directrice de magasin de grande distribution ; Hôte / Hôtesse de caisse ; Responsable de caisses ; Chef / Cheffe de rayon produits alimentaires";Entreprise susceptible de recruter (candidature spontanée);;;Apprentissage, Professionnalisation;;;91869812700019;5;https://labonnealternance.apprentissage.beta.gouv.fr/emploi/recruteurs_lba/91869812700019/carrefour-city
CARREFOUR CITY;MCO;Saint-Maur-Des-Fossés;94100;3T avenue de la Republique 94100 SAINT-MAUR-DES-FOSSES;Supermarchés;"Employé / Employée de rayon libre-service ; Directeur / Directrice de magasin de grande distribution ; Hôte / Hôtesse de caisse ; Responsable de caisses ; Chef / Cheffe de rayon produits alimentaires";Entreprise susceptible de recruter (candidature spontanée);;;Apprentissage, Professionnalisation;;;49876428100024;5;https://labonnealternance.apprentissage.beta.gouv.fr/emploi/recruteurs_lba/49876428100024/carrefour-city
CARREFOUR MARKET;MCO;Saint-Maur-Des-Fossés;94100;57 rue Delerue 94100 SAINT-MAUR-DES-FOSSES;Supermarchés;"Employé / Employée de rayon libre-service ; Directeur / Directrice de magasin de grande distribution ; Hôte / Hôtesse de caisse ; Responsable de caisses ; Chef / Cheffe de rayon produits alimentaires";Entreprise susceptible de recruter (candidature spontanée);;;Apprentissage, Professionnalisation;;;44028375205134;5;https://labonnealternance.apprentissage.beta.gouv.fr/emploi/recruteurs_lba/44028375205134/carrefour-market
CARTRIDGE WORLD;MCO + NDRC;Saint-Maur-Des-Fossés;94210;87 RUE LAFAYETTE 94210 SAINT-MAUR-DES-FOSSES;COMMERCE DE GROS (COMMERCE INTERENTREPRISES) D'AUTRES BIENS DOMESTIQUES;"Assistant / Assistante administration des ventes ; Assistant commercial / Assistante commerciale";Entreprise susceptible de recruter (candidature spontanée);;;Apprentissage, Professionnalisation;;;81058852500024;2;https://labonnealternance.apprentissage.beta.gouv.fr/emploi/recruteurs_lba/81058852500024/cartridge-world
CENTRE PORSCHE SAINT MAUR;MCO + NDRC;Saint-Maur-Des-Fossés;94100;2 BOULEVARD MAURICE BERTEAUX 94100 SAINT-MAUR-DES-FOSSES;Commerce de voitures et de véhicules automobiles légers;"Vendeur / Vendeuse automobile ; Conseiller / Conseillère client après-vente des véhicules";Entreprise susceptible de recruter (candidature spontanée);;;Apprentissage, Professionnalisation;;;42094753300048;2;https://labonnealternance.apprentissage.beta.gouv.fr/emploi/recruteurs_lba/42094753300048/centre-porsche-saint-maur
CHRISTOPHE BRECHON;MCO + NDRC;Saint-Maur-Des-Fossés;94100;4bis Rue d’Inkermann 94100 Saint-Maur-des-Fossés;Commerce de détail de viandes et de produits à base de viande en magasin spécialisé;"Vendeur / Vendeuse en épicerie ; Vendeur / Vendeuse grossiste en produits frais";Entreprise susceptible de recruter (candidature spontanée);;;Apprentissage, Professionnalisation;;;40984229100026;2;https://labonnealternance.apprentissage.beta.gouv.fr/emploi/recruteurs_lba/40984229100026/christophe-brechon
CONCORDANCE IMMOBILIER;NDRC;Saint-Maur-Des-Fossés;94100;3B AVENUE CHARLES DE GAULLE 94100 SAINT-MAUR-DES-FOSSES;Agences immobilières;Conseiller / Conseillère immobilier;Entreprise susceptible de recruter (candidature spontanée);;;Apprentissage, Professionnalisation;;;43848131900020;1;https://labonnealternance.apprentissage.beta.gouv.fr/emploi/recruteurs_lba/43848131900020/concordance-immobilier
DATA&DATA;NDRC;Saint-Maur-Des-Fossés;94210;26 QUAI DU MESNIL 94210 SAINT-MAUR-DES-FOSSES;PROGRAMMATION INFORMATIQUE;Commercial / Commerciale export;Entreprise susceptible de recruter (candidature spontanée);;;Apprentissage, Professionnalisation;;;75409148600029;1;https://labonnealternance.apprentissage.beta.gouv.fr/emploi/recruteurs_lba/75409148600029/data-data
DEVERNOIS;MCO;Saint-Maur-Des-Fossés;94100;16 rue Saint Hilaire 94100 SAINT-MAUR-DES-FOSSES;Commerce de détail d'habillement en magasin spécialisé;"Vendeur / Vendeuse en prêt-à-porter ; Responsable de boutique ; Hôte / Hôtesse de caisse ; Directeur / Directrice de magasin de grande distribution";Entreprise susceptible de recruter (candidature spontanée);;;Apprentissage, Professionnalisation;;;92923141300014;4;https://labonnealternance.apprentissage.beta.gouv.fr/emploi/recruteurs_lba/92923141300014/devernois
DIGITAL DSN BI;NDRC;Saint-Maur-Des-Fossés;94210;3 avenue de Chennevieres 94210 SAINT-MAUR-DES-FOSSES;EDITION DE LOGICIELS APPLICATIFS;"Responsable Commercial / Commerciale ; Chargé / Chargée de relation client";Entreprise susceptible de recruter (candidature spontanée);;;Apprentissage, Professionnalisation;;;82395291600018;2;https://labonnealternance.apprentissage.beta.gouv.fr/emploi/recruteurs_lba/82395291600018/digital-dsn-bi
DU REVE O VOYAGES;MCO;Saint-Maur-Des-Fossés;94100;128B BOULEVARD DE CRETEIL 94100 SAINT-MAUR-DES-FOSSES;Activités des agences de voyage;Employé / Employée de rayon libre-service;Entreprise susceptible de recruter (candidature spontanée);;;Apprentissage, Professionnalisation;;;75253252300012;1;https://labonnealternance.apprentissage.beta.gouv.fr/emploi/recruteurs_lba/75253252300012/du-reve-o-voyages
EDITIONS JETS D'ENCRE;NDRC;Saint-Maur-Des-Fossés;94210;81 AVENUE DU BAC 94210 SAINT-MAUR-DES-FOSSES;Édition de livres;"Assistant commercial / Assistante commerciale ; Responsable Commercial / Commerciale";Entreprise susceptible de recruter (candidature spontanée);;;Apprentissage, Professionnalisation;;;49382517800046;2;https://labonnealternance.apprentissage.beta.gouv.fr/emploi/recruteurs_lba/49382517800046/editions-jets-d-encre
ESPACITE SA;MCO;Saint-Maur-Des-Fossés;94100;17 avenue Desgenettes 94100 SAINT-MAUR-DES-FOSSES;Autres activités de soutien aux entreprises n.c.a.;Animateur / Animatrice des ventes;Entreprise susceptible de recruter (candidature spontanée);;;Apprentissage, Professionnalisation;;;44371572700022;1;https://labonnealternance.apprentissage.beta.gouv.fr/emploi/recruteurs_lba/44371572700022/espacite-sa
FBP;MCO;Saint-Maur-Des-Fossés;94100;6 RUE MAURICE LAUZIERE 94100 SAINT-MAUR-DES-FOSSES;Autres activités de soutien aux entreprises n.c.a.;Animateur / Animatrice des ventes;Entreprise susceptible de recruter (candidature spontanée);;;Apprentissage, Professionnalisation;;;47767952600053;1;https://labonnealternance.apprentissage.beta.gouv.fr/emploi/recruteurs_lba/47767952600053/fbp
FLO GOURMANDISES;MCO;Saint-Maur-Des-Fossés;94100;7 AVENUE DU BEL AIR 94100 SAINT-MAUR-DES-FOSSES;Boulangerie et boulangerie-pâtisserie;Vendeur / Vendeuse en épicerie;Entreprise susceptible de recruter (candidature spontanée);;;Apprentissage, Professionnalisation;;;80917142400025;1;https://labonnealternance.apprentissage.beta.gouv.fr/emploi/recruteurs_lba/80917142400025/flo-gourmandises
FRANCE EUROPE PARFUMS;MCO;Saint-Maur-Des-Fossés;94100;26 RUE BARATTE CHOLET 94100 SAINT-MAUR-DES-FOSSES;Commerce de détail de parfumerie et de produits de beauté en magasin spécialisé;"Responsable de boutique ; Employé / Employée de rayon libre-service";Entreprise susceptible de recruter (candidature spontanée);;;Apprentissage, Professionnalisation;;;44896725700016;2;https://labonnealternance.apprentissage.beta.gouv.fr/emploi/recruteurs_lba/44896725700016/france-europe-parfums
Franprix;MCO;Saint-Maur-Des-Fossés;94100;95 AVENUE JOFFRE 94100 SAINT-MAUR-DES-FOSSES;Commerce d'alimentation générale;"Employé / Employée de rayon libre-service ; Vendeur / Vendeuse en épicerie ; Hôte / Hôtesse de caisse ; Chef / Cheffe de rayon produits alimentaires ; Directeur / Directrice de magasin de grande distribution ; Gérant / Gérante de magasin d'alimentation générale";Entreprise susceptible de recruter (candidature spontanée);;;Apprentissage, Professionnalisation;;;89832436300024;6;https://labonnealternance.apprentissage.beta.gouv.fr/emploi/recruteurs_lba/89832436300024/franprix
FREDERIC FAVREAU;MCO;Saint-Maur-Des-Fossés;94100;6 AVENUE GABRIELLE 94100 SAINT-MAUR-DES-FOSSES;Boulangerie et boulangerie-pâtisserie;Vendeur / Vendeuse en épicerie;Entreprise susceptible de recruter (candidature spontanée);;;Apprentissage, Professionnalisation;;;51801229900021;1;https://labonnealternance.apprentissage.beta.gouv.fr/emploi/recruteurs_lba/51801229900021/frederic-favreau
G 20;MCO;Saint-Maur-Des-Fossés;94100;3 AVENUE DESGENETTES 94100 SAINT-MAUR-DES-FOSSES;Supérettes;"Employé / Employée de rayon libre-service ; Hôte / Hôtesse de caisse ; Directeur / Directrice de magasin de grande distribution ; Vendeur / Vendeuse en épicerie ; Responsable de caisses ; Chef / Cheffe de rayon produits alimentaires";Entreprise susceptible de recruter (candidature spontanée);;;Apprentissage, Professionnalisation;;;38350574000019;6;https://labonnealternance.apprentissage.beta.gouv.fr/emploi/recruteurs_lba/38350574000019/g-20
GESTION-TRANSACTION-CONSEIL-IMMOBILIER;NDRC;Saint-Maur-Des-Fossés;94100;66 BOULEVARD DE CRETEIL 94100 SAINT-MAUR-DES-FOSSES;Administration d'immeubles et autres biens immobiliers;Conseiller / Conseillère immobilier;Entreprise susceptible de recruter (candidature spontanée);;;Apprentissage, Professionnalisation;;;44309750600036;1;https://labonnealternance.apprentissage.beta.gouv.fr/emploi/recruteurs_lba/44309750600036/gestion-transaction-conseil-immobilier
Groupe Autosphere;MCO + NDRC;Saint-Maur-Des-Fossés;94100;15 boulevard Maurice Berteaux 94100 SAINT-MAUR-DES-FOSSES;Commerce de voitures et de véhicules automobiles légers;"Vendeur / Vendeuse automobile ; Conseiller / Conseillère client après-vente des véhicules";Entreprise susceptible de recruter (candidature spontanée);;;Apprentissage, Professionnalisation;;;37926151400051;2;https://labonnealternance.apprentissage.beta.gouv.fr/emploi/recruteurs_lba/37926151400051/groupe-autosphere
Gueudet 1880;MCO + NDRC;Saint-Maur-Des-Fossés;94100;48 rue de la Varenne 94100 SAINT-MAUR-DES-FOSSES;Commerce de voitures et de véhicules automobiles légers;"Vendeur / Vendeuse automobile ; Conseiller / Conseillère client après-vente des véhicules";Entreprise susceptible de recruter (candidature spontanée);;;Apprentissage, Professionnalisation;;;38458034600037;2;https://labonnealternance.apprentissage.beta.gouv.fr/emploi/recruteurs_lba/38458034600037/gueudet-1880
HD AVOCATS;NDRC;Saint-Maur-Des-Fossés;94100;14B BOULEVARD DE BELLECHASSE 94100 SAINT-MAUR-DES-FOSSES;Activités juridiques;Délégué / Déléguée à la protection des données - Data Protection Officer;Entreprise susceptible de recruter (candidature spontanée);;;Apprentissage, Professionnalisation;;;52307854100035;1;https://labonnealternance.apprentissage.beta.gouv.fr/emploi/recruteurs_lba/52307854100035/hd-avocats
IMMOBILIA 94;NDRC;Saint-Maur-Des-Fossés;94100;91 avenue Foch 94100 SAINT-MAUR-DES-FOSSES;Administration d'immeubles et autres biens immobiliers;Conseiller / Conseillère immobilier;Entreprise susceptible de recruter (candidature spontanée);;;Apprentissage, Professionnalisation;;;88057510500023;1;https://labonnealternance.apprentissage.beta.gouv.fr/emploi/recruteurs_lba/88057510500023/immobilia-94
INTERMARCHE;MCO;Saint-Maur-Des-Fossés;94210;15 avenue du Mesnil 94210 SAINT-MAUR-DES-FOSSES;Supermarchés;"Employé / Employée de rayon libre-service ; Directeur / Directrice de magasin de grande distribution ; Hôte / Hôtesse de caisse ; Responsable de caisses ; Chef / Cheffe de rayon produits alimentaires";Entreprise susceptible de recruter (candidature spontanée);;;Apprentissage, Professionnalisation;;;92485452400023;5;https://labonnealternance.apprentissage.beta.gouv.fr/emploi/recruteurs_lba/92485452400023/intermarche
IRIS;NDRC;Saint-Maur-Des-Fossés;94210;27 AVENUE DU MESNIL 94210 SAINT-MAUR-DES-FOSSES;EDITION DE LOGICIELS APPLICATIFS;"Responsable Commercial / Commerciale ; Chargé / Chargée de relation client";Entreprise susceptible de recruter (candidature spontanée);;;Apprentissage, Professionnalisation;;;82992951200020;2;https://labonnealternance.apprentissage.beta.gouv.fr/emploi/recruteurs_lba/82992951200020/iris
JACADI;MCO;Saint-Maur-Des-Fossés;94100;3 AVENUE FOCH 94100 SAINT-MAUR-DES-FOSSES;Commerce de détail d'habillement en magasin spécialisé;"Vendeur / Vendeuse en prêt-à-porter ; Responsable de boutique ; Hôte / Hôtesse de caisse ; Directeur / Directrice de magasin de grande distribution";Entreprise susceptible de recruter (candidature spontanée);;;Apprentissage, Professionnalisation;;;89459596600033;4;https://labonnealternance.apprentissage.beta.gouv.fr/emploi/recruteurs_lba/89459596600033/jacadi
JACK MICHELE;MCO;Saint-Maur-Des-Fossés;94210;78 AVENUE DU BAC 94210 SAINT-MAUR-DES-FOSSES;Commerce de détail d'habillement en magasin spécialisé;"Vendeur / Vendeuse en prêt-à-porter ; Responsable de boutique ; Hôte / Hôtesse de caisse ; Directeur / Directrice de magasin de grande distribution";Entreprise susceptible de recruter (candidature spontanée);;;Apprentissage, Professionnalisation;;;33812747500030;4;https://labonnealternance.apprentissage.beta.gouv.fr/emploi/recruteurs_lba/33812747500030/jack-michele
JEAN CHARPENTIER;NDRC;Saint-Maur-Des-Fossés;94100;68 AVENUE VICTOR HUGO 94100 SAINT-MAUR-DES-FOSSES;Agences immobilières;Conseiller / Conseillère immobilier;Entreprise susceptible de recruter (candidature spontanée);;;Apprentissage, Professionnalisation;;;43422040600210;1;https://labonnealternance.apprentissage.beta.gouv.fr/emploi/recruteurs_lba/43422040600210/jean-charpentier
JUMP INFLUENCE;MCO + NDRC;Saint-Maur-Des-Fossés;94100;6 AVENUE CHARLES VII 94100 SAINT-MAUR-DES-FOSSES;CONSEIL EN RELATIONS PUBLIQUES ET COMMUNICATION;"Animateur / Animatrice des ventes ; Commercial / Commerciale auprès d'une clientèle d'entreprises";Entreprise susceptible de recruter (candidature spontanée);;;Apprentissage, Professionnalisation;;;97863280000014;2;https://labonnealternance.apprentissage.beta.gouv.fr/emploi/recruteurs_lba/97863280000014/jump-influence
JURIN IMMOBILIER;NDRC;Saint-Maur-Des-Fossés;94100;18 boulevard Rabelais 94100 SAINT-MAUR-DES-FOSSES;Agences immobilières;Conseiller / Conseillère immobilier;Entreprise susceptible de recruter (candidature spontanée);;;Apprentissage, Professionnalisation;;;90410225800020;1;https://labonnealternance.apprentissage.beta.gouv.fr/emploi/recruteurs_lba/90410225800020/jurin-immobilier
KAM IMMO;NDRC;Saint-Maur-Des-Fossés;94210;104ter Avenue du Bac 94210 Saint-Maur-des-Fossés;Agences immobilières;Conseiller / Conseillère immobilier;Entreprise susceptible de recruter (candidature spontanée);;;Apprentissage, Professionnalisation;;;91258918100029;1;https://labonnealternance.apprentissage.beta.gouv.fr/emploi/recruteurs_lba/91258918100029/kam-immo
KHEA CONCEPT;MCO;Saint-Maur-Des-Fossés;94100;3 RUE DES 2 BOULEVARDS 94100 SAINT-MAUR-DES-FOSSES;Autres activités de soutien aux entreprises n.c.a.;Animateur / Animatrice des ventes;Entreprise susceptible de recruter (candidature spontanée);;;Apprentissage, Professionnalisation;;;51916720900047;1;https://labonnealternance.apprentissage.beta.gouv.fr/emploi/recruteurs_lba/51916720900047/khea-concept
KOS;MCO;Saint-Maur-Des-Fossés;94100;176 BOULEVARD DE CRETEIL 94100 SAINT-MAUR-DES-FOSSES;Commerce de détail de parfumerie et de produits de beauté en magasin spécialisé;"Responsable de boutique ; Employé / Employée de rayon libre-service";Entreprise susceptible de recruter (candidature spontanée);;;Apprentissage, Professionnalisation;;;52163031900056;2;https://labonnealternance.apprentissage.beta.gouv.fr/emploi/recruteurs_lba/52163031900056/kos
L'ATELIER D'AURORE;MCO;Saint-Maur-Des-Fossés;94100;13 RUE DE PARIS 94100 SAINT-MAUR-DES-FOSSES;Boulangerie et boulangerie-pâtisserie;Vendeur / Vendeuse en épicerie;Entreprise susceptible de recruter (candidature spontanée);;;Apprentissage, Professionnalisation;;;89186810100017;1;https://labonnealternance.apprentissage.beta.gouv.fr/emploi/recruteurs_lba/89186810100017/l-atelier-d-aurore
LA GIRANDIERE DE SAINT MAUR;NDRC;Saint-Maur-Des-Fossés;94210;34 rue Benjamin Franklin 94210 SAINT-MAUR-DES-FOSSES;Services administratifs combinés de bureau;Conseiller / Conseillère immobilier;Entreprise susceptible de recruter (candidature spontanée);;;Apprentissage, Professionnalisation;;;79748872300686;1;https://labonnealternance.apprentissage.beta.gouv.fr/emploi/recruteurs_lba/79748872300686/la-girandiere-de-saint-maur
La Poste;NDRC;Saint-Maur-Des-Fossés;94210;11 avenue du Mesnil 94210 SAINT-MAUR-DES-FOSSES;Activités de poste dans le cadre d'une obligation de service universel;Responsable relation client (CRM);Entreprise susceptible de recruter (candidature spontanée);;;Apprentissage, Professionnalisation;;;35600000051677;1;https://labonnealternance.apprentissage.beta.gouv.fr/emploi/recruteurs_lba/35600000051677/la-poste
LAFORET IMMOBILIER;NDRC;Saint-Maur-Des-Fossés;94100;69 BOULEVARD DE CRETEIL 94100 SAINT-MAUR-DES-FOSSES;Agences immobilières;Conseiller / Conseillère immobilier;Entreprise susceptible de recruter (candidature spontanée);;;Apprentissage, Professionnalisation;;;87774618000018;1;https://labonnealternance.apprentissage.beta.gouv.fr/emploi/recruteurs_lba/87774618000018/laforet-immobilier
LE FOURNIL DES GOURMANDS;MCO;Saint-Maur-Des-Fossés;94210;127 AVENUE DU CENTENAIRE 94210 SAINT-MAUR-DES-FOSSES;Boulangerie et boulangerie-pâtisserie;Vendeur / Vendeuse en épicerie;Entreprise susceptible de recruter (candidature spontanée);;;Apprentissage, Professionnalisation;;;91802297100017;1;https://labonnealternance.apprentissage.beta.gouv.fr/emploi/recruteurs_lba/91802297100017/le-fournil-des-gourmands
LE PARC FLEURI;MCO;Saint-Maur-Des-Fossés;94100;14bis Avenue Foch 94100 Saint-Maur-des-Fossés;Commerce de détail de fleurs, plantes, graines, engrais, animaux de compagnie et aliments pour ces animaux en magasin spécialisé;"Responsable de boutique ; Vendeur / Vendeuse conseil en jardinerie ; Vendeur / Vendeuse en animalerie ; Hôte / Hôtesse de caisse ; Chef / Cheffe de rayon de produits non alimentaires";Entreprise susceptible de recruter (candidature spontanée);;;Apprentissage, Professionnalisation;;;44481834800013;5;https://labonnealternance.apprentissage.beta.gouv.fr/emploi/recruteurs_lba/44481834800013/le-parc-fleuri
LE PETIT DUC;MCO;Saint-Maur-Des-Fossés;94210;80 AVENUE DU BAC 94210 SAINT-MAUR-DES-FOSSES;Boulangerie et boulangerie-pâtisserie;Vendeur / Vendeuse en épicerie;Entreprise susceptible de recruter (candidature spontanée);;;Apprentissage, Professionnalisation;;;75190127300019;1;https://labonnealternance.apprentissage.beta.gouv.fr/emploi/recruteurs_lba/75190127300019/le-petit-duc
LE PETIT DUC;MCO;Saint-Maur-Des-Fossés;94100;8B AVENUE CHARLES DE GAULLE 94100 SAINT-MAUR-DES-FOSSES;Boulangerie et boulangerie-pâtisserie;Vendeur / Vendeuse en épicerie;Entreprise susceptible de recruter (candidature spontanée);;;Apprentissage, Professionnalisation;;;58206488700026;1;https://labonnealternance.apprentissage.beta.gouv.fr/emploi/recruteurs_lba/58206488700026/le-petit-duc
LES GAULOIS SAINT MAUR ADAMVILLE;MCO;Saint-Maur-Des-Fossés;94100;14 rue Baratte Cholet 94100 SAINT-MAUR-DES-FOSSES;Boulangerie et boulangerie-pâtisserie;Vendeur / Vendeuse en épicerie;Entreprise susceptible de recruter (candidature spontanée);;;Apprentissage, Professionnalisation;;;95308991900013;1;https://labonnealternance.apprentissage.beta.gouv.fr/emploi/recruteurs_lba/95308991900013/les-gaulois-saint-maur-adamville
LES SAVEURS D'AUTREFOIS;MCO;Saint-Maur-Des-Fossés;94210;123 BOULEVARD DE CHAMPIGNY 94210 SAINT-MAUR-DES-FOSSES;Boulangerie et boulangerie-pâtisserie;Vendeur / Vendeuse en épicerie;Entreprise susceptible de recruter (candidature spontanée);;;Apprentissage, Professionnalisation;;;82792424200015;1;https://labonnealternance.apprentissage.beta.gouv.fr/emploi/recruteurs_lba/82792424200015/les-saveurs-d-autrefois
MA JOLIE CHOUETTE;MCO + NDRC;Saint-Maur-Des-Fossés;94100;32 AVENUE DES FUSILLES DE CHATEAUBR 94100 SAINT-MAUR-DES-FOSSES;Commerce de détail d'articles médicaux et orthopédiques en magasin spécialisé;Délégué médical hospitalier / Déléguée médicale hospitalière;Entreprise susceptible de recruter (candidature spontanée);;;Apprentissage, Professionnalisation;;;91234795200018;2;https://labonnealternance.apprentissage.beta.gouv.fr/emploi/recruteurs_lba/91234795200018/ma-jolie-chouette
MAISON LANDEMAINE LA VARENNE SAINT-HILAIRE;MCO;Saint-Maur-Des-Fossés;94210;81 avenue du Bac 94210 SAINT-MAUR-DES-FOSSES;Boulangerie et boulangerie-pâtisserie;Vendeur / Vendeuse en épicerie;Entreprise susceptible de recruter (candidature spontanée);;;Apprentissage, Professionnalisation;;;88105224500019;1;https://labonnealternance.apprentissage.beta.gouv.fr/emploi/recruteurs_lba/88105224500019/maison-landemaine-la-varenne-saint-hilaire
MAISON STOECKEL-TREMAUX;MCO;Saint-Maur-Des-Fossés;94210;46 AVENUE DE BONNEUIL 94210 SAINT-MAUR-DES-FOSSES;Commerce de détail de fleurs, plantes, graines, engrais, animaux de compagnie et aliments pour ces animaux en magasin spécialisé;"Responsable de boutique ; Vendeur / Vendeuse conseil en jardinerie ; Vendeur / Vendeuse en animalerie ; Hôte / Hôtesse de caisse ; Chef / Cheffe de rayon de produits non alimentaires";Entreprise susceptible de recruter (candidature spontanée);;;Apprentissage, Professionnalisation;;;34295008600021;5;https://labonnealternance.apprentissage.beta.gouv.fr/emploi/recruteurs_lba/34295008600021/maison-stoeckel-tremaux
MARGO;MCO;Saint-Maur-Des-Fossés;94100;1 RUE BARATTE CHOLET 94100 SAINT-MAUR-DES-FOSSES;Commerce de détail d'habillement en magasin spécialisé;"Vendeur / Vendeuse en prêt-à-porter ; Responsable de boutique ; Hôte / Hôtesse de caisse ; Directeur / Directrice de magasin de grande distribution";Entreprise susceptible de recruter (candidature spontanée);;;Apprentissage, Professionnalisation;;;52888444800010;4;https://labonnealternance.apprentissage.beta.gouv.fr/emploi/recruteurs_lba/52888444800010/margo
MB 94;MCO + NDRC;Saint-Maur-Des-Fossés;94210;17 avenue Albert 1er 94210 SAINT-MAUR-DES-FOSSES;Commerce de voitures et de véhicules automobiles légers;"Vendeur / Vendeuse automobile ; Conseiller / Conseillère client après-vente des véhicules";Entreprise susceptible de recruter (candidature spontanée);;;Apprentissage, Professionnalisation;;;48874658700010;2;https://labonnealternance.apprentissage.beta.gouv.fr/emploi/recruteurs_lba/48874658700010/mb-94
MELTOUR;NDRC;Saint-Maur-Des-Fossés;94210;103 avenue du Bac 94210 SAINT-MAUR-DES-FOSSES;Activités des voyagistes;Commercial / Commerciale export;Entreprise susceptible de recruter (candidature spontanée);;;Apprentissage, Professionnalisation;;;35022961300020;1;https://labonnealternance.apprentissage.beta.gouv.fr/emploi/recruteurs_lba/35022961300020/meltour
MISTER LUDO;MCO + NDRC;Saint-Maur-Des-Fossés;94100;16B avenue Desgenettes 94100 SAINT-MAUR-DES-FOSSES;Vente à distance sur catalogue spécialisé;"Conseiller vendeur / Conseillère vendeuse à domicile ; Vendeur / Vendeuse en prêt-à-porter ; Responsable de boutique ; Délégué médical hospitalier / Déléguée médicale hospitalière ; Chargé / Chargée de relation client";Entreprise susceptible de recruter (candidature spontanée);;;Apprentissage, Professionnalisation;;;95376176400026;5;https://labonnealternance.apprentissage.beta.gouv.fr/emploi/recruteurs_lba/95376176400026/mister-ludo
Monoprix;MCO;Saint-Maur-Des-Fossés;94100;6 RUE BARATTE CHOLET 94100 SAINT-MAUR-DES-FOSSES;Magasins multi-commerces;"Employé / Employée de rayon libre-service ; Hôte / Hôtesse de caisse ; Vendeur / Vendeuse en épicerie ; Responsable de caisses ; Responsable de département en grande distribution ; Chef / Cheffe de rayon produits alimentaires";Entreprise susceptible de recruter (candidature spontanée);;;Apprentissage, Professionnalisation;;;55208329701109;6;https://labonnealternance.apprentissage.beta.gouv.fr/emploi/recruteurs_lba/55208329701109/monoprix
NAC INFORMATIQUE;NDRC;Saint-Maur-Des-Fossés;94100;24 rue Garnier Pages 94100 SAINT-MAUR-DES-FOSSES;Autres commerces de détail spécialisés divers;Responsable relation client (CRM);Entreprise susceptible de recruter (candidature spontanée);;;Apprentissage, Professionnalisation;;;48147178700020;1;https://labonnealternance.apprentissage.beta.gouv.fr/emploi/recruteurs_lba/48147178700020/nac-informatique
NATURALIA;MCO;Saint-Maur-Des-Fossés;94100;22 AVENUE EMILE ZOLA 94100 SAINT-MAUR-DES-FOSSES;Autres commerces de détail alimentaires en magasin spécialisé;"Vendeur / Vendeuse en épicerie ; Employé / Employée de rayon libre-service ; Chef / Cheffe de rayon produits alimentaires ; Responsable de boutique";Entreprise susceptible de recruter (candidature spontanée);;;Apprentissage, Professionnalisation;;;30247464801548;4;https://labonnealternance.apprentissage.beta.gouv.fr/emploi/recruteurs_lba/30247464801548/naturalia
OLLIVIER IMMOBILIER;NDRC;Saint-Maur-Des-Fossés;94100;128B boulevard de Creteil 94100 SAINT-MAUR-DES-FOSSES;Agences immobilières;Conseiller / Conseillère immobilier;Entreprise susceptible de recruter (candidature spontanée);;;Apprentissage, Professionnalisation;;;89529745500027;1;https://labonnealternance.apprentissage.beta.gouv.fr/emploi/recruteurs_lba/89529745500027/ollivier-immobilier
ONCLE WANG;MCO;Saint-Maur-Des-Fossés;94100;23 avenue Foch 94100 SAINT-MAUR-DES-FOSSES;Supérettes;"Employé / Employée de rayon libre-service ; Hôte / Hôtesse de caisse ; Directeur / Directrice de magasin de grande distribution ; Vendeur / Vendeuse en épicerie ; Responsable de caisses ; Chef / Cheffe de rayon produits alimentaires";Entreprise susceptible de recruter (candidature spontanée);;;Apprentissage, Professionnalisation;;;90368117900011;6;https://labonnealternance.apprentissage.beta.gouv.fr/emploi/recruteurs_lba/90368117900011/oncle-wang
OXIA;NDRC;Saint-Maur-Des-Fossés;94100;128 BOULEVARD DE CRETEIL 94100 SAINT-MAUR-DES-FOSSES;Administration d'immeubles et autres biens immobiliers;Conseiller / Conseillère immobilier;Entreprise susceptible de recruter (candidature spontanée);;;Apprentissage, Professionnalisation;;;43964571400023;1;https://labonnealternance.apprentissage.beta.gouv.fr/emploi/recruteurs_lba/43964571400023/oxia
PANEM;MCO;Saint-Maur-Des-Fossés;94210;113B boulevard de Champigny 94210 SAINT-MAUR-DES-FOSSES;Boulangerie et boulangerie-pâtisserie;Vendeur / Vendeuse en épicerie;Entreprise susceptible de recruter (candidature spontanée);;;Apprentissage, Professionnalisation;;;91439244400016;1;https://labonnealternance.apprentissage.beta.gouv.fr/emploi/recruteurs_lba/91439244400016/panem
PYTHAGORE EDUCATION;MCO;Saint-Maur-Des-Fossés;94100;36 rue de la Grande Ceinture 94100 SAINT-MAUR-DES-FOSSES;Autres activités de soutien aux entreprises n.c.a.;Animateur / Animatrice des ventes;Entreprise susceptible de recruter (candidature spontanée);;;Apprentissage, Professionnalisation;;;91297179300019;1;https://labonnealternance.apprentissage.beta.gouv.fr/emploi/recruteurs_lba/91297179300019/pythagore-education
REPERTOIRE AUTO;MCO + NDRC;Saint-Maur-Des-Fossés;94100;55 avenue Diderot 94100 SAINT-MAUR-DES-FOSSES;Commerce de voitures et de véhicules automobiles légers;"Vendeur / Vendeuse automobile ; Conseiller / Conseillère client après-vente des véhicules";Entreprise susceptible de recruter (candidature spontanée);;;Apprentissage, Professionnalisation;;;98133811400011;2;https://labonnealternance.apprentissage.beta.gouv.fr/emploi/recruteurs_lba/98133811400011/repertoire-auto
SABINE STIEVENARD;NDRC;Saint-Maur-Des-Fossés;94100;24 AVENUE DES ARTS 94100 SAINT-MAUR-DES-FOSSES;Activités des agents et courtiers d'assurances;"Conseiller / Conseillère en assurances ; Conseiller / Conseillère en gestion de patrimoine";Entreprise susceptible de recruter (candidature spontanée);;;Apprentissage, Professionnalisation;;;53771908000021;2;https://labonnealternance.apprentissage.beta.gouv.fr/emploi/recruteurs_lba/53771908000021/sabine-stievenard
SAINT MAUR BNPPF;NDRC;Saint-Maur-Des-Fossés;94100;88 boulevard de Creteil 94100 SAINT-MAUR-DES-FOSSES;Autres intermédiations monétaires;"Conseiller / Conseillère de clientèle bancaire ; Chargé / Chargée d'accueil en banque ; Conseiller / Conseillère en gestion de patrimoine";Entreprise susceptible de recruter (candidature spontanée);;;Apprentissage, Professionnalisation;;;66204244939053;3;https://labonnealternance.apprentissage.beta.gouv.fr/emploi/recruteurs_lba/66204244939053/saint-maur-bnppf
SAINT MAUR MOBILITE;NDRC;Saint-Maur-Des-Fossés;94100;117 avenue Foch 94100 SAINT-MAUR-DES-FOSSES;Location de courte durée de voitures et de véhicules automobiles légers;"Agent technico-commercial / Agente technico-commerciale en location de véhicules ; Conseiller / Conseillère client après-vente des véhicules";Entreprise susceptible de recruter (candidature spontanée);;;Apprentissage, Professionnalisation;;;89348701700012;2;https://labonnealternance.apprentissage.beta.gouv.fr/emploi/recruteurs_lba/89348701700012/saint-maur-mobilite
SARL DAVRIL;MCO;Saint-Maur-Des-Fossés;94100;20 rue Baratte Cholet 94100 SAINT-MAUR-DES-FOSSES;Commerce de détail d'habillement en magasin spécialisé;"Vendeur / Vendeuse en prêt-à-porter ; Responsable de boutique ; Hôte / Hôtesse de caisse ; Directeur / Directrice de magasin de grande distribution";Entreprise susceptible de recruter (candidature spontanée);;;Apprentissage, Professionnalisation;;;57222023400015;4;https://labonnealternance.apprentissage.beta.gouv.fr/emploi/recruteurs_lba/57222023400015/sarl-davril
SCALE UP;MCO + NDRC;Saint-Maur-Des-Fossés;94100;23 avenue Alexis Pessot 94100 SAINT-MAUR-DES-FOSSES;Vente à distance sur catalogue spécialisé;"Conseiller vendeur / Conseillère vendeuse à domicile ; Vendeur / Vendeuse en prêt-à-porter ; Responsable de boutique ; Délégué médical hospitalier / Déléguée médicale hospitalière ; Chargé / Chargée de relation client";Entreprise susceptible de recruter (candidature spontanée);;;Apprentissage, Professionnalisation;;;90410546700016;5;https://labonnealternance.apprentissage.beta.gouv.fr/emploi/recruteurs_lba/90410546700016/scale-up
SERGIO CONTI;MCO;Saint-Maur-Des-Fossés;94100;13 RUE BARATTE CHOLET 94100 SAINT-MAUR-DES-FOSSES;Commerce de détail de la chaussure;"Responsable de boutique ; Vendeur / Vendeuse en prêt-à-porter ; Vendeur / Vendeuse d'articles de sport et loisirs ; Gérant / Gérante de magasin d'alimentation générale ; Directeur / Directrice de magasin de grande distribution";Entreprise susceptible de recruter (candidature spontanée);;;Apprentissage, Professionnalisation;;;42017730500133;5;https://labonnealternance.apprentissage.beta.gouv.fr/emploi/recruteurs_lba/42017730500133/sergio-conti
SOCIETE GENERALE;NDRC;Saint-Maur-Des-Fossés;94210;75 AVENUE DU BAC 94210 SAINT-MAUR-DES-FOSSES;Autres intermédiations monétaires;"Conseiller / Conseillère de clientèle bancaire ; Chargé / Chargée d'accueil en banque ; Conseiller / Conseillère en gestion de patrimoine";Entreprise susceptible de recruter (candidature spontanée);;;Apprentissage, Professionnalisation;;;55212022226083;3;https://labonnealternance.apprentissage.beta.gouv.fr/emploi/recruteurs_lba/55212022226083/societe-generale
SOCIETE GENERALE;NDRC;Saint-Maur-Des-Fossés;94100;19 AVENUE CHARLES DE GAULLE 94100 SAINT-MAUR-DES-FOSSES;Autres intermédiations monétaires;"Conseiller / Conseillère de clientèle bancaire ; Chargé / Chargée d'accueil en banque ; Conseiller / Conseillère en gestion de patrimoine ; Chargé / Chargée d'affaires bancaires entreprise";Entreprise susceptible de recruter (candidature spontanée);;;Apprentissage, Professionnalisation;;;55212022200112;4;https://labonnealternance.apprentissage.beta.gouv.fr/emploi/recruteurs_lba/55212022200112/societe-generale
SOCIETE GENERALE;NDRC;Saint-Maur-Des-Fossés;94100;9 RUE DES REMISES 94100 SAINT-MAUR-DES-FOSSES;Autres intermédiations monétaires;"Conseiller / Conseillère de clientèle bancaire ; Chargé / Chargée d'accueil en banque ; Conseiller / Conseillère en gestion de patrimoine";Entreprise susceptible de recruter (candidature spontanée);;;Apprentissage, Professionnalisation;;;55212022220938;3;https://labonnealternance.apprentissage.beta.gouv.fr/emploi/recruteurs_lba/55212022220938/societe-generale
SOGISAINT MAUR;MCO;Saint-Maur-Des-Fossés;94100;avenue du General Leclerc 94100 SAINT-MAUR-DES-FOSSES;Supermarchés;"Employé / Employée de rayon libre-service ; Directeur / Directrice de magasin de grande distribution ; Responsable de caisses ; Hôte / Hôtesse de caisse ; Chef / Cheffe de rayon produits alimentaires";Entreprise susceptible de recruter (candidature spontanée);;;Apprentissage, Professionnalisation;;;44943027100014;5;https://labonnealternance.apprentissage.beta.gouv.fr/emploi/recruteurs_lba/44943027100014/sogisaint-maur
SOTHIMMO;NDRC;Saint-Maur-Des-Fossés;94100;94100 Saint-Maur-des-Fossés;Agences immobilières;Conseiller / Conseillère immobilier;Entreprise susceptible de recruter (candidature spontanée);;;Apprentissage, Professionnalisation;;;89032751300028;1;https://labonnealternance.apprentissage.beta.gouv.fr/emploi/recruteurs_lba/89032751300028/sothimmo
ST MAUR PLACE NATIONALE;NDRC;Saint-Maur-Des-Fossés;94210;3 AVENUE DU BAC 94210 SAINT-MAUR-DES-FOSSES;Autres intermédiations monétaires;"Conseiller / Conseillère de clientèle bancaire ; Chargé / Chargée d'accueil en banque ; Conseiller / Conseillère en gestion de patrimoine";Entreprise susceptible de recruter (candidature spontanée);;;Apprentissage, Professionnalisation;;;55209179502571;3;https://labonnealternance.apprentissage.beta.gouv.fr/emploi/recruteurs_lba/55209179502571/st-maur-place-nationale
STELLANTIS &YOU SAINT MAUR I;MCO + NDRC;Saint-Maur-Des-Fossés;94100;56 AVENUE EMILE ZOLA 94100 SAINT-MAUR-DES-FOSSES;Commerce de voitures et de véhicules automobiles légers;"Vendeur / Vendeuse automobile ; Conseiller / Conseillère client après-vente des véhicules";Entreprise susceptible de recruter (candidature spontanée);;;Apprentissage, Professionnalisation;;;30247504103202;2;https://labonnealternance.apprentissage.beta.gouv.fr/emploi/recruteurs_lba/30247504103202/stellantis-you-saint-maur-i
STUK;MCO;Saint-Maur-Des-Fossés;94100;67 RUE LEON BOCQUET 94100 SAINT-MAUR-DES-FOSSES;Fabrication d'articles de bijouterie fantaisie et articles similaires;Vendeur / Vendeuse en prêt-à-porter;Entreprise susceptible de recruter (candidature spontanée);;;Apprentissage, Professionnalisation;;;35371473600033;1;https://labonnealternance.apprentissage.beta.gouv.fr/emploi/recruteurs_lba/35371473600033/stuk
UBIQUE;NDRC;Saint-Maur-Des-Fossés;94210;81T AVENUE CAFFIN 94210 SAINT-MAUR-DES-FOSSES;Promotion immobilière de logements;Chargé / Chargée d'affaires immobilières;Entreprise susceptible de recruter (candidature spontanée);;;Apprentissage, Professionnalisation;;;88498471700022;1;https://labonnealternance.apprentissage.beta.gouv.fr/emploi/recruteurs_lba/88498471700022/ubique
VESTO;NDRC;Saint-Maur-Des-Fossés;94100;2 AVENUE DE LA PASSERELLE 94100 SAINT-MAUR-DES-FOSSES;PORTAILS INTERNET;Commercial / Commerciale grands comptes et entreprises;Entreprise susceptible de recruter (candidature spontanée);;;Apprentissage, Professionnalisation;;;88315976600020;1;https://labonnealternance.apprentissage.beta.gouv.fr/emploi/recruteurs_lba/88315976600020/vesto
Yves Rocher;MCO;Saint-Maur-Des-Fossés;94100;12 RUE BARATTE CHOLET 94100 SAINT-MAUR-DES-FOSSES;Commerce de détail de parfumerie et de produits de beauté en magasin spécialisé;"Responsable de boutique ; Employé / Employée de rayon libre-service";Entreprise susceptible de recruter (candidature spontanée);;;Apprentissage, Professionnalisation;;;91224735000016;2;https://labonnealternance.apprentissage.beta.gouv.fr/emploi/recruteurs_lba/91224735000016/yves-rocher
ZENSQL;NDRC;Saint-Maur-Des-Fossés;94100;17 RUE DU FOUR 94100 SAINT-MAUR-DES-FOSSES;PROGRAMMATION INFORMATIQUE;Commercial / Commerciale export;Entreprise susceptible de recruter (candidature spontanée);;;Apprentissage, Professionnalisation;;;42302825700024;1;https://labonnealternance.apprentissage.beta.gouv.fr/emploi/recruteurs_lba/42302825700024/zensql
AUX GOURMETS DE SAINT MAURICE;MCO;Saint-Maurice;94410;40 AV MAL DE LATTRE DE TASS 94410 SAINT-MAURICE;Boulangerie et boulangerie-pâtisserie;Vendeur / Vendeuse en épicerie;Entreprise susceptible de recruter (candidature spontanée);;;Apprentissage, Professionnalisation;;;50005996900013;1;https://labonnealternance.apprentissage.beta.gouv.fr/emploi/recruteurs_lba/50005996900013/aux-gourmets-de-saint-maurice
CARREFOUR CITY;MCO;Saint-Maurice;94410;46 av du Mal de Lattre de Tassigny 94410 SAINT-MAURICE;Supermarchés;"Employé / Employée de rayon libre-service ; Directeur / Directrice de magasin de grande distribution ; Hôte / Hôtesse de caisse ; Responsable de caisses ; Chef / Cheffe de rayon produits alimentaires";Entreprise susceptible de recruter (candidature spontanée);;;Apprentissage, Professionnalisation;;;49034892700032;5;https://labonnealternance.apprentissage.beta.gouv.fr/emploi/recruteurs_lba/49034892700032/carrefour-city
CARREFOUR MARKET;MCO;Saint-Maurice;94410;7 RUE PAUL VERLAINE 94410 SAINT-MAURICE;Supermarchés;"Employé / Employée de rayon libre-service ; Directeur / Directrice de magasin de grande distribution ; Hôte / Hôtesse de caisse ; Responsable de caisses ; Chef / Cheffe de rayon produits alimentaires";Entreprise susceptible de recruter (candidature spontanée);;;Apprentissage, Professionnalisation;;;44028375201448;5;https://labonnealternance.apprentissage.beta.gouv.fr/emploi/recruteurs_lba/44028375201448/carrefour-market
D-MUTE-NETWORK;NDRC;Saint-Maurice;94410;5 AVENUE DE LA VILLA ANTONY 94410 SAINT-MAURICE;Réparation d'ordinateurs et d'équipements périphériques;Responsable Commercial / Commerciale;Entreprise susceptible de recruter (candidature spontanée);;;Apprentissage, Professionnalisation;;;44509153100076;1;https://labonnealternance.apprentissage.beta.gouv.fr/emploi/recruteurs_lba/44509153100076/d-mute-network
DISTRI CHARENTON;MCO;Saint-Maurice;94410;56bis Av du Mal de Lattre de Tassigny 94410 Saint-Maurice;Commerce d'alimentation générale;"Employé / Employée de rayon libre-service ; Vendeur / Vendeuse en épicerie ; Hôte / Hôtesse de caisse ; Chef / Cheffe de rayon produits alimentaires ; Directeur / Directrice de magasin de grande distribution ; Gérant / Gérante de magasin d'alimentation générale";Entreprise susceptible de recruter (candidature spontanée);;;Apprentissage, Professionnalisation;;;91330113100029;6;https://labonnealternance.apprentissage.beta.gouv.fr/emploi/recruteurs_lba/91330113100029/distri-charenton
ETHICA GESTION ET ADMINISTRATION DE BIENS;NDRC;Saint-Maurice;94410;64 av du Mal de Lattre de Tassigny 94410 SAINT-MAURICE;Activités des marchands de biens immobiliers;Conseiller / Conseillère immobilier;Entreprise susceptible de recruter (candidature spontanée);;;Apprentissage, Professionnalisation;;;89807981900014;1;https://labonnealternance.apprentissage.beta.gouv.fr/emploi/recruteurs_lba/89807981900014/ethica-gestion-et-administration-de-biens
LE LEAD-ER;MCO;Saint-Maurice;94410;2 RUE JEAN GABIN 94410 SAINT-MAURICE;Autres activités de soutien aux entreprises n.c.a.;Animateur / Animatrice des ventes;Entreprise susceptible de recruter (candidature spontanée);;;Apprentissage, Professionnalisation;;;89467228600016;1;https://labonnealternance.apprentissage.beta.gouv.fr/emploi/recruteurs_lba/89467228600016/le-lead-er
LE PRESTIGE;MCO + NDRC;Saint-Maurice;94410;131 RUE DU MARECHAL LECLERC 94410 SAINT-MAURICE;Commerce de détail alimentaire sur éventaires et marchés;"Vendeur / Vendeuse en épicerie ; Vendeur / Vendeuse grossiste en produits frais";Entreprise susceptible de recruter (candidature spontanée);;;Apprentissage, Professionnalisation;;;84411617800014;2;https://labonnealternance.apprentissage.beta.gouv.fr/emploi/recruteurs_lba/84411617800014/le-prestige
LERE VETEMENT;MCO;Saint-Maurice;94410;17 RUE PAUL VERLAINE 94410 SAINT-MAURICE;Commerce de détail de textiles en magasin spécialisé;"Vendeur / Vendeuse en équipement de la maison ; Responsable de boutique ; Vendeur / Vendeuse en prêt-à-porter";Entreprise susceptible de recruter (candidature spontanée);;;Apprentissage, Professionnalisation;;;91366388600012;3;https://labonnealternance.apprentissage.beta.gouv.fr/emploi/recruteurs_lba/91366388600012/lere-vetement
LSTZ;MCO + NDRC;Saint-Maurice;94410;2 allee du Moulin des Corbeaux 94410 SAINT-MAURICE;CONSEIL EN RELATIONS PUBLIQUES ET COMMUNICATION;"Animateur / Animatrice des ventes ; Commercial / Commerciale auprès d'une clientèle d'entreprises";Entreprise susceptible de recruter (candidature spontanée);;;Apprentissage, Professionnalisation;;;88793314100012;2;https://labonnealternance.apprentissage.beta.gouv.fr/emploi/recruteurs_lba/88793314100012/lstz
MEET & CONNECT;NDRC;Saint-Maurice;94410;4 RUE DE LA POMPE 94410 SAINT-MAURICE;PROGRAMMATION INFORMATIQUE;Commercial / Commerciale export;Entreprise susceptible de recruter (candidature spontanée);;;Apprentissage, Professionnalisation;;;89520839500015;1;https://labonnealternance.apprentissage.beta.gouv.fr/emploi/recruteurs_lba/89520839500015/meet-connect
MH INVEST;MCO;Saint-Maurice;94410;17 rue Paul Verlaine 94410 SAINT-MAURICE;Autres activités de soutien aux entreprises n.c.a.;Animateur / Animatrice des ventes;Entreprise susceptible de recruter (candidature spontanée);;;Apprentissage, Professionnalisation;;;91147258700011;1;https://labonnealternance.apprentissage.beta.gouv.fr/emploi/recruteurs_lba/91147258700011/mh-invest
ML2M CONSULTING;NDRC;Saint-Maurice;94410;2 rue Jean Gabin 94410 SAINT-MAURICE;PROGRAMMATION INFORMATIQUE;Commercial / Commerciale export;Entreprise susceptible de recruter (candidature spontanée);;;Apprentissage, Professionnalisation;;;89354370200011;1;https://labonnealternance.apprentissage.beta.gouv.fr/emploi/recruteurs_lba/89354370200011/ml2m-consulting
OUD EVASION;MCO;Saint-Maurice;94410;3 QUAI DE LA REPUBLIQUE 94410 SAINT-MAURICE;Commerce de détail de parfumerie et de produits de beauté en magasin spécialisé;"Responsable de boutique ; Employé / Employée de rayon libre-service";Entreprise susceptible de recruter (candidature spontanée);;;Apprentissage, Professionnalisation;;;92191815700014;2;https://labonnealternance.apprentissage.beta.gouv.fr/emploi/recruteurs_lba/92191815700014/oud-evasion
SHARONE JOURNO;MCO + NDRC;Saint-Maurice;94410;2 rue Jean Gabin 94410 SAINT-MAURICE;Commerce de détail d'ordinateurs, d'unités périphériques et de logiciels en magasin spécialisé;"Vendeur / Vendeuse en équipement de la maison ; Consultant / Consultante avant-vente ; Technico-commercial / Technico-commerciale";Entreprise susceptible de recruter (candidature spontanée);;;Apprentissage, Professionnalisation;;;88844222500015;3;https://labonnealternance.apprentissage.beta.gouv.fr/emploi/recruteurs_lba/88844222500015/sharone-journo
SOCIETE DE CONSEIL ET TECHNIQUE EN ASSURANCE;NDRC;Saint-Maurice;94410;2 rue Paul Verlaine 94410 SAINT-MAURICE;Activités des agents et courtiers d'assurances;"Conseiller / Conseillère en assurances ; Conseiller / Conseillère en gestion de patrimoine";Entreprise susceptible de recruter (candidature spontanée);;;Apprentissage, Professionnalisation;;;43494331200034;2;https://labonnealternance.apprentissage.beta.gouv.fr/emploi/recruteurs_lba/43494331200034/societe-de-conseil-et-technique-en-assurance
VEOLIA WTS FRANCE;MCO + NDRC;Saint-Maurice;94410;1 place Montgolfier 94410 SAINT-MAURICE;Commerce de gros (commerce interentreprises) de produits chimiques;"Responsable e-commerce ; Technico-commercial / Technico-commerciale ; Cadre Technico-commercial / Technico-commerciale ; Attaché commercial / Attachée commerciale ; Commercial itinérant / Commerciale itinérante en entreprise de commerce de gros";Entreprise susceptible de recruter (candidature spontanée);;;Apprentissage, Professionnalisation;;;38813101300129;5;https://labonnealternance.apprentissage.beta.gouv.fr/emploi/recruteurs_lba/38813101300129/veolia-wts-france
WORLD DRIVER;MCO;Saint-Maurice;94410;5 rue Saint Louis 94410 SAINT-MAURICE;Autres activités de soutien aux entreprises n.c.a.;Animateur / Animatrice des ventes;Entreprise susceptible de recruter (candidature spontanée);;;Apprentissage, Professionnalisation;;;88260437400018;1;https://labonnealternance.apprentissage.beta.gouv.fr/emploi/recruteurs_lba/88260437400018/world-driver
YC HAUSSMANN;MCO;Saint-Maurice;94410;12 RUE MAURICE GREDAT 94410 SAINT-MAURICE;Boulangerie et boulangerie-pâtisserie;Vendeur / Vendeuse en épicerie;Entreprise susceptible de recruter (candidature spontanée);;;Apprentissage, Professionnalisation;;;90816604400010;1;https://labonnealternance.apprentissage.beta.gouv.fr/emploi/recruteurs_lba/90816604400010/yc-haussmann
YC PARMENTIER;MCO;Saint-Maurice;94410;12 RUE MAURICE GREDAT 94410 SAINT-MAURICE;Boulangerie et boulangerie-pâtisserie;Vendeur / Vendeuse en épicerie;Entreprise susceptible de recruter (candidature spontanée);;;Apprentissage, Professionnalisation;;;95167442300011;1;https://labonnealternance.apprentissage.beta.gouv.fr/emploi/recruteurs_lba/95167442300011/yc-parmentier
C.S.M. IMMOBILIER;NDRC;Santeny;94440;RUE CAMILLE SAINT SAENS 94440 SANTENY;Agences immobilières;Conseiller / Conseillère immobilier;Entreprise susceptible de recruter (candidature spontanée);;;Apprentissage, Professionnalisation;;;34284494100027;1;https://labonnealternance.apprentissage.beta.gouv.fr/emploi/recruteurs_lba/34284494100027/c-s-m-immobilier
LA MAISON D'ORIENT;NDRC;Santeny;94440;3 AVENUE DES ERABLES 94440 SANTENY;Commerce de gros (commerce interentreprises) non spécialisé;"Technico-commercial / Technico-commerciale ; Assistant commercial / Assistante commerciale ; Conseiller / Conseillère en gestion de patrimoine";Entreprise susceptible de recruter (candidature spontanée);;;Apprentissage, Professionnalisation;;;48170097900026;3;https://labonnealternance.apprentissage.beta.gouv.fr/emploi/recruteurs_lba/48170097900026/la-maison-d-orient
LE MAITRE SAVONNIER;NDRC;Santeny;94440;3 avenue des Erables 94440 SANTENY;Fabrication de savons, détergents et produits d'entretien;Commercial / Commerciale grands comptes et entreprises;Entreprise susceptible de recruter (candidature spontanée);;;Apprentissage, Professionnalisation;;;80383424100017;1;https://labonnealternance.apprentissage.beta.gouv.fr/emploi/recruteurs_lba/80383424100017/le-maitre-savonnier
LIDL;MCO;Santeny;94440;LA BUTTE GAYEN 94440 SANTENY;Supermarchés;"Employé / Employée de rayon libre-service ; Directeur / Directrice de magasin de grande distribution ; Hôte / Hôtesse de caisse ; Responsable de caisses ; Chef / Cheffe de rayon produits alimentaires";Entreprise susceptible de recruter (candidature spontanée);;;Apprentissage, Professionnalisation;;;34326262222556;5;https://labonnealternance.apprentissage.beta.gouv.fr/emploi/recruteurs_lba/34326262222556/lidl
LES ETERNELLES;MCO;St Maur Des Fosses;94100;2 AVENUE CHARLES DE GAULLE 94100 ST MAUR DES FOSSES;Boulangerie et boulangerie-pâtisserie;Vendeur / Vendeuse en épicerie;Entreprise susceptible de recruter (candidature spontanée);;;Apprentissage, Professionnalisation;;;75190135600012;1;https://labonnealternance.apprentissage.beta.gouv.fr/emploi/recruteurs_lba/75190135600012/les-eternelles
ALLIANZ;NDRC;Sucy-En-Brie;94370;10 RUE DU MOUTIER 94370 SUCY-EN-BRIE;Activités des agents et courtiers d'assurances;"Conseiller / Conseillère en assurances ; Conseiller / Conseillère en gestion de patrimoine";Entreprise susceptible de recruter (candidature spontanée);;;Apprentissage, Professionnalisation;;;89453722400012;2;https://labonnealternance.apprentissage.beta.gouv.fr/emploi/recruteurs_lba/89453722400012/allianz
Alternance Conseiller Commercial - Sucy-en-Brie (F/H);NDRC;Sucy-En-Brie;94370;94370 Sucy-en-Brie;;Alternance Conseiller Commercial - Sucy-en-Brie (F/H);Offre partenaire (France Travail…);Alternance Conseiller Commercial - Sucy-en-Brie (F/H);;Professionnalisation;2026-09-19;;;1;https://labonnealternance.apprentissage.beta.gouv.fr/emploi/offres_emploi_partenaires/6aaf0a669b5a0cfb25b05115/alternance-conseiller-commercial-sucy-en-brie-f-h
AUCHAN SUPERMARCHE;MCO;Sucy-En-Brie;94370;AVENUE DU FORT 94370 SUCY-EN-BRIE;Supermarchés;"Employé / Employée de rayon libre-service ; Directeur / Directrice de magasin de grande distribution ; Hôte / Hôtesse de caisse ; Responsable de caisses ; Chef / Cheffe de rayon produits alimentaires";Entreprise susceptible de recruter (candidature spontanée);;;Apprentissage, Professionnalisation;;;41040901500089;5;https://labonnealternance.apprentissage.beta.gouv.fr/emploi/recruteurs_lba/41040901500089/auchan-supermarche
AUX GOURMETS SUCYCIENS;MCO;Sucy-En-Brie;94370;5 PLACE DE LA GARE 94370 SUCY-EN-BRIE;Boulangerie et boulangerie-pâtisserie;Vendeur / Vendeuse en épicerie;Entreprise susceptible de recruter (candidature spontanée);;;Apprentissage, Professionnalisation;;;89282629800010;1;https://labonnealternance.apprentissage.beta.gouv.fr/emploi/recruteurs_lba/89282629800010/aux-gourmets-sucyciens
AUX TROIS PETITS MITRONS;MCO;Sucy-En-Brie;94370;2 BOULEVARD LOUIS BOON 94370 SUCY-EN-BRIE;Boulangerie et boulangerie-pâtisserie;Vendeur / Vendeuse en épicerie;Entreprise susceptible de recruter (candidature spontanée);;;Apprentissage, Professionnalisation;;;49315271400025;1;https://labonnealternance.apprentissage.beta.gouv.fr/emploi/recruteurs_lba/49315271400025/aux-trois-petits-mitrons
BNP Paribas;NDRC;Sucy-En-Brie;94370;rue Maurice Berteaux 94370 SUCY-EN-BRIE;Autres intermédiations monétaires;"Conseiller / Conseillère de clientèle bancaire ; Chargé / Chargée d'accueil en banque ; Conseiller / Conseillère en gestion de patrimoine";Entreprise susceptible de recruter (candidature spontanée);;;Apprentissage, Professionnalisation;;;66204244918776;3;https://labonnealternance.apprentissage.beta.gouv.fr/emploi/recruteurs_lba/66204244918776/bnp-paribas
BOULANGERIE DU MARCHE;MCO;Sucy-En-Brie;94370;2 PLACE DU CLOS PACY 94370 SUCY-EN-BRIE;Boulangerie et boulangerie-pâtisserie;Vendeur / Vendeuse en épicerie;Entreprise susceptible de recruter (candidature spontanée);;;Apprentissage, Professionnalisation;;;84861255200010;1;https://labonnealternance.apprentissage.beta.gouv.fr/emploi/recruteurs_lba/84861255200010/boulangerie-du-marche
EQUILIBRE;MCO;Sucy-En-Brie;94370;8 RUE BENJAMIN FRANKLIN 94370 SUCY-EN-BRIE;Études de marché et sondages;Chef / Cheffe de promotion des ventes;Entreprise susceptible de recruter (candidature spontanée);;;Apprentissage, Professionnalisation;;;42074140700043;1;https://labonnealternance.apprentissage.beta.gouv.fr/emploi/recruteurs_lba/42074140700043/equilibre
FOODING COMPANY;MCO + NDRC;Sucy-En-Brie;94370;Rue Magellan 94370 Sucy-en-Brie;Autres intermédiaires du commerce en produits divers;"Vendeur / Vendeuse automobile ; Conseiller commercial / Conseillère commerciale auprès des particuliers ; Responsable Commercial / Commerciale ; Attaché commercial / Attachée commerciale";Entreprise susceptible de recruter (candidature spontanée);;;Apprentissage, Professionnalisation;;;53880278600029;4;https://labonnealternance.apprentissage.beta.gouv.fr/emploi/recruteurs_lba/53880278600029/fooding-company
G20;MCO;Sucy-En-Brie;94370;1 place de la Fraternite 94370 SUCY-EN-BRIE;Supérettes;"Employé / Employée de rayon libre-service ; Hôte / Hôtesse de caisse ; Directeur / Directrice de magasin de grande distribution ; Vendeur / Vendeuse en épicerie ; Responsable de caisses ; Chef / Cheffe de rayon produits alimentaires";Entreprise susceptible de recruter (candidature spontanée);;;Apprentissage, Professionnalisation;;;79197494200025;6;https://labonnealternance.apprentissage.beta.gouv.fr/emploi/recruteurs_lba/79197494200025/g20
GARCI SPORT;MCO + NDRC;Sucy-En-Brie;94370;8 RUE DU TEMPLE 94370 SUCY-EN-BRIE;Commerce de détail d'articles de sport en magasin spécialisé;"Vendeur / Vendeuse d'articles de sport et loisirs ; Hôte / Hôtesse de caisse ; Chef / Cheffe de rayon de produits non alimentaires ; Vendeur / Vendeuse en prêt-à-porter ; Vendeur / Vendeuse grossiste en équipement du foyer";Entreprise susceptible de recruter (candidature spontanée);;;Apprentissage, Professionnalisation;;;79140627500010;5;https://labonnealternance.apprentissage.beta.gouv.fr/emploi/recruteurs_lba/79140627500010/garci-sport
GFF;NDRC;Sucy-En-Brie;94370;7 rue Benjamin Franklin 94370 SUCY-EN-BRIE;Commerce de gros (commerce interentreprises) de fournitures et équipements industriels divers;"Technico-commercial / Technico-commerciale ; Attaché commercial / Attachée commerciale";Entreprise susceptible de recruter (candidature spontanée);;;Apprentissage, Professionnalisation;;;55213029600791;2;https://labonnealternance.apprentissage.beta.gouv.fr/emploi/recruteurs_lba/55213029600791/gff
L AGENCE DU CHATEAU;NDRC;Sucy-En-Brie;94370;13 rue Guy Moquet 94370 SUCY-EN-BRIE;Agences immobilières;Conseiller / Conseillère immobilier;Entreprise susceptible de recruter (candidature spontanée);;;Apprentissage, Professionnalisation;;;84903312100039;1;https://labonnealternance.apprentissage.beta.gouv.fr/emploi/recruteurs_lba/84903312100039/l-agence-du-chateau
La Poste;NDRC;Sucy-En-Brie;94370;1 rue Maurice Berteaux 94370 SUCY-EN-BRIE;Activités de poste dans le cadre d'une obligation de service universel;Responsable relation client (CRM);Entreprise susceptible de recruter (candidature spontanée);;;Apprentissage, Professionnalisation;;;35600000070216;1;https://labonnealternance.apprentissage.beta.gouv.fr/emploi/recruteurs_lba/35600000070216/la-poste
LAFORET IMMOBILIER;NDRC;Sucy-En-Brie;94370;8 rue du Temple 94370 SUCY-EN-BRIE;Agences immobilières;Conseiller / Conseillère immobilier;Entreprise susceptible de recruter (candidature spontanée);;;Apprentissage, Professionnalisation;;;98420884300016;1;https://labonnealternance.apprentissage.beta.gouv.fr/emploi/recruteurs_lba/98420884300016/laforet-immobilier
LE FOURNIL ST HONORE;MCO;Sucy-En-Brie;94370;6 place de la Gare 94370 SUCY-EN-BRIE;Boulangerie et boulangerie-pâtisserie;Vendeur / Vendeuse en épicerie;Entreprise susceptible de recruter (candidature spontanée);;;Apprentissage, Professionnalisation;;;97792086700016;1;https://labonnealternance.apprentissage.beta.gouv.fr/emploi/recruteurs_lba/97792086700016/le-fournil-st-honore
LE JARDIN DES FLEURS;MCO;Sucy-En-Brie;94370;13 rue du Temple 94370 SUCY-EN-BRIE;Commerce de détail de fleurs, plantes, graines, engrais, animaux de compagnie et aliments pour ces animaux en magasin spécialisé;"Responsable de boutique ; Vendeur / Vendeuse conseil en jardinerie ; Vendeur / Vendeuse en animalerie ; Hôte / Hôtesse de caisse ; Chef / Cheffe de rayon de produits non alimentaires";Entreprise susceptible de recruter (candidature spontanée);;;Apprentissage, Professionnalisation;;;79928692700014;5;https://labonnealternance.apprentissage.beta.gouv.fr/emploi/recruteurs_lba/79928692700014/le-jardin-des-fleurs
LES TRESORS DE CELINE;NDRC;Sucy-En-Brie;94370;31 RUE DU MOUTIER 94370 SUCY-EN-BRIE;Autres commerces de détail spécialisés divers;Responsable relation client (CRM);Entreprise susceptible de recruter (candidature spontanée);;;Apprentissage, Professionnalisation;;;50484296400034;1;https://labonnealternance.apprentissage.beta.gouv.fr/emploi/recruteurs_lba/50484296400034/les-tresors-de-celine
LOC-H24;NDRC;Sucy-En-Brie;94370;61 rue de la Fosse Rouge 94370 SUCY-EN-BRIE;Location de courte durée de voitures et de véhicules automobiles légers;"Agent technico-commercial / Agente technico-commerciale en location de véhicules ; Conseiller / Conseillère client après-vente des véhicules";Entreprise susceptible de recruter (candidature spontanée);;;Apprentissage, Professionnalisation;;;91841636300011;2;https://labonnealternance.apprentissage.beta.gouv.fr/emploi/recruteurs_lba/91841636300011/loc-h24
MEDIASCORE FOOD;MCO;Sucy-En-Brie;94370;22 rue Magellan 94370 SUCY-EN-BRIE;Commerce de gros (commerce interentreprises) alimentaire spécialisé divers;"Chef / Cheffe de secteur magasin ; Chef / Cheffe de promotion des ventes";Entreprise susceptible de recruter (candidature spontanée);;;Apprentissage, Professionnalisation;;;34028957800056;2;https://labonnealternance.apprentissage.beta.gouv.fr/emploi/recruteurs_lba/34028957800056/mediascore-food
MICROMANIA;MCO + NDRC;Sucy-En-Brie;94370;7 avenue du bouton d or 94370 SUCY-EN-BRIE;COMMERCE DE GROS (COMMERCE INTERENTREPRISES) D'AUTRES BIENS DOMESTIQUES;"Assistant / Assistante administration des ventes ; Assistant commercial / Assistante commerciale";Entreprise susceptible de recruter (candidature spontanée);;;Apprentissage, Professionnalisation;;;41809639204986;2;https://labonnealternance.apprentissage.beta.gouv.fr/emploi/recruteurs_lba/41809639204986/micromania
NDE IMMOBILIER;NDRC;Sucy-En-Brie;94370;8 RUE DU TEMPLE 94370 SUCY-EN-BRIE;Agences immobilières;Conseiller / Conseillère immobilier;Entreprise susceptible de recruter (candidature spontanée);;;Apprentissage, Professionnalisation;;;84363214200017;1;https://labonnealternance.apprentissage.beta.gouv.fr/emploi/recruteurs_lba/84363214200017/nde-immobilier
POINT P;NDRC;Sucy-En-Brie;94370;12 rue Louis Thebault 94370 SUCY-EN-BRIE;Commerce de gros (commerce interentreprises) de bois et de matériaux de construction;"Technico-commercial / Technico-commerciale ; Commercial itinérant / Commerciale itinérante en entreprise de commerce de gros";Entreprise susceptible de recruter (candidature spontanée);;;Apprentissage, Professionnalisation;;;69568010802217;2;https://labonnealternance.apprentissage.beta.gouv.fr/emploi/recruteurs_lba/69568010802217/point-p
PRES'TIGES FLEURS;MCO;Sucy-En-Brie;94370;2 BOULEVARD LOUIS BOON 94370 SUCY-EN-BRIE;Commerce de détail de fleurs, plantes, graines, engrais, animaux de compagnie et aliments pour ces animaux en magasin spécialisé;"Responsable de boutique ; Vendeur / Vendeuse conseil en jardinerie ; Vendeur / Vendeuse en animalerie ; Hôte / Hôtesse de caisse ; Chef / Cheffe de rayon de produits non alimentaires";Entreprise susceptible de recruter (candidature spontanée);;;Apprentissage, Professionnalisation;;;81424792000014;5;https://labonnealternance.apprentissage.beta.gouv.fr/emploi/recruteurs_lba/81424792000014/pres-tiges-fleurs
S.I.D.E.;MCO + NDRC;Sucy-En-Brie;94370;1 AVENUE DU BOUTON D OR 94370 SUCY-EN-BRIE;COMMERCE DE GROS (COMMERCE INTERENTREPRISES) D'AUTRES BIENS DOMESTIQUES;"Assistant / Assistante administration des ventes ; Assistant commercial / Assistante commerciale";Entreprise susceptible de recruter (candidature spontanée);;;Apprentissage, Professionnalisation;;;31848921800061;2;https://labonnealternance.apprentissage.beta.gouv.fr/emploi/recruteurs_lba/31848921800061/s-i-d-e
SOCIETE GENERALE;NDRC;Sucy-En-Brie;94370;2B RUE MAURICE BERTEAUX 94370 SUCY-EN-BRIE;Autres intermédiations monétaires;"Conseiller / Conseillère de clientèle bancaire ; Chargé / Chargée d'accueil en banque ; Conseiller / Conseillère en gestion de patrimoine";Entreprise susceptible de recruter (candidature spontanée);;;Apprentissage, Professionnalisation;;;55212022216811;3;https://labonnealternance.apprentissage.beta.gouv.fr/emploi/recruteurs_lba/55212022216811/societe-generale
SUCY AUTO MOBILITE;MCO + NDRC;Sucy-En-Brie;94370;46 avenue Winston Churchill 94370 SUCY-EN-BRIE;Commerce de voitures et de véhicules automobiles légers;"Vendeur / Vendeuse automobile ; Conseiller / Conseillère client après-vente des véhicules";Entreprise susceptible de recruter (candidature spontanée);;;Apprentissage, Professionnalisation;;;48516795100030;2;https://labonnealternance.apprentissage.beta.gouv.fr/emploi/recruteurs_lba/48516795100030/sucy-auto-mobilite
A A R S IMMO;NDRC;Thiais;94320;1 AVENUE RENE PANHARD 94320 THIAIS;Agences immobilières;Conseiller / Conseillère immobilier;Entreprise susceptible de recruter (candidature spontanée);;;Apprentissage, Professionnalisation;;;42144863000010;1;https://labonnealternance.apprentissage.beta.gouv.fr/emploi/recruteurs_lba/42144863000010/a-a-r-s-immo
Action;MCO;Thiais;94320;39 RUE DE LA RESISTANCE 94320 THIAIS;Autres commerces de détail en magasin non spécialisé;"Employé / Employée de rayon libre-service ; Responsable de boutique ; Hôte / Hôtesse de caisse ; Directeur / Directrice de magasin de grande distribution ; Chef / Cheffe de rayon de produits non alimentaires ; Chef / Cheffe de rayon produits alimentaires";Entreprise susceptible de recruter (candidature spontanée);;;Apprentissage, Professionnalisation;;;75330823804761;6;https://labonnealternance.apprentissage.beta.gouv.fr/emploi/recruteurs_lba/75330823804761/action
Adopt';MCO;Thiais;94320;AVENUE DU LUXEMBOURG 94320 THIAIS;Commerce de détail de parfumerie et de produits de beauté en magasin spécialisé;"Responsable de boutique ; Employé / Employée de rayon libre-service";Entreprise susceptible de recruter (candidature spontanée);;;Apprentissage, Professionnalisation;;;35183740601813;2;https://labonnealternance.apprentissage.beta.gouv.fr/emploi/recruteurs_lba/35183740601813/adopt
AGENCE COMMERCIALE;MCO;Thiais;94320;94320 Thiais;Commerce de détail de matériels de télécommunication en magasin spécialisé;"Vendeur / Vendeuse en équipement de la maison ; Conseiller vendeur / Conseillère vendeuse à domicile ; Chef / Cheffe de rayon de produits non alimentaires";Entreprise susceptible de recruter (candidature spontanée);;;Apprentissage, Professionnalisation;;;38012986639715;3;https://labonnealternance.apprentissage.beta.gouv.fr/emploi/recruteurs_lba/38012986639715/agence-commerciale
ALLIANCE ROCKS;NDRC;Thiais;94320;3 avenue du General De Gaulle 94320 THIAIS;Agences immobilières;Conseiller / Conseillère immobilier;Entreprise susceptible de recruter (candidature spontanée);;;Apprentissage, Professionnalisation;;;91030095300015;1;https://labonnealternance.apprentissage.beta.gouv.fr/emploi/recruteurs_lba/91030095300015/alliance-rocks
Az France;NDRC;Thiais;94320;18 RUE DU PUITS DIXME 94320 THIAIS;Commerce de gros (commerce interentreprises) de fruits et légumes;Commercial itinérant / Commerciale itinérante en entreprise de commerce de gros;Entreprise susceptible de recruter (candidature spontanée);;;Apprentissage, Professionnalisation;;;58202802300049;1;https://labonnealternance.apprentissage.beta.gouv.fr/emploi/recruteurs_lba/58202802300049/az-france
BERSHKA;MCO;Thiais;94320;94320 Thiais;Commerce de détail d'habillement en magasin spécialisé;"Vendeur / Vendeuse en prêt-à-porter ; Responsable de boutique ; Hôte / Hôtesse de caisse ; Directeur / Directrice de magasin de grande distribution";Entreprise susceptible de recruter (candidature spontanée);;;Apprentissage, Professionnalisation;;;44361772500132;4;https://labonnealternance.apprentissage.beta.gouv.fr/emploi/recruteurs_lba/44361772500132/bershka
Bertrand Retail;MCO + NDRC;Thiais;94320;94320 Thiais;Activités des sociétés holding;"Alternance Conseiller Vente - Spécialiste Café H/F ; Conseiller commercial / Conseillère commerciale auprès des particuliers";Offre partenaire (France Travail…);Alternance Conseiller Vente - Spécialiste Café H/F;BTS, DEUST (Bac+2);Apprentissage, Professionnalisation;2026-09-22;;;2;https://labonnealternance.apprentissage.beta.gouv.fr/emploi/offres_emploi_partenaires/6ab44d7168233dbb8f69f3be/alternance-conseiller-vente-specialiste-cafe-h-f
Bleu Libellule;NDRC;Thiais;94320;AVENUE DU LUXEMBOURG 94320 THIAIS;Autres commerces de détail spécialisés divers;Responsable relation client (CRM);Entreprise susceptible de recruter (candidature spontanée);;;Apprentissage, Professionnalisation;;;52388562200291;1;https://labonnealternance.apprentissage.beta.gouv.fr/emploi/recruteurs_lba/52388562200291/bleu-libellule
BODY'MINUTE;NDRC;Thiais;94320;94320 Thiais;LOCATION DE TERRAINS ET D'AUTRES BIENS IMMOBILIERS;"Conseiller / Conseillère immobilier ; Conseiller commercial / Conseillère commerciale auprès des particuliers";Entreprise susceptible de recruter (candidature spontanée);;;Apprentissage, Professionnalisation;;;41328149400414;2;https://labonnealternance.apprentissage.beta.gouv.fr/emploi/recruteurs_lba/41328149400414/body-minute
BOUCHERIE DEL PAIS;MCO + NDRC;Thiais;94320;10 place du Marche 94320 THIAIS;Commerce de détail de viandes et de produits à base de viande en magasin spécialisé;"Vendeur / Vendeuse en épicerie ; Vendeur / Vendeuse grossiste en produits frais";Entreprise susceptible de recruter (candidature spontanée);;;Apprentissage, Professionnalisation;;;43765905500010;2;https://labonnealternance.apprentissage.beta.gouv.fr/emploi/recruteurs_lba/43765905500010/boucherie-del-pais
Boulanger;MCO + NDRC;Thiais;94320;94320 Thiais;Commerce de détail d'appareils électroménagers en magasin spécialisé;"Vendeur / Vendeuse en équipement de la maison ; Conseiller commercial / Conseillère commerciale auprès des particuliers ; Responsable relation client (CRM)";Entreprise susceptible de recruter (candidature spontanée);;;Apprentissage, Professionnalisation;;;34738457001415;3;https://labonnealternance.apprentissage.beta.gouv.fr/emploi/recruteurs_lba/34738457001415/boulanger
BOULANGERIE MES AMIS;MCO;Thiais;94320;14 avenue Rene Panhard 94320 THIAIS;Boulangerie et boulangerie-pâtisserie;Vendeur / Vendeuse en épicerie;Entreprise susceptible de recruter (candidature spontanée);;;Apprentissage, Professionnalisation;;;91279616600011;1;https://labonnealternance.apprentissage.beta.gouv.fr/emploi/recruteurs_lba/91279616600011/boulangerie-mes-amis
BSR;MCO;Thiais;94320;99 AVENUE RENE PANHARD 94320 THIAIS;Supérettes;"Employé / Employée de rayon libre-service ; Hôte / Hôtesse de caisse ; Directeur / Directrice de magasin de grande distribution ; Vendeur / Vendeuse en épicerie ; Responsable de caisses ; Chef / Cheffe de rayon produits alimentaires";Entreprise susceptible de recruter (candidature spontanée);;;Apprentissage, Professionnalisation;;;40949193300019;6;https://labonnealternance.apprentissage.beta.gouv.fr/emploi/recruteurs_lba/40949193300019/bsr
Carrefour;NDRC;Thiais;94320;94320 Thiais;LOCATION DE TERRAINS ET D'AUTRES BIENS IMMOBILIERS;"Conseiller / Conseillère immobilier ; Conseiller commercial / Conseillère commerciale auprès des particuliers";Entreprise susceptible de recruter (candidature spontanée);;;Apprentissage, Professionnalisation;;;45132133500882;2;https://labonnealternance.apprentissage.beta.gouv.fr/emploi/recruteurs_lba/45132133500882/carrefour
Carrefour;MCO;Thiais;94320;centre Commercial Belle Epine 94320 THIAIS;Hypermarchés;"Employé / Employée de rayon libre-service ; Hôte / Hôtesse de caisse ; Chef / Cheffe de rayon produits alimentaires ; Vendeur / Vendeuse en épicerie";Entreprise susceptible de recruter (candidature spontanée);;;Apprentissage, Professionnalisation;;;98744436100024;4;https://labonnealternance.apprentissage.beta.gouv.fr/emploi/recruteurs_lba/98744436100024/carrefour
CARREFOUR EXPRESS;MCO;Thiais;94320;31 rue Paul Cezanne 94320 THIAIS;Supermarchés;"Employé / Employée de rayon libre-service ; Directeur / Directrice de magasin de grande distribution ; Hôte / Hôtesse de caisse ; Responsable de caisses ; Chef / Cheffe de rayon produits alimentaires";Entreprise susceptible de recruter (candidature spontanée);;;Apprentissage, Professionnalisation;;;50461139300035;5;https://labonnealternance.apprentissage.beta.gouv.fr/emploi/recruteurs_lba/50461139300035/carrefour-express
CASTEL FRERES;NDRC;Thiais;94320;1 RUE DES OLIVIERS 94320 THIAIS;Commerce de gros (commerce interentreprises) de boissons;Commercial / Commerciale export;Entreprise susceptible de recruter (candidature spontanée);;;Apprentissage, Professionnalisation;;;48228369400032;1;https://labonnealternance.apprentissage.beta.gouv.fr/emploi/recruteurs_lba/48228369400032/castel-freres
CHR CAFFE;NDRC;Thiais;94320;24 RUE DU TRAVY 94320 THIAIS;Commerce de gros (commerce interentreprises) de fournitures et équipements divers pour le commerce et les services;"Cadre Technico-commercial / Technico-commerciale ; Technico-commercial / Technico-commerciale ; Assistant commercial / Assistante commerciale";Entreprise susceptible de recruter (candidature spontanée);;;Apprentissage, Professionnalisation;;;34392339700024;3;https://labonnealternance.apprentissage.beta.gouv.fr/emploi/recruteurs_lba/34392339700024/chr-caffe
COPROM;NDRC;Thiais;94320;9 avenue de l Europe 94320 THIAIS;Promotion immobilière de logements;Chargé / Chargée d'affaires immobilières;Entreprise susceptible de recruter (candidature spontanée);;;Apprentissage, Professionnalisation;;;89184875600013;1;https://labonnealternance.apprentissage.beta.gouv.fr/emploi/recruteurs_lba/89184875600013/coprom
COURIR;MCO;Thiais;94320;212 AVENUE DU LUXEMBOURG 94320 THIAIS;Commerce de détail de la chaussure;"Responsable de boutique ; Vendeur / Vendeuse en prêt-à-porter ; Vendeur / Vendeuse d'articles de sport et loisirs ; Gérant / Gérante de magasin d'alimentation générale ; Directeur / Directrice de magasin de grande distribution";Entreprise susceptible de recruter (candidature spontanée);;;Apprentissage, Professionnalisation;;;42855996702723;5;https://labonnealternance.apprentissage.beta.gouv.fr/emploi/recruteurs_lba/42855996702723/courir
Darjeeling;MCO;Thiais;94320;94320 Thiais;Commerce de détail d'habillement en magasin spécialisé;"Vendeur / Vendeuse en prêt-à-porter ; Responsable de boutique ; Hôte / Hôtesse de caisse ; Directeur / Directrice de magasin de grande distribution";Entreprise susceptible de recruter (candidature spontanée);;;Apprentissage, Professionnalisation;;;39925851601164;4;https://labonnealternance.apprentissage.beta.gouv.fr/emploi/recruteurs_lba/39925851601164/darjeeling
DECATHLON;MCO + NDRC;Thiais;94320;39 RUE DE LA RESISTANCE 94320 THIAIS;Commerce de détail d'articles de sport en magasin spécialisé;"Vendeur / Vendeuse d'articles de sport et loisirs ; Hôte / Hôtesse de caisse ; Chef / Cheffe de rayon de produits non alimentaires ; Vendeur / Vendeuse en prêt-à-porter ; Vendeur / Vendeuse grossiste en équipement du foyer";Entreprise susceptible de recruter (candidature spontanée);;;Apprentissage, Professionnalisation;;;50056940500722;5;https://labonnealternance.apprentissage.beta.gouv.fr/emploi/recruteurs_lba/50056940500722/decathlon
DEICHMANN CHAUSSURES;MCO;Thiais;94320;AVENUE DU LUXEMBOURG 94320 THIAIS;Commerce de détail de la chaussure;"Responsable de boutique ; Vendeur / Vendeuse en prêt-à-porter ; Vendeur / Vendeuse d'articles de sport et loisirs ; Gérant / Gérante de magasin d'alimentation générale ; Directeur / Directrice de magasin de grande distribution";Entreprise susceptible de recruter (candidature spontanée);;;Apprentissage, Professionnalisation;;;82436016800168;5;https://labonnealternance.apprentissage.beta.gouv.fr/emploi/recruteurs_lba/82436016800168/deichmann-chaussures
DS-FRANCE;NDRC;Thiais;94320;13 rue des Alouettes 94320 THIAIS;Activités des sociétés holding;Conseiller / Conseillère immobilier;Entreprise susceptible de recruter (candidature spontanée);;;Apprentissage, Professionnalisation;;;41372492300011;1;https://labonnealternance.apprentissage.beta.gouv.fr/emploi/recruteurs_lba/41372492300011/ds-france
E-GUICHET CARTES GRISES;MCO + NDRC;Thiais;94320;119 BOULEVARD DE STALINGRAD 94320 THIAIS;Commerce de voitures et de véhicules automobiles légers;"Vendeur / Vendeuse automobile ; Conseiller / Conseillère client après-vente des véhicules";Entreprise susceptible de recruter (candidature spontanée);;;Apprentissage, Professionnalisation;;;82871306500021;2;https://labonnealternance.apprentissage.beta.gouv.fr/emploi/recruteurs_lba/82871306500021/e-guichet-cartes-grises
ELECTRO DEPOT FRANCE;MCO + NDRC;Thiais;94320;10 RUE DES ALOUETTES 94320 THIAIS;Commerce de détail d'appareils électroménagers en magasin spécialisé;"Vendeur / Vendeuse en équipement de la maison ; Conseiller commercial / Conseillère commerciale auprès des particuliers ; Responsable relation client (CRM)";Entreprise susceptible de recruter (candidature spontanée);;;Apprentissage, Professionnalisation;;;43374453900449;3;https://labonnealternance.apprentissage.beta.gouv.fr/emploi/recruteurs_lba/43374453900449/electro-depot-france
ETABLISSEMENTS DARTY ET FILS;MCO + NDRC;Thiais;94320;94320 Thiais;Commerce de détail d'appareils électroménagers en magasin spécialisé;"Vendeur / Vendeuse en équipement de la maison ; Conseiller commercial / Conseillère commerciale auprès des particuliers ; Responsable relation client (CRM)";Entreprise susceptible de recruter (candidature spontanée);;;Apprentissage, Professionnalisation;;;54208661601223;3;https://labonnealternance.apprentissage.beta.gouv.fr/emploi/recruteurs_lba/54208661601223/etablissements-darty-et-fils
ETAM LINGERIE;MCO;Thiais;94320;94320 Thiais;Commerce de détail d'habillement en magasin spécialisé;"Vendeur / Vendeuse en prêt-à-porter ; Responsable de boutique ; Hôte / Hôtesse de caisse ; Directeur / Directrice de magasin de grande distribution";Entreprise susceptible de recruter (candidature spontanée);;;Apprentissage, Professionnalisation;;;47835575302611;4;https://labonnealternance.apprentissage.beta.gouv.fr/emploi/recruteurs_lba/47835575302611/etam-lingerie
FNAC PERIPHERIE;MCO + NDRC;Thiais;94320;39 RUE DE LA RESISTANCE 94320 THIAIS;Commerce de détail de matériels audio et vidéo en magasin spécialisé;"Hôte / Hôtesse de caisse ; Vendeur / Vendeuse en équipement de la maison ; Technico-commercial / Technico-commerciale ; Chargé / Chargée de relation client";Entreprise susceptible de recruter (candidature spontanée);;;Apprentissage, Professionnalisation;;;43400195400073;4;https://labonnealternance.apprentissage.beta.gouv.fr/emploi/recruteurs_lba/43400195400073/fnac-peripherie
FOOT LOCKER;MCO;Thiais;94320;avenue du Luxembourg 94320 THIAIS;Commerce de détail de la chaussure;"Responsable de boutique ; Vendeur / Vendeuse en prêt-à-porter ; Vendeur / Vendeuse d'articles de sport et loisirs ; Gérant / Gérante de magasin d'alimentation générale ; Directeur / Directrice de magasin de grande distribution";Entreprise susceptible de recruter (candidature spontanée);;;Apprentissage, Professionnalisation;;;38240186702088;5;https://labonnealternance.apprentissage.beta.gouv.fr/emploi/recruteurs_lba/38240186702088/foot-locker
GARAGE DE LA SENIA;NDRC;Thiais;94320;17 RUE DES ALOUETTES 94320 THIAIS;Entretien et réparation d'autres véhicules automobiles;Conseiller / Conseillère client après-vente des véhicules;Entreprise susceptible de recruter (candidature spontanée);;;Apprentissage, Professionnalisation;;;30955315400035;1;https://labonnealternance.apprentissage.beta.gouv.fr/emploi/recruteurs_lba/30955315400035/garage-de-la-senia
GARAGE DE THIAIS;MCO + NDRC;Thiais;94320;109 avenue du General De Gaulle 94320 THIAIS;Commerce de voitures et de véhicules automobiles légers;"Vendeur / Vendeuse automobile ; Conseiller / Conseillère client après-vente des véhicules";Entreprise susceptible de recruter (candidature spontanée);;;Apprentissage, Professionnalisation;;;81242175800010;2;https://labonnealternance.apprentissage.beta.gouv.fr/emploi/recruteurs_lba/81242175800010/garage-de-thiais
GEOX;MCO;Thiais;94320;94320 Thiais;Commerce de détail de la chaussure;"Responsable de boutique ; Vendeur / Vendeuse en prêt-à-porter ; Vendeur / Vendeuse d'articles de sport et loisirs ; Gérant / Gérante de magasin d'alimentation générale ; Directeur / Directrice de magasin de grande distribution";Entreprise susceptible de recruter (candidature spontanée);;;Apprentissage, Professionnalisation;;;41088291400287;5;https://labonnealternance.apprentissage.beta.gouv.fr/emploi/recruteurs_lba/41088291400287/geox
GIE WENG PHAT;MCO;Thiais;94320;15 RUE DU PUITS DIXME 94320 THIAIS;Autres activités de soutien aux entreprises n.c.a.;Animateur / Animatrice des ventes;Entreprise susceptible de recruter (candidature spontanée);;;Apprentissage, Professionnalisation;;;33328648200026;1;https://labonnealternance.apprentissage.beta.gouv.fr/emploi/recruteurs_lba/33328648200026/gie-weng-phat
H&M;MCO;Thiais;94320;94320 Thiais;Commerce de détail d'habillement en magasin spécialisé;"Vendeur / Vendeuse en prêt-à-porter ; Responsable de boutique ; Hôte / Hôtesse de caisse ; Directeur / Directrice de magasin de grande distribution";Entreprise susceptible de recruter (candidature spontanée);;;Apprentissage, Professionnalisation;;;39897931002285;4;https://labonnealternance.apprentissage.beta.gouv.fr/emploi/recruteurs_lba/39897931002285/h-m
HISTOIRE D'OR - LA BOUTIQUE;MCO;Thiais;94320;94320 Thiais;Commerce de détail d'articles d'horlogerie et de bijouterie en magasin spécialisé;"Vendeur / Vendeuse en prêt-à-porter ; Conseiller vendeur / Conseillère vendeuse à domicile ; Responsable de boutique";Entreprise susceptible de recruter (candidature spontanée);;;Apprentissage, Professionnalisation;;;37958790000513;3;https://labonnealternance.apprentissage.beta.gouv.fr/emploi/recruteurs_lba/37958790000513/histoire-d-or-la-boutique
ICI TON PNEU;MCO + NDRC;Thiais;94320;39 boulevard de Stalingrad 94320 THIAIS;Commerce de détail d'équipements automobiles;"Conseiller / Conseillère de vente en pièces de rechange et accessoires de véhicules ; Conseiller / Conseillère client après-vente des véhicules";Entreprise susceptible de recruter (candidature spontanée);;;Apprentissage, Professionnalisation;;;88853333800024;2;https://labonnealternance.apprentissage.beta.gouv.fr/emploi/recruteurs_lba/88853333800024/ici-ton-pneu
INTERMARCHE;MCO;Thiais;94320;53 rue Helene Muller 94320 THIAIS;Commerce d'alimentation générale;"Employé / Employée de rayon libre-service ; Vendeur / Vendeuse en épicerie ; Hôte / Hôtesse de caisse ; Chef / Cheffe de rayon produits alimentaires ; Directeur / Directrice de magasin de grande distribution ; Gérant / Gérante de magasin d'alimentation générale";Entreprise susceptible de recruter (candidature spontanée);;;Apprentissage, Professionnalisation;;;83933329100020;6;https://labonnealternance.apprentissage.beta.gouv.fr/emploi/recruteurs_lba/83933329100020/intermarche
Intersport;MCO + NDRC;Thiais;94320;centre Commercial Belle Epine 94320 THIAIS;Commerce de détail d'articles de sport en magasin spécialisé;"Vendeur / Vendeuse d'articles de sport et loisirs ; Hôte / Hôtesse de caisse ; Chef / Cheffe de rayon de produits non alimentaires ; Vendeur / Vendeuse en prêt-à-porter ; Vendeur / Vendeuse grossiste en équipement du foyer";Entreprise susceptible de recruter (candidature spontanée);;;Apprentissage, Professionnalisation;;;95252028600024;5;https://labonnealternance.apprentissage.beta.gouv.fr/emploi/recruteurs_lba/95252028600024/intersport
INTIMISSIMI;NDRC;Thiais;94320;94320 Thiais;LOCATION DE TERRAINS ET D'AUTRES BIENS IMMOBILIERS;"Conseiller / Conseillère immobilier ; Conseiller commercial / Conseillère commerciale auprès des particuliers";Entreprise susceptible de recruter (candidature spontanée);;;Apprentissage, Professionnalisation;;;51509956200222;2;https://labonnealternance.apprentissage.beta.gouv.fr/emploi/recruteurs_lba/51509956200222/intimissimi
JD SPORT;MCO + NDRC;Thiais;94320;94320 Thiais;Commerce de détail d'articles de sport en magasin spécialisé;"Vendeur / Vendeuse d'articles de sport et loisirs ; Hôte / Hôtesse de caisse ; Chef / Cheffe de rayon de produits non alimentaires ; Vendeur / Vendeuse en prêt-à-porter ; Vendeur / Vendeuse grossiste en équipement du foyer";Entreprise susceptible de recruter (candidature spontanée);;;Apprentissage, Professionnalisation;;;35116448801467;5;https://labonnealternance.apprentissage.beta.gouv.fr/emploi/recruteurs_lba/35116448801467/jd-sport
JENNYFER;MCO;Thiais;94320;94320 Thiais;Commerce de détail d'habillement en magasin spécialisé;"Vendeur / Vendeuse en prêt-à-porter ; Responsable de boutique ; Hôte / Hôtesse de caisse ; Directeur / Directrice de magasin de grande distribution";Entreprise susceptible de recruter (candidature spontanée);;;Apprentissage, Professionnalisation;;;33888018002856;4;https://labonnealternance.apprentissage.beta.gouv.fr/emploi/recruteurs_lba/33888018002856/jennyfer
KIABI;MCO;Thiais;94320;AVENUE DU LUXEMBOURG 94320 THIAIS;Commerce de détail d'habillement en magasin spécialisé;"Vendeur / Vendeuse en prêt-à-porter ; Responsable de boutique ; Hôte / Hôtesse de caisse ; Directeur / Directrice de magasin de grande distribution";Entreprise susceptible de recruter (candidature spontanée);;;Apprentissage, Professionnalisation;;;34410327002987;4;https://labonnealternance.apprentissage.beta.gouv.fr/emploi/recruteurs_lba/34410327002987/kiabi
LA GRANDE RECRE;MCO + NDRC;Thiais;94320;94320 Thiais;Commerce de détail de jeux et jouets en magasin spécialisé;"Vendeur / Vendeuse de produits culturels et ludiques ; Hôte / Hôtesse de caisse ; Employé / Employée de rayon libre-service ; Responsable de boutique ; Directeur / Directrice des ventes ; Conseiller commercial / Conseillère commerciale auprès des particuliers";Entreprise susceptible de recruter (candidature spontanée);;;Apprentissage, Professionnalisation;;;95290846500562;6;https://labonnealternance.apprentissage.beta.gouv.fr/emploi/recruteurs_lba/95290846500562/la-grande-recre
LA MARO;MCO;Thiais;94320;94320 Thiais;Commerce de détail de maroquinerie et d'articles de voyage;"Vendeur / Vendeuse en prêt-à-porter ; Gérant / Gérante de magasin d'alimentation générale";Entreprise susceptible de recruter (candidature spontanée);;;Apprentissage, Professionnalisation;;;80078249200048;2;https://labonnealternance.apprentissage.beta.gouv.fr/emploi/recruteurs_lba/80078249200048/la-maro
LACOSTE;MCO;Thiais;94320;94320 Thiais;Commerce de détail d'habillement en magasin spécialisé;"Vendeur / Vendeuse en prêt-à-porter ; Responsable de boutique ; Hôte / Hôtesse de caisse ; Directeur / Directrice de magasin de grande distribution";Entreprise susceptible de recruter (candidature spontanée);;;Apprentissage, Professionnalisation;;;30725830100232;4;https://labonnealternance.apprentissage.beta.gouv.fr/emploi/recruteurs_lba/30725830100232/lacoste
LE COMPTOIR DE MATHILDE;MCO;Thiais;94320;avenue du Luxembourg 94320 THIAIS;Autres commerces de détail alimentaires en magasin spécialisé;"Vendeur / Vendeuse en épicerie ; Employé / Employée de rayon libre-service ; Chef / Cheffe de rayon produits alimentaires ; Responsable de boutique";Entreprise susceptible de recruter (candidature spontanée);;;Apprentissage, Professionnalisation;;;90186887700027;4;https://labonnealternance.apprentissage.beta.gouv.fr/emploi/recruteurs_lba/90186887700027/le-comptoir-de-mathilde
LE FOURNIL D'OR;MCO;Thiais;94320;5 rue Marcel Cerdan 94320 THIAIS;Boulangerie et boulangerie-pâtisserie;Vendeur / Vendeuse en épicerie;Entreprise susceptible de recruter (candidature spontanée);;;Apprentissage, Professionnalisation;;;91109615400016;1;https://labonnealternance.apprentissage.beta.gouv.fr/emploi/recruteurs_lba/91109615400016/le-fournil-d-or
LE JARDIN D'AMANDINE SARL;MCO;Thiais;94320;106 AVENUE DE VERSAILLES 94320 THIAIS;Commerce de détail de fleurs, plantes, graines, engrais, animaux de compagnie et aliments pour ces animaux en magasin spécialisé;"Responsable de boutique ; Vendeur / Vendeuse conseil en jardinerie ; Vendeur / Vendeuse en animalerie ; Hôte / Hôtesse de caisse ; Chef / Cheffe de rayon de produits non alimentaires";Entreprise susceptible de recruter (candidature spontanée);;;Apprentissage, Professionnalisation;;;83832953000011;5;https://labonnealternance.apprentissage.beta.gouv.fr/emploi/recruteurs_lba/83832953000011/le-jardin-d-amandine-sarl
LES GAULOIS;MCO;Thiais;94320;51 rue Helene Muller 94320 THIAIS;Boulangerie et boulangerie-pâtisserie;Vendeur / Vendeuse en épicerie;Entreprise susceptible de recruter (candidature spontanée);;;Apprentissage, Professionnalisation;;;89174377500019;1;https://labonnealternance.apprentissage.beta.gouv.fr/emploi/recruteurs_lba/89174377500019/les-gaulois
LIDL;MCO;Thiais;94320;8 rue des Alouettes 94320 THIAIS;Supermarchés;"Employé / Employée de rayon libre-service ; Directeur / Directrice de magasin de grande distribution ; Hôte / Hôtesse de caisse ; Responsable de caisses ; Chef / Cheffe de rayon produits alimentaires";Entreprise susceptible de recruter (candidature spontanée);;;Apprentissage, Professionnalisation;;;34326262222978;5;https://labonnealternance.apprentissage.beta.gouv.fr/emploi/recruteurs_lba/34326262222978/lidl
LX FRANCE;NDRC;Thiais;94320;12 B rue DES OLIVIERS 94320 THIAIS;Commerce de gros (commerce interentreprises) de fournitures et équipements divers pour le commerce et les services;"Cadre Technico-commercial / Technico-commerciale ; Technico-commercial / Technico-commerciale ; Assistant commercial / Assistante commerciale";Entreprise susceptible de recruter (candidature spontanée);;;Apprentissage, Professionnalisation;;;47854388700044;3;https://labonnealternance.apprentissage.beta.gouv.fr/emploi/recruteurs_lba/47854388700044/lx-france
Mango;MCO;Thiais;94320;AVENUE DU LUXEMBOURG 94320 THIAIS;Commerce de détail d'habillement en magasin spécialisé;"Vendeur / Vendeuse en prêt-à-porter ; Responsable de boutique ; Hôte / Hôtesse de caisse ; Directeur / Directrice de magasin de grande distribution";Entreprise susceptible de recruter (candidature spontanée);;;Apprentissage, Professionnalisation;;;40325913801521;4;https://labonnealternance.apprentissage.beta.gouv.fr/emploi/recruteurs_lba/40325913801521/mango
MARC ORIAN;MCO;Thiais;94320;94320 Thiais;Commerce de détail d'articles d'horlogerie et de bijouterie en magasin spécialisé;"Vendeur / Vendeuse en prêt-à-porter ; Conseiller vendeur / Conseillère vendeuse à domicile ; Responsable de boutique";Entreprise susceptible de recruter (candidature spontanée);;;Apprentissage, Professionnalisation;;;37958790004754;3;https://labonnealternance.apprentissage.beta.gouv.fr/emploi/recruteurs_lba/37958790004754/marc-orian
MEUBLES IKEA FRANCE;MCO;Thiais;94320;94320 Thiais;Commerce de détail de meubles;"Vendeur / Vendeuse en équipement de la maison ; Hôte / Hôtesse de caisse";Entreprise susceptible de recruter (candidature spontanée);;;Apprentissage, Professionnalisation;;;35174572400259;2;https://labonnealternance.apprentissage.beta.gouv.fr/emploi/recruteurs_lba/35174572400259/meubles-ikea-france
MOBILE CENTER;MCO;Thiais;94320;94320 Thiais;Réparation d'équipements de communication;"Vendeur / Vendeuse en équipement de la maison ; Vendeur(euse) smartphone/appareils connectés en alternance (H/F)";Offre partenaire (France Travail…);Vendeur(euse) smartphone/appareils connectés en alternance (H/F);Bac, Bac Pro, BP (Bac);Apprentissage;2026-09-02;;;2;https://labonnealternance.apprentissage.beta.gouv.fr/emploi/offres_emploi_partenaires/6a98a1cfe09d67ec4f6317e8/vendeur-euse-smartphone-appareils-connectes-en-alternance-h-f
NATURE ET DECOUVERTES SA;NDRC;Thiais;94320;94320 Thiais;Autres commerces de détail spécialisés divers;Responsable relation client (CRM);Entreprise susceptible de recruter (candidature spontanée);;;Apprentissage, Professionnalisation;;;37870267400201;1;https://labonnealternance.apprentissage.beta.gouv.fr/emploi/recruteurs_lba/37870267400201/nature-et-decouvertes-sa
NESPRESSO;MCO;Thiais;94320;AVENUE DU LUXEMBOURG 94320 THIAIS;Autres commerces de détail alimentaires en magasin spécialisé;"Vendeur / Vendeuse en épicerie ; Employé / Employée de rayon libre-service ; Chef / Cheffe de rayon produits alimentaires ; Responsable de boutique";Entreprise susceptible de recruter (candidature spontanée);;;Apprentissage, Professionnalisation;;;83964635300038;4;https://labonnealternance.apprentissage.beta.gouv.fr/emploi/recruteurs_lba/83964635300038/nespresso
NORAUTO;MCO + NDRC;Thiais;94320;94320 Thiais;Commerce de détail d'équipements automobiles;"Conseiller / Conseillère de vente en pièces de rechange et accessoires de véhicules ; Conseiller / Conseillère client après-vente des véhicules";Entreprise susceptible de recruter (candidature spontanée);;;Apprentissage, Professionnalisation;;;48047015201028;2;https://labonnealternance.apprentissage.beta.gouv.fr/emploi/recruteurs_lba/48047015201028/norauto
NORMAL;MCO;Thiais;94320;avenue du Luxembourg 94320 THIAIS;Autres commerces de détail en magasin non spécialisé;"Employé / Employée de rayon libre-service ; Responsable de boutique ; Hôte / Hôtesse de caisse ; Directeur / Directrice de magasin de grande distribution ; Chef / Cheffe de rayon de produits non alimentaires ; Chef / Cheffe de rayon produits alimentaires";Entreprise susceptible de recruter (candidature spontanée);;;Apprentissage, Professionnalisation;;;84443148600043;6;https://labonnealternance.apprentissage.beta.gouv.fr/emploi/recruteurs_lba/84443148600043/normal
PRIMARK FRANCE SAS;MCO;Thiais;94320;avenue du Luxembourg 94320 THIAIS;Commerce de détail d'habillement en magasin spécialisé;"Vendeur / Vendeuse en prêt-à-porter ; Responsable de boutique ; Hôte / Hôtesse de caisse ; Directeur / Directrice de magasin de grande distribution";Entreprise susceptible de recruter (candidature spontanée);;;Apprentissage, Professionnalisation;;;79085829400263;4;https://labonnealternance.apprentissage.beta.gouv.fr/emploi/recruteurs_lba/79085829400263/primark-france-sas
SCHOLIA;NDRC;Thiais;94320;9 AV DE L EUROPE 94320 THIAIS;Agences immobilières;"Assistant commercial / Assistante commerciale ; Assistant commercial / Assistante commerciale (Formation en alternance)";Offre publiée sur La bonne alternance;Assistant commercial / Assistante commerciale (Formation en alternance);BTS, DEUST (Bac+2);Apprentissage;2026-08-26;;;2;https://labonnealternance.apprentissage.beta.gouv.fr/emploi/offres_emploi_lba/6a8ea9aecc26d36574c40b85/assistant-commercial-assistante-commerciale-formation-en-alternance
Sephora;MCO;Thiais;94320;94320 Thiais;Commerce de détail de parfumerie et de produits de beauté en magasin spécialisé;"Responsable de boutique ; Employé / Employée de rayon libre-service";Entreprise susceptible de recruter (candidature spontanée);;;Apprentissage, Professionnalisation;;;39371228600888;2;https://labonnealternance.apprentissage.beta.gouv.fr/emploi/recruteurs_lba/39371228600888/sephora
Sephora;MCO;Thiais;94320;94320 Thiais;Commerce de détail de parfumerie et de produits de beauté en magasin spécialisé;"Responsable de boutique ; Employé / Employée de rayon libre-service";Entreprise susceptible de recruter (candidature spontanée);;;Apprentissage, Professionnalisation;;;39371228600755;2;https://labonnealternance.apprentissage.beta.gouv.fr/emploi/recruteurs_lba/39371228600755/sephora
SFR DISTRIBUTION;MCO;Thiais;94320;94320 Thiais;Commerce de détail de matériels de télécommunication en magasin spécialisé;"Vendeur / Vendeuse en équipement de la maison ; Conseiller vendeur / Conseillère vendeuse à domicile ; Chef / Cheffe de rayon de produits non alimentaires";Entreprise susceptible de recruter (candidature spontanée);;;Apprentissage, Professionnalisation;;;41035886503272;3;https://labonnealternance.apprentissage.beta.gouv.fr/emploi/recruteurs_lba/41035886503272/sfr-distribution
SOCIETE GENERALE;NDRC;Thiais;94320;94320 Thiais;Autres intermédiations monétaires;"Conseiller / Conseillère de clientèle bancaire ; Chargé / Chargée d'accueil en banque ; Conseiller / Conseillère en gestion de patrimoine";Entreprise susceptible de recruter (candidature spontanée);;;Apprentissage, Professionnalisation;;;55212022217470;3;https://labonnealternance.apprentissage.beta.gouv.fr/emploi/recruteurs_lba/55212022217470/societe-generale
SOCULTUR;MCO;Thiais;94320;avenue du Luxembourg 94320 THIAIS;Commerce de détail de livres en magasin spécialisé;"Vendeur / Vendeuse de produits culturels et ludiques ; Hôte / Hôtesse de caisse ; Chef / Cheffe de rayon de produits non alimentaires";Entreprise susceptible de recruter (candidature spontanée);;;Apprentissage, Professionnalisation;;;51978079500877;3;https://labonnealternance.apprentissage.beta.gouv.fr/emploi/recruteurs_lba/51978079500877/socultur
STOKOMANI;MCO;Thiais;94320;2 RUE DES ALOUETTES 94320 THIAIS;Commerce de détail d'habillement en magasin spécialisé;"Vendeur / Vendeuse en prêt-à-porter ; Responsable de boutique ; Hôte / Hôtesse de caisse ; Directeur / Directrice de magasin de grande distribution";Entreprise susceptible de recruter (candidature spontanée);;;Apprentissage, Professionnalisation;;;31778006200889;4;https://labonnealternance.apprentissage.beta.gouv.fr/emploi/recruteurs_lba/31778006200889/stokomani
Vendeur / Vendeuse en prêt-à-porter (H/F);MCO;Thiais;94320;94320 Thiais;;"Vendeur / Vendeuse en prêt-à-porter ; Vendeur / Vendeuse en prêt-à-porter (H/F)";Offre partenaire (France Travail…);Vendeur / Vendeuse en prêt-à-porter (H/F);;Apprentissage;2026-09-17;;;2;https://labonnealternance.apprentissage.beta.gouv.fr/emploi/offres_emploi_partenaires/6aac67b40dece6ea6e4195b6/vendeur-vendeuse-en-pret-a-porter-h-f
Vendeur / Vendeuse en prêt-à-porter (H/F);MCO;Thiais;94320;94320 Thiais;;"Vendeur / Vendeuse en prêt-à-porter ; Vendeur / Vendeuse en prêt-à-porter (H/F)";Offre partenaire (France Travail…);Vendeur / Vendeuse en prêt-à-porter (H/F);;Apprentissage;2026-09-17;;;2;https://labonnealternance.apprentissage.beta.gouv.fr/emploi/offres_emploi_partenaires/6aac67b40dece6ea6e4195b8/vendeur-vendeuse-en-pret-a-porter-h-f
VERT BAUDET;MCO;Thiais;94320;94320 Thiais;Commerce de détail d'habillement en magasin spécialisé;"Vendeur / Vendeuse en prêt-à-porter ; Responsable de boutique ; Hôte / Hôtesse de caisse ; Directeur / Directrice de magasin de grande distribution";Entreprise susceptible de recruter (candidature spontanée);;;Apprentissage, Professionnalisation;;;39755532701012;4;https://labonnealternance.apprentissage.beta.gouv.fr/emploi/recruteurs_lba/39755532701012/vert-baudet
ZARA INTERNATIONAL;MCO;Thiais;94320;94320 Thiais;Commerce de détail d'habillement en magasin spécialisé;"Vendeur / Vendeuse en prêt-à-porter ; Responsable de boutique ; Hôte / Hôtesse de caisse ; Directeur / Directrice de magasin de grande distribution";Entreprise susceptible de recruter (candidature spontanée);;;Apprentissage, Professionnalisation;;;34899155500106;4;https://labonnealternance.apprentissage.beta.gouv.fr/emploi/recruteurs_lba/34899155500106/zara-international
A.M.E.;NDRC;Valenton;94460;86 AVENUE HENRI BARBUSSE 94460 VALENTON;Commerce et réparation de motocycles;"Conseiller commercial / Conseillère commerciale motocycles ; Conseiller / Conseillère client après-vente des véhicules";Entreprise susceptible de recruter (candidature spontanée);;;Apprentissage, Professionnalisation;;;48752314400045;2;https://labonnealternance.apprentissage.beta.gouv.fr/emploi/recruteurs_lba/48752314400045/a-m-e
ABSOLU;NDRC;Valenton;94460;18 avenue Henri Barbusse 94460 VALENTON;Commerce et réparation de motocycles;"Conseiller commercial / Conseillère commerciale motocycles ; Conseiller / Conseillère client après-vente des véhicules";Entreprise susceptible de recruter (candidature spontanée);;;Apprentissage, Professionnalisation;;;58207166800039;2;https://labonnealternance.apprentissage.beta.gouv.fr/emploi/recruteurs_lba/58207166800039/absolu
Action;MCO;Valenton;94460;RUE DU 8 MAI 1945 94460 VALENTON;Autres commerces de détail en magasin non spécialisé;"Employé / Employée de rayon libre-service ; Responsable de boutique ; Hôte / Hôtesse de caisse ; Directeur / Directrice de magasin de grande distribution ; Chef / Cheffe de rayon de produits non alimentaires ; Chef / Cheffe de rayon produits alimentaires";Entreprise susceptible de recruter (candidature spontanée);;;Apprentissage, Professionnalisation;;;75330823804399;6;https://labonnealternance.apprentissage.beta.gouv.fr/emploi/recruteurs_lba/75330823804399/action
Alternance Commercial Terrain H/F - Valenton (F/H);NDRC;Valenton;94460;94460 Valenton;;Alternance Commercial Terrain H/F - Valenton (F/H);Offre partenaire (France Travail…);Alternance Commercial Terrain H/F - Valenton (F/H);;Professionnalisation;2026-09-23;;;1;https://labonnealternance.apprentissage.beta.gouv.fr/emploi/offres_emploi_partenaires/6ab4509c7caaafd3f5971563/alternance-commercial-terrain-h-f-valenton-f-h
DELICE ET CREATION - ILE DE FRANCE;MCO;Valenton;94460;13 rue de la ferme de la Tour 94460 VALENTON;Commerce de gros (commerce interentreprises) de sucre, chocolat et confiserie;"Chef / Cheffe des ventes ; Responsable de département en grande distribution";Entreprise susceptible de recruter (candidature spontanée);;;Apprentissage, Professionnalisation;;;42126018300304;2;https://labonnealternance.apprentissage.beta.gouv.fr/emploi/recruteurs_lba/42126018300304/delice-et-creation-ile-de-france
DID - DOSAGE INSTALLATION DETERGENCE;MCO + NDRC;Valenton;94460;2 RUE MIDI PYRENEES 94460 VALENTON;Commerce de gros (commerce interentreprises) de vaisselle, verrerie et produits d'entretien;"Chef / Cheffe des ventes ; Commercial / Commerciale grands comptes et entreprises ; Commercial / Commerciale export";Entreprise susceptible de recruter (candidature spontanée);;;Apprentissage, Professionnalisation;;;38124618000024;3;https://labonnealternance.apprentissage.beta.gouv.fr/emploi/recruteurs_lba/38124618000024/did-dosage-installation-detergence
La Poste;NDRC;Valenton;94460;30 rue du Colonel Fabien 94460 VALENTON;Activités de poste dans le cadre d'une obligation de service universel;Responsable relation client (CRM);Entreprise susceptible de recruter (candidature spontanée);;;Apprentissage, Professionnalisation;;;35600000051915;1;https://labonnealternance.apprentissage.beta.gouv.fr/emploi/recruteurs_lba/35600000051915/la-poste
PWS;NDRC;Valenton;94460;5 RUE DE TOURAINE 94460 VALENTON;Commerce de gros (commerce interentreprises) de boissons;Commercial / Commerciale export;Entreprise susceptible de recruter (candidature spontanée);;;Apprentissage, Professionnalisation;;;42266555400032;1;https://labonnealternance.apprentissage.beta.gouv.fr/emploi/recruteurs_lba/42266555400032/pws
S.IN.SER. SOCIETE D'INTERVENTIONS ET DE SERVICES;NDRC;Valenton;94460;44 RUE SACCO ET VANZETTI 94460 VALENTON;Commerce de gros (commerce interentreprises) de machines pour l'extraction, la construction et le génie civil;Technico-commercial / Technico-commerciale;Entreprise susceptible de recruter (candidature spontanée);;;Apprentissage, Professionnalisation;;;81961377900027;1;https://labonnealternance.apprentissage.beta.gouv.fr/emploi/recruteurs_lba/81961377900027/s-in-ser-societe-d-interventions-et-de-services
SAS YOYO FOODS;NDRC;Valenton;94460;3 RUE AMINATA TRAORE 94460 VALENTON;Commerce de gros (commerce interentreprises) alimentaire non spécialisé;"Assistant commercial / Assistante commerciale ; Assistant commercial / Assistante commerciale sédentaire";Offre publiée sur La bonne alternance;Assistant commercial / Assistante commerciale sédentaire;BTS, DEUST (Bac+2);Apprentissage;2026-09-15;;;2;https://labonnealternance.apprentissage.beta.gouv.fr/emploi/offres_emploi_lba/6aa9655c1734e71a67c83066/assistant-commercial-assistante-commerciale-sedentaire
U HOME DESIGN;MCO;Valenton;94460;86 AVENUE HENRI BARBUSSE 94460 VALENTON;Commerce de détail de meubles;"Vendeur / Vendeuse en équipement de la maison ; Hôte / Hôtesse de caisse";Entreprise susceptible de recruter (candidature spontanée);;;Apprentissage, Professionnalisation;;;89882721700024;2;https://labonnealternance.apprentissage.beta.gouv.fr/emploi/recruteurs_lba/89882721700024/u-home-design
WATER CONNECT;NDRC;Valenton;94460;4 rue Aminata Traore 94460 VALENTON;Commerce de gros (commerce interentreprises) de fournitures et équipements industriels divers;"Technico-commercial / Technico-commerciale ; Attaché commercial / Attachée commerciale";Entreprise susceptible de recruter (candidature spontanée);;;Apprentissage, Professionnalisation;;;83540766900034;2;https://labonnealternance.apprentissage.beta.gouv.fr/emploi/recruteurs_lba/83540766900034/water-connect
Yesss Electrique;MCO + NDRC;Valenton;94460;Avenue du Champ Saint-julien 94460 Valenton;Commerce de gros (commerce interentreprises) de matériel électrique;"Vendeur / Vendeuse grossiste en équipement du foyer ; Technico-commercial / Technico-commerciale";Entreprise susceptible de recruter (candidature spontanée);;;Apprentissage, Professionnalisation;;;31988334404240;2;https://labonnealternance.apprentissage.beta.gouv.fr/emploi/recruteurs_lba/31988334404240/yesss-electrique
ACTS;MCO + NDRC;Villecresnes;94440;11 RUE DU REVEILLON 94440 VILLECRESNES;Commerce de gros (commerce interentreprises) de matériel électrique;"Vendeur / Vendeuse grossiste en équipement du foyer ; Technico-commercial / Technico-commerciale";Entreprise susceptible de recruter (candidature spontanée);;;Apprentissage, Professionnalisation;;;79362354700031;2;https://labonnealternance.apprentissage.beta.gouv.fr/emploi/recruteurs_lba/79362354700031/acts
ATELIER IMMO;NDRC;Villecresnes;94440;76 rue du Lieutenant Dagorno 94440 VILLECRESNES;Agences immobilières;Conseiller / Conseillère immobilier;Entreprise susceptible de recruter (candidature spontanée);;;Apprentissage, Professionnalisation;;;94910964900028;1;https://labonnealternance.apprentissage.beta.gouv.fr/emploi/recruteurs_lba/94910964900028/atelier-immo
BOUCHERIE CHARCUTERIE B.SEYS;MCO + NDRC;Villecresnes;94440;2 ALLEE DES TAMARIS 94440 VILLECRESNES;Commerce de détail de viandes et de produits à base de viande en magasin spécialisé;"Vendeur / Vendeuse en épicerie ; Vendeur / Vendeuse grossiste en produits frais";Entreprise susceptible de recruter (candidature spontanée);;;Apprentissage, Professionnalisation;;;79359777400017;2;https://labonnealternance.apprentissage.beta.gouv.fr/emploi/recruteurs_lba/79359777400017/boucherie-charcuterie-b-seys
BRICOMARCHE;MCO + NDRC;Villecresnes;94440;chemin Yerres Brie Comte Robert 94440 VILLECRESNES;Commerce de détail de quincaillerie, peintures et verres en grandes surfaces (400 m2et plus);"Hôte / Hôtesse de caisse ; Vendeur / Vendeuse en équipement de la maison ; Vendeur / Vendeuse conseil en jardinerie ; Vendeur / Vendeuse grossiste en équipement du foyer ; Chef / Cheffe de secteur magasin ; Chef / Cheffe de rayon de produits non alimentaires";Entreprise susceptible de recruter (candidature spontanée);;;Apprentissage, Professionnalisation;;;42282087800011;6;https://labonnealternance.apprentissage.beta.gouv.fr/emploi/recruteurs_lba/42282087800011/bricomarche
CARREFOUR CITY;MCO;Villecresnes;94440;51 RUE DU LIEUTENANT DOGORNO 94440 VILLECRESNES;Supermarchés;"Employé / Employée de rayon libre-service ; Directeur / Directrice de magasin de grande distribution ; Hôte / Hôtesse de caisse ; Responsable de caisses ; Chef / Cheffe de rayon produits alimentaires";Entreprise susceptible de recruter (candidature spontanée);;;Apprentissage, Professionnalisation;;;44493669400025;5;https://labonnealternance.apprentissage.beta.gouv.fr/emploi/recruteurs_lba/44493669400025/carrefour-city
CARREFOUR CONTACT;MCO;Villecresnes;94440;10 avenue Foreau 94440 VILLECRESNES;Supermarchés;"Employé / Employée de rayon libre-service ; Directeur / Directrice de magasin de grande distribution ; Hôte / Hôtesse de caisse ; Responsable de caisses ; Chef / Cheffe de rayon produits alimentaires";Entreprise susceptible de recruter (candidature spontanée);;;Apprentissage, Professionnalisation;;;88370510500012;5;https://labonnealternance.apprentissage.beta.gouv.fr/emploi/recruteurs_lba/88370510500012/carrefour-contact
GAN ASSURANCES;NDRC;Villecresnes;94440;11 RUE DU REVEILLON 94440 VILLECRESNES;Activités des agents et courtiers d'assurances;"Conseiller / Conseillère en assurances ; Conseiller / Conseillère en gestion de patrimoine";Entreprise susceptible de recruter (candidature spontanée);;;Apprentissage, Professionnalisation;;;79195348200035;2;https://labonnealternance.apprentissage.beta.gouv.fr/emploi/recruteurs_lba/79195348200035/gan-assurances
JET SET CAR;MCO + NDRC;Villecresnes;94440;5 Av du Mal de Lattre de Tassigny 94440 Villecresnes;Commerce de voitures et de véhicules automobiles légers;"Vendeur / Vendeuse automobile ; Conseiller / Conseillère client après-vente des véhicules";Entreprise susceptible de recruter (candidature spontanée);;;Apprentissage, Professionnalisation;;;45306077400024;2;https://labonnealternance.apprentissage.beta.gouv.fr/emploi/recruteurs_lba/45306077400024/jet-set-car
NOBLE DECOR;MCO + NDRC;Villecresnes;94440;43 rue d Yerres 94440 VILLECRESNES;Commerce de gros (commerce interentreprises) d'appareils sanitaires et de produits de décoration;"Vendeur / Vendeuse grossiste en équipement du foyer ; Technico-commercial / Technico-commerciale ; Commercial / Commerciale auprès d'une clientèle d'entreprises ; Attaché commercial / Attachée commerciale";Entreprise susceptible de recruter (candidature spontanée);;;Apprentissage, Professionnalisation;;;91909736000011;4;https://labonnealternance.apprentissage.beta.gouv.fr/emploi/recruteurs_lba/91909736000011/noble-decor
NONNA TERESA;MCO;Villecresnes;94440;73 rue du Lieutenant Dagorno 94440 VILLECRESNES;Commerce d'alimentation générale;"Employé / Employée de rayon libre-service ; Vendeur / Vendeuse en épicerie ; Hôte / Hôtesse de caisse ; Chef / Cheffe de rayon produits alimentaires ; Directeur / Directrice de magasin de grande distribution ; Gérant / Gérante de magasin d'alimentation générale";Entreprise susceptible de recruter (candidature spontanée);;;Apprentissage, Professionnalisation;;;95196400600013;6;https://labonnealternance.apprentissage.beta.gouv.fr/emploi/recruteurs_lba/95196400600013/nonna-teresa
RN19 AUTO;MCO + NDRC;Villecresnes;94440;87 Av du Mal de Lattre de Tassigny 94440 Villecresnes;Commerce de voitures et de véhicules automobiles légers;"Vendeur / Vendeuse automobile ; Conseiller / Conseillère client après-vente des véhicules";Entreprise susceptible de recruter (candidature spontanée);;;Apprentissage, Professionnalisation;;;88397597100010;2;https://labonnealternance.apprentissage.beta.gouv.fr/emploi/recruteurs_lba/88397597100010/rn19-auto
SARL LA BRIE IMMOBILIERE;NDRC;Villecresnes;94440;41 ROUTE NATIONALE 19 94440 VILLECRESNES;Agences immobilières;Conseiller / Conseillère immobilier;Entreprise susceptible de recruter (candidature spontanée);;;Apprentissage, Professionnalisation;;;48525508700010;1;https://labonnealternance.apprentissage.beta.gouv.fr/emploi/recruteurs_lba/48525508700010/sarl-la-brie-immobiliere
SJS FRUITS;MCO;Villecresnes;94440;51 RUE DES GROTTES 94440 VILLECRESNES;Commerce de détail de fruits et légumes en magasin spécialisé;"Vendeur / Vendeuse en épicerie ; Employé / Employée de rayon libre-service ; Hôte / Hôtesse de caisse ; Chef / Cheffe de rayon produits alimentaires ; Responsable de caisses";Entreprise susceptible de recruter (candidature spontanée);;;Apprentissage, Professionnalisation;;;83806154700017;5;https://labonnealternance.apprentissage.beta.gouv.fr/emploi/recruteurs_lba/83806154700017/sjs-fruits
SODILIO;MCO;Villecresnes;94440;24 chemin Yerres Brie Comte Robert 94440 VILLECRESNES;Supermarchés;"Employé / Employée de rayon libre-service ; Directeur / Directrice de magasin de grande distribution ; Hôte / Hôtesse de caisse ; Responsable de caisses ; Chef / Cheffe de rayon produits alimentaires";Entreprise susceptible de recruter (candidature spontanée);;;Apprentissage, Professionnalisation;;;32336344000013;5;https://labonnealternance.apprentissage.beta.gouv.fr/emploi/recruteurs_lba/32336344000013/sodilio
7E AVENUE;NDRC;Villejuif;94800;116B boulevard Maxime Gorki 94800 VILLEJUIF;Commerce et réparation de motocycles;"Conseiller commercial / Conseillère commerciale motocycles ; Conseiller / Conseillère client après-vente des véhicules";Entreprise susceptible de recruter (candidature spontanée);;;Apprentissage, Professionnalisation;;;34154087000035;2;https://labonnealternance.apprentissage.beta.gouv.fr/emploi/recruteurs_lba/34154087000035/7e-avenue
ALSYMEX;NDRC;Villejuif;94800;31 rue Rene Hamon 94800 VILLEJUIF;Commerce de gros (commerce interentreprises) de composants et d'équipements électroniques et de télécommunication;"Technico-commercial / Technico-commerciale ; Assistant commercial / Assistante commerciale";Entreprise susceptible de recruter (candidature spontanée);;;Apprentissage, Professionnalisation;;;51881781200069;2;https://labonnealternance.apprentissage.beta.gouv.fr/emploi/recruteurs_lba/51881781200069/alsymex
ASMAA BOUHADJA;NDRC;Villejuif;94800;27 rue Lamartine 94800 VILLEJUIF;Réparation d'ordinateurs et d'équipements périphériques;Responsable Commercial / Commerciale;Entreprise susceptible de recruter (candidature spontanée);;;Apprentissage, Professionnalisation;;;92768547900010;1;https://labonnealternance.apprentissage.beta.gouv.fr/emploi/recruteurs_lba/92768547900010/asmaa-bouhadja
AXA THIERRY THUARD;NDRC;Villejuif;94800;103 rue Jean Jaures 94800 VILLEJUIF;Activités des agents et courtiers d'assurances;"Conseiller / Conseillère en assurances ; Conseiller / Conseillère en gestion de patrimoine";Entreprise susceptible de recruter (candidature spontanée);;;Apprentissage, Professionnalisation;;;49781804700043;2;https://labonnealternance.apprentissage.beta.gouv.fr/emploi/recruteurs_lba/49781804700043/axa-thierry-thuard
BNP Paribas;NDRC;Villejuif;94800;25 rue Jean Jaures 94800 VILLEJUIF;Autres intermédiations monétaires;"Conseiller / Conseillère de clientèle bancaire ; Chargé / Chargée d'accueil en banque ; Conseiller / Conseillère en gestion de patrimoine ; Chargé / Chargée d'affaires bancaires entreprise";Entreprise susceptible de recruter (candidature spontanée);;;Apprentissage, Professionnalisation;;;66204244939905;4;https://labonnealternance.apprentissage.beta.gouv.fr/emploi/recruteurs_lba/66204244939905/bnp-paribas
BOUCHERIE DES CINQ SENS LA GUICHARDIERE;MCO + NDRC;Villejuif;94800;63 AVENUE DE PARIS 94800 VILLEJUIF;Commerce de détail alimentaire sur éventaires et marchés;"Vendeur / Vendeuse en épicerie ; Vendeur / Vendeuse grossiste en produits frais";Entreprise susceptible de recruter (candidature spontanée);;;Apprentissage, Professionnalisation;;;80232742900014;2;https://labonnealternance.apprentissage.beta.gouv.fr/emploi/recruteurs_lba/80232742900014/boucherie-des-cinq-sens-la-guichardiere
Carrefour;MCO;Villejuif;94800;67 AVENUE DE STALINGRAD 94800 VILLEJUIF;Hypermarchés;"Employé / Employée de rayon libre-service ; Hôte / Hôtesse de caisse ; Chef / Cheffe de rayon produits alimentaires ; Vendeur / Vendeuse en épicerie";Entreprise susceptible de recruter (candidature spontanée);;;Apprentissage, Professionnalisation;;;45132133500908;4;https://labonnealternance.apprentissage.beta.gouv.fr/emploi/recruteurs_lba/45132133500908/carrefour
CIC;NDRC;Villejuif;94800;3 RUE GEORGES LEBIGOT 94800 VILLEJUIF;Autres intermédiations monétaires;"Conseiller / Conseillère de clientèle bancaire ; Chargé / Chargée d'accueil en banque ; Conseiller / Conseillère en gestion de patrimoine";Entreprise susceptible de recruter (candidature spontanée);;;Apprentissage, Professionnalisation;;;54201638104603;3;https://labonnealternance.apprentissage.beta.gouv.fr/emploi/recruteurs_lba/54201638104603/cic
CREDIT LYONNAIS;NDRC;Villejuif;94800;2 avenue de Paris 94800 VILLEJUIF;Autres intermédiations monétaires;"Conseiller / Conseillère de clientèle bancaire ; Chargé / Chargée d'accueil en banque ; Conseiller / Conseillère en gestion de patrimoine";Entreprise susceptible de recruter (candidature spontanée);;;Apprentissage, Professionnalisation;;;95450974138383;3;https://labonnealternance.apprentissage.beta.gouv.fr/emploi/recruteurs_lba/95450974138383/credit-lyonnais
CREDIT MUTUEL;NDRC;Villejuif;94800;8 bd Paul Vaillant Couturier 94800 VILLEJUIF;Autres intermédiations monétaires;"Conseiller / Conseillère de clientèle bancaire ; Chargé / Chargée d'accueil en banque ; Conseiller / Conseillère en gestion de patrimoine";Entreprise susceptible de recruter (candidature spontanée);;;Apprentissage, Professionnalisation;;;69204371401395;3;https://labonnealternance.apprentissage.beta.gouv.fr/emploi/recruteurs_lba/69204371401395/credit-mutuel
EUROP'GARAGE;MCO + NDRC;Villejuif;94800;76 avenue de Stalingrad 94800 VILLEJUIF;Commerce de voitures et de véhicules automobiles légers;"Vendeur / Vendeuse automobile ; Conseiller / Conseillère client après-vente des véhicules";Entreprise susceptible de recruter (candidature spontanée);;;Apprentissage, Professionnalisation;;;41798175000025;2;https://labonnealternance.apprentissage.beta.gouv.fr/emploi/recruteurs_lba/41798175000025/europ-garage
Franprix;MCO;Villejuif;94800;7 bd Paul Vaillant Couturier 94800 VILLEJUIF;Supérettes;"Employé / Employée de rayon libre-service ; Hôte / Hôtesse de caisse ; Directeur / Directrice de magasin de grande distribution ; Vendeur / Vendeuse en épicerie ; Responsable de caisses ; Chef / Cheffe de rayon produits alimentaires";Entreprise susceptible de recruter (candidature spontanée);;;Apprentissage, Professionnalisation;;;45126399000025;6;https://labonnealternance.apprentissage.beta.gouv.fr/emploi/recruteurs_lba/45126399000025/franprix
INTERMARCHE;MCO;Villejuif;94800;2 place Oscar Niemeyer 94800 VILLEJUIF;Supermarchés;"Employé / Employée de rayon libre-service ; Directeur / Directrice de magasin de grande distribution ; Hôte / Hôtesse de caisse ; Responsable de caisses ; Chef / Cheffe de rayon produits alimentaires";Entreprise susceptible de recruter (candidature spontanée);;;Apprentissage, Professionnalisation;;;92852157400030;5;https://labonnealternance.apprentissage.beta.gouv.fr/emploi/recruteurs_lba/92852157400030/intermarche
JORIS CROUZIL CONSEIL;NDRC;Villejuif;94800;90 RUE DE CHEVILLY 94800 VILLEJUIF;Agences immobilières;Conseiller / Conseillère immobilier;Entreprise susceptible de recruter (candidature spontanée);;;Apprentissage, Professionnalisation;;;91926805200017;1;https://labonnealternance.apprentissage.beta.gouv.fr/emploi/recruteurs_lba/91926805200017/joris-crouzil-conseil
LA FEUILLE DES AURES;MCO + NDRC;Villejuif;94800;67 avenue de Stalingrad 94800 VILLEJUIF;Commerce de détail de viandes et de produits à base de viande en magasin spécialisé;"Vendeur / Vendeuse en épicerie ; Vendeur / Vendeuse grossiste en produits frais";Entreprise susceptible de recruter (candidature spontanée);;;Apprentissage, Professionnalisation;;;95226887800016;2;https://labonnealternance.apprentissage.beta.gouv.fr/emploi/recruteurs_lba/95226887800016/la-feuille-des-aures
La Poste;NDRC;Villejuif;94800;21 avenue Paul Vaillant Couturier 94800 VILLEJUIF;Activités de poste dans le cadre d'une obligation de service universel;Responsable relation client (CRM);Entreprise susceptible de recruter (candidature spontanée);;;Apprentissage, Professionnalisation;;;35600000051938;1;https://labonnealternance.apprentissage.beta.gouv.fr/emploi/recruteurs_lba/35600000051938/la-poste
La Poste;NDRC;Villejuif;94800;5 rue Marcel Paul 94800 VILLEJUIF;Activités de poste dans le cadre d'une obligation de service universel;Responsable relation client (CRM);Entreprise susceptible de recruter (candidature spontanée);;;Apprentissage, Professionnalisation;;;35600000051947;1;https://labonnealternance.apprentissage.beta.gouv.fr/emploi/recruteurs_lba/35600000051947/la-poste
LAFORET IMMOBILIER;NDRC;Villejuif;94800;99 RUE JEAN JAURES 94800 VILLEJUIF;Agences immobilières;Conseiller / Conseillère immobilier;Entreprise susceptible de recruter (candidature spontanée);;;Apprentissage, Professionnalisation;;;91883173600015;1;https://labonnealternance.apprentissage.beta.gouv.fr/emploi/recruteurs_lba/91883173600015/laforet-immobilier
LCL;NDRC;Villejuif;94800;6 place Oscar Niemeyer 94800 VILLEJUIF;Autres intermédiations monétaires;"Conseiller / Conseillère de clientèle bancaire ; Chargé / Chargée d'accueil en banque ; Conseiller / Conseillère en gestion de patrimoine";Entreprise susceptible de recruter (candidature spontanée);;;Apprentissage, Professionnalisation;;;95450974137971;3;https://labonnealternance.apprentissage.beta.gouv.fr/emploi/recruteurs_lba/95450974137971/lcl
LCL CREDIT LYONNAIS;NDRC;Villejuif;94800;20 avenue de Paris 94800 VILLEJUIF;Autres intermédiations monétaires;"Conseiller / Conseillère de clientèle bancaire ; Chargé / Chargée d'accueil en banque ; Conseiller / Conseillère en gestion de patrimoine";Entreprise susceptible de recruter (candidature spontanée);;;Apprentissage, Professionnalisation;;;95450974138037;3;https://labonnealternance.apprentissage.beta.gouv.fr/emploi/recruteurs_lba/95450974138037/lcl-credit-lyonnais
LIBRAIRIE POINTS COMMUNS;MCO;Villejuif;94800;30 rue Georges Lebigot 94800 VILLEJUIF;Commerce de détail de livres en magasin spécialisé;"Vendeur / Vendeuse de produits culturels et ludiques ; Hôte / Hôtesse de caisse ; Chef / Cheffe de rayon de produits non alimentaires";Entreprise susceptible de recruter (candidature spontanée);;;Apprentissage, Professionnalisation;;;83841899400037;3;https://labonnealternance.apprentissage.beta.gouv.fr/emploi/recruteurs_lba/83841899400037/librairie-points-communs
LK DUCHENE;MCO;Villejuif;94800;55B RUE DE LA CHAPELLE 94800 VILLEJUIF;Boulangerie et boulangerie-pâtisserie;Vendeur / Vendeuse en épicerie;Entreprise susceptible de recruter (candidature spontanée);;;Apprentissage, Professionnalisation;;;79474006800026;1;https://labonnealternance.apprentissage.beta.gouv.fr/emploi/recruteurs_lba/79474006800026/lk-duchene
LOC'EVENTS;NDRC;Villejuif;94800;57 RUE JEAN JAURES 94800 VILLEJUIF;Location de courte durée de voitures et de véhicules automobiles légers;"Agent technico-commercial / Agente technico-commerciale en location de véhicules ; Conseiller / Conseillère client après-vente des véhicules";Entreprise susceptible de recruter (candidature spontanée);;;Apprentissage, Professionnalisation;;;79243912700012;2;https://labonnealternance.apprentissage.beta.gouv.fr/emploi/recruteurs_lba/79243912700012/loc-events
M.K AUTOMOBILE;MCO + NDRC;Villejuif;94800;23 RUE SEVIN 94800 VILLEJUIF;Commerce de détail d'équipements automobiles;"Conseiller / Conseillère de vente en pièces de rechange et accessoires de véhicules ; Conseiller / Conseillère client après-vente des véhicules";Entreprise susceptible de recruter (candidature spontanée);;;Apprentissage, Professionnalisation;;;53168244100013;2;https://labonnealternance.apprentissage.beta.gouv.fr/emploi/recruteurs_lba/53168244100013/m-k-automobile
Monoprix;MCO;Villejuif;94800;1 RUE SEVIN 94800 VILLEJUIF;Supermarchés;"Employé / Employée de rayon libre-service ; Directeur / Directrice de magasin de grande distribution ; Hôte / Hôtesse de caisse ; Responsable de caisses ; Chef / Cheffe de rayon produits alimentaires";Entreprise susceptible de recruter (candidature spontanée);;;Apprentissage, Professionnalisation;;;55208329701083;5;https://labonnealternance.apprentissage.beta.gouv.fr/emploi/recruteurs_lba/55208329701083/monoprix
MUNIC;NDRC;Villejuif;94800;39 avenue de Paris 94800 VILLEJUIF;PROGRAMMATION INFORMATIQUE;Commercial / Commerciale export;Entreprise susceptible de recruter (candidature spontanée);;;Apprentissage, Professionnalisation;;;44248455600059;1;https://labonnealternance.apprentissage.beta.gouv.fr/emploi/recruteurs_lba/44248455600059/munic
O'STYLE PARIS;MCO;Villejuif;94800;67 avenue de Stalingrad 94800 VILLEJUIF;Commerce de détail de parfumerie et de produits de beauté en magasin spécialisé;"Responsable de boutique ; Employé / Employée de rayon libre-service";Entreprise susceptible de recruter (candidature spontanée);;;Apprentissage, Professionnalisation;;;94963971000027;2;https://labonnealternance.apprentissage.beta.gouv.fr/emploi/recruteurs_lba/94963971000027/o-style-paris
PHIL ET SA CHOCOLATERIE;MCO;Villejuif;94800;8 RUE SEVERINE 94800 VILLEJUIF;Commerce de gros (commerce interentreprises) de sucre, chocolat et confiserie;"Chef / Cheffe des ventes ; Responsable de département en grande distribution";Entreprise susceptible de recruter (candidature spontanée);;;Apprentissage, Professionnalisation;;;82230985200017;2;https://labonnealternance.apprentissage.beta.gouv.fr/emploi/recruteurs_lba/82230985200017/phil-et-sa-chocolaterie
PREDILIFE;NDRC;Villejuif;94800;39 RUE CAMILLE DESMOULINS 94800 VILLEJUIF;EDITION DE LOGICIELS APPLICATIFS;Cadre Technico-commercial / Technico-commerciale;Entreprise susceptible de recruter (candidature spontanée);;;Apprentissage, Professionnalisation;;;45316479000025;1;https://labonnealternance.apprentissage.beta.gouv.fr/emploi/recruteurs_lba/45316479000025/predilife
PRIOLET SARL;MCO + NDRC;Villejuif;94800;5 RUE HENRI LUISETTE 94800 VILLEJUIF;Commerce de détail alimentaire sur éventaires et marchés;"Vendeur / Vendeuse en épicerie ; Vendeur / Vendeuse grossiste en produits frais";Entreprise susceptible de recruter (candidature spontanée);;;Apprentissage, Professionnalisation;;;38761574300011;2;https://labonnealternance.apprentissage.beta.gouv.fr/emploi/recruteurs_lba/38761574300011/priolet-sarl
SABAY - EVAAN MARKET & SERVIVES;MCO + NDRC;Villejuif;94800;22 RUE HENRI BARBUSSE 94800 VILLEJUIF;Vente à distance sur catalogue spécialisé;"Conseiller vendeur / Conseillère vendeuse à domicile ; Vendeur / Vendeuse en prêt-à-porter ; Responsable de boutique ; Délégué médical hospitalier / Déléguée médicale hospitalière ; Chargé / Chargée de relation client";Entreprise susceptible de recruter (candidature spontanée);;;Apprentissage, Professionnalisation;;;91413668400018;5;https://labonnealternance.apprentissage.beta.gouv.fr/emploi/recruteurs_lba/91413668400018/sabay-evaan-market-servives
SAPIAN;NDRC;Villejuif;94800;62B AVENUE DE LA REPUBLIQUE 94800 VILLEJUIF;Désinfection, désinsectisation, dératisation;Commercial / Commerciale export;Entreprise susceptible de recruter (candidature spontanée);;;Apprentissage, Professionnalisation;;;66200521401684;1;https://labonnealternance.apprentissage.beta.gouv.fr/emploi/recruteurs_lba/66200521401684/sapian
SmartForum;MCO + NDRC;Villejuif;94800;94800 Villejuif;Traitement de données, hébergement et activités connexes;"Alternant Commercial B2b - Vente de Matériel Informatique H/F ; Commercial / Commerciale grands comptes et entreprises";Offre partenaire (France Travail…);Alternant Commercial B2b - Vente de Matériel Informatique H/F;BTS, DEUST (Bac+2);Apprentissage, Professionnalisation;2026-09-26;;;2;https://labonnealternance.apprentissage.beta.gouv.fr/emploi/offres_emploi_partenaires/6aa86fd79dceff7dd4b89536/alternant-commercial-b2b-vente-de-materiel-informatique-h-f
SOCIETE GENERALE;NDRC;Villejuif;94800;8 RUE GEORGES LEBIGOT 94800 VILLEJUIF;Autres intermédiations monétaires;"Conseiller / Conseillère de clientèle bancaire ; Chargé / Chargée d'accueil en banque ; Conseiller / Conseillère en gestion de patrimoine";Entreprise susceptible de recruter (candidature spontanée);;;Apprentissage, Professionnalisation;;;55212022217108;3;https://labonnealternance.apprentissage.beta.gouv.fr/emploi/recruteurs_lba/55212022217108/societe-generale
SONEPAR SONEPAR CONNECT CGE D;MCO + NDRC;Villejuif;94800;83 BOULEVARD MAXIME GORKI 94800 VILLEJUIF;Commerce de gros (commerce interentreprises) de matériel électrique;"Vendeur / Vendeuse grossiste en équipement du foyer ; Technico-commercial / Technico-commerciale";Entreprise susceptible de recruter (candidature spontanée);;;Apprentissage, Professionnalisation;;;82448465302356;2;https://labonnealternance.apprentissage.beta.gouv.fr/emploi/recruteurs_lba/82448465302356/sonepar-sonepar-connect-cge-d
START AUDITION;MCO + NDRC;Villejuif;94800;22 rue Jean Jaures 94800 VILLEJUIF;Commerce de détail d'articles médicaux et orthopédiques en magasin spécialisé;Délégué médical hospitalier / Déléguée médicale hospitalière;Entreprise susceptible de recruter (candidature spontanée);;;Apprentissage, Professionnalisation;;;90176097500028;2;https://labonnealternance.apprentissage.beta.gouv.fr/emploi/recruteurs_lba/90176097500028/start-audition
WANT TO RENT 94;MCO + NDRC;Villejuif;94800;4 allee du Vercors 94800 VILLEJUIF;Commerce de voitures et de véhicules automobiles légers;"Vendeur / Vendeuse automobile ; Conseiller / Conseillère client après-vente des véhicules";Entreprise susceptible de recruter (candidature spontanée);;;Apprentissage, Professionnalisation;;;91387693400013;2;https://labonnealternance.apprentissage.beta.gouv.fr/emploi/recruteurs_lba/91387693400013/want-to-rent-94
ABUS FRANCE;NDRC;Villeneuve-Le-Roi;94290;avenue le Foll 94290 VILLENEUVE-LE-ROI;Commerce de gros (commerce interentreprises) de fournitures et équipements industriels divers;"Technico-commercial / Technico-commerciale ; Attaché commercial / Attachée commerciale";Entreprise susceptible de recruter (candidature spontanée);;;Apprentissage, Professionnalisation;;;38211154000037;2;https://labonnealternance.apprentissage.beta.gouv.fr/emploi/recruteurs_lba/38211154000037/abus-france
BOULANGERIE DU HAUT PAYS;MCO;Villeneuve-Le-Roi;94290;9 RUE DE LA MAIRIE 94290 VILLENEUVE-LE-ROI;Boulangerie et boulangerie-pâtisserie;Vendeur / Vendeuse en épicerie;Entreprise susceptible de recruter (candidature spontanée);;;Apprentissage, Professionnalisation;;;90292708600014;1;https://labonnealternance.apprentissage.beta.gouv.fr/emploi/recruteurs_lba/90292708600014/boulangerie-du-haut-pays
BOULANGERIE LES TROIS FRERES;MCO;Villeneuve-Le-Roi;94290;70B RUE DU GENERAL DE GAULLE 94290 VILLENEUVE-LE-ROI;Boulangerie et boulangerie-pâtisserie;Vendeur / Vendeuse en épicerie;Entreprise susceptible de recruter (candidature spontanée);;;Apprentissage, Professionnalisation;;;83424165500010;1;https://labonnealternance.apprentissage.beta.gouv.fr/emploi/recruteurs_lba/83424165500010/boulangerie-les-trois-freres
GRDF;NDRC;Villeneuve-Le-Roi;94290;7 RUE RAOUL DELATTRE 94290 VILLENEUVE-LE-ROI;Distribution de combustibles gazeux par conduites;Assistant commercial / Assistante commerciale;Entreprise susceptible de recruter (candidature spontanée);;;Apprentissage, Professionnalisation;;;44478651103133;1;https://labonnealternance.apprentissage.beta.gouv.fr/emploi/recruteurs_lba/44478651103133/grdf
JOUXTE MASSAMBA DE BIYERI;NDRC;Villeneuve-Le-Roi;94290;1 rue Paul Bert 94290 VILLENEUVE-LE-ROI;Activités des agents et courtiers d'assurances;"Conseiller / Conseillère en assurances ; Conseiller / Conseillère en gestion de patrimoine";Entreprise susceptible de recruter (candidature spontanée);;;Apprentissage, Professionnalisation;;;97766200600013;2;https://labonnealternance.apprentissage.beta.gouv.fr/emploi/recruteurs_lba/97766200600013/jouxte-massamba-de-biyeri
La Poste;NDRC;Villeneuve-Le-Roi;94290;Place de l’Abbe Bonin 94290 Villeneuve-le-Roi;Activités de poste dans le cadre d'une obligation de service universel;Responsable relation client (CRM);Entreprise susceptible de recruter (candidature spontanée);;;Apprentissage, Professionnalisation;;;35600000051965;1;https://labonnealternance.apprentissage.beta.gouv.fr/emploi/recruteurs_lba/35600000051965/la-poste
LIDL;MCO;Villeneuve-Le-Roi;94290;cours de Verdun 94290 VILLENEUVE-LE-ROI;Supermarchés;"Employé / Employée de rayon libre-service ; Directeur / Directrice de magasin de grande distribution ; Hôte / Hôtesse de caisse ; Responsable de caisses ; Chef / Cheffe de rayon produits alimentaires";Entreprise susceptible de recruter (candidature spontanée);;;Apprentissage, Professionnalisation;;;34326262205692;5;https://labonnealternance.apprentissage.beta.gouv.fr/emploi/recruteurs_lba/34326262205692/lidl
SAD' LOC;NDRC;Villeneuve-Le-Roi;94290;7 rue Jean Pierre Timbaud 94290 VILLENEUVE-LE-ROI;Location et location-bail d'autres machines, équipements et biens matériels n.c.a.;Assistant commercial / Assistante commerciale;Entreprise susceptible de recruter (candidature spontanée);;;Apprentissage, Professionnalisation;;;43789701000033;1;https://labonnealternance.apprentissage.beta.gouv.fr/emploi/recruteurs_lba/43789701000033/sad-loc
SOCIETE AIR FRANCE;NDRC;Villeneuve-Le-Roi;94290;AEROPORT PARIS ORLY 94290 VILLENEUVE-LE-ROI;Transports aériens de passagers;Personnel Navigant Commercial - PNC -;Entreprise susceptible de recruter (candidature spontanée);;;Apprentissage, Professionnalisation;;;42049517800949;1;https://labonnealternance.apprentissage.beta.gouv.fr/emploi/recruteurs_lba/42049517800949/societe-air-france
SOCIETE GENERALE;NDRC;Villeneuve-Le-Roi;94290;9 RUE GABRIEL PERI 94290 VILLENEUVE-LE-ROI;Autres intermédiations monétaires;"Conseiller / Conseillère de clientèle bancaire ; Chargé / Chargée d'accueil en banque ; Conseiller / Conseillère en gestion de patrimoine";Entreprise susceptible de recruter (candidature spontanée);;;Apprentissage, Professionnalisation;;;55212022216993;3;https://labonnealternance.apprentissage.beta.gouv.fr/emploi/recruteurs_lba/55212022216993/societe-generale
SPEC LEGUILLON-LEGUILLON;NDRC;Villeneuve-Le-Roi;94290;84 avenue Carnot 94290 VILLENEUVE-LE-ROI;Activités des agents et courtiers d'assurances;"Conseiller / Conseillère en assurances ; Conseiller / Conseillère en gestion de patrimoine";Entreprise susceptible de recruter (candidature spontanée);;;Apprentissage, Professionnalisation;;;91790673700015;2;https://labonnealternance.apprentissage.beta.gouv.fr/emploi/recruteurs_lba/91790673700015/spec-leguillon-leguillon
ACF ASSURANCES;NDRC;Villeneuve-Saint-Georges;94190;58 RUE DE PARIS 94190 VILLENEUVE-SAINT-GEORGES;Activités des agents et courtiers d'assurances;"Conseiller / Conseillère en assurances ; Conseiller / Conseillère en gestion de patrimoine";Entreprise susceptible de recruter (candidature spontanée);;;Apprentissage, Professionnalisation;;;80067640500015;2;https://labonnealternance.apprentissage.beta.gouv.fr/emploi/recruteurs_lba/80067640500015/acf-assurances
Alternance Assistant Commercial et Administratif - Villeneuve-Saint-Georges (F/H);NDRC;Villeneuve-Saint-Georges;94190;94190 Villeneuve-Saint-Georges;;Alternance Assistant Commercial et Administratif - Villeneuve-Saint-Georges (F/H);Offre partenaire (France Travail…);Alternance Assistant Commercial et Administratif - Villeneuve-Saint-Georges (F/H);;Professionnalisation;2026-08-05;;;1;https://labonnealternance.apprentissage.beta.gouv.fr/emploi/offres_emploi_partenaires/6a73b92eae98af4affb65a48/alternance-assistant-commercial-et-administratif-villeneuve-saint-georges-f-h
BATIGNOLLES DISTRIBUTION;NDRC;Villeneuve-Saint-Georges;94190;2 PLACE DU LAVOIR 94190 VILLENEUVE-SAINT-GEORGES;Commerce de gros (commerce interentreprises) non spécialisé;"Technico-commercial / Technico-commerciale ; Assistant commercial / Assistante commerciale ; Conseiller / Conseillère en gestion de patrimoine";Entreprise susceptible de recruter (candidature spontanée);;;Apprentissage, Professionnalisation;;;91937975000012;3;https://labonnealternance.apprentissage.beta.gouv.fr/emploi/recruteurs_lba/91937975000012/batignolles-distribution
BNP Paribas;NDRC;Villeneuve-Saint-Georges;94190;5 avenue Carnot 94190 VILLENEUVE-SAINT-GEORGES;Autres intermédiations monétaires;"Conseiller / Conseillère de clientèle bancaire ; Chargé / Chargée d'accueil en banque ; Conseiller / Conseillère en gestion de patrimoine";Entreprise susceptible de recruter (candidature spontanée);;;Apprentissage, Professionnalisation;;;66204244933007;3;https://labonnealternance.apprentissage.beta.gouv.fr/emploi/recruteurs_lba/66204244933007/bnp-paribas
CONFORAMA FRANCE;MCO;Villeneuve-Saint-Georges;94190;4 AV DE L APPEL DU 18 JUIN 1940 94190 VILLENEUVE-SAINT-GEORGES;Commerce de détail de meubles;"Vendeur / Vendeuse en équipement de la maison ; Hôte / Hôtesse de caisse";Entreprise susceptible de recruter (candidature spontanée);;;Apprentissage, Professionnalisation;;;41481940900619;2;https://labonnealternance.apprentissage.beta.gouv.fr/emploi/recruteurs_lba/41481940900619/conforama-france
CREDIT LYONNAIS;NDRC;Villeneuve-Saint-Georges;94190;6 place Pierre Semard 94190 VILLENEUVE-SAINT-GEORGES;Autres intermédiations monétaires;"Conseiller / Conseillère de clientèle bancaire ; Chargé / Chargée d'accueil en banque ; Conseiller / Conseillère en gestion de patrimoine";Entreprise susceptible de recruter (candidature spontanée);;;Apprentissage, Professionnalisation;;;95450974119466;3;https://labonnealternance.apprentissage.beta.gouv.fr/emploi/recruteurs_lba/95450974119466/credit-lyonnais
FONCIA TRANSACTION FRANCE;NDRC;Villeneuve-Saint-Georges;94190;12 PLACE PIERRE SEMARD 94190 VILLENEUVE-SAINT-GEORGES;Agences immobilières;Conseiller / Conseillère immobilier;Entreprise susceptible de recruter (candidature spontanée);;;Apprentissage, Professionnalisation;;;50369866400672;1;https://labonnealternance.apprentissage.beta.gouv.fr/emploi/recruteurs_lba/50369866400672/foncia-transaction-france
FOOD'S CITY;MCO;Villeneuve-Saint-Georges;94190;3B AVENUE CARNOT 94190 VILLENEUVE-SAINT-GEORGES;Commerce d'alimentation générale;"Employé / Employée de rayon libre-service ; Vendeur / Vendeuse en épicerie ; Hôte / Hôtesse de caisse ; Chef / Cheffe de rayon produits alimentaires ; Directeur / Directrice de magasin de grande distribution ; Gérant / Gérante de magasin d'alimentation générale";Entreprise susceptible de recruter (candidature spontanée);;;Apprentissage, Professionnalisation;;;83032860500019;6;https://labonnealternance.apprentissage.beta.gouv.fr/emploi/recruteurs_lba/83032860500019/food-s-city
JMR;NDRC;Villeneuve-Saint-Georges;94190;224 rue de Paris 94190 VILLENEUVE-SAINT-GEORGES;Commerce et réparation de motocycles;"Conseiller commercial / Conseillère commerciale motocycles ; Conseiller / Conseillère client après-vente des véhicules";Entreprise susceptible de recruter (candidature spontanée);;;Apprentissage, Professionnalisation;;;40111316200010;2;https://labonnealternance.apprentissage.beta.gouv.fr/emploi/recruteurs_lba/40111316200010/jmr
La Poste;NDRC;Villeneuve-Saint-Georges;94190;11 rue Henri Leduc 94190 VILLENEUVE-SAINT-GEORGES;Activités de poste dans le cadre d'une obligation de service universel;Responsable relation client (CRM);Entreprise susceptible de recruter (candidature spontanée);;;Apprentissage, Professionnalisation;;;35600000051974;1;https://labonnealternance.apprentissage.beta.gouv.fr/emploi/recruteurs_lba/35600000051974/la-poste
LE CONNECTEUR;NDRC;Villeneuve-Saint-Georges;94190;45 Av du Pdt J Fitzgerald Kennedy 94190 Villeneuve-Saint-Georges;Production de films institutionnels et publicitaires;Directeur commercial / Directrice commerciale;Entreprise susceptible de recruter (candidature spontanée);;;Apprentissage, Professionnalisation;;;88366137300026;1;https://labonnealternance.apprentissage.beta.gouv.fr/emploi/recruteurs_lba/88366137300026/le-connecteur
LE FOURNIL DE VILLENEUVE;MCO;Villeneuve-Saint-Georges;94190;74 rue de Paris 94190 VILLENEUVE-SAINT-GEORGES;Boulangerie et boulangerie-pâtisserie;Vendeur / Vendeuse en épicerie;Entreprise susceptible de recruter (candidature spontanée);;;Apprentissage, Professionnalisation;;;52177070100014;1;https://labonnealternance.apprentissage.beta.gouv.fr/emploi/recruteurs_lba/52177070100014/le-fournil-de-villeneuve
MELEK;MCO;Villeneuve-Saint-Georges;94190;22 av de l Appel du 18 Juin 1940 94190 VILLENEUVE-SAINT-GEORGES;Boulangerie et boulangerie-pâtisserie;Vendeur / Vendeuse en épicerie;Entreprise susceptible de recruter (candidature spontanée);;;Apprentissage, Professionnalisation;;;89147608700012;1;https://labonnealternance.apprentissage.beta.gouv.fr/emploi/recruteurs_lba/89147608700012/melek
PG ELEGANCE;MCO;Villeneuve-Saint-Georges;94190;29bis Rue de Paris 94190 Villeneuve-Saint-Georges;Commerce de détail de parfumerie et de produits de beauté en magasin spécialisé;"Responsable de boutique ; Employé / Employée de rayon libre-service";Entreprise susceptible de recruter (candidature spontanée);;;Apprentissage, Professionnalisation;;;84418661900012;2;https://labonnealternance.apprentissage.beta.gouv.fr/emploi/recruteurs_lba/84418661900012/pg-elegance
PH SUD;NDRC;Villeneuve-Saint-Georges;94190;20 rue Louis Armand 94190 VILLENEUVE-SAINT-GEORGES;Commerce de gros (commerce interentreprises) non spécialisé;"Technico-commercial / Technico-commerciale ; Assistant commercial / Assistante commerciale ; Conseiller / Conseillère en gestion de patrimoine ; Commercial itinérant / Commerciale itinérante en entreprise de commerce de gros";Entreprise susceptible de recruter (candidature spontanée);;;Apprentissage, Professionnalisation;;;52409388700031;4;https://labonnealternance.apprentissage.beta.gouv.fr/emploi/recruteurs_lba/52409388700031/ph-sud
SOCIETE GENERALE;NDRC;Villeneuve-Saint-Georges;94190;2B RUE DE VERDUN 94190 VILLENEUVE-SAINT-GEORGES;Autres intermédiations monétaires;"Conseiller / Conseillère de clientèle bancaire ; Chargé / Chargée d'accueil en banque ; Conseiller / Conseillère en gestion de patrimoine";Entreprise susceptible de recruter (candidature spontanée);;;Apprentissage, Professionnalisation;;;55212022220110;3;https://labonnealternance.apprentissage.beta.gouv.fr/emploi/recruteurs_lba/55212022220110/societe-generale
THIERRY JOUY;NDRC;Villeneuve-Saint-Georges;94190;222 rue de Paris 94190 VILLENEUVE-SAINT-GEORGES;Commerce et réparation de motocycles;"Conseiller commercial / Conseillère commerciale motocycles ; Conseiller / Conseillère client après-vente des véhicules";Entreprise susceptible de recruter (candidature spontanée);;;Apprentissage, Professionnalisation;;;40111200800024;2;https://labonnealternance.apprentissage.beta.gouv.fr/emploi/recruteurs_lba/40111200800024/thierry-jouy
ALAIN BOUSSETTA;NDRC;Villiers-Sur-Marne;94350;1 BOULEVARD DE STRASBOURG 94350 VILLIERS-SUR-MARNE;Activités des agents et courtiers d'assurances;"Conseiller / Conseillère en assurances ; Conseiller / Conseillère en gestion de patrimoine";Entreprise susceptible de recruter (candidature spontanée);;;Apprentissage, Professionnalisation;;;50981640100079;2;https://labonnealternance.apprentissage.beta.gouv.fr/emploi/recruteurs_lba/50981640100079/alain-boussetta
BNP Paribas;NDRC;Villiers-Sur-Marne;94350;18 place de la Gare Pierre Semard 94350 VILLIERS-SUR-MARNE;Autres intermédiations monétaires;"Conseiller / Conseillère de clientèle bancaire ; Chargé / Chargée d'accueil en banque ; Conseiller / Conseillère en gestion de patrimoine";Entreprise susceptible de recruter (candidature spontanée);;;Apprentissage, Professionnalisation;;;66204244918909;3;https://labonnealternance.apprentissage.beta.gouv.fr/emploi/recruteurs_lba/66204244918909/bnp-paribas
Boulanger;MCO + NDRC;Villiers-Sur-Marne;94350;1B BOULEVARD JEAN MONNET 94350 VILLIERS-SUR-MARNE;Commerce de détail d'appareils électroménagers en magasin spécialisé;"Vendeur / Vendeuse en équipement de la maison ; Conseiller commercial / Conseillère commerciale auprès des particuliers ; Responsable relation client (CRM)";Entreprise susceptible de recruter (candidature spontanée);;;Apprentissage, Professionnalisation;;;34738457001423;3;https://labonnealternance.apprentissage.beta.gouv.fr/emploi/recruteurs_lba/34738457001423/boulanger
BOULANGERIE;MCO;Villiers-Sur-Marne;94350;27 AVENUE NELSON MANDELA 94350 VILLIERS-SUR-MARNE;Boulangerie et boulangerie-pâtisserie;Vendeur / Vendeuse en épicerie;Entreprise susceptible de recruter (candidature spontanée);;;Apprentissage, Professionnalisation;;;84939182600013;1;https://labonnealternance.apprentissage.beta.gouv.fr/emploi/recruteurs_lba/84939182600013/boulangerie
BRICORAMA;MCO + NDRC;Villiers-Sur-Marne;94350;94350 Villiers-sur-Marne;Commerce de détail de quincaillerie, peintures et verres en grandes surfaces (400 m2et plus);"Hôte / Hôtesse de caisse ; Vendeur / Vendeuse en équipement de la maison ; Vendeur / Vendeuse conseil en jardinerie ; Vendeur / Vendeuse grossiste en équipement du foyer ; Chef / Cheffe de secteur magasin ; Chef / Cheffe de rayon de produits non alimentaires";Entreprise susceptible de recruter (candidature spontanée);;;Apprentissage, Professionnalisation;;;89051680000020;6;https://labonnealternance.apprentissage.beta.gouv.fr/emploi/recruteurs_lba/89051680000020/bricorama
CAISSE D'EPARGNE ET DE PREVOYANCE ILE-DE-FRANCE;NDRC;Villiers-Sur-Marne;94350;19 RUE GUILLAUME BUDE 94350 VILLIERS-SUR-MARNE;Autres intermédiations monétaires;"Conseiller / Conseillère de clientèle bancaire ; Chargé / Chargée d'accueil en banque ; Conseiller / Conseillère en gestion de patrimoine";Entreprise susceptible de recruter (candidature spontanée);;;Apprentissage, Professionnalisation;;;38290094200899;3;https://labonnealternance.apprentissage.beta.gouv.fr/emploi/recruteurs_lba/38290094200899/caisse-d-epargne-et-de-prevoyance-ile-de-france
CARREFOUR CITY;MCO;Villiers-Sur-Marne;94350;6 RUE LOUIS LENOIR 94350 VILLIERS-SUR-MARNE;Supermarchés;"Employé / Employée de rayon libre-service ; Directeur / Directrice de magasin de grande distribution ; Hôte / Hôtesse de caisse ; Responsable de caisses ; Chef / Cheffe de rayon produits alimentaires";Entreprise susceptible de recruter (candidature spontanée);;;Apprentissage, Professionnalisation;;;83312464700037;5;https://labonnealternance.apprentissage.beta.gouv.fr/emploi/recruteurs_lba/83312464700037/carrefour-city
CENTRAL  INDUSTRY;MCO;Villiers-Sur-Marne;94350;12 rue Louis Lenoir 94350 VILLIERS-SUR-MARNE;Commerce de détail d'habillement en magasin spécialisé;"Vendeur / Vendeuse en prêt-à-porter ; Responsable de boutique ; Hôte / Hôtesse de caisse ; Directeur / Directrice de magasin de grande distribution";Entreprise susceptible de recruter (candidature spontanée);;;Apprentissage, Professionnalisation;;;98131133500013;4;https://labonnealternance.apprentissage.beta.gouv.fr/emploi/recruteurs_lba/98131133500013/central-industry
COMPLEMENT'HAIR;NDRC;Villiers-Sur-Marne;94350;11 boulevard Georges Melies 94350 VILLIERS-SUR-MARNE;Commerce de gros (commerce interentreprises) de fournitures et équipements divers pour le commerce et les services;"Cadre Technico-commercial / Technico-commerciale ; Technico-commercial / Technico-commerciale ; Assistant commercial / Assistante commerciale";Entreprise susceptible de recruter (candidature spontanée);;;Apprentissage, Professionnalisation;;;40226228100056;3;https://labonnealternance.apprentissage.beta.gouv.fr/emploi/recruteurs_lba/40226228100056/complement-hair
CREA FLOR;MCO;Villiers-Sur-Marne;94350;8 PL de la gare 94350 VILLIERS-SUR-MARNE;Commerce de détail de fleurs, plantes, graines, engrais, animaux de compagnie et aliments pour ces animaux en magasin spécialisé;"Responsable de boutique ; Vendeur / Vendeuse conseil en jardinerie ; Vendeur / Vendeuse en animalerie ; Hôte / Hôtesse de caisse ; Chef / Cheffe de rayon de produits non alimentaires";Entreprise susceptible de recruter (candidature spontanée);;;Apprentissage, Professionnalisation;;;49111251200018;5;https://labonnealternance.apprentissage.beta.gouv.fr/emploi/recruteurs_lba/49111251200018/crea-flor
DYNAXIN;MCO;Villiers-Sur-Marne;94350;17 BOULEVARD JEAN MONNET 94350 VILLIERS-SUR-MARNE;Commerce de détail de meubles;"Vendeur / Vendeuse en équipement de la maison ; Hôte / Hôtesse de caisse";Entreprise susceptible de recruter (candidature spontanée);;;Apprentissage, Professionnalisation;;;84009012000022;2;https://labonnealternance.apprentissage.beta.gouv.fr/emploi/recruteurs_lba/84009012000022/dynaxin
FETE SENSATION;NDRC;Villiers-Sur-Marne;94350;BOULEVARD JEAN MONNET 94350 VILLIERS-SUR-MARNE;Autres commerces de détail spécialisés divers;Responsable relation client (CRM);Entreprise susceptible de recruter (candidature spontanée);;;Apprentissage, Professionnalisation;;;80508203900019;1;https://labonnealternance.apprentissage.beta.gouv.fr/emploi/recruteurs_lba/80508203900019/fete-sensation
IMMEUBLE POSTE;NDRC;Villiers-Sur-Marne;94350;1 place Saint Christophe 94350 VILLIERS-SUR-MARNE;Activités de poste dans le cadre d'une obligation de service universel;Responsable relation client (CRM);Entreprise susceptible de recruter (candidature spontanée);;;Apprentissage, Professionnalisation;;;35600000052185;1;https://labonnealternance.apprentissage.beta.gouv.fr/emploi/recruteurs_lba/35600000052185/immeuble-poste
KING JOUET;MCO + NDRC;Villiers-Sur-Marne;94350;boulevard Jean Monnet 94350 VILLIERS-SUR-MARNE;Commerce de détail de jeux et jouets en magasin spécialisé;"Vendeur / Vendeuse de produits culturels et ludiques ; Hôte / Hôtesse de caisse ; Responsable de boutique ; Employé / Employée de rayon libre-service ; Directeur / Directrice des ventes ; Conseiller commercial / Conseillère commerciale auprès des particuliers";Entreprise susceptible de recruter (candidature spontanée);;;Apprentissage, Professionnalisation;;;34792671902650;6;https://labonnealternance.apprentissage.beta.gouv.fr/emploi/recruteurs_lba/34792671902650/king-jouet
KOESIO;MCO + NDRC;Villiers-Sur-Marne;94350;5 boulevard Georges Melies 94350 VILLIERS-SUR-MARNE;Commerce de gros (commerce interentreprises) d'autres machines et équipements de bureau;"Directeur / Directrice des ventes ; Attaché commercial / Attachée commerciale";Entreprise susceptible de recruter (candidature spontanée);;;Apprentissage, Professionnalisation;;;34202180500318;2;https://labonnealternance.apprentissage.beta.gouv.fr/emploi/recruteurs_lba/34202180500318/koesio
LA VIE CLAIRE;MCO;Villiers-Sur-Marne;94350;7 boulevard de Mulhouse 94350 VILLIERS-SUR-MARNE;Autres commerces de détail alimentaires en magasin spécialisé;"Vendeur / Vendeuse en épicerie ; Employé / Employée de rayon libre-service ; Chef / Cheffe de rayon produits alimentaires ; Responsable de boutique";Entreprise susceptible de recruter (candidature spontanée);;;Apprentissage, Professionnalisation;;;90500499000016;4;https://labonnealternance.apprentissage.beta.gouv.fr/emploi/recruteurs_lba/90500499000016/la-vie-claire
LOISIRS ORGANISATIONS VOYAGES;MCO;Villiers-Sur-Marne;94350;4 PLACE DE LA GARE PIERRE SEMARD 94350 VILLIERS-SUR-MARNE;Activités des agences de voyage;"Employé / Employée de rayon libre-service ; Hôte / Hôtesse de caisse";Entreprise susceptible de recruter (candidature spontanée);;;Apprentissage, Professionnalisation;;;31990186400037;2;https://labonnealternance.apprentissage.beta.gouv.fr/emploi/recruteurs_lba/31990186400037/loisirs-organisations-voyages
MEUBLES IKEA FRANCE;MCO;Villiers-Sur-Marne;94350;33 rue Jean Jaures 94350 VILLIERS-SUR-MARNE;Commerce de détail de meubles;"Vendeur / Vendeuse en équipement de la maison ; Hôte / Hôtesse de caisse";Entreprise susceptible de recruter (candidature spontanée);;;Apprentissage, Professionnalisation;;;35174572400127;2;https://labonnealternance.apprentissage.beta.gouv.fr/emploi/recruteurs_lba/35174572400127/meubles-ikea-france
MICHEL BORIE DISTRIBUTION;NDRC;Villiers-Sur-Marne;94350;1 RUE GEORGES VAN PARYS 94350 VILLIERS-SUR-MARNE;Commerce et réparation de motocycles;"Conseiller commercial / Conseillère commerciale motocycles ; Conseiller / Conseillère client après-vente des véhicules";Entreprise susceptible de recruter (candidature spontanée);;;Apprentissage, Professionnalisation;;;34274736700031;2;https://labonnealternance.apprentissage.beta.gouv.fr/emploi/recruteurs_lba/34274736700031/michel-borie-distribution
NEXUS SERVICES INFORMATIQUES;NDRC;Villiers-Sur-Marne;94350;3 BOULEVARD GEORGES MELIES 94350 VILLIERS-SUR-MARNE;Réparation d'ordinateurs et d'équipements périphériques;Responsable Commercial / Commerciale;Entreprise susceptible de recruter (candidature spontanée);;;Apprentissage, Professionnalisation;;;48023210700072;1;https://labonnealternance.apprentissage.beta.gouv.fr/emploi/recruteurs_lba/48023210700072/nexus-services-informatiques
SOCIETE GENERALE;NDRC;Villiers-Sur-Marne;94350;47 RUE DU GENERAL DE GAULLE 94350 VILLIERS-SUR-MARNE;Autres intermédiations monétaires;"Conseiller / Conseillère de clientèle bancaire ; Chargé / Chargée d'accueil en banque ; Conseiller / Conseillère en gestion de patrimoine";Entreprise susceptible de recruter (candidature spontanée);;;Apprentissage, Professionnalisation;;;55212022217082;3;https://labonnealternance.apprentissage.beta.gouv.fr/emploi/recruteurs_lba/55212022217082/societe-generale
SOGIVILLIERS;MCO;Villiers-Sur-Marne;94350;42 rue du General De Gaulle 94350 VILLIERS-SUR-MARNE;Supérettes;"Employé / Employée de rayon libre-service ; Hôte / Hôtesse de caisse ; Directeur / Directrice de magasin de grande distribution ; Vendeur / Vendeuse en épicerie ; Responsable de caisses ; Chef / Cheffe de rayon produits alimentaires";Entreprise susceptible de recruter (candidature spontanée);;;Apprentissage, Professionnalisation;;;50513523600022;6;https://labonnealternance.apprentissage.beta.gouv.fr/emploi/recruteurs_lba/50513523600022/sogivilliers
U Express;MCO;Villiers-Sur-Marne;94350;48 avenue Andre Rouy 94350 VILLIERS-SUR-MARNE;Supermarchés;"Employé / Employée de rayon libre-service ; Directeur / Directrice de magasin de grande distribution ; Hôte / Hôtesse de caisse ; Responsable de caisses ; Chef / Cheffe de rayon produits alimentaires";Entreprise susceptible de recruter (candidature spontanée);;;Apprentissage, Professionnalisation;;;93347648300013;5;https://labonnealternance.apprentissage.beta.gouv.fr/emploi/recruteurs_lba/93347648300013/u-express
V.D.A.;MCO;Villiers-Sur-Marne;94350;48 avenue Andre Rouy 94350 VILLIERS-SUR-MARNE;Supermarchés;"Employé / Employée de rayon libre-service ; Directeur / Directrice de magasin de grande distribution ; Hôte / Hôtesse de caisse ; Responsable de caisses ; Chef / Cheffe de rayon produits alimentaires";Entreprise susceptible de recruter (candidature spontanée);;;Apprentissage, Professionnalisation;;;35117120200028;5;https://labonnealternance.apprentissage.beta.gouv.fr/emploi/recruteurs_lba/35117120200028/v-d-a
2 BE IMMO;NDRC;Vincennes;94300;38 rue Massue 94300 VINCENNES;Administration d'immeubles et autres biens immobiliers;Conseiller / Conseillère immobilier;Entreprise susceptible de recruter (candidature spontanée);;;Apprentissage, Professionnalisation;;;90998153200023;1;https://labonnealternance.apprentissage.beta.gouv.fr/emploi/recruteurs_lba/90998153200023/2-be-immo
A.M. HOLDING;NDRC;Vincennes;94300;8 rue de Strasbourg 94300 VINCENNES;Services administratifs combinés de bureau;Conseiller / Conseillère immobilier;Entreprise susceptible de recruter (candidature spontanée);;;Apprentissage, Professionnalisation;;;92166222700013;1;https://labonnealternance.apprentissage.beta.gouv.fr/emploi/recruteurs_lba/92166222700013/a-m-holding
AGENCE DISTRIBUTION ILE DE FRANCE SUD;MCO;Vincennes;94300;20 avenue du Chateau 94300 VINCENNES;Commerce de détail de matériels de télécommunication en magasin spécialisé;"Vendeur / Vendeuse en équipement de la maison ; Conseiller vendeur / Conseillère vendeuse à domicile ; Chef / Cheffe de rayon de produits non alimentaires";Entreprise susceptible de recruter (candidature spontanée);;;Apprentissage, Professionnalisation;;;38012986642941;3;https://labonnealternance.apprentissage.beta.gouv.fr/emploi/recruteurs_lba/38012986642941/agence-distribution-ile-de-france-sud
AGENCE DU CENTRE VINCENNES IMMOBILIER;NDRC;Vincennes;94300;107 rue de Fontenay 94300 VINCENNES;Agences immobilières;Conseiller / Conseillère immobilier;Entreprise susceptible de recruter (candidature spontanée);;;Apprentissage, Professionnalisation;;;49923379900018;1;https://labonnealternance.apprentissage.beta.gouv.fr/emploi/recruteurs_lba/49923379900018/agence-du-centre-vincennes-immobilier
ALLIANCE DU MONDE / TRAVELTOUR VOYAGES T;MCO;Vincennes;94300;81 RUE DEFRANCE 94300 VINCENNES;Activités des agences de voyage;"Employé / Employée de rayon libre-service ; Hôte / Hôtesse de caisse";Entreprise susceptible de recruter (candidature spontanée);;;Apprentissage, Professionnalisation;;;48206614900048;2;https://labonnealternance.apprentissage.beta.gouv.fr/emploi/recruteurs_lba/48206614900048/alliance-du-monde-traveltour-voyages-t
AML FACTORY;NDRC;Vincennes;94300;24 cours Marigny 94300 VINCENNES;PROGRAMMATION INFORMATIQUE;Commercial / Commerciale export;Entreprise susceptible de recruter (candidature spontanée);;;Apprentissage, Professionnalisation;;;85300423200015;1;https://labonnealternance.apprentissage.beta.gouv.fr/emploi/recruteurs_lba/85300423200015/aml-factory
ARKEA BANKING SERVICES;NDRC;Vincennes;94300;27 avenue des Murs du Parc 94300 VINCENNES;Autres intermédiations monétaires;"Conseiller / Conseillère de clientèle bancaire ; Chargé / Chargée d'accueil en banque ; Conseiller / Conseillère en gestion de patrimoine";Entreprise susceptible de recruter (candidature spontanée);;;Apprentissage, Professionnalisation;;;44018038800066;3;https://labonnealternance.apprentissage.beta.gouv.fr/emploi/recruteurs_lba/44018038800066/arkea-banking-services
ARKEA FINANCEMENTS & SERVICES;NDRC;Vincennes;94300;27 AVENUE DES MURS DU PARC 94300 VINCENNES;Autre distribution de crédit;"Conseiller / Conseillère de clientèle bancaire ; Courtier / Courtière en banque ; Conseiller commercial / Conseillère commerciale auprès des particuliers";Entreprise susceptible de recruter (candidature spontanée);;;Apprentissage, Professionnalisation;;;33813879500533;3;https://labonnealternance.apprentissage.beta.gouv.fr/emploi/recruteurs_lba/33813879500533/arkea-financements-services
ASS PREVOYANCE GENERAL INTERPROF SALARIE;NDRC;Vincennes;94300;12 rue Massue 94300 VINCENNES;Gestion des retraites complémentaires;Conseiller / Conseillère de clientèle bancaire;Entreprise susceptible de recruter (candidature spontanée);;;Apprentissage, Professionnalisation;;;30421790400057;1;https://labonnealternance.apprentissage.beta.gouv.fr/emploi/recruteurs_lba/30421790400057/ass-prevoyance-general-interprof-salarie
AXA;NDRC;Vincennes;94300;150 RUE DE FONTENAY 94300 VINCENNES;Activités des agents et courtiers d'assurances;"Conseiller / Conseillère en assurances ; Conseiller / Conseillère en gestion de patrimoine";Entreprise susceptible de recruter (candidature spontanée);;;Apprentissage, Professionnalisation;;;44964173700035;2;https://labonnealternance.apprentissage.beta.gouv.fr/emploi/recruteurs_lba/44964173700035/axa
BA&SH;MCO;Vincennes;94300;28 AV DU CHATEAU ET RUE DE 94300 VINCENNES;Commerce de détail d'habillement en magasin spécialisé;"Vendeur / Vendeuse en prêt-à-porter ; Responsable de boutique ; Hôte / Hôtesse de caisse ; Directeur / Directrice de magasin de grande distribution";Entreprise susceptible de recruter (candidature spontanée);;;Apprentissage, Professionnalisation;;;44915889800485;4;https://labonnealternance.apprentissage.beta.gouv.fr/emploi/recruteurs_lba/44915889800485/ba-sh
BANQUE NATIONALE DE PARIS;NDRC;Vincennes;94300;57 RUE ROBERT GIRAUDINEAU 94300 VINCENNES;Autres intermédiations monétaires;"Conseiller / Conseillère de clientèle bancaire ; Chargé / Chargée d'accueil en banque ; Conseiller / Conseillère en gestion de patrimoine";Entreprise susceptible de recruter (candidature spontanée);;;Apprentissage, Professionnalisation;;;66204244910740;3;https://labonnealternance.apprentissage.beta.gouv.fr/emploi/recruteurs_lba/66204244910740/banque-nationale-de-paris
BNP Paribas;NDRC;Vincennes;94300;4 avenue de Paris 94300 VINCENNES;Autres intermédiations monétaires;"Conseiller / Conseillère de clientèle bancaire ; Chargé / Chargée d'accueil en banque ; Conseiller / Conseillère en gestion de patrimoine";Entreprise susceptible de recruter (candidature spontanée);;;Apprentissage, Professionnalisation;;;66204244930383;3;https://labonnealternance.apprentissage.beta.gouv.fr/emploi/recruteurs_lba/66204244930383/bnp-paribas
BOBICLOU VINCENNES;MCO + NDRC;Vincennes;94300;8 rue Robert Giraudineau 94300 VINCENNES;Commerce de détail d'articles de sport en magasin spécialisé;"Vendeur / Vendeuse d'articles de sport et loisirs ; Hôte / Hôtesse de caisse ; Chef / Cheffe de rayon de produits non alimentaires ; Vendeur / Vendeuse en prêt-à-porter ; Vendeur / Vendeuse grossiste en équipement du foyer";Entreprise susceptible de recruter (candidature spontanée);;;Apprentissage, Professionnalisation;;;94952085200011;5;https://labonnealternance.apprentissage.beta.gouv.fr/emploi/recruteurs_lba/94952085200011/bobiclou-vincennes
BRED Banque Populaire;NDRC;Vincennes;94300;16B avenue du Chateau 94300 VINCENNES;Autres intermédiations monétaires;"Conseiller / Conseillère de clientèle bancaire ; Chargé / Chargée d'accueil en banque ; Conseiller / Conseillère en gestion de patrimoine";Entreprise susceptible de recruter (candidature spontanée);;;Apprentissage, Professionnalisation;;;55209179502613;3;https://labonnealternance.apprentissage.beta.gouv.fr/emploi/recruteurs_lba/55209179502613/bred-banque-populaire
CABINET LOUIS PORCHERET;NDRC;Vincennes;94300;64 RUE DE MONTREUIL 94300 VINCENNES;Administration d'immeubles et autres biens immobiliers;Conseiller / Conseillère immobilier;Entreprise susceptible de recruter (candidature spontanée);;;Apprentissage, Professionnalisation;;;56203584000049;1;https://labonnealternance.apprentissage.beta.gouv.fr/emploi/recruteurs_lba/56203584000049/cabinet-louis-porcheret
CABINET POILLOT;NDRC;Vincennes;94300;82 RUE DE FONTENAY 94300 VINCENNES;Agences immobilières;Conseiller / Conseillère immobilier;Entreprise susceptible de recruter (candidature spontanée);;;Apprentissage, Professionnalisation;;;50460070100032;1;https://labonnealternance.apprentissage.beta.gouv.fr/emploi/recruteurs_lba/50460070100032/cabinet-poillot
CAISSE D'EPARGNE ET DE PREVOYANCE ILE-DE-FRANCE;NDRC;Vincennes;94300;21 avenue du Chateau 94300 VINCENNES;Autres intermédiations monétaires;"Conseiller / Conseillère de clientèle bancaire ; Chargé / Chargée d'accueil en banque ; Conseiller / Conseillère en gestion de patrimoine";Entreprise susceptible de recruter (candidature spontanée);;;Apprentissage, Professionnalisation;;;38290094201533;3;https://labonnealternance.apprentissage.beta.gouv.fr/emploi/recruteurs_lba/38290094201533/caisse-d-epargne-et-de-prevoyance-ile-de-france
CAR IDF SUD EST;NDRC;Vincennes;94300;8 COURS LOUIS LUMIERE 94300 VINCENNES;Autres intermédiations monétaires;"Conseiller / Conseillère de clientèle bancaire ; Chargé / Chargée d'accueil en banque ; Conseiller / Conseillère en gestion de patrimoine";Entreprise susceptible de recruter (candidature spontanée);;;Apprentissage, Professionnalisation;;;55212022240373;3;https://labonnealternance.apprentissage.beta.gouv.fr/emploi/recruteurs_lba/55212022240373/car-idf-sud-est
CAROLL;MCO;Vincennes;94300;40 RUE DU MIDI 94300 VINCENNES;Commerce de détail d'habillement en magasin spécialisé;"Vendeur / Vendeuse en prêt-à-porter ; Responsable de boutique ; Hôte / Hôtesse de caisse ; Directeur / Directrice de magasin de grande distribution";Entreprise susceptible de recruter (candidature spontanée);;;Apprentissage, Professionnalisation;;;33238956800038;4;https://labonnealternance.apprentissage.beta.gouv.fr/emploi/recruteurs_lba/33238956800038/caroll
CARREFOUR CITY;MCO;Vincennes;94300;134 rue de Fontenay 94300 VINCENNES;Supermarchés;"Employé / Employée de rayon libre-service ; Directeur / Directrice de magasin de grande distribution ; Hôte / Hôtesse de caisse ; Responsable de caisses ; Chef / Cheffe de rayon produits alimentaires";Entreprise susceptible de recruter (candidature spontanée);;;Apprentissage, Professionnalisation;;;81540090800035;5;https://labonnealternance.apprentissage.beta.gouv.fr/emploi/recruteurs_lba/81540090800035/carrefour-city
CARREFOUR CITY;MCO;Vincennes;94300;31 RUE MASSUE 94300 VINCENNES;Supermarchés;"Employé / Employée de rayon libre-service ; Directeur / Directrice de magasin de grande distribution ; Hôte / Hôtesse de caisse ; Responsable de caisses ; Chef / Cheffe de rayon produits alimentaires";Entreprise susceptible de recruter (candidature spontanée);;;Apprentissage, Professionnalisation;;;89255615000027;5;https://labonnealternance.apprentissage.beta.gouv.fr/emploi/recruteurs_lba/89255615000027/carrefour-city
CARREFOUR MARKET;MCO;Vincennes;94300;1 PL JEAN SPIRE 94300 VINCENNES;Supermarchés;"Employé / Employée de rayon libre-service ; Directeur / Directrice de magasin de grande distribution ; Hôte / Hôtesse de caisse ; Responsable de caisses ; Chef / Cheffe de rayon produits alimentaires";Entreprise susceptible de recruter (candidature spontanée);;;Apprentissage, Professionnalisation;;;44028375206231;5;https://labonnealternance.apprentissage.beta.gouv.fr/emploi/recruteurs_lba/44028375206231/carrefour-market
CHARLES;NDRC;Vincennes;94300;112 avenue de Paris 94300 VINCENNES;PORTAILS INTERNET;Commercial / Commerciale grands comptes et entreprises;Entreprise susceptible de recruter (candidature spontanée);;;Apprentissage, Professionnalisation;;;84433213000021;1;https://labonnealternance.apprentissage.beta.gouv.fr/emploi/recruteurs_lba/84433213000021/charles
CLIMALIFE;MCO + NDRC;Vincennes;94300;26 avenue du Petit Parc 94300 VINCENNES;Commerce de gros (commerce interentreprises) de produits chimiques;"Responsable e-commerce ; Technico-commercial / Technico-commerciale ; Cadre Technico-commercial / Technico-commerciale ; Attaché commercial / Attachée commerciale ; Commercial itinérant / Commerciale itinérante en entreprise de commerce de gros";Entreprise susceptible de recruter (candidature spontanée);;;Apprentissage, Professionnalisation;;;31025920500246;5;https://labonnealternance.apprentissage.beta.gouv.fr/emploi/recruteurs_lba/31025920500246/climalife
CLIMB;NDRC;Vincennes;94300;112 avenue de Paris 94300 VINCENNES;PORTAILS INTERNET;Commercial / Commerciale grands comptes et entreprises;Entreprise susceptible de recruter (candidature spontanée);;;Apprentissage, Professionnalisation;;;81380597500022;1;https://labonnealternance.apprentissage.beta.gouv.fr/emploi/recruteurs_lba/81380597500022/climb
CREDIT LYONNAIS;NDRC;Vincennes;94300;31 avenue du Chateau 94300 VINCENNES;Autres intermédiations monétaires;"Conseiller / Conseillère de clientèle bancaire ; Chargé / Chargée d'accueil en banque ; Conseiller / Conseillère en gestion de patrimoine";Entreprise susceptible de recruter (candidature spontanée);;;Apprentissage, Professionnalisation;;;95450974100144;3;https://labonnealternance.apprentissage.beta.gouv.fr/emploi/recruteurs_lba/95450974100144/credit-lyonnais
CREME;MCO;Vincennes;94300;1B RUE DU MIDI 94300 VINCENNES;Pâtisserie;Vendeur / Vendeuse en épicerie;Entreprise susceptible de recruter (candidature spontanée);;;Apprentissage, Professionnalisation;;;84116650700019;1;https://labonnealternance.apprentissage.beta.gouv.fr/emploi/recruteurs_lba/84116650700019/creme
CYCLING AND SPORTS;MCO + NDRC;Vincennes;94300;8 RUE ROBERT GIRAUDINEAU 94300 VINCENNES;Commerce de détail d'articles de sport en magasin spécialisé;"Vendeur / Vendeuse d'articles de sport et loisirs ; Hôte / Hôtesse de caisse ; Chef / Cheffe de rayon de produits non alimentaires ; Vendeur / Vendeuse en prêt-à-porter ; Vendeur / Vendeuse grossiste en équipement du foyer";Entreprise susceptible de recruter (candidature spontanée);;;Apprentissage, Professionnalisation;;;45222459500028;5;https://labonnealternance.apprentissage.beta.gouv.fr/emploi/recruteurs_lba/45222459500028/cycling-and-sports
DIMACOM;NDRC;Vincennes;94300;110 rue de Fontenay 94300 VINCENNES;PROGRAMMATION INFORMATIQUE;Commercial / Commerciale export;Entreprise susceptible de recruter (candidature spontanée);;;Apprentissage, Professionnalisation;;;98748354200013;1;https://labonnealternance.apprentissage.beta.gouv.fr/emploi/recruteurs_lba/98748354200013/dimacom
DOME-TECH;NDRC;Vincennes;94300;112 avenue de Paris 94300 VINCENNES;PROGRAMMATION INFORMATIQUE;Commercial / Commerciale export;Entreprise susceptible de recruter (candidature spontanée);;;Apprentissage, Professionnalisation;;;92108813400017;1;https://labonnealternance.apprentissage.beta.gouv.fr/emploi/recruteurs_lba/92108813400017/dome-tech
DOUCEURS ET PLAISIRS DE VINCENNES;MCO;Vincennes;94300;83 rue de Fontenay 94300 VINCENNES;Boulangerie et boulangerie-pâtisserie;Vendeur / Vendeuse en épicerie;Entreprise susceptible de recruter (candidature spontanée);;;Apprentissage, Professionnalisation;;;45223272100012;1;https://labonnealternance.apprentissage.beta.gouv.fr/emploi/recruteurs_lba/45223272100012/douceurs-et-plaisirs-de-vincennes
ESPACE PRIMEURS DU CHATEAU;MCO;Vincennes;94300;2B RUE DU MIDI 94300 VINCENNES;Commerce de détail de fruits et légumes en magasin spécialisé;"Vendeur / Vendeuse en épicerie ; Employé / Employée de rayon libre-service ; Hôte / Hôtesse de caisse ; Chef / Cheffe de rayon produits alimentaires ; Responsable de caisses";Entreprise susceptible de recruter (candidature spontanée);;;Apprentissage, Professionnalisation;;;42494091400023;5;https://labonnealternance.apprentissage.beta.gouv.fr/emploi/recruteurs_lba/42494091400023/espace-primeurs-du-chateau
F.G.A;NDRC;Vincennes;94300;64B AVENUE AUBERT 94300 VINCENNES;AUTRES ASSURANCES;"Conseiller / Conseillère en assurances ; Conseiller / Conseillère en gestion de patrimoine";Entreprise susceptible de recruter (candidature spontanée);;;Apprentissage, Professionnalisation;;;78439456100129;2;https://labonnealternance.apprentissage.beta.gouv.fr/emploi/recruteurs_lba/78439456100129/f-g-a
FAGUO;MCO;Vincennes;94300;27 RUE DU MIDI 94300 VINCENNES;Commerce de détail de la chaussure;"Responsable de boutique ; Vendeur / Vendeuse en prêt-à-porter ; Vendeur / Vendeuse d'articles de sport et loisirs ; Gérant / Gérante de magasin d'alimentation générale ; Directeur / Directrice de magasin de grande distribution";Entreprise susceptible de recruter (candidature spontanée);;;Apprentissage, Professionnalisation;;;50882266500297;5;https://labonnealternance.apprentissage.beta.gouv.fr/emploi/recruteurs_lba/50882266500297/faguo
GAMABILIS;NDRC;Vincennes;94300;110 rue de Fontenay 94300 VINCENNES;PROGRAMMATION INFORMATIQUE;Commercial / Commerciale export;Entreprise susceptible de recruter (candidature spontanée);;;Apprentissage, Professionnalisation;;;82167403300021;1;https://labonnealternance.apprentissage.beta.gouv.fr/emploi/recruteurs_lba/82167403300021/gamabilis
GESTIMAT;NDRC;Vincennes;94300;24 AVENUE DU PETIT PARC 94300 VINCENNES;Traitement de données, hébergement et activités connexes;Conseiller / Conseillère en gestion de patrimoine;Entreprise susceptible de recruter (candidature spontanée);;;Apprentissage, Professionnalisation;;;33011030500035;1;https://labonnealternance.apprentissage.beta.gouv.fr/emploi/recruteurs_lba/33011030500035/gestimat
HARRIS INTERACTIVE SAS;MCO;Vincennes;94300;5 AVENUE DU CHATEAU 94300 VINCENNES;Études de marché et sondages;Chef / Cheffe de promotion des ventes;Entreprise susceptible de recruter (candidature spontanée);;;Apprentissage, Professionnalisation;;;40176286900055;1;https://labonnealternance.apprentissage.beta.gouv.fr/emploi/recruteurs_lba/40176286900055/harris-interactive-sas
HYPERION CAPITAL;NDRC;Vincennes;94300;5 avenue de Paris 94300 VINCENNES;Autres activités auxiliaires de services financiers, hors assurance et caisses de retraite, n.c.a.;"Courtier / Courtière en banque ; Conseiller / Conseillère en gestion de patrimoine";Entreprise susceptible de recruter (candidature spontanée);;;Apprentissage, Professionnalisation;;;42250571900050;2;https://labonnealternance.apprentissage.beta.gouv.fr/emploi/recruteurs_lba/42250571900050/hyperion-capital
IAD LOCATION & GESTION;NDRC;Vincennes;94300;112 avenue de Paris 94300 VINCENNES;Administration d'immeubles et autres biens immobiliers;Conseiller / Conseillère immobilier;Entreprise susceptible de recruter (candidature spontanée);;;Apprentissage, Professionnalisation;;;82394981300021;1;https://labonnealternance.apprentissage.beta.gouv.fr/emploi/recruteurs_lba/82394981300021/iad-location-gestion
IMESTIA RESTAURATION - IMESTIA IMMOBILIER;NDRC;Vincennes;94300;28 avenue du Petit Parc 94300 VINCENNES;Activités des sociétés holding;Conseiller / Conseillère immobilier;Entreprise susceptible de recruter (candidature spontanée);;;Apprentissage, Professionnalisation;;;39901266500051;1;https://labonnealternance.apprentissage.beta.gouv.fr/emploi/recruteurs_lba/39901266500051/imestia-restauration-imestia-immobilier
IMMOBILIER COTE BOIS;NDRC;Vincennes;94300;37 rue Raymond du Temple 94300 VINCENNES;Agences immobilières;Conseiller / Conseillère immobilier;Entreprise susceptible de recruter (candidature spontanée);;;Apprentissage, Professionnalisation;;;42978944900015;1;https://labonnealternance.apprentissage.beta.gouv.fr/emploi/recruteurs_lba/42978944900015/immobilier-cote-bois
IMMOBILIER SUR MESURE;NDRC;Vincennes;94300;135 RUE DE FONTENAY 94300 VINCENNES;Agences immobilières;Conseiller / Conseillère immobilier;Entreprise susceptible de recruter (candidature spontanée);;;Apprentissage, Professionnalisation;;;80751412000029;1;https://labonnealternance.apprentissage.beta.gouv.fr/emploi/recruteurs_lba/80751412000029/immobilier-sur-mesure
INFFLUX INFORMATIQUE ET FLUX;NDRC;Vincennes;94300;197 RUE DE FONTENAY 94300 VINCENNES;EDITION DE LOGICIELS APPLICATIFS;Cadre Technico-commercial / Technico-commerciale;Entreprise susceptible de recruter (candidature spontanée);;;Apprentissage, Professionnalisation;;;40225708300046;1;https://labonnealternance.apprentissage.beta.gouv.fr/emploi/recruteurs_lba/40225708300046/infflux-informatique-et-flux
INFOGREFFE;NDRC;Vincennes;94300;5 avenue de Paris 94300 VINCENNES;Activités des agences de recouvrement de factures et des sociétés d'information financière sur la clientèle;"Conseiller / Conseillère clientèle à distance ; Chargé / Chargée de relation client";Entreprise susceptible de recruter (candidature spontanée);;;Apprentissage, Professionnalisation;;;33888571800043;2;https://labonnealternance.apprentissage.beta.gouv.fr/emploi/recruteurs_lba/33888571800043/infogreffe
INTERMARCHE;MCO;Vincennes;94300;5 RUE DE STRASBOURG 94300 VINCENNES;Supermarchés;"Employé / Employée de rayon libre-service ; Directeur / Directrice de magasin de grande distribution ; Hôte / Hôtesse de caisse ; Responsable de caisses ; Chef / Cheffe de rayon produits alimentaires";Entreprise susceptible de recruter (candidature spontanée);;;Apprentissage, Professionnalisation;;;52989012100021;5;https://labonnealternance.apprentissage.beta.gouv.fr/emploi/recruteurs_lba/52989012100021/intermarche
INTERMARCHE;MCO;Vincennes;94300;38 rue de Strasbourg 94300 VINCENNES;Supérettes;"Employé / Employée de rayon libre-service ; Hôte / Hôtesse de caisse ; Directeur / Directrice de magasin de grande distribution ; Vendeur / Vendeuse en épicerie ; Responsable de caisses ; Chef / Cheffe de rayon produits alimentaires";Entreprise susceptible de recruter (candidature spontanée);;;Apprentissage, Professionnalisation;;;41254537800017;6;https://labonnealternance.apprentissage.beta.gouv.fr/emploi/recruteurs_lba/41254537800017/intermarche
INTERNATIONAL COOKWARE;MCO;Vincennes;94300;8 AVENUE DES MINIMES 94300 VINCENNES;Autres activités de soutien aux entreprises n.c.a.;Animateur / Animatrice des ventes;Entreprise susceptible de recruter (candidature spontanée);;;Apprentissage, Professionnalisation;;;39931131500044;1;https://labonnealternance.apprentissage.beta.gouv.fr/emploi/recruteurs_lba/39931131500044/international-cookware
ISABELLE & VALERIE;MCO;Vincennes;94300;31 rue Raymond du Temple 94300 VINCENNES;Boulangerie et boulangerie-pâtisserie;Vendeur / Vendeuse en épicerie;Entreprise susceptible de recruter (candidature spontanée);;;Apprentissage, Professionnalisation;;;41311169100015;1;https://labonnealternance.apprentissage.beta.gouv.fr/emploi/recruteurs_lba/41311169100015/isabelle-valerie
JACADI;MCO;Vincennes;94300;28 RUE DU MIDI 94300 VINCENNES;Commerce de détail d'habillement en magasin spécialisé;"Vendeur / Vendeuse en prêt-à-porter ; Responsable de boutique ; Hôte / Hôtesse de caisse ; Directeur / Directrice de magasin de grande distribution";Entreprise susceptible de recruter (candidature spontanée);;;Apprentissage, Professionnalisation;;;89459596600041;4;https://labonnealternance.apprentissage.beta.gouv.fr/emploi/recruteurs_lba/89459596600041/jacadi
JDD DISTRIBUTION;MCO;Vincennes;94300;25 rue Raymond du Temple 94300 VINCENNES;Supermarchés;"Employé / Employée de rayon libre-service ; Directeur / Directrice de magasin de grande distribution ; Hôte / Hôtesse de caisse ; Responsable de caisses ; Chef / Cheffe de rayon produits alimentaires";Entreprise susceptible de recruter (candidature spontanée);;;Apprentissage, Professionnalisation;;;50064429900017;5;https://labonnealternance.apprentissage.beta.gouv.fr/emploi/recruteurs_lba/50064429900017/jdd-distribution
KLACK;NDRC;Vincennes;94300;10 avenue Antoine Quinson 94300 VINCENNES;PROGRAMMATION INFORMATIQUE;Commercial / Commerciale export;Entreprise susceptible de recruter (candidature spontanée);;;Apprentissage, Professionnalisation;;;88023062800013;1;https://labonnealternance.apprentissage.beta.gouv.fr/emploi/recruteurs_lba/88023062800013/klack
L.V.D.H;MCO;Vincennes;94300;1 RUE DU MIDI 94300 VINCENNES;Boulangerie et boulangerie-pâtisserie;Vendeur / Vendeuse en épicerie;Entreprise susceptible de recruter (candidature spontanée);;;Apprentissage, Professionnalisation;;;51023870200128;1;https://labonnealternance.apprentissage.beta.gouv.fr/emploi/recruteurs_lba/51023870200128/l-v-d-h
LA BOTTEGA DEL POZZO;MCO;Vincennes;94300;4 RUE LEJEMPTEL 94300 VINCENNES;Commerce d'alimentation générale;"Employé / Employée de rayon libre-service ; Vendeur / Vendeuse en épicerie ; Hôte / Hôtesse de caisse ; Chef / Cheffe de rayon produits alimentaires ; Directeur / Directrice de magasin de grande distribution ; Gérant / Gérante de magasin d'alimentation générale";Entreprise susceptible de recruter (candidature spontanée);;;Apprentissage, Professionnalisation;;;89271367800019;6;https://labonnealternance.apprentissage.beta.gouv.fr/emploi/recruteurs_lba/89271367800019/la-bottega-del-pozzo
LA GOURMANDISE DE VINCENNES;MCO;Vincennes;94300;1 RUE DEFRANCE 94300 VINCENNES;Boulangerie et boulangerie-pâtisserie;Vendeur / Vendeuse en épicerie;Entreprise susceptible de recruter (candidature spontanée);;;Apprentissage, Professionnalisation;;;82790573800023;1;https://labonnealternance.apprentissage.beta.gouv.fr/emploi/recruteurs_lba/82790573800023/la-gourmandise-de-vincennes
LA SULTANE DE SABA;MCO;Vincennes;94300;24 RUE LEJEMPTEL 94300 VINCENNES;Commerce de détail de parfumerie et de produits de beauté en magasin spécialisé;"Responsable de boutique ; Employé / Employée de rayon libre-service";Entreprise susceptible de recruter (candidature spontanée);;;Apprentissage, Professionnalisation;;;49939318900018;2;https://labonnealternance.apprentissage.beta.gouv.fr/emploi/recruteurs_lba/49939318900018/la-sultane-de-saba
LCL LE CREDIT LYONNAIS;NDRC;Vincennes;94300;28 avenue du Petit Parc 94300 VINCENNES;Autres intermédiations monétaires;"Conseiller / Conseillère de clientèle bancaire ; Chargé / Chargée d'accueil en banque ; Conseiller / Conseillère en gestion de patrimoine";Entreprise susceptible de recruter (candidature spontanée);;;Apprentissage, Professionnalisation;;;95450974129929;3;https://labonnealternance.apprentissage.beta.gouv.fr/emploi/recruteurs_lba/95450974129929/lcl-le-credit-lyonnais
LE TRIPORTEUR;MCO + NDRC;Vincennes;94300;7 place Berault 94300 VINCENNES;Commerce de détail d'articles de sport en magasin spécialisé;"Vendeur / Vendeuse d'articles de sport et loisirs ; Hôte / Hôtesse de caisse ; Chef / Cheffe de rayon de produits non alimentaires ; Vendeur / Vendeuse en prêt-à-porter ; Vendeur / Vendeuse grossiste en équipement du foyer";Entreprise susceptible de recruter (candidature spontanée);;;Apprentissage, Professionnalisation;;;92084312500013;5;https://labonnealternance.apprentissage.beta.gouv.fr/emploi/recruteurs_lba/92084312500013/le-triporteur
LIBEO;NDRC;Vincennes;94300;112 avenue de Paris 94300 VINCENNES;PROGRAMMATION INFORMATIQUE;Commercial / Commerciale export;Entreprise susceptible de recruter (candidature spontanée);;;Apprentissage, Professionnalisation;;;84467906800016;1;https://labonnealternance.apprentissage.beta.gouv.fr/emploi/recruteurs_lba/84467906800016/libeo
Logista France;MCO;Vincennes;94300;27 AVENUE DES MURS DU PARC 94300 VINCENNES;Commerce de gros (commerce interentreprises) de produits à base de tabac;Chef / Cheffe de rayon de produits non alimentaires;Entreprise susceptible de recruter (candidature spontanée);;;Apprentissage, Professionnalisation;;;49536160200131;1;https://labonnealternance.apprentissage.beta.gouv.fr/emploi/recruteurs_lba/49536160200131/logista-france
LOGISTA RETAIL FRANCE;MCO + NDRC;Vincennes;94300;27 avenue des Murs du Parc 94300 VINCENNES;COMMERCE DE GROS (COMMERCE INTERENTREPRISES) D'AUTRES BIENS DOMESTIQUES;"Assistant / Assistante administration des ventes ; Assistant commercial / Assistante commerciale";Entreprise susceptible de recruter (candidature spontanée);;;Apprentissage, Professionnalisation;;;31925244100088;2;https://labonnealternance.apprentissage.beta.gouv.fr/emploi/recruteurs_lba/31925244100088/logista-retail-france
MA BOUCHERIE;MCO + NDRC;Vincennes;94300;25 rue de Montreuil 94300 VINCENNES;Commerce de détail de viandes et de produits à base de viande en magasin spécialisé;"Vendeur / Vendeuse en épicerie ; Vendeur / Vendeuse grossiste en produits frais";Entreprise susceptible de recruter (candidature spontanée);;;Apprentissage, Professionnalisation;;;91016529900017;2;https://labonnealternance.apprentissage.beta.gouv.fr/emploi/recruteurs_lba/91016529900017/ma-boucherie
MAATHENA;NDRC;Vincennes;94300;94 avenue Aubert 94300 VINCENNES;PORTAILS INTERNET;Commercial / Commerciale grands comptes et entreprises;Entreprise susceptible de recruter (candidature spontanée);;;Apprentissage, Professionnalisation;;;92185273700011;1;https://labonnealternance.apprentissage.beta.gouv.fr/emploi/recruteurs_lba/92185273700011/maathena
MADTECH;NDRC;Vincennes;94300;10 Rue Victor Basch 94300 Vincennes;PORTAILS INTERNET;Commercial / Commerciale grands comptes et entreprises;Entreprise susceptible de recruter (candidature spontanée);;;Apprentissage, Professionnalisation;;;85407620500012;1;https://labonnealternance.apprentissage.beta.gouv.fr/emploi/recruteurs_lba/85407620500012/madtech
MAGIMIX;NDRC;Vincennes;94300;48 rue des Vignerons 94300 VINCENNES;Commerce de gros (commerce interentreprises) d'appareils électroménagers;"Assistant commercial / Assistante commerciale ; Technico-commercial / Technico-commerciale";Entreprise susceptible de recruter (candidature spontanée);;;Apprentissage, Professionnalisation;;;37921611200043;2;https://labonnealternance.apprentissage.beta.gouv.fr/emploi/recruteurs_lba/37921611200043/magimix
MAISON LECORVAISIER;MCO;Vincennes;94300;200 RUE DE FONTENAY 94300 VINCENNES;Boulangerie et boulangerie-pâtisserie;Vendeur / Vendeuse en épicerie;Entreprise susceptible de recruter (candidature spontanée);;;Apprentissage, Professionnalisation;;;82068065000018;1;https://labonnealternance.apprentissage.beta.gouv.fr/emploi/recruteurs_lba/82068065000018/maison-lecorvaisier
MAY;NDRC;Vincennes;94300;112 avenue de Paris 94300 VINCENNES;PORTAILS INTERNET;Commercial / Commerciale grands comptes et entreprises;Entreprise susceptible de recruter (candidature spontanée);;;Apprentissage, Professionnalisation;;;87973258400021;1;https://labonnealternance.apprentissage.beta.gouv.fr/emploi/recruteurs_lba/87973258400021/may
MH GROUPE MARKETING;MCO + NDRC;Vincennes;94300;112 AVENUE DE PARIS 94300 VINCENNES;Activités de centres d'appels;"Directeur / Directrice de magasin de grande distribution ; Conseiller / Conseillère clientèle à distance ; Responsable relation client (CRM)";Entreprise susceptible de recruter (candidature spontanée);;;Apprentissage, Professionnalisation;;;84850167200010;3;https://labonnealternance.apprentissage.beta.gouv.fr/emploi/recruteurs_lba/84850167200010/mh-groupe-marketing
MILLEPAGES;MCO;Vincennes;94300;174 rue de Fontenay 94300 VINCENNES;Commerce de détail de livres en magasin spécialisé;"Vendeur / Vendeuse de produits culturels et ludiques ; Hôte / Hôtesse de caisse ; Chef / Cheffe de rayon de produits non alimentaires";Entreprise susceptible de recruter (candidature spontanée);;;Apprentissage, Professionnalisation;;;33343399300016;3;https://labonnealternance.apprentissage.beta.gouv.fr/emploi/recruteurs_lba/33343399300016/millepages
Monoprix;MCO;Vincennes;94300;44 RUE DU MIDI 94300 VINCENNES;Supermarchés;"Employé / Employée de rayon libre-service ; Directeur / Directrice de magasin de grande distribution ; Hôte / Hôtesse de caisse ; Responsable de caisses ; Chef / Cheffe de rayon produits alimentaires";Entreprise susceptible de recruter (candidature spontanée);;;Apprentissage, Professionnalisation;;;55208329701091;5;https://labonnealternance.apprentissage.beta.gouv.fr/emploi/recruteurs_lba/55208329701091/monoprix
Monoprix;MCO;Vincennes;94300;60 AVENUE DE PARIS 94300 VINCENNES;Supermarchés;"Employé / Employée de rayon libre-service ; Directeur / Directrice de magasin de grande distribution ; Hôte / Hôtesse de caisse ; Responsable de caisses ; Chef / Cheffe de rayon produits alimentaires";Entreprise susceptible de recruter (candidature spontanée);;;Apprentissage, Professionnalisation;;;55208329702610;5;https://labonnealternance.apprentissage.beta.gouv.fr/emploi/recruteurs_lba/55208329702610/monoprix
MY LITTLE KITCHEN;MCO;Vincennes;94300;5 RUE LEJEMPTEL 94300 VINCENNES;Pâtisserie;Vendeur / Vendeuse en épicerie;Entreprise susceptible de recruter (candidature spontanée);;;Apprentissage, Professionnalisation;;;90033161200029;1;https://labonnealternance.apprentissage.beta.gouv.fr/emploi/recruteurs_lba/90033161200029/my-little-kitchen
NAPTA;NDRC;Vincennes;94300;112 avenue de Paris 94300 VINCENNES;EDITION DE LOGICIELS APPLICATIFS;Cadre Technico-commercial / Technico-commerciale;Entreprise susceptible de recruter (candidature spontanée);;;Apprentissage, Professionnalisation;;;83511210300022;1;https://labonnealternance.apprentissage.beta.gouv.fr/emploi/recruteurs_lba/83511210300022/napta
NEWSTOCK;NDRC;Vincennes;94300;170 AVENUE DE PARIS 94300 VINCENNES;Autres commerces de détail spécialisés divers;Responsable relation client (CRM);Entreprise susceptible de recruter (candidature spontanée);;;Apprentissage, Professionnalisation;;;31427061200273;1;https://labonnealternance.apprentissage.beta.gouv.fr/emploi/recruteurs_lba/31427061200273/newstock
NEXT GROUP;NDRC;Vincennes;94300;9 avenue de Paris 94300 VINCENNES;Activités des sociétés holding;Conseiller / Conseillère immobilier;Entreprise susceptible de recruter (candidature spontanée);;;Apprentissage, Professionnalisation;;;80529139000021;1;https://labonnealternance.apprentissage.beta.gouv.fr/emploi/recruteurs_lba/80529139000021/next-group
O DELICES DE CERES;MCO;Vincennes;94300;39 AVENUE DE PARIS 94300 VINCENNES;Boulangerie et boulangerie-pâtisserie;Vendeur / Vendeuse en épicerie;Entreprise susceptible de recruter (candidature spontanée);;;Apprentissage, Professionnalisation;;;79957588100013;1;https://labonnealternance.apprentissage.beta.gouv.fr/emploi/recruteurs_lba/79957588100013/o-delices-de-ceres
PADOZEL;MCO;Vincennes;94300;91 rue de Fontenay 94300 VINCENNES;Commerce de détail d'habillement en magasin spécialisé;"Vendeur / Vendeuse en prêt-à-porter ; Responsable de boutique ; Hôte / Hôtesse de caisse ; Directeur / Directrice de magasin de grande distribution";Entreprise susceptible de recruter (candidature spontanée);;;Apprentissage, Professionnalisation;;;40275403000045;4;https://labonnealternance.apprentissage.beta.gouv.fr/emploi/recruteurs_lba/40275403000045/padozel
PARINAT;MCO + NDRC;Vincennes;94300;96 boulevard de la Liberation 94300 VINCENNES;Vente à distance sur catalogue spécialisé;"Conseiller vendeur / Conseillère vendeuse à domicile ; Vendeur / Vendeuse en prêt-à-porter ; Responsable de boutique ; Délégué médical hospitalier / Déléguée médicale hospitalière ; Chargé / Chargée de relation client";Entreprise susceptible de recruter (candidature spontanée);;;Apprentissage, Professionnalisation;;;40491657900026;5;https://labonnealternance.apprentissage.beta.gouv.fr/emploi/recruteurs_lba/40491657900026/parinat
PARSYS TELEMEDECINE;NDRC;Vincennes;94300;5 AVENUE DE PARIS 94300 VINCENNES;PROGRAMMATION INFORMATIQUE;Commercial / Commerciale export;Entreprise susceptible de recruter (candidature spontanée);;;Apprentissage, Professionnalisation;;;52413903700039;1;https://labonnealternance.apprentissage.beta.gouv.fr/emploi/recruteurs_lba/52413903700039/parsys-telemedecine
PIF IMMOBILIER /PARIS IMMOBILIER FONCIER;NDRC;Vincennes;94300;172 AV DE PARIS 94300 VINCENNES;Agences immobilières;Conseiller / Conseillère immobilier;Entreprise susceptible de recruter (candidature spontanée);;;Apprentissage, Professionnalisation;;;32069532300024;1;https://labonnealternance.apprentissage.beta.gouv.fr/emploi/recruteurs_lba/32069532300024/pif-immobilier-paris-immobilier-foncier
"REFLETS D'AILLEURS ; ESCADREAM; B-CREWEVENTS; CREWEVENTS";MCO;Vincennes;94300;7 rue Georges Huchon 94300 VINCENNES;Activités des agences de voyage;"Employé / Employée de rayon libre-service ; Hôte / Hôtesse de caisse";Entreprise susceptible de recruter (candidature spontanée);;;Apprentissage, Professionnalisation;;;53442858600034;2;https://labonnealternance.apprentissage.beta.gouv.fr/emploi/recruteurs_lba/53442858600034/reflets-d-ailleurs-escadream-b-crewevents-crewevents
REFLETS FLEURS;MCO;Vincennes;94300;1 avenue de Paris 94300 VINCENNES;Commerce de détail de fleurs, plantes, graines, engrais, animaux de compagnie et aliments pour ces animaux en magasin spécialisé;"Responsable de boutique ; Vendeur / Vendeuse conseil en jardinerie ; Vendeur / Vendeuse en animalerie ; Hôte / Hôtesse de caisse ; Chef / Cheffe de rayon de produits non alimentaires";Entreprise susceptible de recruter (candidature spontanée);;;Apprentissage, Professionnalisation;;;41087845800018;5;https://labonnealternance.apprentissage.beta.gouv.fr/emploi/recruteurs_lba/41087845800018/reflets-fleurs
ROBOT COUPE;NDRC;Vincennes;94300;48 RUE DES VIGNERONS 94300 VINCENNES;Commerce de gros (commerce interentreprises) de fournitures et équipements divers pour le commerce et les services;"Cadre Technico-commercial / Technico-commerciale ; Technico-commercial / Technico-commerciale ; Assistant commercial / Assistante commerciale";Entreprise susceptible de recruter (candidature spontanée);;;Apprentissage, Professionnalisation;;;64200784300088;3;https://labonnealternance.apprentissage.beta.gouv.fr/emploi/recruteurs_lba/64200784300088/robot-coupe
SARL BOULANGERIE DE LA PREVOYANCE;NDRC;Vincennes;94300;56 RUE DES LAITIERES 94300 VINCENNES;LOCATION DE TERRAINS ET D'AUTRES BIENS IMMOBILIERS;"Conseiller / Conseillère immobilier ; Conseiller commercial / Conseillère commerciale auprès des particuliers";Entreprise susceptible de recruter (candidature spontanée);;;Apprentissage, Professionnalisation;;;41980220200012;2;https://labonnealternance.apprentissage.beta.gouv.fr/emploi/recruteurs_lba/41980220200012/sarl-boulangerie-de-la-prevoyance
SAS DALBIN & ASSOCIES;NDRC;Vincennes;94300;50 rue de la Jarry 94300 VINCENNES;Activité des géomètres;Chargé / Chargée d'études commerciales;Entreprise susceptible de recruter (candidature spontanée);;;Apprentissage, Professionnalisation;;;97804542500011;1;https://labonnealternance.apprentissage.beta.gouv.fr/emploi/recruteurs_lba/97804542500011/sas-dalbin-associes
Sephora;MCO;Vincennes;94300;27 AVENUE DU CHATEAU 94300 VINCENNES;Commerce de détail de parfumerie et de produits de beauté en magasin spécialisé;"Responsable de boutique ; Employé / Employée de rayon libre-service";Entreprise susceptible de recruter (candidature spontanée);;;Apprentissage, Professionnalisation;;;39371228602488;2;https://labonnealternance.apprentissage.beta.gouv.fr/emploi/recruteurs_lba/39371228602488/sephora
SERRA;MCO;Vincennes;94300;29 RUE DU MIDI 94300 VINCENNES;Commerce de détail d'habillement en magasin spécialisé;"Vendeur / Vendeuse en prêt-à-porter ; Responsable de boutique ; Hôte / Hôtesse de caisse ; Directeur / Directrice de magasin de grande distribution";Entreprise susceptible de recruter (candidature spontanée);;;Apprentissage, Professionnalisation;;;83856821000010;4;https://labonnealternance.apprentissage.beta.gouv.fr/emploi/recruteurs_lba/83856821000010/serra
SOCIETE D'EXPLOITATION DE L'AGENCE BRUN;NDRC;Vincennes;94300;4 avenue du General De Gaulle 94300 VINCENNES;Agences immobilières;Conseiller / Conseillère immobilier;Entreprise susceptible de recruter (candidature spontanée);;;Apprentissage, Professionnalisation;;;52907824800018;1;https://labonnealternance.apprentissage.beta.gouv.fr/emploi/recruteurs_lba/52907824800018/societe-d-exploitation-de-l-agence-brun
SOCIETE GENERALE;NDRC;Vincennes;94300;13 rue de Montreuil 94300 VINCENNES;Autres intermédiations monétaires;"Conseiller / Conseillère de clientèle bancaire ; Chargé / Chargée d'accueil en banque ; Conseiller / Conseillère en gestion de patrimoine";Entreprise susceptible de recruter (candidature spontanée);;;Apprentissage, Professionnalisation;;;55212022200096;3;https://labonnealternance.apprentissage.beta.gouv.fr/emploi/recruteurs_lba/55212022200096/societe-generale
SPM VINCENNES;MCO;Vincennes;94300;136 rue Defrance 94300 VINCENNES;Supermarchés;"Employé / Employée de rayon libre-service ; Directeur / Directrice de magasin de grande distribution ; Hôte / Hôtesse de caisse ; Responsable de caisses ; Chef / Cheffe de rayon produits alimentaires";Entreprise susceptible de recruter (candidature spontanée);;;Apprentissage, Professionnalisation;;;40401004300028;5;https://labonnealternance.apprentissage.beta.gouv.fr/emploi/recruteurs_lba/40401004300028/spm-vincennes
SUNDAY;NDRC;Vincennes;94300;112 avenue de Paris 94300 VINCENNES;PROGRAMMATION INFORMATIQUE;Commercial / Commerciale export;Entreprise susceptible de recruter (candidature spontanée);;;Apprentissage, Professionnalisation;;;89739393000010;1;https://labonnealternance.apprentissage.beta.gouv.fr/emploi/recruteurs_lba/89739393000010/sunday
TEAM TOY 75;MCO + NDRC;Vincennes;94300;56 AVENUE DE PARIS 94300 VINCENNES;Commerce de voitures et de véhicules automobiles légers;"Vendeur / Vendeuse automobile ; Conseiller / Conseillère client après-vente des véhicules";Entreprise susceptible de recruter (candidature spontanée);;;Apprentissage, Professionnalisation;;;80448934200050;2;https://labonnealternance.apprentissage.beta.gouv.fr/emploi/recruteurs_lba/80448934200050/team-toy-75
TOLUNA SAS;MCO;Vincennes;94300;5 AVENUE DU CHATEAU 94300 VINCENNES;Études de marché et sondages;Chef / Cheffe de promotion des ventes;Entreprise susceptible de recruter (candidature spontanée);;;Apprentissage, Professionnalisation;;;43203318100087;1;https://labonnealternance.apprentissage.beta.gouv.fr/emploi/recruteurs_lba/43203318100087/toluna-sas
TOP SUCRE;MCO;Vincennes;94300;38 avenue Franklin Roosevelt 94300 VINCENNES;Boulangerie et boulangerie-pâtisserie;Vendeur / Vendeuse en épicerie;Entreprise susceptible de recruter (candidature spontanée);;;Apprentissage, Professionnalisation;;;83436323600011;1;https://labonnealternance.apprentissage.beta.gouv.fr/emploi/recruteurs_lba/83436323600011/top-sucre
VAPOSTORE;NDRC;Vincennes;94300;105 RUE DE FONTENAY 94300 VINCENNES;Autres commerces de détail spécialisés divers;Responsable relation client (CRM);Entreprise susceptible de recruter (candidature spontanée);;;Apprentissage, Professionnalisation;;;83329730200014;1;https://labonnealternance.apprentissage.beta.gouv.fr/emploi/recruteurs_lba/83329730200014/vapostore
VINCENNES BNPPF;NDRC;Vincennes;94300;158 rue de Fontenay 94300 VINCENNES;Autres intermédiations monétaires;"Conseiller / Conseillère de clientèle bancaire ; Chargé / Chargée d'accueil en banque ; Conseiller / Conseillère en gestion de patrimoine";Entreprise susceptible de recruter (candidature spontanée);;;Apprentissage, Professionnalisation;;;66204244939012;3;https://labonnealternance.apprentissage.beta.gouv.fr/emploi/recruteurs_lba/66204244939012/vincennes-bnppf
VINCENNESOCCAZ;MCO;Vincennes;94300;74 rue de Montreuil 94300 VINCENNES;Commerce de détail de biens d'occasion en magasin;"Vendeur / Vendeuse en équipement de la maison ; Vendeur / Vendeuse en prêt-à-porter";Entreprise susceptible de recruter (candidature spontanée);;;Apprentissage, Professionnalisation;;;92124317600010;2;https://labonnealternance.apprentissage.beta.gouv.fr/emploi/recruteurs_lba/92124317600010/vincennesoccaz
WEB & VOUS;NDRC;Vincennes;94300;8 rue de Strasbourg 94300 VINCENNES;PROGRAMMATION INFORMATIQUE;Commercial / Commerciale export;Entreprise susceptible de recruter (candidature spontanée);;;Apprentissage, Professionnalisation;;;88449817100021;1;https://labonnealternance.apprentissage.beta.gouv.fr/emploi/recruteurs_lba/88449817100021/web-vous
WELMO;NDRC;Vincennes;94300;112 avenue de Paris 94300 VINCENNES;Agences immobilières;Conseiller / Conseillère immobilier;Entreprise susceptible de recruter (candidature spontanée);;;Apprentissage, Professionnalisation;;;81876143900046;1;https://labonnealternance.apprentissage.beta.gouv.fr/emploi/recruteurs_lba/81876143900046/welmo
X-AUDIT;NDRC;Vincennes;94300;5 ALLEE CHARLES V 94300 VINCENNES;Activités des sociétés holding;Conseiller / Conseillère immobilier;Entreprise susceptible de recruter (candidature spontanée);;;Apprentissage, Professionnalisation;;;41901982300022;1;https://labonnealternance.apprentissage.beta.gouv.fr/emploi/recruteurs_lba/41901982300022/x-audit
XAVIER GUISNET;NDRC;Vincennes;94300;10 RUE SAULPIC 94300 VINCENNES;Activités des agents et courtiers d'assurances;"Conseiller / Conseillère en assurances ; Conseiller / Conseillère en gestion de patrimoine";Entreprise susceptible de recruter (candidature spontanée);;;Apprentissage, Professionnalisation;;;79918313200023;2;https://labonnealternance.apprentissage.beta.gouv.fr/emploi/recruteurs_lba/79918313200023/xavier-guisnet
Yves Rocher;MCO;Vincennes;94300;17 rue de Montreuil 94300 VINCENNES;Commerce de détail de parfumerie et de produits de beauté en magasin spécialisé;"Responsable de boutique ; Employé / Employée de rayon libre-service";Entreprise susceptible de recruter (candidature spontanée);;;Apprentissage, Professionnalisation;;;79408942500019;2;https://labonnealternance.apprentissage.beta.gouv.fr/emploi/recruteurs_lba/79408942500019/yves-rocher
102 104;NDRC;Vitry-Sur-Seine;94400;44 RUE GEORGE SAND 94400 VITRY-SUR-SEINE;Commerce de gros (commerce interentreprises) de bois et de matériaux de construction;"Technico-commercial / Technico-commerciale ; Commercial itinérant / Commerciale itinérante en entreprise de commerce de gros";Entreprise susceptible de recruter (candidature spontanée);;;Apprentissage, Professionnalisation;;;31952778400643;2;https://labonnealternance.apprentissage.beta.gouv.fr/emploi/recruteurs_lba/31952778400643/102-104
3 B;MCO + NDRC;Vitry-Sur-Seine;94400;49 RUE ANTOINE MARIE COLIN 94400 VITRY-SUR-SEINE;Commerce de voitures et de véhicules automobiles légers;"Vendeur / Vendeuse automobile ; Conseiller / Conseillère client après-vente des véhicules";Entreprise susceptible de recruter (candidature spontanée);;;Apprentissage, Professionnalisation;;;44032596700014;2;https://labonnealternance.apprentissage.beta.gouv.fr/emploi/recruteurs_lba/44032596700014/3-b
AB GARAGE;MCO + NDRC;Vitry-Sur-Seine;94400;145 quai Jules Guesde 94400 VITRY-SUR-SEINE;Commerce de voitures et de véhicules automobiles légers;"Vendeur / Vendeuse automobile ; Conseiller / Conseillère client après-vente des véhicules";Entreprise susceptible de recruter (candidature spontanée);;;Apprentissage, Professionnalisation;;;89037257600011;2;https://labonnealternance.apprentissage.beta.gouv.fr/emploi/recruteurs_lba/89037257600011/ab-garage
ACHATS MARCHANDISES CASINO;MCO + NDRC;Vitry-Sur-Seine;94400;123 quai Jules Guesde 94400 VITRY-SUR-SEINE;Centrales d'achat non alimentaires;"Responsable de boutique ; Vendeur / Vendeuse d'articles de sport et loisirs ; Vendeur / Vendeuse conseil en jardinerie ; Chef / Cheffe de secteur magasin ; Conseiller commercial / Conseillère commerciale auprès des particuliers";Entreprise susceptible de recruter (candidature spontanée);;;Apprentissage, Professionnalisation;;;42826910400041;5;https://labonnealternance.apprentissage.beta.gouv.fr/emploi/recruteurs_lba/42826910400041/achats-marchandises-casino
Action;MCO;Vitry-Sur-Seine;94400;BOULEVARD DE STALINGRAD 94400 VITRY-SUR-SEINE;Supermarchés;"Employé / Employée de rayon libre-service ; Directeur / Directrice de magasin de grande distribution ; Hôte / Hôtesse de caisse ; Responsable de caisses ; Chef / Cheffe de rayon produits alimentaires";Entreprise susceptible de recruter (candidature spontanée);;;Apprentissage, Professionnalisation;;;75330823803565;5;https://labonnealternance.apprentissage.beta.gouv.fr/emploi/recruteurs_lba/75330823803565/action
Aldes;NDRC;Vitry-Sur-Seine;94400;19 QUAI JULES GUESDE 94400 VITRY-SUR-SEINE;Commerce de gros (commerce interentreprises) de fournitures et équipements industriels divers;"Technico-commercial / Technico-commerciale ; Attaché commercial / Attachée commerciale";Entreprise susceptible de recruter (candidature spontanée);;;Apprentissage, Professionnalisation;;;90781952800064;2;https://labonnealternance.apprentissage.beta.gouv.fr/emploi/recruteurs_lba/90781952800064/aldes
Alternance Business Developer & Communication (Marketing Digital & IA) H/F - Vitry-sur-Seine (F/H);NDRC;Vitry-Sur-Seine;94400;94400 Vitry-sur-Seine;;Alternance Business Developer & Communication (Marketing Digital & IA) H/F - Vitry-sur-Seine (F/H);Offre partenaire (France Travail…);Alternance Business Developer & Communication (Marketing Digital & IA) H/F - Vitry-sur-Seine (F/H);;Professionnalisation;2026-09-11;;;1;https://labonnealternance.apprentissage.beta.gouv.fr/emploi/offres_emploi_partenaires/6aa47e19d4cd2f3dc010cbee/alternance-business-developer-communication-marketing-digital-ia-h-f-vitry-sur-seine-f-h
ARTS ET SAVEURS;MCO;Vitry-Sur-Seine;94400;85 avenue Rouget de Lisle 94400 VITRY-SUR-SEINE;Boulangerie et boulangerie-pâtisserie;Vendeur / Vendeuse en épicerie;Entreprise susceptible de recruter (candidature spontanée);;;Apprentissage, Professionnalisation;;;84834782900014;1;https://labonnealternance.apprentissage.beta.gouv.fr/emploi/recruteurs_lba/84834782900014/arts-et-saveurs
Atalian Global Services;NDRC;Vitry-Sur-Seine;94400;94400 Vitry-sur-Seine;CONSEIL POUR LES AFFAIRES ET AUTRES CONSEILS DE GESTION;Délégué / Déléguée à la protection des données - Data Protection Officer;Offre partenaire (France Travail…);Alternant(e) Data Governance & Data Quality Officer (H/F);;Apprentissage, Professionnalisation;2026-09-22;;;1;https://labonnealternance.apprentissage.beta.gouv.fr/emploi/offres_emploi_partenaires/6ab44dcb68233dbb8f6a0887/alternant-e-data-governance-data-quality-officer-h-f
AU PETIT MARCHE DE VITRY;MCO;Vitry-Sur-Seine;94400;25 AVENUE LUCIEN FRANCAIS 94400 VITRY-SUR-SEINE;Commerce d'alimentation générale;"Employé / Employée de rayon libre-service ; Vendeur / Vendeuse en épicerie ; Hôte / Hôtesse de caisse ; Chef / Cheffe de rayon produits alimentaires ; Directeur / Directrice de magasin de grande distribution ; Gérant / Gérante de magasin d'alimentation générale";Entreprise susceptible de recruter (candidature spontanée);;;Apprentissage, Professionnalisation;;;32850488100033;6;https://labonnealternance.apprentissage.beta.gouv.fr/emploi/recruteurs_lba/32850488100033/au-petit-marche-de-vitry
AUCHAN SUPERMARCHE;MCO;Vitry-Sur-Seine;94400;34 AVENUE YOURI GAGARINE 94400 VITRY-SUR-SEINE;Hypermarchés;"Employé / Employée de rayon libre-service ; Hôte / Hôtesse de caisse ; Chef / Cheffe de rayon produits alimentaires ; Vendeur / Vendeuse en épicerie";Entreprise susceptible de recruter (candidature spontanée);;;Apprentissage, Professionnalisation;;;41040901500048;4;https://labonnealternance.apprentissage.beta.gouv.fr/emploi/recruteurs_lba/41040901500048/auchan-supermarche
BOULANGERIE PETIT;MCO;Vitry-Sur-Seine;94400;77 RUE DE CHOISY 94400 VITRY-SUR-SEINE;Boulangerie et boulangerie-pâtisserie;Vendeur / Vendeuse en épicerie;Entreprise susceptible de recruter (candidature spontanée);;;Apprentissage, Professionnalisation;;;45080986800018;1;https://labonnealternance.apprentissage.beta.gouv.fr/emploi/recruteurs_lba/45080986800018/boulangerie-petit
CIC;NDRC;Vitry-Sur-Seine;94400;94400 Vitry-sur-Seine;Autres intermédiations monétaires;"Conseiller / Conseillère de clientèle bancaire ; Chargé / Chargée d'accueil en banque ; Conseiller / Conseillère en gestion de patrimoine";Entreprise susceptible de recruter (candidature spontanée);;;Apprentissage, Professionnalisation;;;54201638104629;3;https://labonnealternance.apprentissage.beta.gouv.fr/emploi/recruteurs_lba/54201638104629/cic
CITIBIKE;NDRC;Vitry-Sur-Seine;94400;8 boulevard de Stalingrad 94400 VITRY-SUR-SEINE;Commerce et réparation de motocycles;"Conseiller commercial / Conseillère commerciale motocycles ; Conseiller / Conseillère client après-vente des véhicules";Entreprise susceptible de recruter (candidature spontanée);;;Apprentissage, Professionnalisation;;;92118290300010;2;https://labonnealternance.apprentissage.beta.gouv.fr/emploi/recruteurs_lba/92118290300010/citibike
CITY ONE ACCUEIL PASSAGER;MCO;Vitry-Sur-Seine;94400;107 RUE EDITH CAVELL 94400 VITRY-SUR-SEINE;Autres activités de soutien aux entreprises n.c.a.;Animateur / Animatrice des ventes;Entreprise susceptible de recruter (candidature spontanée);;;Apprentissage, Professionnalisation;;;48389736900078;1;https://labonnealternance.apprentissage.beta.gouv.fr/emploi/recruteurs_lba/48389736900078/city-one-accueil-passager
CITY ONE GESTION;MCO;Vitry-Sur-Seine;94400;107 RUE EDITH CAVELL 94400 VITRY-SUR-SEINE;Autre mise à disposition de ressources humaines;Chef / Cheffe de rayon produits alimentaires;Entreprise susceptible de recruter (candidature spontanée);;;Apprentissage, Professionnalisation;;;80064429600033;1;https://labonnealternance.apprentissage.beta.gouv.fr/emploi/recruteurs_lba/80064429600033/city-one-gestion
CREDIT MUTUEL;NDRC;Vitry-Sur-Seine;94400;1 avenue de l Abbe Roger Derry 94400 VITRY-SUR-SEINE;Autres intermédiations monétaires;"Conseiller / Conseillère de clientèle bancaire ; Chargé / Chargée d'accueil en banque ; Conseiller / Conseillère en gestion de patrimoine";Entreprise susceptible de recruter (candidature spontanée);;;Apprentissage, Professionnalisation;;;69204371401734;3;https://labonnealternance.apprentissage.beta.gouv.fr/emploi/recruteurs_lba/69204371401734/credit-mutuel
DEFI BAZAR;NDRC;Vitry-Sur-Seine;94400;64 BOULEVARD DE STALINGRAD 94400 VITRY-SUR-SEINE;Autres commerces de détail spécialisés divers;Responsable relation client (CRM);Entreprise susceptible de recruter (candidature spontanée);;;Apprentissage, Professionnalisation;;;82371853100010;1;https://labonnealternance.apprentissage.beta.gouv.fr/emploi/recruteurs_lba/82371853100010/defi-bazar
DIDACTO;MCO + NDRC;Vitry-Sur-Seine;94400;33 RUE AUBER 94400 VITRY-SUR-SEINE;COMMERCE DE GROS (COMMERCE INTERENTREPRISES) D'AUTRES BIENS DOMESTIQUES;"Assistant / Assistante administration des ventes ; Assistant commercial / Assistante commerciale";Entreprise susceptible de recruter (candidature spontanée);;;Apprentissage, Professionnalisation;;;39842202200069;2;https://labonnealternance.apprentissage.beta.gouv.fr/emploi/recruteurs_lba/39842202200069/didacto
DISTRIBUTION AMENAGEMENT ET ISOLATION;NDRC;Vitry-Sur-Seine;94400;25 RUE GEORGE SAND 94400 VITRY-SUR-SEINE;Commerce de gros (commerce interentreprises) de bois et de matériaux de construction;"Technico-commercial / Technico-commerciale ; Commercial itinérant / Commerciale itinérante en entreprise de commerce de gros";Entreprise susceptible de recruter (candidature spontanée);;;Apprentissage, Professionnalisation;;;05781296800378;2;https://labonnealternance.apprentissage.beta.gouv.fr/emploi/recruteurs_lba/05781296800378/distribution-amenagement-et-isolation
DOMUS MAGNA;NDRC;Vitry-Sur-Seine;94400;47 AVENUE DE L'ABBE ROGER DERRY 94400 VITRY-SUR-SEINE;Agences immobilières;Conseiller / Conseillère immobilier;Entreprise susceptible de recruter (candidature spontanée);;;Apprentissage, Professionnalisation;;;97974786200014;1;https://labonnealternance.apprentissage.beta.gouv.fr/emploi/recruteurs_lba/97974786200014/domus-magna
ELANOVA GIE;MCO;Vitry-Sur-Seine;94400;60 rue Auber 94400 VITRY-SUR-SEINE;Autres activités de soutien aux entreprises n.c.a.;Animateur / Animatrice des ventes;Entreprise susceptible de recruter (candidature spontanée);;;Apprentissage, Professionnalisation;;;83435604000016;1;https://labonnealternance.apprentissage.beta.gouv.fr/emploi/recruteurs_lba/83435604000016/elanova-gie
EXAGONE;MCO;Vitry-Sur-Seine;94400;29 RUE EUGENE DERRIEN 94400 VITRY-SUR-SEINE;Télécommunications par satellite;Animateur / Animatrice des ventes;Entreprise susceptible de recruter (candidature spontanée);;;Apprentissage, Professionnalisation;;;48307245000032;1;https://labonnealternance.apprentissage.beta.gouv.fr/emploi/recruteurs_lba/48307245000032/exagone
EXTENC;MCO;Vitry-Sur-Seine;94400;123 quai Jules Guesde 94400 VITRY-SUR-SEINE;Magasins multi-commerces;"Employé / Employée de rayon libre-service ; Hôte / Hôtesse de caisse ; Vendeur / Vendeuse en épicerie ; Responsable de caisses ; Responsable de département en grande distribution ; Chef / Cheffe de rayon produits alimentaires";Entreprise susceptible de recruter (candidature spontanée);;;Apprentissage, Professionnalisation;;;82415212800024;6;https://labonnealternance.apprentissage.beta.gouv.fr/emploi/recruteurs_lba/82415212800024/extenc
Franprix - Siège;NDRC;Vitry-Sur-Seine;94400;94400 Vitry-sur-Seine;;Chargé / Chargée d'études commerciales;Offre partenaire (France Travail…);Analyste Pricing - Alternance H/F;Master, titre ingénieur, grande école (Bac+5);Apprentissage, Professionnalisation;2026-09-20;;;1;https://labonnealternance.apprentissage.beta.gouv.fr/emploi/offres_emploi_partenaires/6a88ccc6979bcf65599cae8c/analyste-pricing-alternance-h-f
GARAGE DES ARDOINES;MCO + NDRC;Vitry-Sur-Seine;94400;7 RUE DES ARDOINES 94400 VITRY-SUR-SEINE;Commerce de voitures et de véhicules automobiles légers;"Vendeur / Vendeuse automobile ; Conseiller / Conseillère client après-vente des véhicules";Entreprise susceptible de recruter (candidature spontanée);;;Apprentissage, Professionnalisation;;;56207519200012;2;https://labonnealternance.apprentissage.beta.gouv.fr/emploi/recruteurs_lba/56207519200012/garage-des-ardoines
GARAGE SALVA;MCO + NDRC;Vitry-Sur-Seine;94400;27 RUE CONSTANTIN 94400 VITRY-SUR-SEINE;Commerce de voitures et de véhicules automobiles légers;"Vendeur / Vendeuse automobile ; Conseiller / Conseillère client après-vente des véhicules";Entreprise susceptible de recruter (candidature spontanée);;;Apprentissage, Professionnalisation;;;44896448600014;2;https://labonnealternance.apprentissage.beta.gouv.fr/emploi/recruteurs_lba/44896448600014/garage-salva
GIBERT JOSEPH VITRY;MCO + NDRC;Vitry-Sur-Seine;94400;87 RUE BERTHIE ALBRECHT 94400 VITRY-SUR-SEINE;Centrales d'achat non alimentaires;"Responsable de boutique ; Vendeur / Vendeuse d'articles de sport et loisirs ; Vendeur / Vendeuse conseil en jardinerie ; Chef / Cheffe de secteur magasin ; Conseiller commercial / Conseillère commerciale auprès des particuliers";Entreprise susceptible de recruter (candidature spontanée);;;Apprentissage, Professionnalisation;;;42962038800026;5;https://labonnealternance.apprentissage.beta.gouv.fr/emploi/recruteurs_lba/42962038800026/gibert-joseph-vitry
Groupe Autosphere;MCO + NDRC;Vitry-Sur-Seine;94400;23 avenue Eugene Pelletan 94400 VITRY-SUR-SEINE;Commerce de voitures et de véhicules automobiles légers;"Vendeur / Vendeuse automobile ; Conseiller / Conseillère client après-vente des véhicules";Entreprise susceptible de recruter (candidature spontanée);;;Apprentissage, Professionnalisation;;;31719266400033;2;https://labonnealternance.apprentissage.beta.gouv.fr/emploi/recruteurs_lba/31719266400033/groupe-autosphere
Groupe Autosphere;MCO + NDRC;Vitry-Sur-Seine;94400;4 av du President Salvador Allende 94400 VITRY-SUR-SEINE;Commerce de voitures et de véhicules automobiles légers;"Vendeur / Vendeuse automobile ; Conseiller / Conseillère client après-vente des véhicules";Entreprise susceptible de recruter (candidature spontanée);;;Apprentissage, Professionnalisation;;;32527538600051;2;https://labonnealternance.apprentissage.beta.gouv.fr/emploi/recruteurs_lba/32527538600051/groupe-autosphere
GROUPE CITY ONE;MCO;Vitry-Sur-Seine;94400;107 RUE EDITH CAVELL 94400 VITRY-SUR-SEINE;Autres activités de soutien aux entreprises n.c.a.;Animateur / Animatrice des ventes;Entreprise susceptible de recruter (candidature spontanée);;;Apprentissage, Professionnalisation;;;39370715300127;1;https://labonnealternance.apprentissage.beta.gouv.fr/emploi/recruteurs_lba/39370715300127/groupe-city-one
IMMOBILIERE DU GRAND PARIS;NDRC;Vitry-Sur-Seine;94400;23 AVENUE PAUL VAILLANT COUTURIER 94400 VITRY-SUR-SEINE;Agences immobilières;Conseiller / Conseillère immobilier;Entreprise susceptible de recruter (candidature spontanée);;;Apprentissage, Professionnalisation;;;81519421200024;1;https://labonnealternance.apprentissage.beta.gouv.fr/emploi/recruteurs_lba/81519421200024/immobiliere-du-grand-paris
LA BOUTIQUE DE DONUTS;MCO + NDRC;Vitry-Sur-Seine;94400;62 RUE CHARLES FOURIER 94400 VITRY-SUR-SEINE;Commerce de détail de pain, pâtisserie et confiserie en magasin spécialisé;"Vendeur / Vendeuse en épicerie ; Conseiller / Conseillère clientèle à distance";Entreprise susceptible de recruter (candidature spontanée);;;Apprentissage, Professionnalisation;;;90429278600012;2;https://labonnealternance.apprentissage.beta.gouv.fr/emploi/recruteurs_lba/90429278600012/la-boutique-de-donuts
La Poste;NDRC;Vitry-Sur-Seine;94400;79 rue de Choisy 94400 VITRY-SUR-SEINE;Activités de poste dans le cadre d'une obligation de service universel;Responsable relation client (CRM);Entreprise susceptible de recruter (candidature spontanée);;;Apprentissage, Professionnalisation;;;35600000052234;1;https://labonnealternance.apprentissage.beta.gouv.fr/emploi/recruteurs_lba/35600000052234/la-poste
La Poste;NDRC;Vitry-Sur-Seine;94400;11 avenue du General Leclerc 94400 VITRY-SUR-SEINE;Activités de poste dans le cadre d'une obligation de service universel;Responsable relation client (CRM);Entreprise susceptible de recruter (candidature spontanée);;;Apprentissage, Professionnalisation;;;35600000052216;1;https://labonnealternance.apprentissage.beta.gouv.fr/emploi/recruteurs_lba/35600000052216/la-poste
LA SAVEUR DES VIANDES;MCO + NDRC;Vitry-Sur-Seine;94400;7 AVENUE DU 8 MAI 1945 94400 VITRY-SUR-SEINE;Commerce de détail de viandes et de produits à base de viande en magasin spécialisé;"Vendeur / Vendeuse en épicerie ; Vendeur / Vendeuse grossiste en produits frais";Entreprise susceptible de recruter (candidature spontanée);;;Apprentissage, Professionnalisation;;;83971352600011;2;https://labonnealternance.apprentissage.beta.gouv.fr/emploi/recruteurs_lba/83971352600011/la-saveur-des-viandes
LE CAP;MCO;Vitry-Sur-Seine;94400;84 boulevard de Stalingrad 94400 VITRY-SUR-SEINE;Boulangerie et boulangerie-pâtisserie;Vendeur / Vendeuse en épicerie;Entreprise susceptible de recruter (candidature spontanée);;;Apprentissage, Professionnalisation;;;84894880800029;1;https://labonnealternance.apprentissage.beta.gouv.fr/emploi/recruteurs_lba/84894880800029/le-cap
LE VELANDAIS;MCO + NDRC;Vitry-Sur-Seine;94400;105 RUE DU GAL MALLERET JOINVILLE 94400 VITRY-SUR-SEINE;Commerce de détail d'articles de sport en magasin spécialisé;"Vendeur / Vendeuse d'articles de sport et loisirs ; Hôte / Hôtesse de caisse ; Chef / Cheffe de rayon de produits non alimentaires ; Vendeur / Vendeuse en prêt-à-porter ; Vendeur / Vendeuse grossiste en équipement du foyer";Entreprise susceptible de recruter (candidature spontanée);;;Apprentissage, Professionnalisation;;;90293424900027;5;https://labonnealternance.apprentissage.beta.gouv.fr/emploi/recruteurs_lba/90293424900027/le-velandais
LEROY MERLIN FRANCE;MCO + NDRC;Vitry-Sur-Seine;94400;52 BOULEVARD DE STALINGRAD 94400 VITRY-SUR-SEINE;Commerce de détail de quincaillerie, peintures et verres en grandes surfaces (400 m2et plus);"Hôte / Hôtesse de caisse ; Vendeur / Vendeuse en équipement de la maison ; Vendeur / Vendeuse conseil en jardinerie ; Vendeur / Vendeuse grossiste en équipement du foyer ; Chef / Cheffe de secteur magasin ; Chef / Cheffe de rayon de produits non alimentaires";Entreprise susceptible de recruter (candidature spontanée);;;Apprentissage, Professionnalisation;;;38456094200565;6;https://labonnealternance.apprentissage.beta.gouv.fr/emploi/recruteurs_lba/38456094200565/leroy-merlin-france
LES PAINS DE VITRY;MCO;Vitry-Sur-Seine;94400;106 AVENUE ANATOLE FRANCE 94400 VITRY-SUR-SEINE;Boulangerie et boulangerie-pâtisserie;Vendeur / Vendeuse en épicerie;Entreprise susceptible de recruter (candidature spontanée);;;Apprentissage, Professionnalisation;;;84361568300011;1;https://labonnealternance.apprentissage.beta.gouv.fr/emploi/recruteurs_lba/84361568300011/les-pains-de-vitry
LIDL;MCO;Vitry-Sur-Seine;94400;132 rue Julian Grimau 94400 VITRY-SUR-SEINE;Supermarchés;"Employé / Employée de rayon libre-service ; Directeur / Directrice de magasin de grande distribution ; Hôte / Hôtesse de caisse ; Responsable de caisses ; Chef / Cheffe de rayon produits alimentaires";Entreprise susceptible de recruter (candidature spontanée);;;Apprentissage, Professionnalisation;;;34326262205049;5;https://labonnealternance.apprentissage.beta.gouv.fr/emploi/recruteurs_lba/34326262205049/lidl
LIDL;MCO;Vitry-Sur-Seine;94400;1 rue Eugene Henaff 94400 VITRY-SUR-SEINE;Supermarchés;"Employé / Employée de rayon libre-service ; Directeur / Directrice de magasin de grande distribution ; Hôte / Hôtesse de caisse ; Responsable de caisses ; Chef / Cheffe de rayon produits alimentaires";Entreprise susceptible de recruter (candidature spontanée);;;Apprentissage, Professionnalisation;;;34326262225021;5;https://labonnealternance.apprentissage.beta.gouv.fr/emploi/recruteurs_lba/34326262225021/lidl
LIDL;MCO;Vitry-Sur-Seine;94400;101 avenue Rouget de Lisle 94400 VITRY-SUR-SEINE;Supermarchés;"Employé / Employée de rayon libre-service ; Directeur / Directrice de magasin de grande distribution ; Hôte / Hôtesse de caisse ; Responsable de caisses ; Chef / Cheffe de rayon produits alimentaires";Entreprise susceptible de recruter (candidature spontanée);;;Apprentissage, Professionnalisation;;;34326262209215;5;https://labonnealternance.apprentissage.beta.gouv.fr/emploi/recruteurs_lba/34326262209215/lidl
LINA VOYAGES;MCO;Vitry-Sur-Seine;94400;39 AVENUE PAUL VAILLANT COUTURIER 94400 VITRY-SUR-SEINE;Activités des agences de voyage;"Employé / Employée de rayon libre-service ; Hôte / Hôtesse de caisse";Entreprise susceptible de recruter (candidature spontanée);;;Apprentissage, Professionnalisation;;;35342988900028;2;https://labonnealternance.apprentissage.beta.gouv.fr/emploi/recruteurs_lba/35342988900028/lina-voyages
LOXAM;NDRC;Vitry-Sur-Seine;94400;1 RUE CHARLES HELLER 94400 VITRY-SUR-SEINE;LOCATION DE TERRAINS ET D'AUTRES BIENS IMMOBILIERS;"Conseiller / Conseillère immobilier ; Conseiller commercial / Conseillère commerciale auprès des particuliers";Entreprise susceptible de recruter (candidature spontanée);;;Apprentissage, Professionnalisation;;;45077696806863;2;https://labonnealternance.apprentissage.beta.gouv.fr/emploi/recruteurs_lba/45077696806863/loxam
M. CHARRAIRE - LEGUMES ET FRUITS;NDRC;Vitry-Sur-Seine;94400;quai Jules Guesde 94400 VITRY-SUR-SEINE;Commerce de gros (commerce interentreprises) de fruits et légumes;Commercial itinérant / Commerciale itinérante en entreprise de commerce de gros;Entreprise susceptible de recruter (candidature spontanée);;;Apprentissage, Professionnalisation;;;31238079300025;1;https://labonnealternance.apprentissage.beta.gouv.fr/emploi/recruteurs_lba/31238079300025/m-charraire-legumes-et-fruits
MARIANNE LAVARDE;MCO + NDRC;Vitry-Sur-Seine;94400;92 avenue du Colonel Fabien 94400 VITRY-SUR-SEINE;CONSEIL EN RELATIONS PUBLIQUES ET COMMUNICATION;"Animateur / Animatrice des ventes ; Commercial / Commerciale auprès d'une clientèle d'entreprises";Entreprise susceptible de recruter (candidature spontanée);;;Apprentissage, Professionnalisation;;;82010364600031;2;https://labonnealternance.apprentissage.beta.gouv.fr/emploi/recruteurs_lba/82010364600031/marianne-lavarde
MAT MEDIC;MCO + NDRC;Vitry-Sur-Seine;94400;86 RUE DE SEINE 94400 VITRY-SUR-SEINE;Commerce de détail d'articles médicaux et orthopédiques en magasin spécialisé;Délégué médical hospitalier / Déléguée médicale hospitalière;Entreprise susceptible de recruter (candidature spontanée);;;Apprentissage, Professionnalisation;;;34431947000045;2;https://labonnealternance.apprentissage.beta.gouv.fr/emploi/recruteurs_lba/34431947000045/mat-medic
OUEST ISOL & VENTIL;NDRC;Vitry-Sur-Seine;94400;23 QUAI JULES GUESDE 94400 VITRY-SUR-SEINE;Commerce de gros (commerce interentreprises) de bois et de matériaux de construction;"Technico-commercial / Technico-commerciale ; Commercial itinérant / Commerciale itinérante en entreprise de commerce de gros";Entreprise susceptible de recruter (candidature spontanée);;;Apprentissage, Professionnalisation;;;66595018400911;2;https://labonnealternance.apprentissage.beta.gouv.fr/emploi/recruteurs_lba/66595018400911/ouest-isol-ventil
RATHEAU SAS;NDRC;Vitry-Sur-Seine;94400;76 RUE GEN MALLERETJOINVILLE 94400 VITRY-SUR-SEINE;Commerce de gros (commerce interentreprises) de bois et de matériaux de construction;"Technico-commercial / Technico-commerciale ; Commercial itinérant / Commerciale itinérante en entreprise de commerce de gros";Entreprise susceptible de recruter (candidature spontanée);;;Apprentissage, Professionnalisation;;;31901173000052;2;https://labonnealternance.apprentissage.beta.gouv.fr/emploi/recruteurs_lba/31901173000052/ratheau-sas
SOCIETE GENERALE;NDRC;Vitry-Sur-Seine;94400;13 AVENUE DE L ABBE ROGER DERRY 94400 VITRY-SUR-SEINE;Autres intermédiations monétaires;"Conseiller / Conseillère de clientèle bancaire ; Chargé / Chargée d'accueil en banque ; Conseiller / Conseillère en gestion de patrimoine";Entreprise susceptible de recruter (candidature spontanée);;;Apprentissage, Professionnalisation;;;55212022225598;3;https://labonnealternance.apprentissage.beta.gouv.fr/emploi/recruteurs_lba/55212022225598/societe-generale
SZUMNY SAS;MCO;Vitry-Sur-Seine;94400;43 avenue de la Republique 94400 VITRY-SUR-SEINE;Commerce de détail de carburants en magasin spécialisé;"Hôte / Hôtesse de caisse ; Employé / Employée de rayon libre-service";Entreprise susceptible de recruter (candidature spontanée);;;Apprentissage, Professionnalisation;;;32263214200012;2;https://labonnealternance.apprentissage.beta.gouv.fr/emploi/recruteurs_lba/32263214200012/szumny-sas
TANG FRERES;MCO;Vitry-Sur-Seine;94400;163 BOULEVARD DE STALINGRAD 94400 VITRY-SUR-SEINE;Commerce de gros (commerce interentreprises) alimentaire spécialisé divers;"Chef / Cheffe de secteur magasin ; Chef / Cheffe de promotion des ventes";Entreprise susceptible de recruter (candidature spontanée);;;Apprentissage, Professionnalisation;;;30624383300051;2;https://labonnealternance.apprentissage.beta.gouv.fr/emploi/recruteurs_lba/30624383300051/tang-freres
TECHNIQUES TOPO;NDRC;Vitry-Sur-Seine;94400;26 RUE DU GAL MALLERET JOINVILLE 94400 VITRY-SUR-SEINE;Activité des géomètres;Chargé / Chargée d'études commerciales;Entreprise susceptible de recruter (candidature spontanée);;;Apprentissage, Professionnalisation;;;64201903800222;1;https://labonnealternance.apprentissage.beta.gouv.fr/emploi/recruteurs_lba/64201903800222/techniques-topo
TEMPS PLEIN CORP;MCO + NDRC;Vitry-Sur-Seine;94400;8 Sente des Jolivettes 94400 VITRY-SUR-SEINE;CONSEIL EN RELATIONS PUBLIQUES ET COMMUNICATION;"Animateur / Animatrice des ventes ; Commercial / Commerciale auprès d'une clientèle d'entreprises";Entreprise susceptible de recruter (candidature spontanée);;;Apprentissage, Professionnalisation;;;90219420800028;2;https://labonnealternance.apprentissage.beta.gouv.fr/emploi/recruteurs_lba/90219420800028/temps-plein-corp
TRYVIDIS;MCO;Vitry-Sur-Seine;94400;94400 Vitry-sur-Seine;Supermarchés;"Employé / Employée de rayon libre-service ; Directeur / Directrice de magasin de grande distribution ; Hôte / Hôtesse de caisse ; Responsable de caisses ; Chef / Cheffe de rayon produits alimentaires";Entreprise susceptible de recruter (candidature spontanée);;;Apprentissage, Professionnalisation;;;88999156800029;5;https://labonnealternance.apprentissage.beta.gouv.fr/emploi/recruteurs_lba/88999156800029/tryvidis
VITRY DISTRIBUTION;MCO;Vitry-Sur-Seine;94400;2 rue Eugene Henaff 94400 VITRY-SUR-SEINE;Hypermarchés;"Employé / Employée de rayon libre-service ; Hôte / Hôtesse de caisse ; Chef / Cheffe de rayon produits alimentaires ; Vendeur / Vendeuse en épicerie";Entreprise susceptible de recruter (candidature spontanée);;;Apprentissage, Professionnalisation;;;32838666900027;4;https://labonnealternance.apprentissage.beta.gouv.fr/emploi/recruteurs_lba/32838666900027/vitry-distribution
YI DA MARKET;MCO;Vitry-Sur-Seine;94400;98 rue Anselme Rondenay 94400 VITRY-SUR-SEINE;Commerce de gros (commerce interentreprises) alimentaire spécialisé divers;"Chef / Cheffe de secteur magasin ; Chef / Cheffe de promotion des ventes";Entreprise susceptible de recruter (candidature spontanée);;;Apprentissage, Professionnalisation;;;87918334100012;2;https://labonnealternance.apprentissage.beta.gouv.fr/emploi/recruteurs_lba/87918334100012/yi-da-market
ZUND FRANCE;NDRC;Vitry-Sur-Seine;94400;14 rue des Flandres 94400 VITRY-SUR-SEINE;Commerce de gros (commerce interentreprises) de machines-outils;"Technico-commercial / Technico-commerciale ; Conseiller commercial / Conseillère commerciale en véhicules industriels";Entreprise susceptible de recruter (candidature spontanée);;;Apprentissage, Professionnalisation;;;38043591700014;2;https://labonnealternance.apprentissage.beta.gouv.fr/emploi/recruteurs_lba/38043591700014/zund-france
